// ffx_fsr3upscaler_accumulate_pass_c6ab179902ddb38a430fbf6c2224be80.h.
// Auto generated by FidelityFX-SC.

static const char* g_ffx_fsr3upscaler_accumulate_pass_c6ab179902ddb38a430fbf6c2224be80_CBVResourceNames[] = {  "cbFSR3Upscaler", };
static const uint32_t g_ffx_fsr3upscaler_accumulate_pass_c6ab179902ddb38a430fbf6c2224be80_CBVResourceBindings[] = {  0, };
static const uint32_t g_ffx_fsr3upscaler_accumulate_pass_c6ab179902ddb38a430fbf6c2224be80_CBVResourceCounts[] = {  1, };
static const uint32_t g_ffx_fsr3upscaler_accumulate_pass_c6ab179902ddb38a430fbf6c2224be80_CBVResourceSpaces[] = {  1, };

static const char* g_ffx_fsr3upscaler_accumulate_pass_c6ab179902ddb38a430fbf6c2224be80_TextureSRVResourceNames[] = {  "r_input_exposure", "r_dilated_reactive_masks", "r_input_motion_vectors", "r_internal_upscaled_color", "r_farthest_depth_mip1", "r_luma_instability", "r_input_color_jittered", };
static const uint32_t g_ffx_fsr3upscaler_accumulate_pass_c6ab179902ddb38a430fbf6c2224be80_TextureSRVResourceBindings[] = {  0, 1, 2, 3, 5, 7, 8, };
static const uint32_t g_ffx_fsr3upscaler_accumulate_pass_c6ab179902ddb38a430fbf6c2224be80_TextureSRVResourceCounts[] = {  1, 1, 1, 1, 1, 1, 1, };
static const uint32_t g_ffx_fsr3upscaler_accumulate_pass_c6ab179902ddb38a430fbf6c2224be80_TextureSRVResourceSpaces[] = {  1, 1, 1, 1, 1, 1, 1, };

static const char* g_ffx_fsr3upscaler_accumulate_pass_c6ab179902ddb38a430fbf6c2224be80_TextureUAVResourceNames[] = {  "rw_internal_upscaled_color", "rw_upscaled_output", "rw_new_locks", };
static const uint32_t g_ffx_fsr3upscaler_accumulate_pass_c6ab179902ddb38a430fbf6c2224be80_TextureUAVResourceBindings[] = {  0, 1, 2, };
static const uint32_t g_ffx_fsr3upscaler_accumulate_pass_c6ab179902ddb38a430fbf6c2224be80_TextureUAVResourceCounts[] = {  1, 1, 1, };
static const uint32_t g_ffx_fsr3upscaler_accumulate_pass_c6ab179902ddb38a430fbf6c2224be80_TextureUAVResourceSpaces[] = {  1, 1, 1, };

static const char* g_ffx_fsr3upscaler_accumulate_pass_c6ab179902ddb38a430fbf6c2224be80_SamplerResourceNames[] = {  "s_LinearClamp", };
static const uint32_t g_ffx_fsr3upscaler_accumulate_pass_c6ab179902ddb38a430fbf6c2224be80_SamplerResourceBindings[] = {  1, };
static const uint32_t g_ffx_fsr3upscaler_accumulate_pass_c6ab179902ddb38a430fbf6c2224be80_SamplerResourceCounts[] = {  1, };
static const uint32_t g_ffx_fsr3upscaler_accumulate_pass_c6ab179902ddb38a430fbf6c2224be80_SamplerResourceSpaces[] = {  1, };

static const uint32_t g_ffx_fsr3upscaler_accumulate_pass_c6ab179902ddb38a430fbf6c2224be80_size = 24000;

static const unsigned char g_ffx_fsr3upscaler_accumulate_pass_c6ab179902ddb38a430fbf6c2224be80_data[] = {
0x44,0x58,0x42,0x43,0x99,0x17,0xab,0xc6,0x8a,0xb3,0xdd,0x02,0x6c,0xbf,0x0f,0x43,
0x80,0xbe,0x24,0x22,0x01,0x00,0x00,0x00,0xc0,0x5d,0x00,0x00,0x05,0x00,0x00,0x00,
0x34,0x00,0x00,0x00,0x2c,0x08,0x00,0x00,0x3c,0x08,0x00,0x00,0x4c,0x08,0x00,0x00,
0x24,0x5d,0x00,0x00,0x52,0x44,0x45,0x46,0xf0,0x07,0x00,0x00,0x01,0x00,0x00,0x00,
0xb0,0x02,0x00,0x00,0x0c,0x00,0x00,0x00,0x3c,0x00,0x00,0x00,0x00,0x05,0x53,0x43,
0x00,0x01,0x00,0x00,0xc8,0x07,0x00,0x00,0x52,0x44,0x31,0x31,0x3c,0x00,0x00,0x00,
0x18,0x00,0x00,0x00,0x20,0x00,0x00,0x00,0x28,0x00,0x00,0x00,0x24,0x00,0x00,0x00,
0x0c,0x00,0x00,0x00,0x00,0x00,0x00,0x00,0xbc,0x01,0x00,0x00,0x03,0x00,0x00,0x00,
0x00,0x00,0x00,0x00,0x00,0x00,0x00,0x00,0x00,0x00,0x00,0x00,0x01,0x00,0x00,0x00,
0x01,0x00,0x00,0x00,0x01,0x00,0x00,0x00,0xca,0x01,0x00,0x00,0x02,0x00,0x00,0x00,
0x05,0x00,0x00,0x00,0x04,0x00,0x00,0x00,0xff,0xff,0xff,0xff,0x00,0x00,0x00,0x00,
0x01,0x00,0x00,0x00,0x05,0x00,0x00,0x00,0xdb,0x01,0x00,0x00,0x02,0x00,0x00,0x00,
0x01,0x00,0x00,0x00,0x04,0x00,0x00,0x00,0xff,0xff,0xff,0xff,0x01,0x00,0x00,0x00,
0x01,0x00,0x00,0x00,0x0d,0x00,0x00,0x00,0xf4,0x01,0x00,0x00,0x02,0x00,0x00,0x00,
0x05,0x00,0x00,0x00,0x04,0x00,0x00,0x00,0xff,0xff,0xff,0xff,0x02,0x00,0x00,0x00,
0x01,0x00,0x00,0x00,0x0d,0x00,0x00,0x00,0x0b,0x02,0x00,0x00,0x02,0x00,0x00,0x00,
0x05,0x00,0x00,0x00,0x04,0x00,0x00,0x00,0xff,0xff,0xff,0xff,0x03,0x00,0x00,0x00,
0x01,0x00,0x00,0x00,0x0d,0x00,0x00,0x00,0x25,0x02,0x00,0x00,0x02,0x00,0x00,0x00,
0x05,0x00,0x00,0x00,0x04,0x00,0x00,0x00,0xff,0xff,0xff,0xff,0x05,0x00,0x00,0x00,
0x01,0x00,0x00,0x00,0x01,0x00,0x00,0x00,0x3b,0x02,0x00,0x00,0x02,0x00,0x00,0x00,
0x05,0x00,0x00,0x00,0x04,0x00,0x00,0x00,0xff,0xff,0xff,0xff,0x07,0x00,0x00,0x00,
0x01,0x00,0x00,0x00,0x01,0x00,0x00,0x00,0x4e,0x02,0x00,0x00,0x02,0x00,0x00,0x00,
0x05,0x00,0x00,0x00,0x04,0x00,0x00,0x00,0xff,0xff,0xff,0xff,0x08,0x00,0x00,0x00,
0x01,0x00,0x00,0x00,0x0d,0x00,0x00,0x00,0x65,0x02,0x00,0x00,0x04,0x00,0x00,0x00,
0x05,0x00,0x00,0x00,0x04,0x00,0x00,0x00,0xff,0xff,0xff,0xff,0x00,0x00,0x00,0x00,
0x01,0x00,0x00,0x00,0x0d,0x00,0x00,0x00,0x80,0x02,0x00,0x00,0x04,0x00,0x00,0x00,
0x05,0x00,0x00,0x00,0x04,0x00,0x00,0x00,0xff,0xff,0xff,0xff,0x01,0x00,0x00,0x00,
0x01,0x00,0x00,0x00,0x0d,0x00,0x00,0x00,0x93,0x02,0x00,0x00,0x04,0x00,0x00,0x00,
0x01,0x00,0x00,0x00,0x04,0x00,0x00,0x00,0xff,0xff,0xff,0xff,0x02,0x00,0x00,0x00,
0x01,0x00,0x00,0x00,0x01,0x00,0x00,0x00,0xa0,0x02,0x00,0x00,0x00,0x00,0x00,0x00,
0x00,0x00,0x00,0x00,0x00,0x00,0x00,0x00,0x00,0x00,0x00,0x00,0x00,0x00,0x00,0x00,
0x01,0x00,0x00,0x00,0x01,0x00,0x00,0x00,0x73,0x5f,0x4c,0x69,0x6e,0x65,0x61,0x72,
0x43,0x6c,0x61,0x6d,0x70,0x00,0x72,0x5f,0x69,0x6e,0x70,0x75,0x74,0x5f,0x65,0x78,
0x70,0x6f,0x73,0x75,0x72,0x65,0x00,0x72,0x5f,0x64,0x69,0x6c,0x61,0x74,0x65,0x64,
0x5f,0x72,0x65,0x61,0x63,0x74,0x69,0x76,0x65,0x5f,0x6d,0x61,0x73,0x6b,0x73,0x00,
0x72,0x5f,0x69,0x6e,0x70,0x75,0x74,0x5f,0x6d,0x6f,0x74,0x69,0x6f,0x6e,0x5f,0x76,
0x65,0x63,0x74,0x6f,0x72,0x73,0x00,0x72,0x5f,0x69,0x6e,0x74,0x65,0x72,0x6e,0x61,
0x6c,0x5f,0x75,0x70,0x73,0x63,0x61,0x6c,0x65,0x64,0x5f,0x63,0x6f,0x6c,0x6f,0x72,
0x00,0x72,0x5f,0x66,0x61,0x72,0x74,0x68,0x65,0x73,0x74,0x5f,0x64,0x65,0x70,0x74,
0x68,0x5f,0x6d,0x69,0x70,0x31,0x00,0x72,0x5f,0x6c,0x75,0x6d,0x61,0x5f,0x69,0x6e,
0x73,0x74,0x61,0x62,0x69,0x6c,0x69,0x74,0x79,0x00,0x72,0x5f,0x69,0x6e,0x70,0x75,
0x74,0x5f,0x63,0x6f,0x6c,0x6f,0x72,0x5f,0x6a,0x69,0x74,0x74,0x65,0x72,0x65,0x64,
0x00,0x72,0x77,0x5f,0x69,0x6e,0x74,0x65,0x72,0x6e,0x61,0x6c,0x5f,0x75,0x70,0x73,
0x63,0x61,0x6c,0x65,0x64,0x5f,0x63,0x6f,0x6c,0x6f,0x72,0x00,0x72,0x77,0x5f,0x75,
0x70,0x73,0x63,0x61,0x6c,0x65,0x64,0x5f,0x6f,0x75,0x74,0x70,0x75,0x74,0x00,0x72,
0x77,0x5f,0x6e,0x65,0x77,0x5f,0x6c,0x6f,0x63,0x6b,0x73,0x00,0x63,0x62,0x46,0x53,
0x52,0x33,0x55,0x70,0x73,0x63,0x61,0x6c,0x65,0x72,0x00,0xab,0xa0,0x02,0x00,0x00,
0x13,0x00,0x00,0x00,0xc8,0x02,0x00,0x00,0x90,0x00,0x00,0x00,0x00,0x00,0x00,0x00,
0x00,0x00,0x00,0x00,0xc0,0x05,0x00,0x00,0x00,0x00,0x00,0x00,0x08,0x00,0x00,0x00,
0x02,0x00,0x00,0x00,0xd8,0x05,0x00,0x00,0x00,0x00,0x00,0x00,0xff,0xff,0xff,0xff,
0x00,0x00,0x00,0x00,0xff,0xff,0xff,0xff,0x00,0x00,0x00,0x00,0xfc,0x05,0x00,0x00,
0x08,0x00,0x00,0x00,0x08,0x00,0x00,0x00,0x00,0x00,0x00,0x00,0xd8,0x05,0x00,0x00,
0x00,0x00,0x00,0x00,0xff,0xff,0xff,0xff,0x00,0x00,0x00,0x00,0xff,0xff,0xff,0xff,
0x00,0x00,0x00,0x00,0x15,0x06,0x00,0x00,0x10,0x00,0x00,0x00,0x08,0x00,0x00,0x00,
0x02,0x00,0x00,0x00,0xd8,0x05,0x00,0x00,0x00,0x00,0x00,0x00,0xff,0xff,0xff,0xff,
0x00,0x00,0x00,0x00,0xff,0xff,0xff,0xff,0x00,0x00,0x00,0x00,0x22,0x06,0x00,0x00,
0x18,0x00,0x00,0x00,0x08,0x00,0x00,0x00,0x02,0x00,0x00,0x00,0xd8,0x05,0x00,0x00,
0x00,0x00,0x00,0x00,0xff,0xff,0xff,0xff,0x00,0x00,0x00,0x00,0xff,0xff,0xff,0xff,
0x00,0x00,0x00,0x00,0x3c,0x06,0x00,0x00,0x20,0x00,0x00,0x00,0x08,0x00,0x00,0x00,
0x02,0x00,0x00,0x00,0xd8,0x05,0x00,0x00,0x00,0x00,0x00,0x00,0xff,0xff,0xff,0xff,
0x00,0x00,0x00,0x00,0xff,0xff,0xff,0xff,0x00,0x00,0x00,0x00,0x4b,0x06,0x00,0x00,
0x28,0x00,0x00,0x00,0x08,0x00,0x00,0x00,0x00,0x00,0x00,0x00,0xd8,0x05,0x00,0x00,
0x00,0x00,0x00,0x00,0xff,0xff,0xff,0xff,0x00,0x00,0x00,0x00,0xff,0xff,0xff,0xff,
0x00,0x00,0x00,0x00,0x5b,0x06,0x00,0x00,0x30,0x00,0x00,0x00,0x10,0x00,0x00,0x00,
0x00,0x00,0x00,0x00,0x78,0x06,0x00,0x00,0x00,0x00,0x00,0x00,0xff,0xff,0xff,0xff,
0x00,0x00,0x00,0x00,0xff,0xff,0xff,0xff,0x00,0x00,0x00,0x00,0x9c,0x06,0x00,0x00,
0x40,0x00,0x00,0x00,0x08,0x00,0x00,0x00,0x02,0x00,0x00,0x00,0xac,0x06,0x00,0x00,
0x00,0x00,0x00,0x00,0xff,0xff,0xff,0xff,0x00,0x00,0x00,0x00,0xff,0xff,0xff,0xff,
0x00,0x00,0x00,0x00,0xd0,0x06,0x00,0x00,0x48,0x00,0x00,0x00,0x08,0x00,0x00,0x00,
0x00,0x00,0x00,0x00,0xac,0x06,0x00,0x00,0x00,0x00,0x00,0x00,0xff,0xff,0xff,0xff,
0x00,0x00,0x00,0x00,0xff,0xff,0xff,0xff,0x00,0x00,0x00,0x00,0xe5,0x06,0x00,0x00,
0x50,0x00,0x00,0x00,0x08,0x00,0x00,0x00,0x02,0x00,0x00,0x00,0xac,0x06,0x00,0x00,
0x00,0x00,0x00,0x00,0xff,0xff,0xff,0xff,0x00,0x00,0x00,0x00,0xff,0xff,0xff,0xff,
0x00,0x00,0x00,0x00,0xf8,0x06,0x00,0x00,0x58,0x00,0x00,0x00,0x08,0x00,0x00,0x00,
0x02,0x00,0x00,0x00,0xac,0x06,0x00,0x00,0x00,0x00,0x00,0x00,0xff,0xff,0xff,0xff,
0x00,0x00,0x00,0x00,0xff,0xff,0xff,0xff,0x00,0x00,0x00,0x00,0x09,0x07,0x00,0x00,
0x60,0x00,0x00,0x00,0x08,0x00,0x00,0x00,0x02,0x00,0x00,0x00,0xac,0x06,0x00,0x00,
0x00,0x00,0x00,0x00,0xff,0xff,0xff,0xff,0x00,0x00,0x00,0x00,0xff,0xff,0xff,0xff,
0x00,0x00,0x00,0x00,0x29,0x07,0x00,0x00,0x68,0x00,0x00,0x00,0x04,0x00,0x00,0x00,
0x00,0x00,0x00,0x00,0x3c,0x07,0x00,0x00,0x00,0x00,0x00,0x00,0xff,0xff,0xff,0xff,
0x00,0x00,0x00,0x00,0xff,0xff,0xff,0xff,0x00,0x00,0x00,0x00,0x60,0x07,0x00,0x00,
0x6c,0x00,0x00,0x00,0x04,0x00,0x00,0x00,0x02,0x00,0x00,0x00,0x3c,0x07,0x00,0x00,
0x00,0x00,0x00,0x00,0xff,0xff,0xff,0xff,0x00,0x00,0x00,0x00,0xff,0xff,0xff,0xff,
0x00,0x00,0x00,0x00,0x76,0x07,0x00,0x00,0x70,0x00,0x00,0x00,0x04,0x00,0x00,0x00,
0x00,0x00,0x00,0x00,0x3c,0x07,0x00,0x00,0x00,0x00,0x00,0x00,0xff,0xff,0xff,0xff,
0x00,0x00,0x00,0x00,0xff,0xff,0xff,0xff,0x00,0x00,0x00,0x00,0x81,0x07,0x00,0x00,
0x74,0x00,0x00,0x00,0x04,0x00,0x00,0x00,0x02,0x00,0x00,0x00,0x3c,0x07,0x00,0x00,
0x00,0x00,0x00,0x00,0xff,0xff,0xff,0xff,0x00,0x00,0x00,0x00,0xff,0xff,0xff,0xff,
0x00,0x00,0x00,0x00,0x93,0x07,0x00,0x00,0x78,0x00,0x00,0x00,0x04,0x00,0x00,0x00,
0x00,0x00,0x00,0x00,0x3c,0x07,0x00,0x00,0x00,0x00,0x00,0x00,0xff,0xff,0xff,0xff,
0x00,0x00,0x00,0x00,0xff,0xff,0xff,0xff,0x00,0x00,0x00,0x00,0xac,0x07,0x00,0x00,
0x7c,0x00,0x00,0x00,0x04,0x00,0x00,0x00,0x02,0x00,0x00,0x00,0x3c,0x07,0x00,0x00,
0x00,0x00,0x00,0x00,0xff,0xff,0xff,0xff,0x00,0x00,0x00,0x00,0xff,0xff,0xff,0xff,
0x00,0x00,0x00,0x00,0xb8,0x07,0x00,0x00,0x80,0x00,0x00,0x00,0x04,0x00,0x00,0x00,
0x02,0x00,0x00,0x00,0x3c,0x07,0x00,0x00,0x00,0x00,0x00,0x00,0xff,0xff,0xff,0xff,
0x00,0x00,0x00,0x00,0xff,0xff,0xff,0xff,0x00,0x00,0x00,0x00,0x69,0x52,0x65,0x6e,
0x64,0x65,0x72,0x53,0x69,0x7a,0x65,0x00,0x46,0x66,0x78,0x49,0x6e,0x74,0x33,0x32,
0x78,0x32,0x00,0xab,0x01,0x00,0x02,0x00,0x01,0x00,0x02,0x00,0x00,0x00,0x00,0x00,
0x00,0x00,0x00,0x00,0x00,0x00,0x00,0x00,0x00,0x00,0x00,0x00,0x00,0x00,0x00,0x00,
0x00,0x00,0x00,0x00,0xcc,0x05,0x00,0x00,0x69,0x50,0x72,0x65,0x76,0x69,0x6f,0x75,
0x73,0x46,0x72,0x61,0x6d,0x65,0x52,0x65,0x6e,0x64,0x65,0x72,0x53,0x69,0x7a,0x65,
0x00,0x69,0x55,0x70,0x73,0x63,0x61,0x6c,0x65,0x53,0x69,0x7a,0x65,0x00,0x69,0x50,
0x72,0x65,0x76,0x69,0x6f,0x75,0x73,0x46,0x72,0x61,0x6d,0x65,0x55,0x70,0x73,0x63,
0x61,0x6c,0x65,0x53,0x69,0x7a,0x65,0x00,0x69,0x4d,0x61,0x78,0x52,0x65,0x6e,0x64,
0x65,0x72,0x53,0x69,0x7a,0x65,0x00,0x69,0x4d,0x61,0x78,0x55,0x70,0x73,0x63,0x61,
0x6c,0x65,0x53,0x69,0x7a,0x65,0x00,0x66,0x44,0x65,0x76,0x69,0x63,0x65,0x54,0x6f,
0x56,0x69,0x65,0x77,0x44,0x65,0x70,0x74,0x68,0x00,0x66,0x6c,0x6f,0x61,0x74,0x34,
0x00,0xab,0xab,0xab,0x01,0x00,0x03,0x00,0x01,0x00,0x04,0x00,0x00,0x00,0x00,0x00,
0x00,0x00,0x00,0x00,0x00,0x00,0x00,0x00,0x00,0x00,0x00,0x00,0x00,0x00,0x00,0x00,
0x00,0x00,0x00,0x00,0x6e,0x06,0x00,0x00,0x66,0x4a,0x69,0x74,0x74,0x65,0x72,0x00,
0x66,0x6c,0x6f,0x61,0x74,0x32,0x00,0xab,0x01,0x00,0x03,0x00,0x01,0x00,0x02,0x00,
0x00,0x00,0x00,0x00,0x00,0x00,0x00,0x00,0x00,0x00,0x00,0x00,0x00,0x00,0x00,0x00,
0x00,0x00,0x00,0x00,0x00,0x00,0x00,0x00,0xa4,0x06,0x00,0x00,0x66,0x50,0x72,0x65,
0x76,0x69,0x6f,0x75,0x73,0x46,0x72,0x61,0x6d,0x65,0x4a,0x69,0x74,0x74,0x65,0x72,
0x00,0x66,0x4d,0x6f,0x74,0x69,0x6f,0x6e,0x56,0x65,0x63,0x74,0x6f,0x72,0x53,0x63,
0x61,0x6c,0x65,0x00,0x66,0x44,0x6f,0x77,0x6e,0x73,0x63,0x61,0x6c,0x65,0x46,0x61,
0x63,0x74,0x6f,0x72,0x00,0x66,0x4d,0x6f,0x74,0x69,0x6f,0x6e,0x56,0x65,0x63,0x74,
0x6f,0x72,0x4a,0x69,0x74,0x74,0x65,0x72,0x43,0x61,0x6e,0x63,0x65,0x6c,0x6c,0x61,
0x74,0x69,0x6f,0x6e,0x00,0x66,0x54,0x61,0x6e,0x48,0x61,0x6c,0x66,0x46,0x4f,0x56,
0x00,0x66,0x6c,0x6f,0x61,0x74,0x00,0xab,0x00,0x00,0x03,0x00,0x01,0x00,0x01,0x00,
0x00,0x00,0x00,0x00,0x00,0x00,0x00,0x00,0x00,0x00,0x00,0x00,0x00,0x00,0x00,0x00,
0x00,0x00,0x00,0x00,0x00,0x00,0x00,0x00,0x35,0x07,0x00,0x00,0x66,0x4a,0x69,0x74,
0x74,0x65,0x72,0x53,0x65,0x71,0x75,0x65,0x6e,0x63,0x65,0x4c,0x65,0x6e,0x67,0x74,
0x68,0x00,0x66,0x44,0x65,0x6c,0x74,0x61,0x54,0x69,0x6d,0x65,0x00,0x66,0x44,0x65,
0x6c,0x74,0x61,0x50,0x72,0x65,0x45,0x78,0x70,0x6f,0x73,0x75,0x72,0x65,0x00,0x66,
0x56,0x69,0x65,0x77,0x53,0x70,0x61,0x63,0x65,0x54,0x6f,0x4d,0x65,0x74,0x65,0x72,
0x73,0x46,0x61,0x63,0x74,0x6f,0x72,0x00,0x66,0x46,0x72,0x61,0x6d,0x65,0x49,0x6e,
0x64,0x65,0x78,0x00,0x66,0x56,0x65,0x6c,0x6f,0x63,0x69,0x74,0x79,0x46,0x61,0x63,
0x74,0x6f,0x72,0x00,0x4d,0x69,0x63,0x72,0x6f,0x73,0x6f,0x66,0x74,0x20,0x28,0x52,
0x29,0x20,0x48,0x4c,0x53,0x4c,0x20,0x53,0x68,0x61,0x64,0x65,0x72,0x20,0x43,0x6f,
0x6d,0x70,0x69,0x6c,0x65,0x72,0x20,0x31,0x30,0x2e,0x31,0x00,0x49,0x53,0x47,0x4e,
0x08,0x00,0x00,0x00,0x00,0x00,0x00,0x00,0x08,0x00,0x00,0x00,0x4f,0x53,0x47,0x4e,
0x08,0x00,0x00,0x00,0x00,0x00,0x00,0x00,0x08,0x00,0x00,0x00,0x53,0x48,0x45,0x58,
0xd0,0x54,0x00,0x00,0x50,0x00,0x05,0x00,0x34,0x15,0x00,0x00,0x6a,0x08,0x00,0x01,
0x59,0x00,0x00,0x04,0x46,0x8e,0x20,0x00,0x00,0x00,0x00,0x00,0x09,0x00,0x00,0x00,
0x5a,0x00,0x00,0x03,0x00,0x60,0x10,0x00,0x01,0x00,0x00,0x00,0x58,0x18,0x00,0x04,
0x00,0x70,0x10,0x00,0x00,0x00,0x00,0x00,0x55,0x55,0x00,0x00,0x58,0x18,0x00,0x04,
0x00,0x70,0x10,0x00,0x01,0x00,0x00,0x00,0x11,0x11,0x00,0x00,0x58,0x18,0x00,0x04,
0x00,0x70,0x10,0x00,0x02,0x00,0x00,0x00,0x55,0x55,0x00,0x00,0x58,0x18,0x00,0x04,
0x00,0x70,0x10,0x00,0x03,0x00,0x00,0x00,0x55,0x55,0x00,0x00,0x58,0x18,0x00,0x04,
0x00,0x70,0x10,0x00,0x05,0x00,0x00,0x00,0x55,0x55,0x00,0x00,0x58,0x18,0x00,0x04,
0x00,0x70,0x10,0x00,0x07,0x00,0x00,0x00,0x55,0x55,0x00,0x00,0x58,0x18,0x00,0x04,
0x00,0x70,0x10,0x00,0x08,0x00,0x00,0x00,0x55,0x55,0x00,0x00,0x9c,0x18,0x00,0x04,
0x00,0xe0,0x11,0x00,0x00,0x00,0x00,0x00,0x55,0x55,0x00,0x00,0x9c,0x18,0x00,0x04,
0x00,0xe0,0x11,0x00,0x01,0x00,0x00,0x00,0x55,0x55,0x00,0x00,0x9c,0x18,0x00,0x04,
0x00,0xe0,0x11,0x00,0x02,0x00,0x00,0x00,0x11,0x11,0x00,0x00,0x5f,0x00,0x00,0x02,
0x32,0x00,0x02,0x00,0x68,0x00,0x00,0x02,0x1d,0x00,0x00,0x00,0x9b,0x00,0x00,0x04,
0x08,0x00,0x00,0x00,0x08,0x00,0x00,0x00,0x01,0x00,0x00,0x00,0x2b,0x00,0x00,0x04,
0x32,0x00,0x10,0x00,0x00,0x00,0x00,0x00,0x46,0x00,0x02,0x00,0x00,0x00,0x00,0x0a,
0x32,0x00,0x10,0x00,0x00,0x00,0x00,0x00,0x46,0x00,0x10,0x00,0x00,0x00,0x00,0x00,
0x02,0x40,0x00,0x00,0x00,0x00,0x00,0x3f,0x00,0x00,0x00,0x3f,0x00,0x00,0x00,0x00,
0x00,0x00,0x00,0x00,0x2b,0x00,0x00,0x06,0xc2,0x00,0x10,0x00,0x00,0x00,0x00,0x00,
0x06,0x84,0x20,0x00,0x00,0x00,0x00,0x00,0x01,0x00,0x00,0x00,0x0e,0x00,0x00,0x07,
0xc2,0x00,0x10,0x00,0x00,0x00,0x00,0x00,0x06,0x04,0x10,0x00,0x00,0x00,0x00,0x00,
0xa6,0x0e,0x10,0x00,0x00,0x00,0x00,0x00,0x2b,0x00,0x00,0x06,0x32,0x00,0x10,0x00,
0x01,0x00,0x00,0x00,0x46,0x80,0x20,0x00,0x00,0x00,0x00,0x00,0x00,0x00,0x00,0x00,
0x0e,0x00,0x00,0x08,0xc2,0x00,0x10,0x00,0x01,0x00,0x00,0x00,0x06,0x84,0x20,0x00,
0x00,0x00,0x00,0x00,0x04,0x00,0x00,0x00,0x06,0x04,0x10,0x00,0x01,0x00,0x00,0x00,
0x00,0x00,0x00,0x07,0xc2,0x00,0x10,0x00,0x01,0x00,0x00,0x00,0xa6,0x0e,0x10,0x00,
0x00,0x00,0x00,0x00,0xa6,0x0e,0x10,0x00,0x01,0x00,0x00,0x00,0x38,0x00,0x00,0x07,
0x32,0x00,0x10,0x00,0x02,0x00,0x00,0x00,0x46,0x00,0x10,0x00,0x01,0x00,0x00,0x00,
0xe6,0x0a,0x10,0x00,0x01,0x00,0x00,0x00,0x00,0x00,0x00,0x0a,0xc2,0x00,0x10,0x00,
0x02,0x00,0x00,0x00,0x06,0x04,0x10,0x00,0x01,0x00,0x00,0x00,0x02,0x40,0x00,0x00,
0x00,0x00,0x00,0x00,0x00,0x00,0x00,0x00,0x00,0x00,0x00,0xbf,0x00,0x00,0x00,0xbf,
0x33,0x00,0x00,0x07,0x32,0x00,0x10,0x00,0x02,0x00,0x00,0x00,0xe6,0x0a,0x10,0x00,
0x02,0x00,0x00,0x00,0x46,0x00,0x10,0x00,0x02,0x00,0x00,0x00,0x34,0x00,0x00,0x0a,
0x32,0x00,0x10,0x00,0x02,0x00,0x00,0x00,0x46,0x00,0x10,0x00,0x02,0x00,0x00,0x00,
0x02,0x40,0x00,0x00,0x00,0x00,0x00,0x3f,0x00,0x00,0x00,0x3f,0x00,0x00,0x00,0x00,
0x00,0x00,0x00,0x00,0x2b,0x00,0x00,0x06,0x32,0x00,0x10,0x00,0x03,0x00,0x00,0x00,
0x46,0x80,0x20,0x00,0x00,0x00,0x00,0x00,0x02,0x00,0x00,0x00,0x0e,0x00,0x00,0x07,
0x32,0x00,0x10,0x00,0x02,0x00,0x00,0x00,0x46,0x00,0x10,0x00,0x02,0x00,0x00,0x00,
0x46,0x00,0x10,0x00,0x03,0x00,0x00,0x00,0x36,0x00,0x00,0x04,0x32,0x00,0x10,0x00,
0x04,0x00,0x00,0x00,0x46,0x00,0x02,0x00,0x36,0x00,0x00,0x08,0xc2,0x00,0x10,0x00,
0x04,0x00,0x00,0x00,0x02,0x40,0x00,0x00,0x00,0x00,0x00,0x00,0x00,0x00,0x00,0x00,
0x00,0x00,0x00,0x00,0x00,0x00,0x00,0x00,0x2d,0x00,0x00,0x89,0xc2,0x00,0x00,0x80,
0x43,0x55,0x15,0x00,0xc2,0x00,0x10,0x00,0x03,0x00,0x00,0x00,0x46,0x0e,0x10,0x00,
0x04,0x00,0x00,0x00,0xe6,0x74,0x10,0x00,0x02,0x00,0x00,0x00,0x32,0x00,0x00,0x0c,
0xc2,0x00,0x10,0x00,0x03,0x00,0x00,0x00,0xa6,0x0e,0x10,0x00,0x03,0x00,0x00,0x00,
0x06,0x84,0x20,0x00,0x00,0x00,0x00,0x00,0x05,0x00,0x00,0x00,0x06,0x84,0x20,0x80,
0x41,0x00,0x00,0x00,0x00,0x00,0x00,0x00,0x06,0x00,0x00,0x00,0x38,0x00,0x00,0x0a,
0x32,0x00,0x10,0x00,0x04,0x00,0x00,0x00,0xe6,0x0a,0x10,0x00,0x03,0x00,0x00,0x00,
0x02,0x40,0x00,0x00,0x00,0x00,0x70,0x45,0x00,0x00,0x07,0x45,0x00,0x00,0x00,0x00,
0x00,0x00,0x00,0x00,0x0f,0x00,0x00,0x07,0x12,0x00,0x10,0x00,0x04,0x00,0x00,0x00,
0x46,0x00,0x10,0x00,0x04,0x00,0x00,0x00,0x46,0x00,0x10,0x00,0x04,0x00,0x00,0x00,
0x4b,0x00,0x00,0x05,0x12,0x00,0x10,0x00,0x04,0x00,0x00,0x00,0x0a,0x00,0x10,0x00,
0x04,0x00,0x00,0x00,0x00,0x00,0x00,0x07,0x62,0x00,0x10,0x00,0x04,0x00,0x00,0x00,
0xa6,0x0b,0x10,0x00,0x00,0x00,0x00,0x00,0xa6,0x0b,0x10,0x00,0x03,0x00,0x00,0x00,
0x1d,0x00,0x00,0x0a,0x32,0x00,0x10,0x00,0x05,0x00,0x00,0x00,0x96,0x05,0x10,0x00,
0x04,0x00,0x00,0x00,0x02,0x40,0x00,0x00,0x00,0x00,0x00,0x00,0x00,0x00,0x00,0x00,
0x00,0x00,0x00,0x00,0x00,0x00,0x00,0x00,0x1d,0x00,0x00,0x0a,0xc2,0x00,0x10,0x00,
0x05,0x00,0x00,0x00,0x02,0x40,0x00,0x00,0x00,0x00,0x00,0x00,0x00,0x00,0x00,0x00,
0x00,0x00,0x80,0x3f,0x00,0x00,0x80,0x3f,0x56,0x09,0x10,0x00,0x04,0x00,0x00,0x00,
0x01,0x00,0x00,0x07,0x32,0x00,0x10,0x00,0x05,0x00,0x00,0x00,0xe6,0x0a,0x10,0x00,
0x05,0x00,0x00,0x00,0x46,0x00,0x10,0x00,0x05,0x00,0x00,0x00,0x01,0x00,0x00,0x07,
0x82,0x00,0x10,0x00,0x04,0x00,0x00,0x00,0x1a,0x00,0x10,0x00,0x05,0x00,0x00,0x00,
0x0a,0x00,0x10,0x00,0x05,0x00,0x00,0x00,0x38,0x00,0x00,0x07,0x32,0x00,0x10,0x00,
0x01,0x00,0x00,0x00,0xe6,0x0a,0x10,0x00,0x00,0x00,0x00,0x00,0x46,0x00,0x10,0x00,
0x01,0x00,0x00,0x00,0x33,0x00,0x00,0x07,0x32,0x00,0x10,0x00,0x01,0x00,0x00,0x00,
0xe6,0x0a,0x10,0x00,0x02,0x00,0x00,0x00,0x46,0x00,0x10,0x00,0x01,0x00,0x00,0x00,
0x34,0x00,0x00,0x0a,0x32,0x00,0x10,0x00,0x01,0x00,0x00,0x00,0x46,0x00,0x10,0x00,
0x01,0x00,0x00,0x00,0x02,0x40,0x00,0x00,0x00,0x00,0x00,0x3f,0x00,0x00,0x00,0x3f,
0x00,0x00,0x00,0x00,0x00,0x00,0x00,0x00,0x0e,0x00,0x00,0x07,0x32,0x00,0x10,0x00,
0x01,0x00,0x00,0x00,0x46,0x00,0x10,0x00,0x01,0x00,0x00,0x00,0x46,0x00,0x10,0x00,
0x03,0x00,0x00,0x00,0x48,0x00,0x00,0x8d,0xc2,0x00,0x00,0x80,0x43,0x55,0x15,0x00,
0x12,0x00,0x10,0x00,0x01,0x00,0x00,0x00,0x46,0x00,0x10,0x00,0x01,0x00,0x00,0x00,
0x46,0x7e,0x10,0x00,0x07,0x00,0x00,0x00,0x00,0x60,0x10,0x00,0x01,0x00,0x00,0x00,
0x01,0x40,0x00,0x00,0x00,0x00,0x00,0x00,0x57,0x00,0x00,0x0b,0xc2,0x00,0x10,0x00,
0x02,0x00,0x00,0x00,0x06,0x84,0x20,0x00,0x00,0x00,0x00,0x00,0x00,0x00,0x00,0x00,
0x02,0x40,0x00,0x00,0x00,0x00,0x00,0x00,0x00,0x00,0x00,0x00,0x02,0x00,0x00,0x00,
0x02,0x00,0x00,0x00,0x24,0x00,0x00,0x0a,0x32,0x00,0x10,0x00,0x03,0x00,0x00,0x00,
0x46,0x80,0x20,0x00,0x00,0x00,0x00,0x00,0x00,0x00,0x00,0x00,0x46,0x80,0x20,0x80,
0x41,0x00,0x00,0x00,0x00,0x00,0x00,0x00,0x00,0x00,0x00,0x00,0x55,0x00,0x00,0x0a,
0x32,0x00,0x10,0x00,0x03,0x00,0x00,0x00,0x46,0x00,0x10,0x00,0x03,0x00,0x00,0x00,
0x02,0x40,0x00,0x00,0x01,0x00,0x00,0x00,0x01,0x00,0x00,0x00,0x00,0x00,0x00,0x00,
0x00,0x00,0x00,0x00,0x28,0x00,0x00,0x05,0x32,0x00,0x10,0x00,0x05,0x00,0x00,0x00,
0x46,0x00,0x10,0x00,0x03,0x00,0x00,0x00,0x01,0x00,0x00,0x0a,0xc2,0x00,0x10,0x00,
0x02,0x00,0x00,0x00,0xa6,0x0e,0x10,0x00,0x02,0x00,0x00,0x00,0x02,0x40,0x00,0x00,
0x00,0x00,0x00,0x00,0x00,0x00,0x00,0x00,0x00,0x00,0x00,0x80,0x00,0x00,0x00,0x80,
0x37,0x00,0x00,0x09,0xc2,0x00,0x10,0x00,0x02,0x00,0x00,0x00,0xa6,0x0e,0x10,0x00,
0x02,0x00,0x00,0x00,0x06,0x04,0x10,0x00,0x05,0x00,0x00,0x00,0x06,0x04,0x10,0x00,
0x03,0x00,0x00,0x00,0x3d,0x10,0x00,0x89,0xc2,0x00,0x00,0x80,0x43,0x55,0x15,0x00,
0x32,0x00,0x10,0x00,0x03,0x00,0x00,0x00,0x01,0x40,0x00,0x00,0x00,0x00,0x00,0x00,
0x46,0x7e,0x10,0x00,0x05,0x00,0x00,0x00,0x2b,0x00,0x00,0x05,0xc2,0x00,0x10,0x00,
0x02,0x00,0x00,0x00,0xa6,0x0e,0x10,0x00,0x02,0x00,0x00,0x00,0x38,0x00,0x00,0x07,
0x62,0x00,0x10,0x00,0x01,0x00,0x00,0x00,0xa6,0x0b,0x10,0x00,0x01,0x00,0x00,0x00,
0xa6,0x0b,0x10,0x00,0x02,0x00,0x00,0x00,0x00,0x00,0x00,0x0a,0xc2,0x00,0x10,0x00,
0x02,0x00,0x00,0x00,0xa6,0x0e,0x10,0x00,0x02,0x00,0x00,0x00,0x02,0x40,0x00,0x00,
0x00,0x00,0x00,0x00,0x00,0x00,0x00,0x00,0x00,0x00,0x00,0xbf,0x00,0x00,0x00,0xbf,
0x33,0x00,0x00,0x07,0x62,0x00,0x10,0x00,0x01,0x00,0x00,0x00,0x56,0x06,0x10,0x00,
0x01,0x00,0x00,0x00,0xa6,0x0b,0x10,0x00,0x02,0x00,0x00,0x00,0x34,0x00,0x00,0x0a,
0x62,0x00,0x10,0x00,0x01,0x00,0x00,0x00,0x56,0x06,0x10,0x00,0x01,0x00,0x00,0x00,
0x02,0x40,0x00,0x00,0x00,0x00,0x00,0x00,0x00,0x00,0x00,0x3f,0x00,0x00,0x00,0x3f,
0x00,0x00,0x00,0x00,0x2b,0x00,0x00,0x05,0xc2,0x00,0x10,0x00,0x02,0x00,0x00,0x00,
0x06,0x04,0x10,0x00,0x03,0x00,0x00,0x00,0x0e,0x00,0x00,0x07,0x62,0x00,0x10,0x00,
0x01,0x00,0x00,0x00,0x56,0x06,0x10,0x00,0x01,0x00,0x00,0x00,0xa6,0x0b,0x10,0x00,
0x02,0x00,0x00,0x00,0x48,0x00,0x00,0x8d,0xc2,0x00,0x00,0x80,0x43,0x55,0x15,0x00,
0x22,0x00,0x10,0x00,0x01,0x00,0x00,0x00,0x96,0x05,0x10,0x00,0x01,0x00,0x00,0x00,
0x16,0x7e,0x10,0x00,0x05,0x00,0x00,0x00,0x00,0x60,0x10,0x00,0x01,0x00,0x00,0x00,
0x01,0x40,0x00,0x00,0x00,0x00,0x00,0x00,0x20,0x00,0x00,0x07,0x42,0x00,0x10,0x00,
0x01,0x00,0x00,0x00,0x3a,0x00,0x10,0x00,0x04,0x00,0x00,0x00,0x01,0x40,0x00,0x00,
0x00,0x00,0x00,0x00,0x18,0x00,0x00,0x08,0x82,0x00,0x10,0x00,0x01,0x00,0x00,0x00,
0x3a,0x80,0x20,0x00,0x00,0x00,0x00,0x00,0x07,0x00,0x00,0x00,0x01,0x40,0x00,0x00,
0x00,0x00,0x00,0x00,0x3c,0x00,0x00,0x07,0x42,0x00,0x10,0x00,0x01,0x00,0x00,0x00,
0x3a,0x00,0x10,0x00,0x01,0x00,0x00,0x00,0x2a,0x00,0x10,0x00,0x01,0x00,0x00,0x00,
0x48,0x00,0x00,0x8d,0xc2,0x00,0x00,0x80,0x43,0x44,0x04,0x00,0xf2,0x00,0x10,0x00,
0x02,0x00,0x00,0x00,0x46,0x00,0x10,0x00,0x02,0x00,0x00,0x00,0x46,0x7e,0x10,0x00,
0x01,0x00,0x00,0x00,0x00,0x60,0x10,0x00,0x01,0x00,0x00,0x00,0x01,0x40,0x00,0x00,
0x00,0x00,0x00,0x00,0x38,0x00,0x00,0x07,0x82,0x00,0x10,0x00,0x01,0x00,0x00,0x00,
0x3a,0x00,0x10,0x00,0x02,0x00,0x00,0x00,0x01,0x40,0x00,0x00,0x00,0x00,0xc8,0x42,
0x40,0x00,0x00,0x05,0x82,0x00,0x10,0x00,0x01,0x00,0x00,0x00,0x3a,0x00,0x10,0x00,
0x01,0x00,0x00,0x00,0x31,0x00,0x00,0x07,0x82,0x00,0x10,0x00,0x01,0x00,0x00,0x00,
0x01,0x40,0x00,0x00,0x00,0x00,0x80,0x3f,0x3a,0x00,0x10,0x00,0x01,0x00,0x00,0x00,
0x01,0x00,0x00,0x07,0x82,0x00,0x10,0x00,0x01,0x00,0x00,0x00,0x3a,0x00,0x10,0x00,
0x01,0x00,0x00,0x00,0x01,0x40,0x00,0x00,0x00,0x00,0x80,0x3f,0x38,0x00,0x00,0x07,
0x12,0x00,0x10,0x00,0x03,0x00,0x00,0x00,0x3a,0x00,0x10,0x00,0x01,0x00,0x00,0x00,
0x3a,0x00,0x10,0x00,0x02,0x00,0x00,0x00,0x3b,0x00,0x00,0x05,0x22,0x00,0x10,0x00,
0x03,0x00,0x00,0x00,0x2a,0x00,0x10,0x00,0x01,0x00,0x00,0x00,0x01,0x00,0x00,0x07,
0x22,0x00,0x10,0x00,0x03,0x00,0x00,0x00,0x1a,0x00,0x10,0x00,0x03,0x00,0x00,0x00,
0x3a,0x00,0x10,0x00,0x04,0x00,0x00,0x00,0x1f,0x00,0x04,0x03,0x1a,0x00,0x10,0x00,
0x03,0x00,0x00,0x00,0x2b,0x00,0x00,0x06,0x32,0x00,0x10,0x00,0x05,0x00,0x00,0x00,
0xe6,0x8a,0x20,0x00,0x00,0x00,0x00,0x00,0x01,0x00,0x00,0x00,0x32,0x00,0x00,0x0c,
0x62,0x00,0x10,0x00,0x04,0x00,0x00,0x00,0x56,0x06,0x10,0x00,0x04,0x00,0x00,0x00,
0x06,0x01,0x10,0x00,0x05,0x00,0x00,0x00,0x02,0x40,0x00,0x00,0x00,0x00,0x00,0x00,
0x00,0x00,0x00,0xbf,0x00,0x00,0x00,0xbf,0x00,0x00,0x00,0x00,0x41,0x00,0x00,0x05,
0xf2,0x00,0x10,0x00,0x05,0x00,0x00,0x00,0x56,0x0a,0x10,0x00,0x04,0x00,0x00,0x00,
0x00,0x00,0x00,0x08,0xf2,0x00,0x10,0x00,0x05,0x00,0x00,0x00,0x56,0x0a,0x10,0x00,
0x04,0x00,0x00,0x00,0x46,0x0e,0x10,0x80,0x41,0x00,0x00,0x00,0x05,0x00,0x00,0x00,
0x1e,0x00,0x00,0x0b,0xf2,0x00,0x10,0x00,0x06,0x00,0x00,0x00,0xe6,0x8e,0x20,0x00,
0x00,0x00,0x00,0x00,0x01,0x00,0x00,0x00,0x02,0x40,0x00,0x00,0xff,0xff,0xff,0xff,
0xff,0xff,0xff,0xff,0xfe,0xff,0xff,0xff,0xfe,0xff,0xff,0xff,0x2b,0x00,0x00,0x05,
0x32,0x00,0x10,0x00,0x06,0x00,0x00,0x00,0x46,0x00,0x10,0x00,0x06,0x00,0x00,0x00,
0x33,0x00,0x00,0x07,0x62,0x00,0x10,0x00,0x04,0x00,0x00,0x00,0x56,0x06,0x10,0x00,
0x04,0x00,0x00,0x00,0x06,0x01,0x10,0x00,0x06,0x00,0x00,0x00,0x34,0x00,0x00,0x0a,
0x62,0x00,0x10,0x00,0x04,0x00,0x00,0x00,0x56,0x06,0x10,0x00,0x04,0x00,0x00,0x00,
0x02,0x40,0x00,0x00,0x00,0x00,0x00,0x00,0x00,0x00,0x00,0x00,0x00,0x00,0x00,0x00,
0x00,0x00,0x00,0x00,0x41,0x00,0x00,0x05,0x62,0x00,0x10,0x00,0x04,0x00,0x00,0x00,
0x56,0x06,0x10,0x00,0x04,0x00,0x00,0x00,0x1b,0x00,0x00,0x05,0x62,0x00,0x10,0x00,
0x04,0x00,0x00,0x00,0x56,0x06,0x10,0x00,0x04,0x00,0x00,0x00,0x1e,0x00,0x00,0x0a,
0xf2,0x00,0x10,0x00,0x07,0x00,0x00,0x00,0x96,0x09,0x10,0x00,0x04,0x00,0x00,0x00,
0x02,0x40,0x00,0x00,0xff,0xff,0xff,0xff,0xff,0xff,0xff,0xff,0x00,0x00,0x00,0x00,
0xff,0xff,0xff,0xff,0x25,0x00,0x00,0x07,0xf2,0x00,0x10,0x00,0x07,0x00,0x00,0x00,
0xe6,0x0e,0x10,0x00,0x06,0x00,0x00,0x00,0x46,0x0e,0x10,0x00,0x07,0x00,0x00,0x00,
0x24,0x00,0x00,0x0a,0xf2,0x00,0x10,0x00,0x07,0x00,0x00,0x00,0xe6,0x04,0x10,0x00,
0x07,0x00,0x00,0x00,0x02,0x40,0x00,0x00,0x01,0x00,0x00,0x00,0x01,0x00,0x00,0x00,
0x01,0x00,0x00,0x00,0x01,0x00,0x00,0x00,0x36,0x00,0x00,0x05,0x32,0x00,0x10,0x00,
0x08,0x00,0x00,0x00,0xe6,0x0a,0x10,0x00,0x07,0x00,0x00,0x00,0x36,0x00,0x00,0x08,
0xc2,0x00,0x10,0x00,0x08,0x00,0x00,0x00,0x02,0x40,0x00,0x00,0x00,0x00,0x00,0x00,
0x00,0x00,0x00,0x00,0x00,0x00,0x00,0x00,0x00,0x00,0x00,0x00,0x2d,0x00,0x00,0x89,
0xc2,0x00,0x00,0x80,0x43,0x55,0x15,0x00,0xf2,0x00,0x10,0x00,0x08,0x00,0x00,0x00,
0x46,0x0e,0x10,0x00,0x08,0x00,0x00,0x00,0x46,0x7e,0x10,0x00,0x03,0x00,0x00,0x00,
0x36,0x00,0x00,0x08,0xc2,0x00,0x10,0x00,0x07,0x00,0x00,0x00,0x02,0x40,0x00,0x00,
0x00,0x00,0x00,0x00,0x00,0x00,0x00,0x00,0x00,0x00,0x00,0x00,0x00,0x00,0x00,0x00,
0x2d,0x00,0x00,0x89,0xc2,0x00,0x00,0x80,0x43,0x55,0x15,0x00,0xf2,0x00,0x10,0x00,
0x07,0x00,0x00,0x00,0x46,0x0e,0x10,0x00,0x07,0x00,0x00,0x00,0x46,0x7e,0x10,0x00,
0x03,0x00,0x00,0x00,0x1e,0x00,0x00,0x0a,0xf2,0x00,0x10,0x00,0x09,0x00,0x00,0x00,
0x96,0x09,0x10,0x00,0x04,0x00,0x00,0x00,0x02,0x40,0x00,0x00,0x01,0x00,0x00,0x00,
0xff,0xff,0xff,0xff,0x02,0x00,0x00,0x00,0xff,0xff,0xff,0xff,0x25,0x00,0x00,0x07,
0xf2,0x00,0x10,0x00,0x09,0x00,0x00,0x00,0xe6,0x0e,0x10,0x00,0x06,0x00,0x00,0x00,
0x46,0x0e,0x10,0x00,0x09,0x00,0x00,0x00,0x24,0x00,0x00,0x0a,0xf2,0x00,0x10,0x00,
0x09,0x00,0x00,0x00,0xe6,0x04,0x10,0x00,0x09,0x00,0x00,0x00,0x02,0x40,0x00,0x00,
0x01,0x00,0x00,0x00,0x01,0x00,0x00,0x00,0x01,0x00,0x00,0x00,0x01,0x00,0x00,0x00,
0x36,0x00,0x00,0x05,0x32,0x00,0x10,0x00,0x0a,0x00,0x00,0x00,0xe6,0x0a,0x10,0x00,
0x09,0x00,0x00,0x00,0x36,0x00,0x00,0x08,0xc2,0x00,0x10,0x00,0x0a,0x00,0x00,0x00,
0x02,0x40,0x00,0x00,0x00,0x00,0x00,0x00,0x00,0x00,0x00,0x00,0x00,0x00,0x00,0x00,
0x00,0x00,0x00,0x00,0x2d,0x00,0x00,0x89,0xc2,0x00,0x00,0x80,0x43,0x55,0x15,0x00,
0xf2,0x00,0x10,0x00,0x0a,0x00,0x00,0x00,0x46,0x0e,0x10,0x00,0x0a,0x00,0x00,0x00,
0x46,0x7e,0x10,0x00,0x03,0x00,0x00,0x00,0x36,0x00,0x00,0x08,0xc2,0x00,0x10,0x00,
0x09,0x00,0x00,0x00,0x02,0x40,0x00,0x00,0x00,0x00,0x00,0x00,0x00,0x00,0x00,0x00,
0x00,0x00,0x00,0x00,0x00,0x00,0x00,0x00,0x2d,0x00,0x00,0x89,0xc2,0x00,0x00,0x80,
0x43,0x55,0x15,0x00,0xf2,0x00,0x10,0x00,0x09,0x00,0x00,0x00,0x46,0x0e,0x10,0x00,
0x09,0x00,0x00,0x00,0x46,0x7e,0x10,0x00,0x03,0x00,0x00,0x00,0x1e,0x00,0x00,0x0a,
0xf2,0x00,0x10,0x00,0x0b,0x00,0x00,0x00,0x96,0x09,0x10,0x00,0x04,0x00,0x00,0x00,
0x02,0x40,0x00,0x00,0xff,0xff,0xff,0xff,0x00,0x00,0x00,0x00,0x01,0x00,0x00,0x00,
0x00,0x00,0x00,0x00,0x25,0x00,0x00,0x07,0xf2,0x00,0x10,0x00,0x0b,0x00,0x00,0x00,
0xe6,0x0e,0x10,0x00,0x06,0x00,0x00,0x00,0x46,0x0e,0x10,0x00,0x0b,0x00,0x00,0x00,
0x24,0x00,0x00,0x0a,0xf2,0x00,0x10,0x00,0x0b,0x00,0x00,0x00,0xe6,0x04,0x10,0x00,
0x0b,0x00,0x00,0x00,0x02,0x40,0x00,0x00,0x01,0x00,0x00,0x00,0x01,0x00,0x00,0x00,
0x01,0x00,0x00,0x00,0x01,0x00,0x00,0x00,0x36,0x00,0x00,0x05,0x32,0x00,0x10,0x00,
0x0c,0x00,0x00,0x00,0xe6,0x0a,0x10,0x00,0x0b,0x00,0x00,0x00,0x36,0x00,0x00,0x08,
0xc2,0x00,0x10,0x00,0x0c,0x00,0x00,0x00,0x02,0x40,0x00,0x00,0x00,0x00,0x00,0x00,
0x00,0x00,0x00,0x00,0x00,0x00,0x00,0x00,0x00,0x00,0x00,0x00,0x2d,0x00,0x00,0x89,
0xc2,0x00,0x00,0x80,0x43,0x55,0x15,0x00,0xf2,0x00,0x10,0x00,0x0c,0x00,0x00,0x00,
0x46,0x0e,0x10,0x00,0x0c,0x00,0x00,0x00,0x46,0x7e,0x10,0x00,0x03,0x00,0x00,0x00,
0x25,0x00,0x00,0x07,0x32,0x00,0x10,0x00,0x06,0x00,0x00,0x00,0xe6,0x0a,0x10,0x00,
0x06,0x00,0x00,0x00,0x96,0x05,0x10,0x00,0x04,0x00,0x00,0x00,0x24,0x00,0x00,0x0a,
0x32,0x00,0x10,0x00,0x0d,0x00,0x00,0x00,0x46,0x00,0x10,0x00,0x06,0x00,0x00,0x00,
0x02,0x40,0x00,0x00,0x01,0x00,0x00,0x00,0x01,0x00,0x00,0x00,0x00,0x00,0x00,0x00,
0x00,0x00,0x00,0x00,0x36,0x00,0x00,0x08,0xc2,0x00,0x10,0x00,0x0d,0x00,0x00,0x00,
0x02,0x40,0x00,0x00,0x00,0x00,0x00,0x00,0x00,0x00,0x00,0x00,0x00,0x00,0x00,0x00,
0x00,0x00,0x00,0x00,0x2d,0x00,0x00,0x89,0xc2,0x00,0x00,0x80,0x43,0x55,0x15,0x00,
0xf2,0x00,0x10,0x00,0x0d,0x00,0x00,0x00,0x46,0x0e,0x10,0x00,0x0d,0x00,0x00,0x00,
0x46,0x7e,0x10,0x00,0x03,0x00,0x00,0x00,0x36,0x00,0x00,0x08,0xc2,0x00,0x10,0x00,
0x0b,0x00,0x00,0x00,0x02,0x40,0x00,0x00,0x00,0x00,0x00,0x00,0x00,0x00,0x00,0x00,
0x00,0x00,0x00,0x00,0x00,0x00,0x00,0x00,0x2d,0x00,0x00,0x89,0xc2,0x00,0x00,0x80,
0x43,0x55,0x15,0x00,0xf2,0x00,0x10,0x00,0x0b,0x00,0x00,0x00,0x46,0x0e,0x10,0x00,
0x0b,0x00,0x00,0x00,0x46,0x7e,0x10,0x00,0x03,0x00,0x00,0x00,0x1e,0x00,0x00,0x0a,
0xf2,0x00,0x10,0x00,0x0e,0x00,0x00,0x00,0x96,0x09,0x10,0x00,0x04,0x00,0x00,0x00,
0x02,0x40,0x00,0x00,0x02,0x00,0x00,0x00,0x00,0x00,0x00,0x00,0xff,0xff,0xff,0xff,
0x01,0x00,0x00,0x00,0x25,0x00,0x00,0x07,0xf2,0x00,0x10,0x00,0x0e,0x00,0x00,0x00,
0xe6,0x0e,0x10,0x00,0x06,0x00,0x00,0x00,0x46,0x0e,0x10,0x00,0x0e,0x00,0x00,0x00,
0x24,0x00,0x00,0x0a,0xf2,0x00,0x10,0x00,0x0e,0x00,0x00,0x00,0xe6,0x04,0x10,0x00,
0x0e,0x00,0x00,0x00,0x02,0x40,0x00,0x00,0x01,0x00,0x00,0x00,0x01,0x00,0x00,0x00,
0x01,0x00,0x00,0x00,0x01,0x00,0x00,0x00,0x36,0x00,0x00,0x05,0x32,0x00,0x10,0x00,
0x0f,0x00,0x00,0x00,0xe6,0x0a,0x10,0x00,0x0e,0x00,0x00,0x00,0x36,0x00,0x00,0x08,
0xc2,0x00,0x10,0x00,0x0f,0x00,0x00,0x00,0x02,0x40,0x00,0x00,0x00,0x00,0x00,0x00,
0x00,0x00,0x00,0x00,0x00,0x00,0x00,0x00,0x00,0x00,0x00,0x00,0x2d,0x00,0x00,0x89,
0xc2,0x00,0x00,0x80,0x43,0x55,0x15,0x00,0xf2,0x00,0x10,0x00,0x0f,0x00,0x00,0x00,
0x46,0x0e,0x10,0x00,0x0f,0x00,0x00,0x00,0x46,0x7e,0x10,0x00,0x03,0x00,0x00,0x00,
0x36,0x00,0x00,0x08,0xc2,0x00,0x10,0x00,0x0e,0x00,0x00,0x00,0x02,0x40,0x00,0x00,
0x00,0x00,0x00,0x00,0x00,0x00,0x00,0x00,0x00,0x00,0x00,0x00,0x00,0x00,0x00,0x00,
0x2d,0x00,0x00,0x89,0xc2,0x00,0x00,0x80,0x43,0x55,0x15,0x00,0xf2,0x00,0x10,0x00,
0x0e,0x00,0x00,0x00,0x46,0x0e,0x10,0x00,0x0e,0x00,0x00,0x00,0x46,0x7e,0x10,0x00,
0x03,0x00,0x00,0x00,0x1e,0x00,0x00,0x0a,0xf2,0x00,0x10,0x00,0x10,0x00,0x00,0x00,
0x96,0x09,0x10,0x00,0x04,0x00,0x00,0x00,0x02,0x40,0x00,0x00,0x00,0x00,0x00,0x00,
0x01,0x00,0x00,0x00,0x01,0x00,0x00,0x00,0x01,0x00,0x00,0x00,0x25,0x00,0x00,0x07,
0xf2,0x00,0x10,0x00,0x10,0x00,0x00,0x00,0xe6,0x0e,0x10,0x00,0x06,0x00,0x00,0x00,
0x46,0x0e,0x10,0x00,0x10,0x00,0x00,0x00,0x24,0x00,0x00,0x0a,0xf2,0x00,0x10,0x00,
0x10,0x00,0x00,0x00,0xe6,0x04,0x10,0x00,0x10,0x00,0x00,0x00,0x02,0x40,0x00,0x00,
0x01,0x00,0x00,0x00,0x01,0x00,0x00,0x00,0x01,0x00,0x00,0x00,0x01,0x00,0x00,0x00,
0x36,0x00,0x00,0x05,0x32,0x00,0x10,0x00,0x11,0x00,0x00,0x00,0xe6,0x0a,0x10,0x00,
0x10,0x00,0x00,0x00,0x36,0x00,0x00,0x08,0xc2,0x00,0x10,0x00,0x11,0x00,0x00,0x00,
0x02,0x40,0x00,0x00,0x00,0x00,0x00,0x00,0x00,0x00,0x00,0x00,0x00,0x00,0x00,0x00,
0x00,0x00,0x00,0x00,0x2d,0x00,0x00,0x89,0xc2,0x00,0x00,0x80,0x43,0x55,0x15,0x00,
0xf2,0x00,0x10,0x00,0x11,0x00,0x00,0x00,0x46,0x0e,0x10,0x00,0x11,0x00,0x00,0x00,
0x46,0x7e,0x10,0x00,0x03,0x00,0x00,0x00,0x36,0x00,0x00,0x08,0xc2,0x00,0x10,0x00,
0x10,0x00,0x00,0x00,0x02,0x40,0x00,0x00,0x00,0x00,0x00,0x00,0x00,0x00,0x00,0x00,
0x00,0x00,0x00,0x00,0x00,0x00,0x00,0x00,0x2d,0x00,0x00,0x89,0xc2,0x00,0x00,0x80,
0x43,0x55,0x15,0x00,0xf2,0x00,0x10,0x00,0x10,0x00,0x00,0x00,0x46,0x0e,0x10,0x00,
0x10,0x00,0x00,0x00,0x46,0x7e,0x10,0x00,0x03,0x00,0x00,0x00,0x1e,0x00,0x00,0x0a,
0xf2,0x00,0x10,0x00,0x12,0x00,0x00,0x00,0x96,0x09,0x10,0x00,0x04,0x00,0x00,0x00,
0x02,0x40,0x00,0x00,0x02,0x00,0x00,0x00,0x01,0x00,0x00,0x00,0xff,0xff,0xff,0xff,
0x02,0x00,0x00,0x00,0x25,0x00,0x00,0x07,0xf2,0x00,0x10,0x00,0x12,0x00,0x00,0x00,
0xe6,0x0e,0x10,0x00,0x06,0x00,0x00,0x00,0x46,0x0e,0x10,0x00,0x12,0x00,0x00,0x00,
0x24,0x00,0x00,0x0a,0xf2,0x00,0x10,0x00,0x12,0x00,0x00,0x00,0xe6,0x04,0x10,0x00,
0x12,0x00,0x00,0x00,0x02,0x40,0x00,0x00,0x01,0x00,0x00,0x00,0x01,0x00,0x00,0x00,
0x01,0x00,0x00,0x00,0x01,0x00,0x00,0x00,0x36,0x00,0x00,0x05,0x32,0x00,0x10,0x00,
0x13,0x00,0x00,0x00,0xe6,0x0a,0x10,0x00,0x12,0x00,0x00,0x00,0x36,0x00,0x00,0x08,
0xc2,0x00,0x10,0x00,0x13,0x00,0x00,0x00,0x02,0x40,0x00,0x00,0x00,0x00,0x00,0x00,
0x00,0x00,0x00,0x00,0x00,0x00,0x00,0x00,0x00,0x00,0x00,0x00,0x2d,0x00,0x00,0x89,
0xc2,0x00,0x00,0x80,0x43,0x55,0x15,0x00,0xf2,0x00,0x10,0x00,0x13,0x00,0x00,0x00,
0x46,0x0e,0x10,0x00,0x13,0x00,0x00,0x00,0x46,0x7e,0x10,0x00,0x03,0x00,0x00,0x00,
0x36,0x00,0x00,0x08,0xc2,0x00,0x10,0x00,0x12,0x00,0x00,0x00,0x02,0x40,0x00,0x00,
0x00,0x00,0x00,0x00,0x00,0x00,0x00,0x00,0x00,0x00,0x00,0x00,0x00,0x00,0x00,0x00,
0x2d,0x00,0x00,0x89,0xc2,0x00,0x00,0x80,0x43,0x55,0x15,0x00,0xf2,0x00,0x10,0x00,
0x12,0x00,0x00,0x00,0x46,0x0e,0x10,0x00,0x12,0x00,0x00,0x00,0x46,0x7e,0x10,0x00,
0x03,0x00,0x00,0x00,0x1e,0x00,0x00,0x0a,0xf2,0x00,0x10,0x00,0x14,0x00,0x00,0x00,
0x96,0x09,0x10,0x00,0x04,0x00,0x00,0x00,0x02,0x40,0x00,0x00,0x00,0x00,0x00,0x00,
0x02,0x00,0x00,0x00,0x01,0x00,0x00,0x00,0x02,0x00,0x00,0x00,0x25,0x00,0x00,0x07,
0xf2,0x00,0x10,0x00,0x14,0x00,0x00,0x00,0xe6,0x0e,0x10,0x00,0x06,0x00,0x00,0x00,
0x46,0x0e,0x10,0x00,0x14,0x00,0x00,0x00,0x24,0x00,0x00,0x0a,0xf2,0x00,0x10,0x00,
0x14,0x00,0x00,0x00,0xe6,0x04,0x10,0x00,0x14,0x00,0x00,0x00,0x02,0x40,0x00,0x00,
0x01,0x00,0x00,0x00,0x01,0x00,0x00,0x00,0x01,0x00,0x00,0x00,0x01,0x00,0x00,0x00,
0x36,0x00,0x00,0x05,0x32,0x00,0x10,0x00,0x15,0x00,0x00,0x00,0xe6,0x0a,0x10,0x00,
0x14,0x00,0x00,0x00,0x36,0x00,0x00,0x08,0xc2,0x00,0x10,0x00,0x15,0x00,0x00,0x00,
0x02,0x40,0x00,0x00,0x00,0x00,0x00,0x00,0x00,0x00,0x00,0x00,0x00,0x00,0x00,0x00,
0x00,0x00,0x00,0x00,0x2d,0x00,0x00,0x89,0xc2,0x00,0x00,0x80,0x43,0x55,0x15,0x00,
0xf2,0x00,0x10,0x00,0x15,0x00,0x00,0x00,0x46,0x0e,0x10,0x00,0x15,0x00,0x00,0x00,
0x46,0x7e,0x10,0x00,0x03,0x00,0x00,0x00,0x36,0x00,0x00,0x08,0xc2,0x00,0x10,0x00,
0x14,0x00,0x00,0x00,0x02,0x40,0x00,0x00,0x00,0x00,0x00,0x00,0x00,0x00,0x00,0x00,
0x00,0x00,0x00,0x00,0x00,0x00,0x00,0x00,0x2d,0x00,0x00,0x89,0xc2,0x00,0x00,0x80,
0x43,0x55,0x15,0x00,0xf2,0x00,0x10,0x00,0x14,0x00,0x00,0x00,0x46,0x0e,0x10,0x00,
0x14,0x00,0x00,0x00,0x46,0x7e,0x10,0x00,0x03,0x00,0x00,0x00,0x1e,0x00,0x00,0x0a,
0x62,0x00,0x10,0x00,0x04,0x00,0x00,0x00,0x56,0x06,0x10,0x00,0x04,0x00,0x00,0x00,
0x02,0x40,0x00,0x00,0x00,0x00,0x00,0x00,0x02,0x00,0x00,0x00,0x02,0x00,0x00,0x00,
0x00,0x00,0x00,0x00,0x25,0x00,0x00,0x07,0x62,0x00,0x10,0x00,0x04,0x00,0x00,0x00,
0xa6,0x0b,0x10,0x00,0x06,0x00,0x00,0x00,0x56,0x06,0x10,0x00,0x04,0x00,0x00,0x00,
0x24,0x00,0x00,0x0a,0x32,0x00,0x10,0x00,0x06,0x00,0x00,0x00,0x96,0x05,0x10,0x00,
0x04,0x00,0x00,0x00,0x02,0x40,0x00,0x00,0x01,0x00,0x00,0x00,0x01,0x00,0x00,0x00,
0x00,0x00,0x00,0x00,0x00,0x00,0x00,0x00,0x36,0x00,0x00,0x08,0xc2,0x00,0x10,0x00,
0x06,0x00,0x00,0x00,0x02,0x40,0x00,0x00,0x00,0x00,0x00,0x00,0x00,0x00,0x00,0x00,
0x00,0x00,0x00,0x00,0x00,0x00,0x00,0x00,0x2d,0x00,0x00,0x89,0xc2,0x00,0x00,0x80,
0x43,0x55,0x15,0x00,0xf2,0x00,0x10,0x00,0x06,0x00,0x00,0x00,0x46,0x0e,0x10,0x00,
0x06,0x00,0x00,0x00,0x46,0x7e,0x10,0x00,0x03,0x00,0x00,0x00,0x00,0x00,0x00,0x0b,
0xf2,0x00,0x10,0x00,0x16,0x00,0x00,0x00,0x56,0x0d,0x10,0x80,0x41,0x00,0x00,0x00,
0x05,0x00,0x00,0x00,0x02,0x40,0x00,0x00,0x00,0x00,0x80,0xbf,0x00,0x00,0x80,0x3f,
0x00,0x00,0x00,0x40,0x00,0x00,0x80,0xbf,0x33,0x00,0x00,0x0b,0xf2,0x00,0x10,0x00,
0x16,0x00,0x00,0x00,0x46,0x0e,0x10,0x80,0x81,0x00,0x00,0x00,0x16,0x00,0x00,0x00,
0x02,0x40,0x00,0x00,0x00,0x00,0x00,0x40,0x00,0x00,0x00,0x40,0x00,0x00,0x00,0x40,
0x00,0x00,0x00,0x40,0x31,0x00,0x00,0x0a,0xf2,0x00,0x10,0x00,0x17,0x00,0x00,0x00,
0x46,0x0e,0x10,0x00,0x16,0x00,0x00,0x00,0x02,0x40,0x00,0x00,0x40,0xda,0x7f,0x38,
0x40,0xda,0x7f,0x38,0x40,0xda,0x7f,0x38,0x40,0xda,0x7f,0x38,0x38,0x00,0x00,0x0a,
0xf2,0x00,0x10,0x00,0x18,0x00,0x00,0x00,0x06,0x05,0x10,0x00,0x16,0x00,0x00,0x00,
0x02,0x40,0x00,0x00,0xdb,0x0f,0x49,0x40,0xdb,0x0f,0xc9,0x3f,0xdb,0x0f,0x49,0x40,
0xdb,0x0f,0xc9,0x3f,0x4d,0x00,0x00,0x06,0xf2,0x00,0x10,0x00,0x19,0x00,0x00,0x00,
0x00,0xd0,0x00,0x00,0x46,0x0e,0x10,0x00,0x18,0x00,0x00,0x00,0x0e,0x00,0x00,0x07,
0xf2,0x00,0x10,0x00,0x18,0x00,0x00,0x00,0x46,0x0e,0x10,0x00,0x19,0x00,0x00,0x00,
0x46,0x0e,0x10,0x00,0x18,0x00,0x00,0x00,0x38,0x00,0x00,0x07,0x62,0x00,0x10,0x00,
0x04,0x00,0x00,0x00,0x56,0x07,0x10,0x00,0x18,0x00,0x00,0x00,0x06,0x02,0x10,0x00,
0x18,0x00,0x00,0x00,0x33,0x00,0x00,0x0b,0xf2,0x00,0x10,0x00,0x18,0x00,0x00,0x00,
0x46,0x0e,0x10,0x80,0x81,0x00,0x00,0x00,0x05,0x00,0x00,0x00,0x02,0x40,0x00,0x00,
0x00,0x00,0x00,0x40,0x00,0x00,0x00,0x40,0x00,0x00,0x00,0x40,0x00,0x00,0x00,0x40,
0x31,0x00,0x00,0x0a,0x32,0x00,0x10,0x00,0x05,0x00,0x00,0x00,0xd6,0x05,0x10,0x00,
0x18,0x00,0x00,0x00,0x02,0x40,0x00,0x00,0x40,0xda,0x7f,0x38,0x40,0xda,0x7f,0x38,
0x00,0x00,0x00,0x00,0x00,0x00,0x00,0x00,0x38,0x00,0x00,0x0a,0xf2,0x00,0x10,0x00,
0x18,0x00,0x00,0x00,0x46,0x0e,0x10,0x00,0x18,0x00,0x00,0x00,0x02,0x40,0x00,0x00,
0xdb,0x0f,0x49,0x40,0xdb,0x0f,0xc9,0x3f,0xdb,0x0f,0x49,0x40,0xdb,0x0f,0xc9,0x3f,
0x4d,0x00,0x00,0x06,0xf2,0x00,0x10,0x00,0x19,0x00,0x00,0x00,0x00,0xd0,0x00,0x00,
0x46,0x0e,0x10,0x00,0x18,0x00,0x00,0x00,0x0e,0x00,0x00,0x07,0xf2,0x00,0x10,0x00,
0x18,0x00,0x00,0x00,0x46,0x0e,0x10,0x00,0x19,0x00,0x00,0x00,0x46,0x0e,0x10,0x00,
0x18,0x00,0x00,0x00,0x38,0x00,0x00,0x07,0x32,0x00,0x10,0x00,0x16,0x00,0x00,0x00,
0xd6,0x05,0x10,0x00,0x18,0x00,0x00,0x00,0x86,0x00,0x10,0x00,0x18,0x00,0x00,0x00,
0x37,0x00,0x00,0x0c,0x32,0x00,0x10,0x00,0x05,0x00,0x00,0x00,0x46,0x00,0x10,0x00,
0x05,0x00,0x00,0x00,0x02,0x40,0x00,0x00,0x00,0x00,0x80,0x3f,0x00,0x00,0x80,0x3f,
0x00,0x00,0x00,0x00,0x00,0x00,0x00,0x00,0x46,0x00,0x10,0x00,0x16,0x00,0x00,0x00,
0x37,0x00,0x00,0x0c,0x62,0x00,0x10,0x00,0x04,0x00,0x00,0x00,0x06,0x01,0x10,0x00,
0x17,0x00,0x00,0x00,0x02,0x40,0x00,0x00,0x00,0x00,0x00,0x00,0x00,0x00,0x80,0x3f,
0x00,0x00,0x80,0x3f,0x00,0x00,0x00,0x00,0x56,0x06,0x10,0x00,0x04,0x00,0x00,0x00,
0x38,0x00,0x00,0x0a,0xf2,0x00,0x10,0x00,0x16,0x00,0x00,0x00,0xa6,0x0f,0x10,0x00,
0x16,0x00,0x00,0x00,0x02,0x40,0x00,0x00,0xdb,0x0f,0x49,0x40,0xdb,0x0f,0xc9,0x3f,
0xdb,0x0f,0x49,0x40,0xdb,0x0f,0xc9,0x3f,0x4d,0x00,0x00,0x06,0xf2,0x00,0x10,0x00,
0x18,0x00,0x00,0x00,0x00,0xd0,0x00,0x00,0x46,0x0e,0x10,0x00,0x16,0x00,0x00,0x00,
0x0e,0x00,0x00,0x07,0xf2,0x00,0x10,0x00,0x16,0x00,0x00,0x00,0x46,0x0e,0x10,0x00,
0x18,0x00,0x00,0x00,0x46,0x0e,0x10,0x00,0x16,0x00,0x00,0x00,0x38,0x00,0x00,0x07,
0x32,0x00,0x10,0x00,0x16,0x00,0x00,0x00,0xd6,0x05,0x10,0x00,0x16,0x00,0x00,0x00,
0x86,0x00,0x10,0x00,0x16,0x00,0x00,0x00,0x37,0x00,0x00,0x0c,0x32,0x00,0x10,0x00,
0x16,0x00,0x00,0x00,0xe6,0x0a,0x10,0x00,0x17,0x00,0x00,0x00,0x02,0x40,0x00,0x00,
0x00,0x00,0x80,0x3f,0x00,0x00,0x80,0x3f,0x00,0x00,0x00,0x00,0x00,0x00,0x00,0x00,
0x46,0x00,0x10,0x00,0x16,0x00,0x00,0x00,0x38,0x00,0x00,0x07,0xf2,0x00,0x10,0x00,
0x07,0x00,0x00,0x00,0x46,0x0e,0x10,0x00,0x07,0x00,0x00,0x00,0x06,0x00,0x10,0x00,
0x05,0x00,0x00,0x00,0x32,0x00,0x00,0x09,0xf2,0x00,0x10,0x00,0x07,0x00,0x00,0x00,
0x56,0x05,0x10,0x00,0x04,0x00,0x00,0x00,0x46,0x0e,0x10,0x00,0x08,0x00,0x00,0x00,
0x46,0x0e,0x10,0x00,0x07,0x00,0x00,0x00,0x32,0x00,0x00,0x09,0xf2,0x00,0x10,0x00,
0x07,0x00,0x00,0x00,0xa6,0x0a,0x10,0x00,0x04,0x00,0x00,0x00,0x46,0x0e,0x10,0x00,
0x0a,0x00,0x00,0x00,0x46,0x0e,0x10,0x00,0x07,0x00,0x00,0x00,0x32,0x00,0x00,0x09,
0xf2,0x00,0x10,0x00,0x07,0x00,0x00,0x00,0x06,0x00,0x10,0x00,0x16,0x00,0x00,0x00,
0x46,0x0e,0x10,0x00,0x09,0x00,0x00,0x00,0x46,0x0e,0x10,0x00,0x07,0x00,0x00,0x00,
0x00,0x00,0x00,0x07,0x22,0x00,0x10,0x00,0x03,0x00,0x00,0x00,0x0a,0x00,0x10,0x00,
0x05,0x00,0x00,0x00,0x1a,0x00,0x10,0x00,0x04,0x00,0x00,0x00,0x00,0x00,0x00,0x07,
0x22,0x00,0x10,0x00,0x03,0x00,0x00,0x00,0x2a,0x00,0x10,0x00,0x04,0x00,0x00,0x00,
0x1a,0x00,0x10,0x00,0x03,0x00,0x00,0x00,0x00,0x00,0x00,0x07,0x22,0x00,0x10,0x00,
0x03,0x00,0x00,0x00,0x0a,0x00,0x10,0x00,0x16,0x00,0x00,0x00,0x1a,0x00,0x10,0x00,
0x03,0x00,0x00,0x00,0x0e,0x00,0x00,0x07,0xf2,0x00,0x10,0x00,0x07,0x00,0x00,0x00,
0x46,0x0e,0x10,0x00,0x07,0x00,0x00,0x00,0x56,0x05,0x10,0x00,0x03,0x00,0x00,0x00,
0x38,0x00,0x00,0x07,0xf2,0x00,0x10,0x00,0x08,0x00,0x00,0x00,0x46,0x0e,0x10,0x00,
0x0d,0x00,0x00,0x00,0x06,0x00,0x10,0x00,0x05,0x00,0x00,0x00,0x32,0x00,0x00,0x09,
0xf2,0x00,0x10,0x00,0x08,0x00,0x00,0x00,0x56,0x05,0x10,0x00,0x04,0x00,0x00,0x00,
0x46,0x0e,0x10,0x00,0x0c,0x00,0x00,0x00,0x46,0x0e,0x10,0x00,0x08,0x00,0x00,0x00,
0x32,0x00,0x00,0x09,0xf2,0x00,0x10,0x00,0x08,0x00,0x00,0x00,0xa6,0x0a,0x10,0x00,
0x04,0x00,0x00,0x00,0x46,0x0e,0x10,0x00,0x0b,0x00,0x00,0x00,0x46,0x0e,0x10,0x00,
0x08,0x00,0x00,0x00,0x32,0x00,0x00,0x09,0xf2,0x00,0x10,0x00,0x08,0x00,0x00,0x00,
0x06,0x00,0x10,0x00,0x16,0x00,0x00,0x00,0x46,0x0e,0x10,0x00,0x0f,0x00,0x00,0x00,
0x46,0x0e,0x10,0x00,0x08,0x00,0x00,0x00,0x0e,0x00,0x00,0x07,0xf2,0x00,0x10,0x00,
0x08,0x00,0x00,0x00,0x46,0x0e,0x10,0x00,0x08,0x00,0x00,0x00,0x56,0x05,0x10,0x00,
0x03,0x00,0x00,0x00,0x38,0x00,0x00,0x07,0xf2,0x00,0x10,0x00,0x09,0x00,0x00,0x00,
0x46,0x0e,0x10,0x00,0x11,0x00,0x00,0x00,0x06,0x00,0x10,0x00,0x05,0x00,0x00,0x00,
0x32,0x00,0x00,0x09,0xf2,0x00,0x10,0x00,0x09,0x00,0x00,0x00,0x56,0x05,0x10,0x00,
0x04,0x00,0x00,0x00,0x46,0x0e,0x10,0x00,0x0e,0x00,0x00,0x00,0x46,0x0e,0x10,0x00,
0x09,0x00,0x00,0x00,0x32,0x00,0x00,0x09,0xf2,0x00,0x10,0x00,0x09,0x00,0x00,0x00,
0xa6,0x0a,0x10,0x00,0x04,0x00,0x00,0x00,0x46,0x0e,0x10,0x00,0x10,0x00,0x00,0x00,
0x46,0x0e,0x10,0x00,0x09,0x00,0x00,0x00,0x32,0x00,0x00,0x09,0xf2,0x00,0x10,0x00,
0x09,0x00,0x00,0x00,0x06,0x00,0x10,0x00,0x16,0x00,0x00,0x00,0x46,0x0e,0x10,0x00,
0x13,0x00,0x00,0x00,0x46,0x0e,0x10,0x00,0x09,0x00,0x00,0x00,0x0e,0x00,0x00,0x07,
0xf2,0x00,0x10,0x00,0x09,0x00,0x00,0x00,0x46,0x0e,0x10,0x00,0x09,0x00,0x00,0x00,
0x56,0x05,0x10,0x00,0x03,0x00,0x00,0x00,0x38,0x00,0x00,0x07,0xf2,0x00,0x10,0x00,
0x0a,0x00,0x00,0x00,0x46,0x0e,0x10,0x00,0x15,0x00,0x00,0x00,0x06,0x00,0x10,0x00,
0x05,0x00,0x00,0x00,0x32,0x00,0x00,0x09,0xf2,0x00,0x10,0x00,0x0a,0x00,0x00,0x00,
0x56,0x05,0x10,0x00,0x04,0x00,0x00,0x00,0x46,0x0e,0x10,0x00,0x12,0x00,0x00,0x00,
0x46,0x0e,0x10,0x00,0x0a,0x00,0x00,0x00,0x32,0x00,0x00,0x09,0xf2,0x00,0x10,0x00,
0x0a,0x00,0x00,0x00,0xa6,0x0a,0x10,0x00,0x04,0x00,0x00,0x00,0x46,0x0e,0x10,0x00,
0x14,0x00,0x00,0x00,0x46,0x0e,0x10,0x00,0x0a,0x00,0x00,0x00,0x32,0x00,0x00,0x09,
0xf2,0x00,0x10,0x00,0x06,0x00,0x00,0x00,0x06,0x00,0x10,0x00,0x16,0x00,0x00,0x00,
0x46,0x0e,0x10,0x00,0x06,0x00,0x00,0x00,0x46,0x0e,0x10,0x00,0x0a,0x00,0x00,0x00,
0x0e,0x00,0x00,0x07,0xf2,0x00,0x10,0x00,0x06,0x00,0x00,0x00,0x46,0x0e,0x10,0x00,
0x06,0x00,0x00,0x00,0x56,0x05,0x10,0x00,0x03,0x00,0x00,0x00,0x00,0x00,0x00,0x0b,
0xf2,0x00,0x10,0x00,0x0a,0x00,0x00,0x00,0xf6,0x0f,0x10,0x80,0x41,0x00,0x00,0x00,
0x05,0x00,0x00,0x00,0x02,0x40,0x00,0x00,0x00,0x00,0x80,0x3f,0x00,0x00,0x80,0x3f,
0x00,0x00,0x00,0x40,0x00,0x00,0x00,0x40,0x33,0x00,0x00,0x0b,0xf2,0x00,0x10,0x00,
0x0a,0x00,0x00,0x00,0x46,0x0e,0x10,0x80,0x81,0x00,0x00,0x00,0x0a,0x00,0x00,0x00,
0x02,0x40,0x00,0x00,0x00,0x00,0x00,0x40,0x00,0x00,0x00,0x40,0x00,0x00,0x00,0x40,
0x00,0x00,0x00,0x40,0x31,0x00,0x00,0x0a,0x62,0x00,0x10,0x00,0x04,0x00,0x00,0x00,
0x56,0x07,0x10,0x00,0x0a,0x00,0x00,0x00,0x02,0x40,0x00,0x00,0x00,0x00,0x00,0x00,
0x40,0xda,0x7f,0x38,0x40,0xda,0x7f,0x38,0x00,0x00,0x00,0x00,0x38,0x00,0x00,0x0a,
0xf2,0x00,0x10,0x00,0x0a,0x00,0x00,0x00,0x46,0x0e,0x10,0x00,0x0a,0x00,0x00,0x00,
0x02,0x40,0x00,0x00,0xdb,0x0f,0x49,0x40,0xdb,0x0f,0xc9,0x3f,0xdb,0x0f,0x49,0x40,
0xdb,0x0f,0xc9,0x3f,0x4d,0x00,0x00,0x06,0xf2,0x00,0x10,0x00,0x0c,0x00,0x00,0x00,
0x00,0xd0,0x00,0x00,0x46,0x0e,0x10,0x00,0x0a,0x00,0x00,0x00,0x0e,0x00,0x00,0x07,
0xf2,0x00,0x10,0x00,0x0a,0x00,0x00,0x00,0x46,0x0e,0x10,0x00,0x0c,0x00,0x00,0x00,
0x46,0x0e,0x10,0x00,0x0a,0x00,0x00,0x00,0x38,0x00,0x00,0x07,0x52,0x00,0x10,0x00,
0x05,0x00,0x00,0x00,0x56,0x07,0x10,0x00,0x0a,0x00,0x00,0x00,0x06,0x02,0x10,0x00,
0x0a,0x00,0x00,0x00,0x37,0x00,0x00,0x0c,0x62,0x00,0x10,0x00,0x04,0x00,0x00,0x00,
0x56,0x06,0x10,0x00,0x04,0x00,0x00,0x00,0x02,0x40,0x00,0x00,0x00,0x00,0x00,0x00,
0x00,0x00,0x80,0x3f,0x00,0x00,0x80,0x3f,0x00,0x00,0x00,0x00,0x06,0x02,0x10,0x00,
0x05,0x00,0x00,0x00,0x38,0x00,0x00,0x07,0xf2,0x00,0x10,0x00,0x08,0x00,0x00,0x00,
0x56,0x05,0x10,0x00,0x05,0x00,0x00,0x00,0x46,0x0e,0x10,0x00,0x08,0x00,0x00,0x00,
0x32,0x00,0x00,0x09,0xf2,0x00,0x10,0x00,0x07,0x00,0x00,0x00,0x56,0x05,0x10,0x00,
0x16,0x00,0x00,0x00,0x46,0x0e,0x10,0x00,0x07,0x00,0x00,0x00,0x46,0x0e,0x10,0x00,
0x08,0x00,0x00,0x00,0x32,0x00,0x00,0x09,0xf2,0x00,0x10,0x00,0x07,0x00,0x00,0x00,
0x56,0x05,0x10,0x00,0x04,0x00,0x00,0x00,0x46,0x0e,0x10,0x00,0x09,0x00,0x00,0x00,
0x46,0x0e,0x10,0x00,0x07,0x00,0x00,0x00,0x32,0x00,0x00,0x09,0xf2,0x00,0x10,0x00,
0x06,0x00,0x00,0x00,0xa6,0x0a,0x10,0x00,0x04,0x00,0x00,0x00,0x46,0x0e,0x10,0x00,
0x06,0x00,0x00,0x00,0x46,0x0e,0x10,0x00,0x07,0x00,0x00,0x00,0x00,0x00,0x00,0x07,
0x22,0x00,0x10,0x00,0x03,0x00,0x00,0x00,0x1a,0x00,0x10,0x00,0x05,0x00,0x00,0x00,
0x1a,0x00,0x10,0x00,0x16,0x00,0x00,0x00,0x00,0x00,0x00,0x07,0x22,0x00,0x10,0x00,
0x03,0x00,0x00,0x00,0x1a,0x00,0x10,0x00,0x04,0x00,0x00,0x00,0x1a,0x00,0x10,0x00,
0x03,0x00,0x00,0x00,0x00,0x00,0x00,0x07,0x22,0x00,0x10,0x00,0x03,0x00,0x00,0x00,
0x2a,0x00,0x10,0x00,0x04,0x00,0x00,0x00,0x1a,0x00,0x10,0x00,0x03,0x00,0x00,0x00,
0x0e,0x00,0x00,0x07,0xf2,0x00,0x10,0x00,0x05,0x00,0x00,0x00,0x46,0x0e,0x10,0x00,
0x06,0x00,0x00,0x00,0x56,0x05,0x10,0x00,0x03,0x00,0x00,0x00,0x33,0x00,0x00,0x07,
0xf2,0x00,0x10,0x00,0x06,0x00,0x00,0x00,0x46,0x0e,0x10,0x00,0x0b,0x00,0x00,0x00,
0x46,0x0e,0x10,0x00,0x0d,0x00,0x00,0x00,0x34,0x00,0x00,0x07,0xf2,0x00,0x10,0x00,
0x07,0x00,0x00,0x00,0x46,0x0e,0x10,0x00,0x0b,0x00,0x00,0x00,0x46,0x0e,0x10,0x00,
0x0d,0x00,0x00,0x00,0x33,0x00,0x00,0x07,0xf2,0x00,0x10,0x00,0x06,0x00,0x00,0x00,
0x46,0x0e,0x10,0x00,0x11,0x00,0x00,0x00,0x46,0x0e,0x10,0x00,0x06,0x00,0x00,0x00,
0x34,0x00,0x00,0x07,0xf2,0x00,0x10,0x00,0x07,0x00,0x00,0x00,0x46,0x0e,0x10,0x00,
0x11,0x00,0x00,0x00,0x46,0x0e,0x10,0x00,0x07,0x00,0x00,0x00,0x33,0x00,0x00,0x07,
0xf2,0x00,0x10,0x00,0x06,0x00,0x00,0x00,0x46,0x0e,0x10,0x00,0x10,0x00,0x00,0x00,
0x46,0x0e,0x10,0x00,0x06,0x00,0x00,0x00,0x34,0x00,0x00,0x07,0xf2,0x00,0x10,0x00,
0x07,0x00,0x00,0x00,0x46,0x0e,0x10,0x00,0x10,0x00,0x00,0x00,0x46,0x0e,0x10,0x00,
0x07,0x00,0x00,0x00,0x34,0x00,0x00,0x07,0xf2,0x00,0x10,0x00,0x05,0x00,0x00,0x00,
0x46,0x0e,0x10,0x00,0x05,0x00,0x00,0x00,0x46,0x0e,0x10,0x00,0x06,0x00,0x00,0x00,
0x33,0x00,0x00,0x07,0xf2,0x00,0x10,0x00,0x05,0x00,0x00,0x00,0x36,0x09,0x10,0x00,
0x07,0x00,0x00,0x00,0x36,0x09,0x10,0x00,0x05,0x00,0x00,0x00,0x38,0x00,0x00,0x08,
0xf2,0x00,0x10,0x00,0x06,0x00,0x00,0x00,0x96,0x07,0x10,0x00,0x05,0x00,0x00,0x00,
0x56,0x85,0x20,0x00,0x00,0x00,0x00,0x00,0x07,0x00,0x00,0x00,0x2d,0x00,0x00,0x8c,
0xc2,0x00,0x00,0x80,0x43,0x55,0x15,0x00,0x22,0x00,0x10,0x00,0x03,0x00,0x00,0x00,
0x02,0x40,0x00,0x00,0x00,0x00,0x00,0x00,0x00,0x00,0x00,0x00,0x00,0x00,0x00,0x00,
0x00,0x00,0x00,0x00,0x16,0x7e,0x10,0x00,0x00,0x00,0x00,0x00,0x18,0x00,0x00,0x07,
0x22,0x00,0x10,0x00,0x04,0x00,0x00,0x00,0x1a,0x00,0x10,0x00,0x03,0x00,0x00,0x00,
0x01,0x40,0x00,0x00,0x00,0x00,0x00,0x00,0x37,0x00,0x00,0x09,0x22,0x00,0x10,0x00,
0x03,0x00,0x00,0x00,0x1a,0x00,0x10,0x00,0x04,0x00,0x00,0x00,0x01,0x40,0x00,0x00,
0x00,0x00,0x80,0x3f,0x1a,0x00,0x10,0x00,0x03,0x00,0x00,0x00,0x38,0x00,0x00,0x07,
0xf2,0x00,0x10,0x00,0x06,0x00,0x00,0x00,0x56,0x05,0x10,0x00,0x03,0x00,0x00,0x00,
0x46,0x0e,0x10,0x00,0x06,0x00,0x00,0x00,0x38,0x00,0x00,0x0a,0x62,0x00,0x10,0x00,
0x04,0x00,0x00,0x00,0x06,0x01,0x10,0x00,0x06,0x00,0x00,0x00,0x02,0x40,0x00,0x00,
0x00,0x00,0x00,0x00,0x00,0x00,0x80,0x3e,0x00,0x00,0x00,0x3f,0x00,0x00,0x00,0x00,
0x00,0x00,0x00,0x07,0x22,0x00,0x10,0x00,0x03,0x00,0x00,0x00,0x2a,0x00,0x10,0x00,
0x04,0x00,0x00,0x00,0x1a,0x00,0x10,0x00,0x04,0x00,0x00,0x00,0x32,0x00,0x00,0x09,
0x12,0x00,0x10,0x00,0x07,0x00,0x00,0x00,0x2a,0x00,0x10,0x00,0x06,0x00,0x00,0x00,
0x01,0x40,0x00,0x00,0x00,0x00,0x80,0x3e,0x1a,0x00,0x10,0x00,0x03,0x00,0x00,0x00,
0x38,0x00,0x00,0x07,0x22,0x00,0x10,0x00,0x03,0x00,0x00,0x00,0x2a,0x00,0x10,0x00,
0x06,0x00,0x00,0x00,0x01,0x40,0x00,0x00,0x00,0x00,0x00,0x3f,0x32,0x00,0x00,0x0a,
0x22,0x00,0x10,0x00,0x07,0x00,0x00,0x00,0x3a,0x00,0x10,0x00,0x06,0x00,0x00,0x00,
0x01,0x40,0x00,0x00,0x00,0x00,0x00,0x3f,0x1a,0x00,0x10,0x80,0x41,0x00,0x00,0x00,
0x03,0x00,0x00,0x00,0x32,0x00,0x00,0x09,0x22,0x00,0x10,0x00,0x03,0x00,0x00,0x00,
0x3a,0x00,0x10,0x00,0x06,0x00,0x00,0x00,0x01,0x40,0x00,0x00,0x00,0x00,0x80,0xbe,
0x2a,0x00,0x10,0x00,0x04,0x00,0x00,0x00,0x32,0x00,0x00,0x0a,0x42,0x00,0x10,0x00,
0x07,0x00,0x00,0x00,0x2a,0x00,0x10,0x80,0x41,0x00,0x00,0x00,0x06,0x00,0x00,0x00,
0x01,0x40,0x00,0x00,0x00,0x00,0x80,0x3e,0x1a,0x00,0x10,0x00,0x03,0x00,0x00,0x00,
0x12,0x00,0x00,0x01,0x36,0x00,0x00,0x08,0x72,0x00,0x10,0x00,0x07,0x00,0x00,0x00,
0x02,0x40,0x00,0x00,0x00,0x00,0x00,0x00,0x00,0x00,0x00,0x00,0x00,0x00,0x00,0x00,
0x00,0x00,0x00,0x00,0x36,0x00,0x00,0x05,0x12,0x00,0x10,0x00,0x05,0x00,0x00,0x00,
0x01,0x40,0x00,0x00,0x00,0x00,0x00,0x00,0x15,0x00,0x00,0x01,0x37,0x00,0x00,0x09,
0x42,0x00,0x10,0x00,0x01,0x00,0x00,0x00,0x2a,0x00,0x10,0x00,0x01,0x00,0x00,0x00,
0x01,0x40,0x00,0x00,0x00,0x00,0x00,0x00,0x01,0x40,0x00,0x00,0x00,0x00,0x80,0x3f,
0x34,0x00,0x00,0x07,0x22,0x00,0x10,0x00,0x03,0x00,0x00,0x00,0x1a,0x00,0x10,0x00,
0x02,0x00,0x00,0x00,0x0a,0x00,0x10,0x00,0x02,0x00,0x00,0x00,0x34,0x00,0x00,0x07,
0x22,0x00,0x10,0x00,0x03,0x00,0x00,0x00,0x2a,0x00,0x10,0x00,0x02,0x00,0x00,0x00,
0x1a,0x00,0x10,0x00,0x03,0x00,0x00,0x00,0x00,0x00,0x00,0x07,0x22,0x00,0x10,0x00,
0x04,0x00,0x00,0x00,0x1a,0x00,0x10,0x00,0x03,0x00,0x00,0x00,0x1a,0x00,0x10,0x00,
0x03,0x00,0x00,0x00,0x32,0x00,0x00,0x0a,0x42,0x00,0x10,0x00,0x01,0x00,0x00,0x00,
0x0a,0x00,0x10,0x00,0x05,0x00,0x00,0x00,0x2a,0x00,0x10,0x00,0x01,0x00,0x00,0x00,
0x1a,0x00,0x10,0x80,0x41,0x00,0x00,0x00,0x04,0x00,0x00,0x00,0x34,0x00,0x00,0x07,
0x42,0x00,0x10,0x00,0x01,0x00,0x00,0x00,0x2a,0x00,0x10,0x00,0x01,0x00,0x00,0x00,
0x01,0x40,0x00,0x00,0x00,0x00,0x00,0x00,0x00,0x20,0x00,0x07,0x22,0x00,0x10,0x00,
0x04,0x00,0x00,0x00,0x2a,0x00,0x10,0x00,0x01,0x00,0x00,0x00,0x01,0x40,0x00,0x00,
0x00,0x00,0x80,0xbf,0xa3,0x00,0x00,0x88,0xc2,0x00,0x00,0x80,0x43,0x44,0x04,0x00,
0x42,0x00,0x10,0x00,0x04,0x00,0x00,0x00,0x46,0x05,0x02,0x00,0x96,0xec,0x11,0x00,
0x02,0x00,0x00,0x00,0x00,0x00,0x00,0x0b,0x72,0x00,0x10,0x00,0x05,0x00,0x00,0x00,
0x86,0x01,0x10,0x80,0x41,0x00,0x00,0x00,0x02,0x00,0x00,0x00,0x02,0x40,0x00,0x00,
0x00,0x00,0x80,0x3f,0x00,0x00,0x80,0x3f,0x00,0x00,0x80,0x3f,0x00,0x00,0x00,0x00,
0x32,0x00,0x00,0x09,0x42,0x00,0x10,0x00,0x01,0x00,0x00,0x00,0x2a,0x00,0x10,0x00,
0x04,0x00,0x00,0x00,0x0a,0x00,0x10,0x00,0x05,0x00,0x00,0x00,0x2a,0x00,0x10,0x00,
0x01,0x00,0x00,0x00,0x33,0x00,0x00,0x07,0x42,0x00,0x10,0x00,0x01,0x00,0x00,0x00,
0x2a,0x00,0x10,0x00,0x01,0x00,0x00,0x00,0x01,0x40,0x00,0x00,0x00,0x00,0x00,0x40,
0x0e,0x00,0x00,0x08,0x42,0x00,0x10,0x00,0x04,0x00,0x00,0x00,0x01,0x40,0x00,0x00,
0xcd,0xcc,0xcc,0x3d,0x3a,0x80,0x20,0x00,0x00,0x00,0x00,0x00,0x06,0x00,0x00,0x00,
0x00,0x00,0x00,0x08,0x22,0x00,0x10,0x00,0x03,0x00,0x00,0x00,0x1a,0x00,0x10,0x80,
0x41,0x00,0x00,0x00,0x03,0x00,0x00,0x00,0x01,0x40,0x00,0x00,0x00,0x00,0x80,0x3f,
0x32,0x00,0x00,0x0a,0x42,0x00,0x10,0x00,0x01,0x00,0x00,0x00,0x2a,0x00,0x10,0x80,
0x41,0x00,0x00,0x00,0x04,0x00,0x00,0x00,0x1a,0x00,0x10,0x00,0x03,0x00,0x00,0x00,
0x2a,0x00,0x10,0x00,0x01,0x00,0x00,0x00,0x34,0x00,0x00,0x07,0x42,0x00,0x10,0x00,
0x01,0x00,0x00,0x00,0x2a,0x00,0x10,0x00,0x01,0x00,0x00,0x00,0x01,0x40,0x00,0x00,
0x00,0x00,0x00,0x00,0x00,0x00,0x00,0x08,0xc2,0x00,0x10,0x00,0x00,0x00,0x00,0x00,
0xa6,0x0e,0x10,0x00,0x00,0x00,0x00,0x00,0xa6,0x0e,0x10,0x80,0x41,0x00,0x00,0x00,
0x03,0x00,0x00,0x00,0x1d,0x00,0x00,0x0a,0x62,0x00,0x10,0x00,0x03,0x00,0x00,0x00,
0xa6,0x0b,0x10,0x00,0x00,0x00,0x00,0x00,0x02,0x40,0x00,0x00,0x00,0x00,0x00,0x00,
0x00,0x00,0x00,0x00,0x00,0x00,0x00,0x00,0x00,0x00,0x00,0x00,0x1d,0x00,0x00,0x0a,
0xc2,0x00,0x10,0x00,0x00,0x00,0x00,0x00,0x02,0x40,0x00,0x00,0x00,0x00,0x00,0x00,
0x00,0x00,0x00,0x00,0x00,0x00,0x80,0x3f,0x00,0x00,0x80,0x3f,0xa6,0x0e,0x10,0x00,
0x00,0x00,0x00,0x00,0x01,0x00,0x00,0x07,0xc2,0x00,0x10,0x00,0x00,0x00,0x00,0x00,
0xa6,0x0e,0x10,0x00,0x00,0x00,0x00,0x00,0x56,0x09,0x10,0x00,0x03,0x00,0x00,0x00,
0x01,0x00,0x00,0x07,0x42,0x00,0x10,0x00,0x00,0x00,0x00,0x00,0x3a,0x00,0x10,0x00,
0x00,0x00,0x00,0x00,0x2a,0x00,0x10,0x00,0x00,0x00,0x00,0x00,0x01,0x00,0x00,0x07,
0x42,0x00,0x10,0x00,0x00,0x00,0x00,0x00,0x2a,0x00,0x10,0x00,0x00,0x00,0x00,0x00,
0x01,0x40,0x00,0x00,0x00,0x00,0x80,0x3f,0x38,0x00,0x00,0x07,0x82,0x00,0x10,0x00,
0x06,0x00,0x00,0x00,0x2a,0x00,0x10,0x00,0x00,0x00,0x00,0x00,0x2a,0x00,0x10,0x00,
0x01,0x00,0x00,0x00,0x0f,0x20,0x00,0x08,0x42,0x00,0x10,0x00,0x00,0x00,0x00,0x00,
0x06,0x00,0x10,0x00,0x04,0x00,0x00,0x00,0x06,0x80,0x20,0x00,0x00,0x00,0x00,0x00,
0x08,0x00,0x00,0x00,0x32,0x00,0x00,0x0d,0xc2,0x00,0x10,0x00,0x01,0x00,0x00,0x00,
0xf6,0x0f,0x10,0x80,0x41,0x00,0x00,0x00,0x02,0x00,0x00,0x00,0xf6,0x0f,0x10,0x00,
0x01,0x00,0x00,0x00,0x02,0x40,0x00,0x00,0x00,0x00,0x00,0x00,0x00,0x00,0x00,0x00,
0x9a,0x99,0x19,0x3e,0x00,0x00,0x80,0x3f,0x32,0x00,0x00,0x09,0x42,0x00,0x10,0x00,
0x00,0x00,0x00,0x00,0x2a,0x00,0x10,0x00,0x00,0x00,0x00,0x00,0x2a,0x00,0x10,0x00,
0x01,0x00,0x00,0x00,0x0a,0x00,0x10,0x00,0x03,0x00,0x00,0x00,0x33,0x00,0x00,0x07,
0x22,0x00,0x10,0x00,0x08,0x00,0x00,0x00,0x2a,0x00,0x10,0x00,0x00,0x00,0x00,0x00,
0x0a,0x00,0x10,0x00,0x03,0x00,0x00,0x00,0x38,0x00,0x00,0x08,0xc2,0x00,0x10,0x00,
0x00,0x00,0x00,0x00,0x06,0x04,0x10,0x00,0x00,0x00,0x00,0x00,0xa6,0x8e,0x20,0x00,
0x00,0x00,0x00,0x00,0x05,0x00,0x00,0x00,0x41,0x00,0x00,0x05,0x62,0x00,0x10,0x00,
0x03,0x00,0x00,0x00,0xa6,0x0b,0x10,0x00,0x00,0x00,0x00,0x00,0x1b,0x00,0x00,0x05,
0xc2,0x00,0x10,0x00,0x04,0x00,0x00,0x00,0x56,0x09,0x10,0x00,0x03,0x00,0x00,0x00,
0x00,0x00,0x00,0x0a,0x62,0x00,0x10,0x00,0x03,0x00,0x00,0x00,0x56,0x06,0x10,0x00,
0x03,0x00,0x00,0x00,0x02,0x40,0x00,0x00,0x00,0x00,0x00,0x00,0x00,0x00,0x00,0x3f,
0x00,0x00,0x00,0x3f,0x00,0x00,0x00,0x00,0x00,0x00,0x00,0x09,0x62,0x00,0x10,0x00,
0x03,0x00,0x00,0x00,0x56,0x06,0x10,0x00,0x03,0x00,0x00,0x00,0x06,0x81,0x20,0x80,
0x41,0x00,0x00,0x00,0x00,0x00,0x00,0x00,0x04,0x00,0x00,0x00,0x32,0x00,0x00,0x0b,
0x32,0x00,0x10,0x00,0x00,0x00,0x00,0x00,0x46,0x00,0x10,0x80,0x41,0x00,0x00,0x00,
0x00,0x00,0x00,0x00,0xe6,0x8a,0x20,0x00,0x00,0x00,0x00,0x00,0x05,0x00,0x00,0x00,
0x96,0x05,0x10,0x00,0x03,0x00,0x00,0x00,0x31,0x00,0x00,0x07,0xc2,0x00,0x10,0x00,
0x00,0x00,0x00,0x00,0xa6,0x0e,0x10,0x00,0x00,0x00,0x00,0x00,0x56,0x09,0x10,0x00,
0x03,0x00,0x00,0x00,0x37,0x00,0x00,0x0f,0xf2,0x00,0x10,0x00,0x09,0x00,0x00,0x00,
0xe6,0x0a,0x10,0x00,0x00,0x00,0x00,0x00,0x02,0x40,0x00,0x00,0xfe,0xff,0xff,0xff,
0xfe,0xff,0xff,0xff,0x02,0x00,0x00,0x00,0x01,0x00,0x00,0x00,0x02,0x40,0x00,0x00,
0xff,0xff,0xff,0xff,0xff,0xff,0xff,0xff,0x01,0x00,0x00,0x00,0x02,0x00,0x00,0x00,
0x2b,0x00,0x00,0x05,0x62,0x00,0x10,0x00,0x03,0x00,0x00,0x00,0x06,0x01,0x10,0x00,
0x09,0x00,0x00,0x00,0x18,0x00,0x00,0x07,0x42,0x00,0x10,0x00,0x01,0x00,0x00,0x00,
0x0a,0x00,0x10,0x00,0x03,0x00,0x00,0x00,0x01,0x40,0x00,0x00,0x00,0x00,0x00,0x00,
0x01,0x00,0x00,0x0a,0x32,0x00,0x10,0x00,0x0a,0x00,0x00,0x00,0xe6,0x0a,0x10,0x00,
0x00,0x00,0x00,0x00,0x02,0x40,0x00,0x00,0x03,0x00,0x00,0x00,0x03,0x00,0x00,0x00,
0x00,0x00,0x00,0x00,0x00,0x00,0x00,0x00,0x1e,0x00,0x00,0x07,0xc2,0x00,0x10,0x00,
0x04,0x00,0x00,0x00,0xa6,0x0e,0x10,0x00,0x04,0x00,0x00,0x00,0x06,0x04,0x10,0x00,
0x09,0x00,0x00,0x00,0x1e,0x00,0x00,0x07,0x92,0x00,0x10,0x00,0x05,0x00,0x00,0x00,
0x06,0x04,0x10,0x00,0x0a,0x00,0x00,0x00,0xa6,0x0e,0x10,0x00,0x04,0x00,0x00,0x00,
0x1e,0x00,0x00,0x0b,0xc2,0x00,0x10,0x00,0x08,0x00,0x00,0x00,0x06,0x84,0x20,0x00,
0x00,0x00,0x00,0x00,0x00,0x00,0x00,0x00,0x02,0x40,0x00,0x00,0x00,0x00,0x00,0x00,
0x00,0x00,0x00,0x00,0xff,0xff,0xff,0xff,0xff,0xff,0xff,0xff,0x25,0x00,0x00,0x07,
0x32,0x00,0x10,0x00,0x09,0x00,0x00,0x00,0xc6,0x00,0x10,0x00,0x05,0x00,0x00,0x00,
0xe6,0x0a,0x10,0x00,0x08,0x00,0x00,0x00,0x24,0x00,0x00,0x0a,0x32,0x00,0x10,0x00,
0x0b,0x00,0x00,0x00,0x46,0x00,0x10,0x00,0x09,0x00,0x00,0x00,0x02,0x40,0x00,0x00,
0x00,0x00,0x00,0x00,0x00,0x00,0x00,0x00,0x00,0x00,0x00,0x00,0x00,0x00,0x00,0x00,
0x36,0x00,0x00,0x08,0xc2,0x00,0x10,0x00,0x0b,0x00,0x00,0x00,0x02,0x40,0x00,0x00,
0x00,0x00,0x00,0x00,0x00,0x00,0x00,0x00,0x00,0x00,0x00,0x00,0x00,0x00,0x00,0x00,
0x2d,0x00,0x00,0x89,0xc2,0x00,0x00,0x80,0x43,0x55,0x15,0x00,0x72,0x00,0x10,0x00,
0x0b,0x00,0x00,0x00,0x46,0x0e,0x10,0x00,0x0b,0x00,0x00,0x00,0x46,0x7e,0x10,0x00,
0x08,0x00,0x00,0x00,0x34,0x00,0x00,0x0a,0xf2,0x00,0x10,0x00,0x0b,0x00,0x00,0x00,
0x46,0x02,0x10,0x00,0x0b,0x00,0x00,0x00,0x02,0x40,0x00,0x00,0x00,0x00,0x00,0x00,
0x00,0x00,0x00,0x00,0x00,0x00,0x00,0x00,0x00,0x00,0x00,0x00,0x2d,0x00,0x00,0x8c,
0xc2,0x00,0x00,0x80,0x43,0x55,0x15,0x00,0x42,0x00,0x10,0x00,0x00,0x00,0x00,0x00,
0x02,0x40,0x00,0x00,0x00,0x00,0x00,0x00,0x00,0x00,0x00,0x00,0x00,0x00,0x00,0x00,
0x00,0x00,0x00,0x00,0x96,0x7c,0x10,0x00,0x00,0x00,0x00,0x00,0x18,0x00,0x00,0x07,
0x82,0x00,0x10,0x00,0x02,0x00,0x00,0x00,0x2a,0x00,0x10,0x00,0x00,0x00,0x00,0x00,
0x01,0x40,0x00,0x00,0x00,0x00,0x00,0x00,0x37,0x00,0x00,0x09,0x42,0x00,0x10,0x00,
0x00,0x00,0x00,0x00,0x3a,0x00,0x10,0x00,0x02,0x00,0x00,0x00,0x01,0x40,0x00,0x00,
0x00,0x00,0x80,0x3f,0x2a,0x00,0x10,0x00,0x00,0x00,0x00,0x00,0x38,0x00,0x00,0x07,
0xf2,0x00,0x10,0x00,0x0b,0x00,0x00,0x00,0xa6,0x0a,0x10,0x00,0x00,0x00,0x00,0x00,
0x46,0x0e,0x10,0x00,0x0b,0x00,0x00,0x00,0x38,0x00,0x00,0x0a,0x32,0x00,0x10,0x00,
0x09,0x00,0x00,0x00,0x46,0x00,0x10,0x00,0x0b,0x00,0x00,0x00,0x02,0x40,0x00,0x00,
0x00,0x00,0x80,0x3e,0x00,0x00,0x00,0x3f,0x00,0x00,0x00,0x00,0x00,0x00,0x00,0x00,
0x00,0x00,0x00,0x07,0x82,0x00,0x10,0x00,0x02,0x00,0x00,0x00,0x1a,0x00,0x10,0x00,
0x09,0x00,0x00,0x00,0x0a,0x00,0x10,0x00,0x09,0x00,0x00,0x00,0x32,0x00,0x00,0x09,
0x12,0x00,0x10,0x00,0x0c,0x00,0x00,0x00,0x2a,0x00,0x10,0x00,0x0b,0x00,0x00,0x00,
0x01,0x40,0x00,0x00,0x00,0x00,0x80,0x3e,0x3a,0x00,0x10,0x00,0x02,0x00,0x00,0x00,
0x38,0x00,0x00,0x07,0x82,0x00,0x10,0x00,0x02,0x00,0x00,0x00,0x2a,0x00,0x10,0x00,
0x0b,0x00,0x00,0x00,0x01,0x40,0x00,0x00,0x00,0x00,0x00,0x3f,0x32,0x00,0x00,0x0a,
0x22,0x00,0x10,0x00,0x0c,0x00,0x00,0x00,0x3a,0x00,0x10,0x00,0x0b,0x00,0x00,0x00,
0x01,0x40,0x00,0x00,0x00,0x00,0x00,0x3f,0x3a,0x00,0x10,0x80,0x41,0x00,0x00,0x00,
0x02,0x00,0x00,0x00,0x32,0x00,0x00,0x09,0x82,0x00,0x10,0x00,0x02,0x00,0x00,0x00,
0x3a,0x00,0x10,0x00,0x0b,0x00,0x00,0x00,0x01,0x40,0x00,0x00,0x00,0x00,0x80,0xbe,
0x1a,0x00,0x10,0x00,0x09,0x00,0x00,0x00,0x32,0x00,0x00,0x0a,0x42,0x00,0x10,0x00,
0x0c,0x00,0x00,0x00,0x2a,0x00,0x10,0x80,0x41,0x00,0x00,0x00,0x0b,0x00,0x00,0x00,
0x01,0x40,0x00,0x00,0x00,0x00,0x80,0x3e,0x3a,0x00,0x10,0x00,0x02,0x00,0x00,0x00,
0x36,0x00,0x00,0x05,0xc2,0x00,0x10,0x00,0x0a,0x00,0x00,0x00,0xa6,0x0e,0x10,0x00,
0x09,0x00,0x00,0x00,0x1e,0x00,0x00,0x07,0xf2,0x00,0x10,0x00,0x09,0x00,0x00,0x00,
0x66,0x07,0x10,0x00,0x0a,0x00,0x00,0x00,0xe6,0x0e,0x10,0x00,0x04,0x00,0x00,0x00,
0x25,0x00,0x00,0x07,0xf2,0x00,0x10,0x00,0x0b,0x00,0x00,0x00,0xe6,0x0e,0x10,0x00,
0x08,0x00,0x00,0x00,0x46,0x0e,0x10,0x00,0x09,0x00,0x00,0x00,0x24,0x00,0x00,0x0a,
0x32,0x00,0x10,0x00,0x0d,0x00,0x00,0x00,0x46,0x00,0x10,0x00,0x0b,0x00,0x00,0x00,
0x02,0x40,0x00,0x00,0x00,0x00,0x00,0x00,0x00,0x00,0x00,0x00,0x00,0x00,0x00,0x00,
0x00,0x00,0x00,0x00,0x36,0x00,0x00,0x08,0xc2,0x00,0x10,0x00,0x0d,0x00,0x00,0x00,
0x02,0x40,0x00,0x00,0x00,0x00,0x00,0x00,0x00,0x00,0x00,0x00,0x00,0x00,0x00,0x00,
0x00,0x00,0x00,0x00,0x2d,0x00,0x00,0x89,0xc2,0x00,0x00,0x80,0x43,0x55,0x15,0x00,
0x72,0x00,0x10,0x00,0x0d,0x00,0x00,0x00,0x46,0x0e,0x10,0x00,0x0d,0x00,0x00,0x00,
0x46,0x7e,0x10,0x00,0x08,0x00,0x00,0x00,0x34,0x00,0x00,0x0a,0xf2,0x00,0x10,0x00,
0x0d,0x00,0x00,0x00,0x46,0x02,0x10,0x00,0x0d,0x00,0x00,0x00,0x02,0x40,0x00,0x00,
0x00,0x00,0x00,0x00,0x00,0x00,0x00,0x00,0x00,0x00,0x00,0x00,0x00,0x00,0x00,0x00,
0x38,0x00,0x00,0x07,0xf2,0x00,0x10,0x00,0x0d,0x00,0x00,0x00,0xa6,0x0a,0x10,0x00,
0x00,0x00,0x00,0x00,0x46,0x0e,0x10,0x00,0x0d,0x00,0x00,0x00,0x38,0x00,0x00,0x0a,
0x32,0x00,0x10,0x00,0x0b,0x00,0x00,0x00,0x46,0x00,0x10,0x00,0x0d,0x00,0x00,0x00,
0x02,0x40,0x00,0x00,0x00,0x00,0x80,0x3e,0x00,0x00,0x00,0x3f,0x00,0x00,0x00,0x00,
0x00,0x00,0x00,0x00,0x00,0x00,0x00,0x07,0x82,0x00,0x10,0x00,0x02,0x00,0x00,0x00,
0x1a,0x00,0x10,0x00,0x0b,0x00,0x00,0x00,0x0a,0x00,0x10,0x00,0x0b,0x00,0x00,0x00,
0x32,0x00,0x00,0x09,0x12,0x00,0x10,0x00,0x0e,0x00,0x00,0x00,0x2a,0x00,0x10,0x00,
0x0d,0x00,0x00,0x00,0x01,0x40,0x00,0x00,0x00,0x00,0x80,0x3e,0x3a,0x00,0x10,0x00,
0x02,0x00,0x00,0x00,0x38,0x00,0x00,0x07,0x82,0x00,0x10,0x00,0x02,0x00,0x00,0x00,
0x2a,0x00,0x10,0x00,0x0d,0x00,0x00,0x00,0x01,0x40,0x00,0x00,0x00,0x00,0x00,0x3f,
0x32,0x00,0x00,0x0a,0x22,0x00,0x10,0x00,0x0e,0x00,0x00,0x00,0x3a,0x00,0x10,0x00,
0x0d,0x00,0x00,0x00,0x01,0x40,0x00,0x00,0x00,0x00,0x00,0x3f,0x3a,0x00,0x10,0x80,
0x41,0x00,0x00,0x00,0x02,0x00,0x00,0x00,0x32,0x00,0x00,0x09,0x82,0x00,0x10,0x00,
0x02,0x00,0x00,0x00,0x3a,0x00,0x10,0x00,0x0d,0x00,0x00,0x00,0x01,0x40,0x00,0x00,
0x00,0x00,0x80,0xbe,0x1a,0x00,0x10,0x00,0x0b,0x00,0x00,0x00,0x32,0x00,0x00,0x0a,
0x42,0x00,0x10,0x00,0x0e,0x00,0x00,0x00,0x2a,0x00,0x10,0x80,0x41,0x00,0x00,0x00,
0x0d,0x00,0x00,0x00,0x01,0x40,0x00,0x00,0x00,0x00,0x80,0x3e,0x3a,0x00,0x10,0x00,
0x02,0x00,0x00,0x00,0x24,0x00,0x00,0x0a,0x32,0x00,0x10,0x00,0x0b,0x00,0x00,0x00,
0xe6,0x0a,0x10,0x00,0x0b,0x00,0x00,0x00,0x02,0x40,0x00,0x00,0x00,0x00,0x00,0x00,
0x00,0x00,0x00,0x00,0x00,0x00,0x00,0x00,0x00,0x00,0x00,0x00,0x36,0x00,0x00,0x08,
0xc2,0x00,0x10,0x00,0x0b,0x00,0x00,0x00,0x02,0x40,0x00,0x00,0x00,0x00,0x00,0x00,
0x00,0x00,0x00,0x00,0x00,0x00,0x00,0x00,0x00,0x00,0x00,0x00,0x2d,0x00,0x00,0x89,
0xc2,0x00,0x00,0x80,0x43,0x55,0x15,0x00,0x72,0x00,0x10,0x00,0x0b,0x00,0x00,0x00,
0x46,0x0e,0x10,0x00,0x0b,0x00,0x00,0x00,0x46,0x7e,0x10,0x00,0x08,0x00,0x00,0x00,
0x34,0x00,0x00,0x0a,0xf2,0x00,0x10,0x00,0x0b,0x00,0x00,0x00,0x46,0x02,0x10,0x00,
0x0b,0x00,0x00,0x00,0x02,0x40,0x00,0x00,0x00,0x00,0x00,0x00,0x00,0x00,0x00,0x00,
0x00,0x00,0x00,0x00,0x00,0x00,0x00,0x00,0x38,0x00,0x00,0x07,0xf2,0x00,0x10,0x00,
0x0b,0x00,0x00,0x00,0xa6,0x0a,0x10,0x00,0x00,0x00,0x00,0x00,0x46,0x0e,0x10,0x00,
0x0b,0x00,0x00,0x00,0x38,0x00,0x00,0x0a,0x32,0x00,0x10,0x00,0x0b,0x00,0x00,0x00,
0x46,0x00,0x10,0x00,0x0b,0x00,0x00,0x00,0x02,0x40,0x00,0x00,0x00,0x00,0x80,0x3e,
0x00,0x00,0x00,0x3f,0x00,0x00,0x00,0x00,0x00,0x00,0x00,0x00,0x00,0x00,0x00,0x07,
0x82,0x00,0x10,0x00,0x02,0x00,0x00,0x00,0x1a,0x00,0x10,0x00,0x0b,0x00,0x00,0x00,
0x0a,0x00,0x10,0x00,0x0b,0x00,0x00,0x00,0x32,0x00,0x00,0x09,0x12,0x00,0x10,0x00,
0x0d,0x00,0x00,0x00,0x2a,0x00,0x10,0x00,0x0b,0x00,0x00,0x00,0x01,0x40,0x00,0x00,
0x00,0x00,0x80,0x3e,0x3a,0x00,0x10,0x00,0x02,0x00,0x00,0x00,0x38,0x00,0x00,0x07,
0x82,0x00,0x10,0x00,0x02,0x00,0x00,0x00,0x2a,0x00,0x10,0x00,0x0b,0x00,0x00,0x00,
0x01,0x40,0x00,0x00,0x00,0x00,0x00,0x3f,0x32,0x00,0x00,0x0a,0x22,0x00,0x10,0x00,
0x0d,0x00,0x00,0x00,0x3a,0x00,0x10,0x00,0x0b,0x00,0x00,0x00,0x01,0x40,0x00,0x00,
0x00,0x00,0x00,0x3f,0x3a,0x00,0x10,0x80,0x41,0x00,0x00,0x00,0x02,0x00,0x00,0x00,
0x32,0x00,0x00,0x09,0x82,0x00,0x10,0x00,0x02,0x00,0x00,0x00,0x3a,0x00,0x10,0x00,
0x0b,0x00,0x00,0x00,0x01,0x40,0x00,0x00,0x00,0x00,0x80,0xbe,0x1a,0x00,0x10,0x00,
0x0b,0x00,0x00,0x00,0x32,0x00,0x00,0x0a,0x42,0x00,0x10,0x00,0x0d,0x00,0x00,0x00,
0x2a,0x00,0x10,0x80,0x41,0x00,0x00,0x00,0x0b,0x00,0x00,0x00,0x01,0x40,0x00,0x00,
0x00,0x00,0x80,0x3e,0x3a,0x00,0x10,0x00,0x02,0x00,0x00,0x00,0x37,0x00,0x00,0x0f,
0x32,0x00,0x10,0x00,0x0b,0x00,0x00,0x00,0xf6,0x0f,0x10,0x00,0x00,0x00,0x00,0x00,
0x02,0x40,0x00,0x00,0x02,0x00,0x00,0x00,0x01,0x00,0x00,0x00,0x00,0x00,0x00,0x00,
0x00,0x00,0x00,0x00,0x02,0x40,0x00,0x00,0x01,0x00,0x00,0x00,0x02,0x00,0x00,0x00,
0x00,0x00,0x00,0x00,0x00,0x00,0x00,0x00,0x36,0x00,0x00,0x05,0xc2,0x00,0x10,0x00,
0x0b,0x00,0x00,0x00,0x06,0x08,0x10,0x00,0x0a,0x00,0x00,0x00,0x1e,0x00,0x00,0x07,
0xf2,0x00,0x10,0x00,0x0f,0x00,0x00,0x00,0xe6,0x0e,0x10,0x00,0x04,0x00,0x00,0x00,
0x26,0x03,0x10,0x00,0x0b,0x00,0x00,0x00,0x25,0x00,0x00,0x07,0xf2,0x00,0x10,0x00,
0x10,0x00,0x00,0x00,0xe6,0x0e,0x10,0x00,0x08,0x00,0x00,0x00,0x46,0x0e,0x10,0x00,
0x0f,0x00,0x00,0x00,0x24,0x00,0x00,0x0a,0x32,0x00,0x10,0x00,0x11,0x00,0x00,0x00,
0x46,0x00,0x10,0x00,0x10,0x00,0x00,0x00,0x02,0x40,0x00,0x00,0x00,0x00,0x00,0x00,
0x00,0x00,0x00,0x00,0x00,0x00,0x00,0x00,0x00,0x00,0x00,0x00,0x36,0x00,0x00,0x08,
0xc2,0x00,0x10,0x00,0x11,0x00,0x00,0x00,0x02,0x40,0x00,0x00,0x00,0x00,0x00,0x00,
0x00,0x00,0x00,0x00,0x00,0x00,0x00,0x00,0x00,0x00,0x00,0x00,0x2d,0x00,0x00,0x89,
0xc2,0x00,0x00,0x80,0x43,0x55,0x15,0x00,0x72,0x00,0x10,0x00,0x11,0x00,0x00,0x00,
0x46,0x0e,0x10,0x00,0x11,0x00,0x00,0x00,0x46,0x7e,0x10,0x00,0x08,0x00,0x00,0x00,
0x34,0x00,0x00,0x0a,0xf2,0x00,0x10,0x00,0x11,0x00,0x00,0x00,0x46,0x02,0x10,0x00,
0x11,0x00,0x00,0x00,0x02,0x40,0x00,0x00,0x00,0x00,0x00,0x00,0x00,0x00,0x00,0x00,
0x00,0x00,0x00,0x00,0x00,0x00,0x00,0x00,0x38,0x00,0x00,0x07,0xf2,0x00,0x10,0x00,
0x11,0x00,0x00,0x00,0xa6,0x0a,0x10,0x00,0x00,0x00,0x00,0x00,0x46,0x0e,0x10,0x00,
0x11,0x00,0x00,0x00,0x38,0x00,0x00,0x0a,0x32,0x00,0x10,0x00,0x10,0x00,0x00,0x00,
0x46,0x00,0x10,0x00,0x11,0x00,0x00,0x00,0x02,0x40,0x00,0x00,0x00,0x00,0x80,0x3e,
0x00,0x00,0x00,0x3f,0x00,0x00,0x00,0x00,0x00,0x00,0x00,0x00,0x00,0x00,0x00,0x07,
0x82,0x00,0x10,0x00,0x00,0x00,0x00,0x00,0x1a,0x00,0x10,0x00,0x10,0x00,0x00,0x00,
0x0a,0x00,0x10,0x00,0x10,0x00,0x00,0x00,0x32,0x00,0x00,0x09,0x12,0x00,0x10,0x00,
0x12,0x00,0x00,0x00,0x2a,0x00,0x10,0x00,0x11,0x00,0x00,0x00,0x01,0x40,0x00,0x00,
0x00,0x00,0x80,0x3e,0x3a,0x00,0x10,0x00,0x00,0x00,0x00,0x00,0x38,0x00,0x00,0x07,
0x82,0x00,0x10,0x00,0x00,0x00,0x00,0x00,0x2a,0x00,0x10,0x00,0x11,0x00,0x00,0x00,
0x01,0x40,0x00,0x00,0x00,0x00,0x00,0x3f,0x32,0x00,0x00,0x0a,0x22,0x00,0x10,0x00,
0x12,0x00,0x00,0x00,0x3a,0x00,0x10,0x00,0x11,0x00,0x00,0x00,0x01,0x40,0x00,0x00,
0x00,0x00,0x00,0x3f,0x3a,0x00,0x10,0x80,0x41,0x00,0x00,0x00,0x00,0x00,0x00,0x00,
0x32,0x00,0x00,0x09,0x82,0x00,0x10,0x00,0x00,0x00,0x00,0x00,0x3a,0x00,0x10,0x00,
0x11,0x00,0x00,0x00,0x01,0x40,0x00,0x00,0x00,0x00,0x80,0xbe,0x1a,0x00,0x10,0x00,
0x10,0x00,0x00,0x00,0x32,0x00,0x00,0x0a,0x42,0x00,0x10,0x00,0x12,0x00,0x00,0x00,
0x2a,0x00,0x10,0x80,0x41,0x00,0x00,0x00,0x11,0x00,0x00,0x00,0x01,0x40,0x00,0x00,
0x00,0x00,0x80,0x3e,0x3a,0x00,0x10,0x00,0x00,0x00,0x00,0x00,0x24,0x00,0x00,0x0a,
0x32,0x00,0x10,0x00,0x10,0x00,0x00,0x00,0xe6,0x0a,0x10,0x00,0x10,0x00,0x00,0x00,
0x02,0x40,0x00,0x00,0x00,0x00,0x00,0x00,0x00,0x00,0x00,0x00,0x00,0x00,0x00,0x00,
0x00,0x00,0x00,0x00,0x36,0x00,0x00,0x08,0xc2,0x00,0x10,0x00,0x10,0x00,0x00,0x00,
0x02,0x40,0x00,0x00,0x00,0x00,0x00,0x00,0x00,0x00,0x00,0x00,0x00,0x00,0x00,0x00,
0x00,0x00,0x00,0x00,0x2d,0x00,0x00,0x89,0xc2,0x00,0x00,0x80,0x43,0x55,0x15,0x00,
0x72,0x00,0x10,0x00,0x10,0x00,0x00,0x00,0x46,0x0e,0x10,0x00,0x10,0x00,0x00,0x00,
0x46,0x7e,0x10,0x00,0x08,0x00,0x00,0x00,0x34,0x00,0x00,0x0a,0xf2,0x00,0x10,0x00,
0x10,0x00,0x00,0x00,0x46,0x02,0x10,0x00,0x10,0x00,0x00,0x00,0x02,0x40,0x00,0x00,
0x00,0x00,0x00,0x00,0x00,0x00,0x00,0x00,0x00,0x00,0x00,0x00,0x00,0x00,0x00,0x00,
0x38,0x00,0x00,0x07,0xf2,0x00,0x10,0x00,0x10,0x00,0x00,0x00,0xa6,0x0a,0x10,0x00,
0x00,0x00,0x00,0x00,0x46,0x0e,0x10,0x00,0x10,0x00,0x00,0x00,0x38,0x00,0x00,0x0a,
0x32,0x00,0x10,0x00,0x10,0x00,0x00,0x00,0x46,0x00,0x10,0x00,0x10,0x00,0x00,0x00,
0x02,0x40,0x00,0x00,0x00,0x00,0x80,0x3e,0x00,0x00,0x00,0x3f,0x00,0x00,0x00,0x00,
0x00,0x00,0x00,0x00,0x00,0x00,0x00,0x07,0x82,0x00,0x10,0x00,0x00,0x00,0x00,0x00,
0x1a,0x00,0x10,0x00,0x10,0x00,0x00,0x00,0x0a,0x00,0x10,0x00,0x10,0x00,0x00,0x00,
0x32,0x00,0x00,0x09,0x12,0x00,0x10,0x00,0x11,0x00,0x00,0x00,0x2a,0x00,0x10,0x00,
0x10,0x00,0x00,0x00,0x01,0x40,0x00,0x00,0x00,0x00,0x80,0x3e,0x3a,0x00,0x10,0x00,
0x00,0x00,0x00,0x00,0x38,0x00,0x00,0x07,0x82,0x00,0x10,0x00,0x00,0x00,0x00,0x00,
0x2a,0x00,0x10,0x00,0x10,0x00,0x00,0x00,0x01,0x40,0x00,0x00,0x00,0x00,0x00,0x3f,
0x32,0x00,0x00,0x0a,0x22,0x00,0x10,0x00,0x11,0x00,0x00,0x00,0x3a,0x00,0x10,0x00,
0x10,0x00,0x00,0x00,0x01,0x40,0x00,0x00,0x00,0x00,0x00,0x3f,0x3a,0x00,0x10,0x80,
0x41,0x00,0x00,0x00,0x00,0x00,0x00,0x00,0x32,0x00,0x00,0x09,0x82,0x00,0x10,0x00,
0x00,0x00,0x00,0x00,0x3a,0x00,0x10,0x00,0x10,0x00,0x00,0x00,0x01,0x40,0x00,0x00,
0x00,0x00,0x80,0xbe,0x1a,0x00,0x10,0x00,0x10,0x00,0x00,0x00,0x32,0x00,0x00,0x0a,
0x42,0x00,0x10,0x00,0x11,0x00,0x00,0x00,0x2a,0x00,0x10,0x80,0x41,0x00,0x00,0x00,
0x10,0x00,0x00,0x00,0x01,0x40,0x00,0x00,0x00,0x00,0x80,0x3e,0x3a,0x00,0x10,0x00,
0x00,0x00,0x00,0x00,0x36,0x00,0x00,0x05,0x12,0x00,0x10,0x00,0x10,0x00,0x00,0x00,
0x3a,0x00,0x10,0x00,0x0a,0x00,0x00,0x00,0x36,0x00,0x00,0x05,0x62,0x00,0x10,0x00,
0x10,0x00,0x00,0x00,0x06,0x01,0x10,0x00,0x0b,0x00,0x00,0x00,0x1e,0x00,0x00,0x07,
0xf2,0x00,0x10,0x00,0x13,0x00,0x00,0x00,0xe6,0x0e,0x10,0x00,0x04,0x00,0x00,0x00,
0x46,0x08,0x10,0x00,0x10,0x00,0x00,0x00,0x25,0x00,0x00,0x07,0xf2,0x00,0x10,0x00,
0x14,0x00,0x00,0x00,0xe6,0x0e,0x10,0x00,0x08,0x00,0x00,0x00,0x46,0x0e,0x10,0x00,
0x13,0x00,0x00,0x00,0x24,0x00,0x00,0x0a,0x32,0x00,0x10,0x00,0x15,0x00,0x00,0x00,
0x46,0x00,0x10,0x00,0x14,0x00,0x00,0x00,0x02,0x40,0x00,0x00,0x00,0x00,0x00,0x00,
0x00,0x00,0x00,0x00,0x00,0x00,0x00,0x00,0x00,0x00,0x00,0x00,0x36,0x00,0x00,0x08,
0xc2,0x00,0x10,0x00,0x15,0x00,0x00,0x00,0x02,0x40,0x00,0x00,0x00,0x00,0x00,0x00,
0x00,0x00,0x00,0x00,0x00,0x00,0x00,0x00,0x00,0x00,0x00,0x00,0x2d,0x00,0x00,0x89,
0xc2,0x00,0x00,0x80,0x43,0x55,0x15,0x00,0x72,0x00,0x10,0x00,0x15,0x00,0x00,0x00,
0x46,0x0e,0x10,0x00,0x15,0x00,0x00,0x00,0x46,0x7e,0x10,0x00,0x08,0x00,0x00,0x00,
0x34,0x00,0x00,0x0a,0xf2,0x00,0x10,0x00,0x15,0x00,0x00,0x00,0x46,0x02,0x10,0x00,
0x15,0x00,0x00,0x00,0x02,0x40,0x00,0x00,0x00,0x00,0x00,0x00,0x00,0x00,0x00,0x00,
0x00,0x00,0x00,0x00,0x00,0x00,0x00,0x00,0x38,0x00,0x00,0x07,0xf2,0x00,0x10,0x00,
0x15,0x00,0x00,0x00,0xa6,0x0a,0x10,0x00,0x00,0x00,0x00,0x00,0x46,0x0e,0x10,0x00,
0x15,0x00,0x00,0x00,0x38,0x00,0x00,0x0a,0x32,0x00,0x10,0x00,0x14,0x00,0x00,0x00,
0x46,0x00,0x10,0x00,0x15,0x00,0x00,0x00,0x02,0x40,0x00,0x00,0x00,0x00,0x80,0x3e,
0x00,0x00,0x00,0x3f,0x00,0x00,0x00,0x00,0x00,0x00,0x00,0x00,0x00,0x00,0x00,0x07,
0x82,0x00,0x10,0x00,0x00,0x00,0x00,0x00,0x1a,0x00,0x10,0x00,0x14,0x00,0x00,0x00,
0x0a,0x00,0x10,0x00,0x14,0x00,0x00,0x00,0x32,0x00,0x00,0x09,0x12,0x00,0x10,0x00,
0x16,0x00,0x00,0x00,0x2a,0x00,0x10,0x00,0x15,0x00,0x00,0x00,0x01,0x40,0x00,0x00,
0x00,0x00,0x80,0x3e,0x3a,0x00,0x10,0x00,0x00,0x00,0x00,0x00,0x38,0x00,0x00,0x07,
0x82,0x00,0x10,0x00,0x00,0x00,0x00,0x00,0x2a,0x00,0x10,0x00,0x15,0x00,0x00,0x00,
0x01,0x40,0x00,0x00,0x00,0x00,0x00,0x3f,0x32,0x00,0x00,0x0a,0x22,0x00,0x10,0x00,
0x16,0x00,0x00,0x00,0x3a,0x00,0x10,0x00,0x15,0x00,0x00,0x00,0x01,0x40,0x00,0x00,
0x00,0x00,0x00,0x3f,0x3a,0x00,0x10,0x80,0x41,0x00,0x00,0x00,0x00,0x00,0x00,0x00,
0x32,0x00,0x00,0x09,0x82,0x00,0x10,0x00,0x00,0x00,0x00,0x00,0x3a,0x00,0x10,0x00,
0x15,0x00,0x00,0x00,0x01,0x40,0x00,0x00,0x00,0x00,0x80,0xbe,0x1a,0x00,0x10,0x00,
0x14,0x00,0x00,0x00,0x32,0x00,0x00,0x0a,0x42,0x00,0x10,0x00,0x16,0x00,0x00,0x00,
0x2a,0x00,0x10,0x80,0x41,0x00,0x00,0x00,0x15,0x00,0x00,0x00,0x01,0x40,0x00,0x00,
0x00,0x00,0x80,0x3e,0x3a,0x00,0x10,0x00,0x00,0x00,0x00,0x00,0x1e,0x00,0x00,0x07,
0xf2,0x00,0x10,0x00,0x15,0x00,0x00,0x00,0xe6,0x0e,0x10,0x00,0x04,0x00,0x00,0x00,
0x66,0x07,0x10,0x00,0x0b,0x00,0x00,0x00,0x25,0x00,0x00,0x07,0xf2,0x00,0x10,0x00,
0x17,0x00,0x00,0x00,0xe6,0x0e,0x10,0x00,0x08,0x00,0x00,0x00,0x46,0x0e,0x10,0x00,
0x15,0x00,0x00,0x00,0x24,0x00,0x00,0x0a,0x32,0x00,0x10,0x00,0x18,0x00,0x00,0x00,
0x46,0x00,0x10,0x00,0x17,0x00,0x00,0x00,0x02,0x40,0x00,0x00,0x00,0x00,0x00,0x00,
0x00,0x00,0x00,0x00,0x00,0x00,0x00,0x00,0x00,0x00,0x00,0x00,0x36,0x00,0x00,0x08,
0xc2,0x00,0x10,0x00,0x18,0x00,0x00,0x00,0x02,0x40,0x00,0x00,0x00,0x00,0x00,0x00,
0x00,0x00,0x00,0x00,0x00,0x00,0x00,0x00,0x00,0x00,0x00,0x00,0x2d,0x00,0x00,0x89,
0xc2,0x00,0x00,0x80,0x43,0x55,0x15,0x00,0x72,0x00,0x10,0x00,0x18,0x00,0x00,0x00,
0x46,0x0e,0x10,0x00,0x18,0x00,0x00,0x00,0x46,0x7e,0x10,0x00,0x08,0x00,0x00,0x00,
0x34,0x00,0x00,0x0a,0xf2,0x00,0x10,0x00,0x18,0x00,0x00,0x00,0x46,0x02,0x10,0x00,
0x18,0x00,0x00,0x00,0x02,0x40,0x00,0x00,0x00,0x00,0x00,0x00,0x00,0x00,0x00,0x00,
0x00,0x00,0x00,0x00,0x00,0x00,0x00,0x00,0x38,0x00,0x00,0x07,0xf2,0x00,0x10,0x00,
0x18,0x00,0x00,0x00,0xa6,0x0a,0x10,0x00,0x00,0x00,0x00,0x00,0x46,0x0e,0x10,0x00,
0x18,0x00,0x00,0x00,0x38,0x00,0x00,0x0a,0xc2,0x00,0x10,0x00,0x04,0x00,0x00,0x00,
0x06,0x04,0x10,0x00,0x18,0x00,0x00,0x00,0x02,0x40,0x00,0x00,0x00,0x00,0x00,0x00,
0x00,0x00,0x00,0x00,0x00,0x00,0x80,0x3e,0x00,0x00,0x00,0x3f,0x00,0x00,0x00,0x07,
0x82,0x00,0x10,0x00,0x00,0x00,0x00,0x00,0x3a,0x00,0x10,0x00,0x04,0x00,0x00,0x00,
0x2a,0x00,0x10,0x00,0x04,0x00,0x00,0x00,0x32,0x00,0x00,0x09,0x12,0x00,0x10,0x00,
0x19,0x00,0x00,0x00,0x2a,0x00,0x10,0x00,0x18,0x00,0x00,0x00,0x01,0x40,0x00,0x00,
0x00,0x00,0x80,0x3e,0x3a,0x00,0x10,0x00,0x00,0x00,0x00,0x00,0x38,0x00,0x00,0x07,
0x82,0x00,0x10,0x00,0x00,0x00,0x00,0x00,0x2a,0x00,0x10,0x00,0x18,0x00,0x00,0x00,
0x01,0x40,0x00,0x00,0x00,0x00,0x00,0x3f,0x32,0x00,0x00,0x0a,0x22,0x00,0x10,0x00,
0x19,0x00,0x00,0x00,0x3a,0x00,0x10,0x00,0x18,0x00,0x00,0x00,0x01,0x40,0x00,0x00,
0x00,0x00,0x00,0x3f,0x3a,0x00,0x10,0x80,0x41,0x00,0x00,0x00,0x00,0x00,0x00,0x00,
0x32,0x00,0x00,0x09,0x82,0x00,0x10,0x00,0x00,0x00,0x00,0x00,0x3a,0x00,0x10,0x00,
0x18,0x00,0x00,0x00,0x01,0x40,0x00,0x00,0x00,0x00,0x80,0xbe,0x3a,0x00,0x10,0x00,
0x04,0x00,0x00,0x00,0x32,0x00,0x00,0x0a,0x42,0x00,0x10,0x00,0x19,0x00,0x00,0x00,
0x2a,0x00,0x10,0x80,0x41,0x00,0x00,0x00,0x18,0x00,0x00,0x00,0x01,0x40,0x00,0x00,
0x00,0x00,0x80,0x3e,0x3a,0x00,0x10,0x00,0x00,0x00,0x00,0x00,0x24,0x00,0x00,0x0a,
0x32,0x00,0x10,0x00,0x17,0x00,0x00,0x00,0xe6,0x0a,0x10,0x00,0x17,0x00,0x00,0x00,
0x02,0x40,0x00,0x00,0x00,0x00,0x00,0x00,0x00,0x00,0x00,0x00,0x00,0x00,0x00,0x00,
0x00,0x00,0x00,0x00,0x36,0x00,0x00,0x08,0xc2,0x00,0x10,0x00,0x17,0x00,0x00,0x00,
0x02,0x40,0x00,0x00,0x00,0x00,0x00,0x00,0x00,0x00,0x00,0x00,0x00,0x00,0x00,0x00,
0x00,0x00,0x00,0x00,0x2d,0x00,0x00,0x89,0xc2,0x00,0x00,0x80,0x43,0x55,0x15,0x00,
0x72,0x00,0x10,0x00,0x17,0x00,0x00,0x00,0x46,0x0e,0x10,0x00,0x17,0x00,0x00,0x00,
0x46,0x7e,0x10,0x00,0x08,0x00,0x00,0x00,0x34,0x00,0x00,0x0a,0xf2,0x00,0x10,0x00,
0x17,0x00,0x00,0x00,0x46,0x02,0x10,0x00,0x17,0x00,0x00,0x00,0x02,0x40,0x00,0x00,
0x00,0x00,0x00,0x00,0x00,0x00,0x00,0x00,0x00,0x00,0x00,0x00,0x00,0x00,0x00,0x00,
0x38,0x00,0x00,0x07,0xf2,0x00,0x10,0x00,0x17,0x00,0x00,0x00,0xa6,0x0a,0x10,0x00,
0x00,0x00,0x00,0x00,0x46,0x0e,0x10,0x00,0x17,0x00,0x00,0x00,0x38,0x00,0x00,0x0a,
0xc2,0x00,0x10,0x00,0x04,0x00,0x00,0x00,0x06,0x04,0x10,0x00,0x17,0x00,0x00,0x00,
0x02,0x40,0x00,0x00,0x00,0x00,0x00,0x00,0x00,0x00,0x00,0x00,0x00,0x00,0x80,0x3e,
0x00,0x00,0x00,0x3f,0x00,0x00,0x00,0x07,0x82,0x00,0x10,0x00,0x00,0x00,0x00,0x00,
0x3a,0x00,0x10,0x00,0x04,0x00,0x00,0x00,0x2a,0x00,0x10,0x00,0x04,0x00,0x00,0x00,
0x32,0x00,0x00,0x09,0x12,0x00,0x10,0x00,0x18,0x00,0x00,0x00,0x2a,0x00,0x10,0x00,
0x17,0x00,0x00,0x00,0x01,0x40,0x00,0x00,0x00,0x00,0x80,0x3e,0x3a,0x00,0x10,0x00,
0x00,0x00,0x00,0x00,0x38,0x00,0x00,0x07,0x82,0x00,0x10,0x00,0x00,0x00,0x00,0x00,
0x2a,0x00,0x10,0x00,0x17,0x00,0x00,0x00,0x01,0x40,0x00,0x00,0x00,0x00,0x00,0x3f,
0x32,0x00,0x00,0x0a,0x22,0x00,0x10,0x00,0x18,0x00,0x00,0x00,0x3a,0x00,0x10,0x00,
0x17,0x00,0x00,0x00,0x01,0x40,0x00,0x00,0x00,0x00,0x00,0x3f,0x3a,0x00,0x10,0x80,
0x41,0x00,0x00,0x00,0x00,0x00,0x00,0x00,0x32,0x00,0x00,0x09,0x82,0x00,0x10,0x00,
0x00,0x00,0x00,0x00,0x3a,0x00,0x10,0x00,0x17,0x00,0x00,0x00,0x01,0x40,0x00,0x00,
0x00,0x00,0x80,0xbe,0x3a,0x00,0x10,0x00,0x04,0x00,0x00,0x00,0x32,0x00,0x00,0x0a,
0x42,0x00,0x10,0x00,0x18,0x00,0x00,0x00,0x2a,0x00,0x10,0x80,0x41,0x00,0x00,0x00,
0x17,0x00,0x00,0x00,0x01,0x40,0x00,0x00,0x00,0x00,0x80,0x3e,0x3a,0x00,0x10,0x00,
0x00,0x00,0x00,0x00,0x24,0x00,0x00,0x0a,0x32,0x00,0x10,0x00,0x14,0x00,0x00,0x00,
0xe6,0x0a,0x10,0x00,0x14,0x00,0x00,0x00,0x02,0x40,0x00,0x00,0x00,0x00,0x00,0x00,
0x00,0x00,0x00,0x00,0x00,0x00,0x00,0x00,0x00,0x00,0x00,0x00,0x36,0x00,0x00,0x08,
0xc2,0x00,0x10,0x00,0x14,0x00,0x00,0x00,0x02,0x40,0x00,0x00,0x00,0x00,0x00,0x00,
0x00,0x00,0x00,0x00,0x00,0x00,0x00,0x00,0x00,0x00,0x00,0x00,0x2d,0x00,0x00,0x89,
0xc2,0x00,0x00,0x80,0x43,0x55,0x15,0x00,0x72,0x00,0x10,0x00,0x14,0x00,0x00,0x00,
0x46,0x0e,0x10,0x00,0x14,0x00,0x00,0x00,0x46,0x7e,0x10,0x00,0x08,0x00,0x00,0x00,
0x34,0x00,0x00,0x0a,0xf2,0x00,0x10,0x00,0x14,0x00,0x00,0x00,0x46,0x02,0x10,0x00,
0x14,0x00,0x00,0x00,0x02,0x40,0x00,0x00,0x00,0x00,0x00,0x00,0x00,0x00,0x00,0x00,
0x00,0x00,0x00,0x00,0x00,0x00,0x00,0x00,0x38,0x00,0x00,0x07,0xf2,0x00,0x10,0x00,
0x14,0x00,0x00,0x00,0xa6,0x0a,0x10,0x00,0x00,0x00,0x00,0x00,0x46,0x0e,0x10,0x00,
0x14,0x00,0x00,0x00,0x38,0x00,0x00,0x0a,0xc2,0x00,0x10,0x00,0x04,0x00,0x00,0x00,
0x06,0x04,0x10,0x00,0x14,0x00,0x00,0x00,0x02,0x40,0x00,0x00,0x00,0x00,0x00,0x00,
0x00,0x00,0x00,0x00,0x00,0x00,0x80,0x3e,0x00,0x00,0x00,0x3f,0x00,0x00,0x00,0x07,
0x82,0x00,0x10,0x00,0x00,0x00,0x00,0x00,0x3a,0x00,0x10,0x00,0x04,0x00,0x00,0x00,
0x2a,0x00,0x10,0x00,0x04,0x00,0x00,0x00,0x32,0x00,0x00,0x09,0x12,0x00,0x10,0x00,
0x17,0x00,0x00,0x00,0x2a,0x00,0x10,0x00,0x14,0x00,0x00,0x00,0x01,0x40,0x00,0x00,
0x00,0x00,0x80,0x3e,0x3a,0x00,0x10,0x00,0x00,0x00,0x00,0x00,0x38,0x00,0x00,0x07,
0x82,0x00,0x10,0x00,0x00,0x00,0x00,0x00,0x2a,0x00,0x10,0x00,0x14,0x00,0x00,0x00,
0x01,0x40,0x00,0x00,0x00,0x00,0x00,0x3f,0x32,0x00,0x00,0x0a,0x22,0x00,0x10,0x00,
0x17,0x00,0x00,0x00,0x3a,0x00,0x10,0x00,0x14,0x00,0x00,0x00,0x01,0x40,0x00,0x00,
0x00,0x00,0x00,0x3f,0x3a,0x00,0x10,0x80,0x41,0x00,0x00,0x00,0x00,0x00,0x00,0x00,
0x32,0x00,0x00,0x09,0x82,0x00,0x10,0x00,0x00,0x00,0x00,0x00,0x3a,0x00,0x10,0x00,
0x14,0x00,0x00,0x00,0x01,0x40,0x00,0x00,0x00,0x00,0x80,0xbe,0x3a,0x00,0x10,0x00,
0x04,0x00,0x00,0x00,0x32,0x00,0x00,0x0a,0x42,0x00,0x10,0x00,0x17,0x00,0x00,0x00,
0x2a,0x00,0x10,0x80,0x41,0x00,0x00,0x00,0x14,0x00,0x00,0x00,0x01,0x40,0x00,0x00,
0x00,0x00,0x80,0x3e,0x3a,0x00,0x10,0x00,0x00,0x00,0x00,0x00,0x0e,0x00,0x00,0x0b,
0x82,0x00,0x10,0x00,0x00,0x00,0x00,0x00,0x02,0x40,0x00,0x00,0x00,0x00,0x80,0x3f,
0x00,0x00,0x80,0x3f,0x00,0x00,0x80,0x3f,0x00,0x00,0x80,0x3f,0x2a,0x80,0x20,0x00,
0x00,0x00,0x00,0x00,0x05,0x00,0x00,0x00,0x33,0x00,0x00,0x07,0x82,0x00,0x10,0x00,
0x00,0x00,0x00,0x00,0x3a,0x00,0x10,0x00,0x00,0x00,0x00,0x00,0x01,0x40,0x00,0x00,
0x52,0xb8,0xfe,0x3f,0x32,0x00,0x00,0x0a,0x22,0x00,0x10,0x00,0x02,0x00,0x00,0x00,
0x1a,0x00,0x10,0x80,0x41,0x00,0x00,0x00,0x02,0x00,0x00,0x00,0x01,0x40,0x00,0x00,
0x00,0x00,0x00,0x3f,0x01,0x40,0x00,0x00,0x00,0x00,0x80,0x3f,0x38,0x20,0x00,0x07,
0x82,0x00,0x10,0x00,0x02,0x00,0x00,0x00,0x1a,0x00,0x10,0x00,0x08,0x00,0x00,0x00,
0x01,0x40,0x00,0x00,0x00,0x00,0xa0,0x40,0x33,0x00,0x00,0x07,0x82,0x00,0x10,0x00,
0x02,0x00,0x00,0x00,0x3a,0x00,0x10,0x00,0x02,0x00,0x00,0x00,0x1a,0x00,0x10,0x00,
0x05,0x00,0x00,0x00,0x33,0x00,0x00,0x07,0x22,0x00,0x10,0x00,0x02,0x00,0x00,0x00,
0x3a,0x00,0x10,0x00,0x02,0x00,0x00,0x00,0x1a,0x00,0x10,0x00,0x02,0x00,0x00,0x00,
0x00,0x00,0x00,0x07,0x82,0x00,0x10,0x00,0x00,0x00,0x00,0x00,0x3a,0x00,0x10,0x00,
0x00,0x00,0x00,0x00,0x01,0x40,0x00,0x00,0x00,0x00,0x80,0xbf,0x32,0x00,0x00,0x09,
0x82,0x00,0x10,0x00,0x00,0x00,0x00,0x00,0x1a,0x00,0x10,0x00,0x02,0x00,0x00,0x00,
0x3a,0x00,0x10,0x00,0x00,0x00,0x00,0x00,0x01,0x40,0x00,0x00,0x00,0x00,0x80,0x3f,
0x2b,0x00,0x00,0x05,0xf2,0x00,0x10,0x00,0x14,0x00,0x00,0x00,0x46,0x06,0x10,0x00,
0x0a,0x00,0x00,0x00,0x00,0x00,0x00,0x07,0xf2,0x00,0x10,0x00,0x14,0x00,0x00,0x00,
0x96,0x09,0x10,0x00,0x03,0x00,0x00,0x00,0x46,0x0e,0x10,0x00,0x14,0x00,0x00,0x00,
0x00,0x00,0x00,0x07,0xf2,0x00,0x10,0x00,0x14,0x00,0x00,0x00,0x46,0x04,0x10,0x00,
0x00,0x00,0x00,0x00,0x46,0x0e,0x10,0x00,0x14,0x00,0x00,0x00,0x4f,0x00,0x00,0x08,
0xa2,0x00,0x10,0x00,0x02,0x00,0x00,0x00,0x06,0x0c,0x10,0x00,0x05,0x00,0x00,0x00,
0x06,0x84,0x20,0x00,0x00,0x00,0x00,0x00,0x00,0x00,0x00,0x00,0x01,0x00,0x00,0x07,
0x22,0x00,0x10,0x00,0x02,0x00,0x00,0x00,0x3a,0x00,0x10,0x00,0x02,0x00,0x00,0x00,
0x1a,0x00,0x10,0x00,0x02,0x00,0x00,0x00,0x01,0x00,0x00,0x07,0x22,0x00,0x10,0x00,
0x02,0x00,0x00,0x00,0x1a,0x00,0x10,0x00,0x02,0x00,0x00,0x00,0x01,0x40,0x00,0x00,
0x00,0x00,0x80,0x3f,0x38,0x00,0x00,0x07,0xf2,0x00,0x10,0x00,0x1a,0x00,0x00,0x00,
0xf6,0x0f,0x10,0x00,0x00,0x00,0x00,0x00,0x46,0x0e,0x10,0x00,0x14,0x00,0x00,0x00,
0x0f,0x00,0x00,0x07,0x82,0x00,0x10,0x00,0x02,0x00,0x00,0x00,0x46,0x00,0x10,0x00,
0x1a,0x00,0x00,0x00,0x46,0x00,0x10,0x00,0x1a,0x00,0x00,0x00,0x33,0x00,0x00,0x07,
0x82,0x00,0x10,0x00,0x02,0x00,0x00,0x00,0x3a,0x00,0x10,0x00,0x02,0x00,0x00,0x00,
0x01,0x40,0x00,0x00,0x00,0x00,0x80,0x40,0x32,0x00,0x00,0x0f,0xc2,0x00,0x10,0x00,
0x04,0x00,0x00,0x00,0xf6,0x0f,0x10,0x00,0x02,0x00,0x00,0x00,0x02,0x40,0x00,0x00,
0x00,0x00,0x00,0x00,0x00,0x00,0x00,0x00,0xcd,0xcc,0xcc,0x3e,0x00,0x00,0x80,0x3e,
0x02,0x40,0x00,0x00,0x00,0x00,0x00,0x00,0x00,0x00,0x00,0x00,0x00,0x00,0x80,0xbf,
0x00,0x00,0x80,0xbf,0x38,0x00,0x00,0x07,0xc2,0x00,0x10,0x00,0x04,0x00,0x00,0x00,
0xa6,0x0e,0x10,0x00,0x04,0x00,0x00,0x00,0xa6,0x0e,0x10,0x00,0x04,0x00,0x00,0x00,
0x32,0x00,0x00,0x09,0x82,0x00,0x10,0x00,0x02,0x00,0x00,0x00,0x2a,0x00,0x10,0x00,
0x04,0x00,0x00,0x00,0x01,0x40,0x00,0x00,0x00,0x00,0xc8,0x3f,0x01,0x40,0x00,0x00,
0x00,0x00,0x10,0xbf,0x38,0x00,0x00,0x07,0x82,0x00,0x10,0x00,0x02,0x00,0x00,0x00,
0x3a,0x00,0x10,0x00,0x04,0x00,0x00,0x00,0x3a,0x00,0x10,0x00,0x02,0x00,0x00,0x00,
0x38,0x00,0x00,0x07,0x82,0x00,0x10,0x00,0x1b,0x00,0x00,0x00,0x3a,0x00,0x10,0x00,
0x02,0x00,0x00,0x00,0x1a,0x00,0x10,0x00,0x02,0x00,0x00,0x00,0x38,0x00,0x00,0x07,
0x72,0x00,0x10,0x00,0x1b,0x00,0x00,0x00,0x46,0x02,0x10,0x00,0x0c,0x00,0x00,0x00,
0xf6,0x0f,0x10,0x00,0x1b,0x00,0x00,0x00,0x37,0x00,0x00,0x0c,0xf2,0x00,0x10,0x00,
0x1b,0x00,0x00,0x00,0xa6,0x0a,0x10,0x00,0x01,0x00,0x00,0x00,0x02,0x40,0x00,0x00,
0x00,0x00,0x00,0x00,0x00,0x00,0x00,0x00,0x00,0x00,0x00,0x00,0x00,0x00,0x00,0x00,
0x46,0x0e,0x10,0x00,0x1b,0x00,0x00,0x00,0x0f,0x00,0x00,0x07,0x82,0x00,0x10,0x00,
0x02,0x00,0x00,0x00,0x46,0x00,0x10,0x00,0x14,0x00,0x00,0x00,0x46,0x00,0x10,0x00,
0x14,0x00,0x00,0x00,0x38,0x00,0x00,0x07,0x82,0x00,0x10,0x00,0x02,0x00,0x00,0x00,
0x3a,0x00,0x10,0x00,0x02,0x00,0x00,0x00,0x01,0x40,0x00,0x00,0x5d,0x5d,0x54,0xc0,
0x19,0x00,0x00,0x05,0x82,0x00,0x10,0x00,0x02,0x00,0x00,0x00,0x3a,0x00,0x10,0x00,
0x02,0x00,0x00,0x00,0x38,0x00,0x00,0x07,0x82,0x00,0x10,0x00,0x03,0x00,0x00,0x00,
0x1a,0x00,0x10,0x00,0x02,0x00,0x00,0x00,0x3a,0x00,0x10,0x00,0x02,0x00,0x00,0x00,
0x38,0x00,0x00,0x07,0xb2,0x00,0x10,0x00,0x05,0x00,0x00,0x00,0xf6,0x0f,0x10,0x00,
0x03,0x00,0x00,0x00,0x46,0x08,0x10,0x00,0x0c,0x00,0x00,0x00,0x4f,0x00,0x00,0x08,
0xf2,0x00,0x10,0x00,0x09,0x00,0x00,0x00,0x46,0x0e,0x10,0x00,0x09,0x00,0x00,0x00,
0x46,0x84,0x20,0x00,0x00,0x00,0x00,0x00,0x00,0x00,0x00,0x00,0x01,0x00,0x00,0x07,
0xc2,0x00,0x10,0x00,0x04,0x00,0x00,0x00,0x56,0x0d,0x10,0x00,0x09,0x00,0x00,0x00,
0x06,0x08,0x10,0x00,0x09,0x00,0x00,0x00,0x01,0x00,0x00,0x0a,0xc2,0x00,0x10,0x00,
0x04,0x00,0x00,0x00,0xa6,0x0e,0x10,0x00,0x04,0x00,0x00,0x00,0x02,0x40,0x00,0x00,
0x00,0x00,0x00,0x00,0x00,0x00,0x00,0x00,0x00,0x00,0x80,0x3f,0x00,0x00,0x80,0x3f,
0x0f,0x00,0x00,0x07,0x82,0x00,0x10,0x00,0x07,0x00,0x00,0x00,0xe6,0x0a,0x10,0x00,
0x1a,0x00,0x00,0x00,0xe6,0x0a,0x10,0x00,0x1a,0x00,0x00,0x00,0x33,0x00,0x00,0x07,
0x82,0x00,0x10,0x00,0x07,0x00,0x00,0x00,0x3a,0x00,0x10,0x00,0x07,0x00,0x00,0x00,
0x01,0x40,0x00,0x00,0x00,0x00,0x80,0x40,0x32,0x00,0x00,0x0f,0xc2,0x00,0x10,0x00,
0x08,0x00,0x00,0x00,0xf6,0x0f,0x10,0x00,0x07,0x00,0x00,0x00,0x02,0x40,0x00,0x00,
0x00,0x00,0x00,0x00,0x00,0x00,0x00,0x00,0xcd,0xcc,0xcc,0x3e,0x00,0x00,0x80,0x3e,
0x02,0x40,0x00,0x00,0x00,0x00,0x00,0x00,0x00,0x00,0x00,0x00,0x00,0x00,0x80,0xbf,
0x00,0x00,0x80,0xbf,0x38,0x00,0x00,0x07,0xc2,0x00,0x10,0x00,0x08,0x00,0x00,0x00,
0xa6,0x0e,0x10,0x00,0x08,0x00,0x00,0x00,0xa6,0x0e,0x10,0x00,0x08,0x00,0x00,0x00,
0x32,0x00,0x00,0x09,0x82,0x00,0x10,0x00,0x07,0x00,0x00,0x00,0x2a,0x00,0x10,0x00,
0x08,0x00,0x00,0x00,0x01,0x40,0x00,0x00,0x00,0x00,0xc8,0x3f,0x01,0x40,0x00,0x00,
0x00,0x00,0x10,0xbf,0x38,0x00,0x00,0x07,0x82,0x00,0x10,0x00,0x07,0x00,0x00,0x00,
0x3a,0x00,0x10,0x00,0x08,0x00,0x00,0x00,0x3a,0x00,0x10,0x00,0x07,0x00,0x00,0x00,
0x38,0x00,0x00,0x07,0x42,0x00,0x10,0x00,0x08,0x00,0x00,0x00,0x2a,0x00,0x10,0x00,
0x04,0x00,0x00,0x00,0x3a,0x00,0x10,0x00,0x07,0x00,0x00,0x00,0x32,0x00,0x00,0x09,
0x72,0x00,0x10,0x00,0x09,0x00,0x00,0x00,0x46,0x02,0x10,0x00,0x0e,0x00,0x00,0x00,
0xa6,0x0a,0x10,0x00,0x08,0x00,0x00,0x00,0x46,0x02,0x10,0x00,0x1b,0x00,0x00,0x00,
0x32,0x00,0x00,0x09,0x82,0x00,0x10,0x00,0x09,0x00,0x00,0x00,0x2a,0x00,0x10,0x00,
0x04,0x00,0x00,0x00,0x3a,0x00,0x10,0x00,0x07,0x00,0x00,0x00,0x3a,0x00,0x10,0x00,
0x1b,0x00,0x00,0x00,0x37,0x00,0x00,0x0c,0xf2,0x00,0x10,0x00,0x09,0x00,0x00,0x00,
0xa6,0x0a,0x10,0x00,0x01,0x00,0x00,0x00,0x02,0x40,0x00,0x00,0x00,0x00,0x00,0x00,
0x00,0x00,0x00,0x00,0x00,0x00,0x00,0x00,0x00,0x00,0x00,0x00,0x46,0x0e,0x10,0x00,
0x09,0x00,0x00,0x00,0x0f,0x00,0x00,0x07,0x82,0x00,0x10,0x00,0x07,0x00,0x00,0x00,
0xe6,0x0a,0x10,0x00,0x14,0x00,0x00,0x00,0xe6,0x0a,0x10,0x00,0x14,0x00,0x00,0x00,
0x38,0x00,0x00,0x07,0x82,0x00,0x10,0x00,0x07,0x00,0x00,0x00,0x3a,0x00,0x10,0x00,
0x07,0x00,0x00,0x00,0x01,0x40,0x00,0x00,0x5d,0x5d,0x54,0xc0,0x19,0x00,0x00,0x05,
0x82,0x00,0x10,0x00,0x07,0x00,0x00,0x00,0x3a,0x00,0x10,0x00,0x07,0x00,0x00,0x00,
0x38,0x00,0x00,0x07,0x42,0x00,0x10,0x00,0x04,0x00,0x00,0x00,0x2a,0x00,0x10,0x00,
0x04,0x00,0x00,0x00,0x3a,0x00,0x10,0x00,0x07,0x00,0x00,0x00,0x33,0x00,0x00,0x07,
0x72,0x00,0x10,0x00,0x14,0x00,0x00,0x00,0x46,0x02,0x10,0x00,0x0c,0x00,0x00,0x00,
0x46,0x02,0x10,0x00,0x0e,0x00,0x00,0x00,0x34,0x00,0x00,0x07,0x72,0x00,0x10,0x00,
0x1a,0x00,0x00,0x00,0x46,0x02,0x10,0x00,0x0c,0x00,0x00,0x00,0x46,0x02,0x10,0x00,
0x0e,0x00,0x00,0x00,0x38,0x00,0x00,0x07,0x72,0x00,0x10,0x00,0x1b,0x00,0x00,0x00,
0xa6,0x0a,0x10,0x00,0x04,0x00,0x00,0x00,0x46,0x02,0x10,0x00,0x0e,0x00,0x00,0x00,
0x32,0x00,0x00,0x09,0x72,0x00,0x10,0x00,0x1c,0x00,0x00,0x00,0x46,0x02,0x10,0x00,
0x0c,0x00,0x00,0x00,0xf6,0x0f,0x10,0x00,0x03,0x00,0x00,0x00,0x46,0x02,0x10,0x00,
0x1b,0x00,0x00,0x00,0x38,0x00,0x00,0x07,0x72,0x00,0x10,0x00,0x0e,0x00,0x00,0x00,
0x46,0x02,0x10,0x00,0x0e,0x00,0x00,0x00,0x46,0x02,0x10,0x00,0x1b,0x00,0x00,0x00,
0x32,0x00,0x00,0x09,0xb2,0x00,0x10,0x00,0x05,0x00,0x00,0x00,0x46,0x08,0x10,0x00,
0x0c,0x00,0x00,0x00,0x46,0x0c,0x10,0x00,0x05,0x00,0x00,0x00,0x46,0x08,0x10,0x00,
0x0e,0x00,0x00,0x00,0x32,0x00,0x00,0x09,0x22,0x00,0x10,0x00,0x02,0x00,0x00,0x00,
0x3a,0x00,0x10,0x00,0x02,0x00,0x00,0x00,0x1a,0x00,0x10,0x00,0x02,0x00,0x00,0x00,
0x2a,0x00,0x10,0x00,0x04,0x00,0x00,0x00,0x2b,0x00,0x00,0x05,0xc2,0x00,0x10,0x00,
0x08,0x00,0x00,0x00,0xf6,0x07,0x10,0x00,0x0a,0x00,0x00,0x00,0x00,0x00,0x00,0x07,
0xc2,0x00,0x10,0x00,0x08,0x00,0x00,0x00,0x56,0x09,0x10,0x00,0x03,0x00,0x00,0x00,
0xa6,0x0e,0x10,0x00,0x08,0x00,0x00,0x00,0x00,0x00,0x00,0x07,0xc2,0x00,0x10,0x00,
0x08,0x00,0x00,0x00,0x06,0x04,0x10,0x00,0x00,0x00,0x00,0x00,0xa6,0x0e,0x10,0x00,
0x08,0x00,0x00,0x00,0x38,0x00,0x00,0x07,0x32,0x00,0x10,0x00,0x0a,0x00,0x00,0x00,
0xf6,0x0f,0x10,0x00,0x00,0x00,0x00,0x00,0xe6,0x0a,0x10,0x00,0x08,0x00,0x00,0x00,
0x0f,0x00,0x00,0x07,0x82,0x00,0x10,0x00,0x02,0x00,0x00,0x00,0x46,0x00,0x10,0x00,
0x0a,0x00,0x00,0x00,0x46,0x00,0x10,0x00,0x0a,0x00,0x00,0x00,0x33,0x00,0x00,0x07,
0x82,0x00,0x10,0x00,0x02,0x00,0x00,0x00,0x3a,0x00,0x10,0x00,0x02,0x00,0x00,0x00,
0x01,0x40,0x00,0x00,0x00,0x00,0x80,0x40,0x32,0x00,0x00,0x0f,0x32,0x00,0x10,0x00,
0x0a,0x00,0x00,0x00,0xf6,0x0f,0x10,0x00,0x02,0x00,0x00,0x00,0x02,0x40,0x00,0x00,
0xcd,0xcc,0xcc,0x3e,0x00,0x00,0x80,0x3e,0x00,0x00,0x00,0x00,0x00,0x00,0x00,0x00,
0x02,0x40,0x00,0x00,0x00,0x00,0x80,0xbf,0x00,0x00,0x80,0xbf,0x00,0x00,0x00,0x00,
0x00,0x00,0x00,0x00,0x38,0x00,0x00,0x07,0x32,0x00,0x10,0x00,0x0a,0x00,0x00,0x00,
0x46,0x00,0x10,0x00,0x0a,0x00,0x00,0x00,0x46,0x00,0x10,0x00,0x0a,0x00,0x00,0x00,
0x32,0x00,0x00,0x09,0x82,0x00,0x10,0x00,0x02,0x00,0x00,0x00,0x0a,0x00,0x10,0x00,
0x0a,0x00,0x00,0x00,0x01,0x40,0x00,0x00,0x00,0x00,0xc8,0x3f,0x01,0x40,0x00,0x00,
0x00,0x00,0x10,0xbf,0x38,0x00,0x00,0x07,0x82,0x00,0x10,0x00,0x02,0x00,0x00,0x00,
0x1a,0x00,0x10,0x00,0x0a,0x00,0x00,0x00,0x3a,0x00,0x10,0x00,0x02,0x00,0x00,0x00,
0x38,0x00,0x00,0x07,0x82,0x00,0x10,0x00,0x03,0x00,0x00,0x00,0x3a,0x00,0x10,0x00,
0x02,0x00,0x00,0x00,0x3a,0x00,0x10,0x00,0x04,0x00,0x00,0x00,0x32,0x00,0x00,0x09,
0x72,0x00,0x10,0x00,0x0a,0x00,0x00,0x00,0x46,0x02,0x10,0x00,0x0d,0x00,0x00,0x00,
0xf6,0x0f,0x10,0x00,0x03,0x00,0x00,0x00,0x46,0x02,0x10,0x00,0x09,0x00,0x00,0x00,
0x32,0x00,0x00,0x09,0x82,0x00,0x10,0x00,0x0a,0x00,0x00,0x00,0x3a,0x00,0x10,0x00,
0x04,0x00,0x00,0x00,0x3a,0x00,0x10,0x00,0x02,0x00,0x00,0x00,0x3a,0x00,0x10,0x00,
0x09,0x00,0x00,0x00,0x37,0x00,0x00,0x0c,0xf2,0x00,0x10,0x00,0x09,0x00,0x00,0x00,
0xa6,0x0a,0x10,0x00,0x01,0x00,0x00,0x00,0x02,0x40,0x00,0x00,0x00,0x00,0x00,0x00,
0x00,0x00,0x00,0x00,0x00,0x00,0x00,0x00,0x00,0x00,0x00,0x00,0x46,0x0e,0x10,0x00,
0x0a,0x00,0x00,0x00,0x0f,0x00,0x00,0x07,0x82,0x00,0x10,0x00,0x02,0x00,0x00,0x00,
0xe6,0x0a,0x10,0x00,0x08,0x00,0x00,0x00,0xe6,0x0a,0x10,0x00,0x08,0x00,0x00,0x00,
0x38,0x00,0x00,0x07,0x82,0x00,0x10,0x00,0x02,0x00,0x00,0x00,0x3a,0x00,0x10,0x00,
0x02,0x00,0x00,0x00,0x01,0x40,0x00,0x00,0x5d,0x5d,0x54,0xc0,0x19,0x00,0x00,0x05,
0x82,0x00,0x10,0x00,0x02,0x00,0x00,0x00,0x3a,0x00,0x10,0x00,0x02,0x00,0x00,0x00,
0x38,0x00,0x00,0x07,0x82,0x00,0x10,0x00,0x03,0x00,0x00,0x00,0x3a,0x00,0x10,0x00,
0x04,0x00,0x00,0x00,0x3a,0x00,0x10,0x00,0x02,0x00,0x00,0x00,0x33,0x00,0x00,0x07,
0x72,0x00,0x10,0x00,0x0a,0x00,0x00,0x00,0x46,0x02,0x10,0x00,0x0d,0x00,0x00,0x00,
0x46,0x02,0x10,0x00,0x14,0x00,0x00,0x00,0x34,0x00,0x00,0x07,0x72,0x00,0x10,0x00,
0x0c,0x00,0x00,0x00,0x46,0x02,0x10,0x00,0x0d,0x00,0x00,0x00,0x46,0x02,0x10,0x00,
0x1a,0x00,0x00,0x00,0x38,0x00,0x00,0x07,0x72,0x00,0x10,0x00,0x0e,0x00,0x00,0x00,
0xf6,0x0f,0x10,0x00,0x03,0x00,0x00,0x00,0x46,0x02,0x10,0x00,0x0d,0x00,0x00,0x00,
0x32,0x00,0x00,0x09,0x72,0x00,0x10,0x00,0x14,0x00,0x00,0x00,0x46,0x02,0x10,0x00,
0x0d,0x00,0x00,0x00,0xf6,0x0f,0x10,0x00,0x03,0x00,0x00,0x00,0x46,0x02,0x10,0x00,
0x1c,0x00,0x00,0x00,0x32,0x00,0x00,0x09,0xb2,0x00,0x10,0x00,0x05,0x00,0x00,0x00,
0x46,0x08,0x10,0x00,0x0d,0x00,0x00,0x00,0x46,0x08,0x10,0x00,0x0e,0x00,0x00,0x00,
0x46,0x0c,0x10,0x00,0x05,0x00,0x00,0x00,0x32,0x00,0x00,0x09,0x22,0x00,0x10,0x00,
0x02,0x00,0x00,0x00,0x3a,0x00,0x10,0x00,0x02,0x00,0x00,0x00,0x3a,0x00,0x10,0x00,
0x04,0x00,0x00,0x00,0x1a,0x00,0x10,0x00,0x02,0x00,0x00,0x00,0x2b,0x00,0x00,0x05,
0xf2,0x00,0x10,0x00,0x0d,0x00,0x00,0x00,0x26,0x03,0x10,0x00,0x0b,0x00,0x00,0x00,
0x00,0x00,0x00,0x07,0xf2,0x00,0x10,0x00,0x0d,0x00,0x00,0x00,0x96,0x09,0x10,0x00,
0x03,0x00,0x00,0x00,0x46,0x0e,0x10,0x00,0x0d,0x00,0x00,0x00,0x00,0x00,0x00,0x07,
0xf2,0x00,0x10,0x00,0x0d,0x00,0x00,0x00,0x46,0x04,0x10,0x00,0x00,0x00,0x00,0x00,
0x46,0x0e,0x10,0x00,0x0d,0x00,0x00,0x00,0x4f,0x00,0x00,0x08,0xf2,0x00,0x10,0x00,
0x0e,0x00,0x00,0x00,0x46,0x0e,0x10,0x00,0x0f,0x00,0x00,0x00,0x46,0x84,0x20,0x00,
0x00,0x00,0x00,0x00,0x00,0x00,0x00,0x00,0x01,0x00,0x00,0x07,0xc2,0x00,0x10,0x00,
0x04,0x00,0x00,0x00,0x56,0x0d,0x10,0x00,0x0e,0x00,0x00,0x00,0x06,0x08,0x10,0x00,
0x0e,0x00,0x00,0x00,0x01,0x00,0x00,0x0a,0xc2,0x00,0x10,0x00,0x04,0x00,0x00,0x00,
0xa6,0x0e,0x10,0x00,0x04,0x00,0x00,0x00,0x02,0x40,0x00,0x00,0x00,0x00,0x00,0x00,
0x00,0x00,0x00,0x00,0x00,0x00,0x80,0x3f,0x00,0x00,0x80,0x3f,0x38,0x00,0x00,0x07,
0xf2,0x00,0x10,0x00,0x0e,0x00,0x00,0x00,0xf6,0x0f,0x10,0x00,0x00,0x00,0x00,0x00,
0x46,0x0e,0x10,0x00,0x0d,0x00,0x00,0x00,0x0f,0x00,0x00,0x07,0x82,0x00,0x10,0x00,
0x02,0x00,0x00,0x00,0x46,0x00,0x10,0x00,0x0e,0x00,0x00,0x00,0x46,0x00,0x10,0x00,
0x0e,0x00,0x00,0x00,0x33,0x00,0x00,0x07,0x82,0x00,0x10,0x00,0x02,0x00,0x00,0x00,
0x3a,0x00,0x10,0x00,0x02,0x00,0x00,0x00,0x01,0x40,0x00,0x00,0x00,0x00,0x80,0x40,
0x32,0x00,0x00,0x0f,0xc2,0x00,0x10,0x00,0x08,0x00,0x00,0x00,0xf6,0x0f,0x10,0x00,
0x02,0x00,0x00,0x00,0x02,0x40,0x00,0x00,0x00,0x00,0x00,0x00,0x00,0x00,0x00,0x00,
0xcd,0xcc,0xcc,0x3e,0x00,0x00,0x80,0x3e,0x02,0x40,0x00,0x00,0x00,0x00,0x00,0x00,
0x00,0x00,0x00,0x00,0x00,0x00,0x80,0xbf,0x00,0x00,0x80,0xbf,0x38,0x00,0x00,0x07,
0xc2,0x00,0x10,0x00,0x08,0x00,0x00,0x00,0xa6,0x0e,0x10,0x00,0x08,0x00,0x00,0x00,
0xa6,0x0e,0x10,0x00,0x08,0x00,0x00,0x00,0x32,0x00,0x00,0x09,0x82,0x00,0x10,0x00,
0x02,0x00,0x00,0x00,0x2a,0x00,0x10,0x00,0x08,0x00,0x00,0x00,0x01,0x40,0x00,0x00,
0x00,0x00,0xc8,0x3f,0x01,0x40,0x00,0x00,0x00,0x00,0x10,0xbf,0x38,0x00,0x00,0x07,
0x82,0x00,0x10,0x00,0x02,0x00,0x00,0x00,0x3a,0x00,0x10,0x00,0x08,0x00,0x00,0x00,
0x3a,0x00,0x10,0x00,0x02,0x00,0x00,0x00,0x38,0x00,0x00,0x07,0x82,0x00,0x10,0x00,
0x03,0x00,0x00,0x00,0x3a,0x00,0x10,0x00,0x02,0x00,0x00,0x00,0x2a,0x00,0x10,0x00,
0x04,0x00,0x00,0x00,0x32,0x00,0x00,0x09,0x72,0x00,0x10,0x00,0x0f,0x00,0x00,0x00,
0x46,0x02,0x10,0x00,0x12,0x00,0x00,0x00,0xf6,0x0f,0x10,0x00,0x03,0x00,0x00,0x00,
0x46,0x02,0x10,0x00,0x09,0x00,0x00,0x00,0x32,0x00,0x00,0x09,0x82,0x00,0x10,0x00,
0x0f,0x00,0x00,0x00,0x2a,0x00,0x10,0x00,0x04,0x00,0x00,0x00,0x3a,0x00,0x10,0x00,
0x02,0x00,0x00,0x00,0x3a,0x00,0x10,0x00,0x09,0x00,0x00,0x00,0x37,0x00,0x00,0x0c,
0xf2,0x00,0x10,0x00,0x09,0x00,0x00,0x00,0xa6,0x0a,0x10,0x00,0x01,0x00,0x00,0x00,
0x02,0x40,0x00,0x00,0x00,0x00,0x00,0x00,0x00,0x00,0x00,0x00,0x00,0x00,0x00,0x00,
0x00,0x00,0x00,0x00,0x46,0x0e,0x10,0x00,0x0f,0x00,0x00,0x00,0x0f,0x00,0x00,0x07,
0x82,0x00,0x10,0x00,0x02,0x00,0x00,0x00,0x46,0x00,0x10,0x00,0x0d,0x00,0x00,0x00,
0x46,0x00,0x10,0x00,0x0d,0x00,0x00,0x00,0x38,0x00,0x00,0x07,0x82,0x00,0x10,0x00,
0x02,0x00,0x00,0x00,0x3a,0x00,0x10,0x00,0x02,0x00,0x00,0x00,0x01,0x40,0x00,0x00,
0x5d,0x5d,0x54,0xc0,0x19,0x00,0x00,0x05,0x82,0x00,0x10,0x00,0x02,0x00,0x00,0x00,
0x3a,0x00,0x10,0x00,0x02,0x00,0x00,0x00,0x38,0x00,0x00,0x07,0x82,0x00,0x10,0x00,
0x03,0x00,0x00,0x00,0x2a,0x00,0x10,0x00,0x04,0x00,0x00,0x00,0x3a,0x00,0x10,0x00,
0x02,0x00,0x00,0x00,0x33,0x00,0x00,0x07,0x72,0x00,0x10,0x00,0x0a,0x00,0x00,0x00,
0x46,0x02,0x10,0x00,0x12,0x00,0x00,0x00,0x46,0x02,0x10,0x00,0x0a,0x00,0x00,0x00,
0x34,0x00,0x00,0x07,0x72,0x00,0x10,0x00,0x0c,0x00,0x00,0x00,0x46,0x02,0x10,0x00,
0x12,0x00,0x00,0x00,0x46,0x02,0x10,0x00,0x0c,0x00,0x00,0x00,0x38,0x00,0x00,0x07,
0x72,0x00,0x10,0x00,0x0f,0x00,0x00,0x00,0xf6,0x0f,0x10,0x00,0x03,0x00,0x00,0x00,
0x46,0x02,0x10,0x00,0x12,0x00,0x00,0x00,0x32,0x00,0x00,0x09,0x72,0x00,0x10,0x00,
0x14,0x00,0x00,0x00,0x46,0x02,0x10,0x00,0x12,0x00,0x00,0x00,0xf6,0x0f,0x10,0x00,
0x03,0x00,0x00,0x00,0x46,0x02,0x10,0x00,0x14,0x00,0x00,0x00,0x32,0x00,0x00,0x09,
0xb2,0x00,0x10,0x00,0x05,0x00,0x00,0x00,0x46,0x08,0x10,0x00,0x12,0x00,0x00,0x00,
0x46,0x08,0x10,0x00,0x0f,0x00,0x00,0x00,0x46,0x0c,0x10,0x00,0x05,0x00,0x00,0x00,
0x32,0x00,0x00,0x09,0x22,0x00,0x10,0x00,0x02,0x00,0x00,0x00,0x3a,0x00,0x10,0x00,
0x02,0x00,0x00,0x00,0x2a,0x00,0x10,0x00,0x04,0x00,0x00,0x00,0x1a,0x00,0x10,0x00,
0x02,0x00,0x00,0x00,0x0f,0x00,0x00,0x07,0x82,0x00,0x10,0x00,0x02,0x00,0x00,0x00,
0xe6,0x0a,0x10,0x00,0x0e,0x00,0x00,0x00,0xe6,0x0a,0x10,0x00,0x0e,0x00,0x00,0x00,
0x33,0x00,0x00,0x07,0x82,0x00,0x10,0x00,0x02,0x00,0x00,0x00,0x3a,0x00,0x10,0x00,
0x02,0x00,0x00,0x00,0x01,0x40,0x00,0x00,0x00,0x00,0x80,0x40,0x32,0x00,0x00,0x0f,
0xc2,0x00,0x10,0x00,0x08,0x00,0x00,0x00,0xf6,0x0f,0x10,0x00,0x02,0x00,0x00,0x00,
0x02,0x40,0x00,0x00,0x00,0x00,0x00,0x00,0x00,0x00,0x00,0x00,0xcd,0xcc,0xcc,0x3e,
0x00,0x00,0x80,0x3e,0x02,0x40,0x00,0x00,0x00,0x00,0x00,0x00,0x00,0x00,0x00,0x00,
0x00,0x00,0x80,0xbf,0x00,0x00,0x80,0xbf,0x38,0x00,0x00,0x07,0xc2,0x00,0x10,0x00,
0x08,0x00,0x00,0x00,0xa6,0x0e,0x10,0x00,0x08,0x00,0x00,0x00,0xa6,0x0e,0x10,0x00,
0x08,0x00,0x00,0x00,0x32,0x00,0x00,0x09,0x82,0x00,0x10,0x00,0x02,0x00,0x00,0x00,
0x2a,0x00,0x10,0x00,0x08,0x00,0x00,0x00,0x01,0x40,0x00,0x00,0x00,0x00,0xc8,0x3f,
0x01,0x40,0x00,0x00,0x00,0x00,0x10,0xbf,0x38,0x00,0x00,0x07,0x82,0x00,0x10,0x00,
0x02,0x00,0x00,0x00,0x3a,0x00,0x10,0x00,0x08,0x00,0x00,0x00,0x3a,0x00,0x10,0x00,
0x02,0x00,0x00,0x00,0x38,0x00,0x00,0x07,0x82,0x00,0x10,0x00,0x03,0x00,0x00,0x00,
0x3a,0x00,0x10,0x00,0x02,0x00,0x00,0x00,0x3a,0x00,0x10,0x00,0x04,0x00,0x00,0x00,
0x32,0x00,0x00,0x09,0x72,0x00,0x10,0x00,0x0e,0x00,0x00,0x00,0x46,0x02,0x10,0x00,
0x11,0x00,0x00,0x00,0xf6,0x0f,0x10,0x00,0x03,0x00,0x00,0x00,0x46,0x02,0x10,0x00,
0x09,0x00,0x00,0x00,0x32,0x00,0x00,0x09,0x82,0x00,0x10,0x00,0x0e,0x00,0x00,0x00,
0x3a,0x00,0x10,0x00,0x04,0x00,0x00,0x00,0x3a,0x00,0x10,0x00,0x02,0x00,0x00,0x00,
0x3a,0x00,0x10,0x00,0x09,0x00,0x00,0x00,0x37,0x00,0x00,0x0c,0xf2,0x00,0x10,0x00,
0x09,0x00,0x00,0x00,0xa6,0x0a,0x10,0x00,0x01,0x00,0x00,0x00,0x02,0x40,0x00,0x00,
0x00,0x00,0x00,0x00,0x00,0x00,0x00,0x00,0x00,0x00,0x00,0x00,0x00,0x00,0x00,0x00,
0x46,0x0e,0x10,0x00,0x0e,0x00,0x00,0x00,0x0f,0x00,0x00,0x07,0x82,0x00,0x10,0x00,
0x02,0x00,0x00,0x00,0xe6,0x0a,0x10,0x00,0x0d,0x00,0x00,0x00,0xe6,0x0a,0x10,0x00,
0x0d,0x00,0x00,0x00,0x38,0x00,0x00,0x07,0x82,0x00,0x10,0x00,0x02,0x00,0x00,0x00,
0x3a,0x00,0x10,0x00,0x02,0x00,0x00,0x00,0x01,0x40,0x00,0x00,0x5d,0x5d,0x54,0xc0,
0x19,0x00,0x00,0x05,0x82,0x00,0x10,0x00,0x02,0x00,0x00,0x00,0x3a,0x00,0x10,0x00,
0x02,0x00,0x00,0x00,0x38,0x00,0x00,0x07,0x82,0x00,0x10,0x00,0x03,0x00,0x00,0x00,
0x3a,0x00,0x10,0x00,0x04,0x00,0x00,0x00,0x3a,0x00,0x10,0x00,0x02,0x00,0x00,0x00,
0x33,0x00,0x00,0x07,0x72,0x00,0x10,0x00,0x0a,0x00,0x00,0x00,0x46,0x02,0x10,0x00,
0x11,0x00,0x00,0x00,0x46,0x02,0x10,0x00,0x0a,0x00,0x00,0x00,0x34,0x00,0x00,0x07,
0x72,0x00,0x10,0x00,0x0c,0x00,0x00,0x00,0x46,0x02,0x10,0x00,0x11,0x00,0x00,0x00,
0x46,0x02,0x10,0x00,0x0c,0x00,0x00,0x00,0x38,0x00,0x00,0x07,0x72,0x00,0x10,0x00,
0x0d,0x00,0x00,0x00,0xf6,0x0f,0x10,0x00,0x03,0x00,0x00,0x00,0x46,0x02,0x10,0x00,
0x11,0x00,0x00,0x00,0x32,0x00,0x00,0x09,0x72,0x00,0x10,0x00,0x0e,0x00,0x00,0x00,
0x46,0x02,0x10,0x00,0x11,0x00,0x00,0x00,0xf6,0x0f,0x10,0x00,0x03,0x00,0x00,0x00,
0x46,0x02,0x10,0x00,0x14,0x00,0x00,0x00,0x32,0x00,0x00,0x09,0xb2,0x00,0x10,0x00,
0x05,0x00,0x00,0x00,0x46,0x08,0x10,0x00,0x11,0x00,0x00,0x00,0x46,0x08,0x10,0x00,
0x0d,0x00,0x00,0x00,0x46,0x0c,0x10,0x00,0x05,0x00,0x00,0x00,0x32,0x00,0x00,0x09,
0x22,0x00,0x10,0x00,0x02,0x00,0x00,0x00,0x3a,0x00,0x10,0x00,0x02,0x00,0x00,0x00,
0x3a,0x00,0x10,0x00,0x04,0x00,0x00,0x00,0x1a,0x00,0x10,0x00,0x02,0x00,0x00,0x00,
0x2b,0x00,0x00,0x05,0xf2,0x00,0x10,0x00,0x0d,0x00,0x00,0x00,0x46,0x08,0x10,0x00,
0x10,0x00,0x00,0x00,0x00,0x00,0x00,0x07,0xf2,0x00,0x10,0x00,0x0d,0x00,0x00,0x00,
0x96,0x09,0x10,0x00,0x03,0x00,0x00,0x00,0x46,0x0e,0x10,0x00,0x0d,0x00,0x00,0x00,
0x00,0x00,0x00,0x07,0xf2,0x00,0x10,0x00,0x0d,0x00,0x00,0x00,0x46,0x04,0x10,0x00,
0x00,0x00,0x00,0x00,0x46,0x0e,0x10,0x00,0x0d,0x00,0x00,0x00,0x4f,0x00,0x00,0x08,
0xf2,0x00,0x10,0x00,0x0f,0x00,0x00,0x00,0x46,0x0e,0x10,0x00,0x13,0x00,0x00,0x00,
0x46,0x84,0x20,0x00,0x00,0x00,0x00,0x00,0x00,0x00,0x00,0x00,0x01,0x00,0x00,0x07,
0xc2,0x00,0x10,0x00,0x04,0x00,0x00,0x00,0x56,0x0d,0x10,0x00,0x0f,0x00,0x00,0x00,
0x06,0x08,0x10,0x00,0x0f,0x00,0x00,0x00,0x01,0x00,0x00,0x0a,0xc2,0x00,0x10,0x00,
0x04,0x00,0x00,0x00,0xa6,0x0e,0x10,0x00,0x04,0x00,0x00,0x00,0x02,0x40,0x00,0x00,
0x00,0x00,0x00,0x00,0x00,0x00,0x00,0x00,0x00,0x00,0x80,0x3f,0x00,0x00,0x80,0x3f,
0x38,0x00,0x00,0x07,0xf2,0x00,0x10,0x00,0x0f,0x00,0x00,0x00,0xf6,0x0f,0x10,0x00,
0x00,0x00,0x00,0x00,0x46,0x0e,0x10,0x00,0x0d,0x00,0x00,0x00,0x0f,0x00,0x00,0x07,
0x82,0x00,0x10,0x00,0x02,0x00,0x00,0x00,0x46,0x00,0x10,0x00,0x0f,0x00,0x00,0x00,
0x46,0x00,0x10,0x00,0x0f,0x00,0x00,0x00,0x33,0x00,0x00,0x07,0x82,0x00,0x10,0x00,
0x02,0x00,0x00,0x00,0x3a,0x00,0x10,0x00,0x02,0x00,0x00,0x00,0x01,0x40,0x00,0x00,
0x00,0x00,0x80,0x40,0x32,0x00,0x00,0x0f,0xc2,0x00,0x10,0x00,0x08,0x00,0x00,0x00,
0xf6,0x0f,0x10,0x00,0x02,0x00,0x00,0x00,0x02,0x40,0x00,0x00,0x00,0x00,0x00,0x00,
0x00,0x00,0x00,0x00,0xcd,0xcc,0xcc,0x3e,0x00,0x00,0x80,0x3e,0x02,0x40,0x00,0x00,
0x00,0x00,0x00,0x00,0x00,0x00,0x00,0x00,0x00,0x00,0x80,0xbf,0x00,0x00,0x80,0xbf,
0x38,0x00,0x00,0x07,0xc2,0x00,0x10,0x00,0x08,0x00,0x00,0x00,0xa6,0x0e,0x10,0x00,
0x08,0x00,0x00,0x00,0xa6,0x0e,0x10,0x00,0x08,0x00,0x00,0x00,0x32,0x00,0x00,0x09,
0x82,0x00,0x10,0x00,0x02,0x00,0x00,0x00,0x2a,0x00,0x10,0x00,0x08,0x00,0x00,0x00,
0x01,0x40,0x00,0x00,0x00,0x00,0xc8,0x3f,0x01,0x40,0x00,0x00,0x00,0x00,0x10,0xbf,
0x38,0x00,0x00,0x07,0x82,0x00,0x10,0x00,0x02,0x00,0x00,0x00,0x3a,0x00,0x10,0x00,
0x08,0x00,0x00,0x00,0x3a,0x00,0x10,0x00,0x02,0x00,0x00,0x00,0x38,0x00,0x00,0x07,
0x82,0x00,0x10,0x00,0x03,0x00,0x00,0x00,0x3a,0x00,0x10,0x00,0x02,0x00,0x00,0x00,
0x2a,0x00,0x10,0x00,0x04,0x00,0x00,0x00,0x32,0x00,0x00,0x09,0x72,0x00,0x10,0x00,
0x10,0x00,0x00,0x00,0x46,0x02,0x10,0x00,0x16,0x00,0x00,0x00,0xf6,0x0f,0x10,0x00,
0x03,0x00,0x00,0x00,0x46,0x02,0x10,0x00,0x09,0x00,0x00,0x00,0x32,0x00,0x00,0x09,
0x82,0x00,0x10,0x00,0x10,0x00,0x00,0x00,0x2a,0x00,0x10,0x00,0x04,0x00,0x00,0x00,
0x3a,0x00,0x10,0x00,0x02,0x00,0x00,0x00,0x3a,0x00,0x10,0x00,0x09,0x00,0x00,0x00,
0x37,0x00,0x00,0x0c,0xf2,0x00,0x10,0x00,0x09,0x00,0x00,0x00,0xa6,0x0a,0x10,0x00,
0x01,0x00,0x00,0x00,0x02,0x40,0x00,0x00,0x00,0x00,0x00,0x00,0x00,0x00,0x00,0x00,
0x00,0x00,0x00,0x00,0x00,0x00,0x00,0x00,0x46,0x0e,0x10,0x00,0x10,0x00,0x00,0x00,
0x0f,0x00,0x00,0x07,0x82,0x00,0x10,0x00,0x02,0x00,0x00,0x00,0x46,0x00,0x10,0x00,
0x0d,0x00,0x00,0x00,0x46,0x00,0x10,0x00,0x0d,0x00,0x00,0x00,0x38,0x00,0x00,0x07,
0x82,0x00,0x10,0x00,0x02,0x00,0x00,0x00,0x3a,0x00,0x10,0x00,0x02,0x00,0x00,0x00,
0x01,0x40,0x00,0x00,0x5d,0x5d,0x54,0xc0,0x19,0x00,0x00,0x05,0x82,0x00,0x10,0x00,
0x02,0x00,0x00,0x00,0x3a,0x00,0x10,0x00,0x02,0x00,0x00,0x00,0x38,0x00,0x00,0x07,
0x82,0x00,0x10,0x00,0x03,0x00,0x00,0x00,0x2a,0x00,0x10,0x00,0x04,0x00,0x00,0x00,
0x3a,0x00,0x10,0x00,0x02,0x00,0x00,0x00,0x33,0x00,0x00,0x07,0x72,0x00,0x10,0x00,
0x0a,0x00,0x00,0x00,0x46,0x02,0x10,0x00,0x16,0x00,0x00,0x00,0x46,0x02,0x10,0x00,
0x0a,0x00,0x00,0x00,0x34,0x00,0x00,0x07,0x72,0x00,0x10,0x00,0x0c,0x00,0x00,0x00,
0x46,0x02,0x10,0x00,0x16,0x00,0x00,0x00,0x46,0x02,0x10,0x00,0x0c,0x00,0x00,0x00,
0x38,0x00,0x00,0x07,0x72,0x00,0x10,0x00,0x10,0x00,0x00,0x00,0xf6,0x0f,0x10,0x00,
0x03,0x00,0x00,0x00,0x46,0x02,0x10,0x00,0x16,0x00,0x00,0x00,0x32,0x00,0x00,0x09,
0x72,0x00,0x10,0x00,0x0e,0x00,0x00,0x00,0x46,0x02,0x10,0x00,0x16,0x00,0x00,0x00,
0xf6,0x0f,0x10,0x00,0x03,0x00,0x00,0x00,0x46,0x02,0x10,0x00,0x0e,0x00,0x00,0x00,
0x32,0x00,0x00,0x09,0xb2,0x00,0x10,0x00,0x05,0x00,0x00,0x00,0x46,0x08,0x10,0x00,
0x16,0x00,0x00,0x00,0x46,0x08,0x10,0x00,0x10,0x00,0x00,0x00,0x46,0x0c,0x10,0x00,
0x05,0x00,0x00,0x00,0x32,0x00,0x00,0x09,0x22,0x00,0x10,0x00,0x02,0x00,0x00,0x00,
0x3a,0x00,0x10,0x00,0x02,0x00,0x00,0x00,0x2a,0x00,0x10,0x00,0x04,0x00,0x00,0x00,
0x1a,0x00,0x10,0x00,0x02,0x00,0x00,0x00,0x2b,0x00,0x00,0x05,0xf2,0x00,0x10,0x00,
0x0b,0x00,0x00,0x00,0x66,0x07,0x10,0x00,0x0b,0x00,0x00,0x00,0x00,0x00,0x00,0x07,
0xf2,0x00,0x10,0x00,0x0b,0x00,0x00,0x00,0x96,0x09,0x10,0x00,0x03,0x00,0x00,0x00,
0x46,0x0e,0x10,0x00,0x0b,0x00,0x00,0x00,0x00,0x00,0x00,0x07,0xf2,0x00,0x10,0x00,
0x0b,0x00,0x00,0x00,0x46,0x04,0x10,0x00,0x00,0x00,0x00,0x00,0x46,0x0e,0x10,0x00,
0x0b,0x00,0x00,0x00,0x4f,0x00,0x00,0x08,0xf2,0x00,0x10,0x00,0x10,0x00,0x00,0x00,
0x46,0x0e,0x10,0x00,0x15,0x00,0x00,0x00,0x46,0x84,0x20,0x00,0x00,0x00,0x00,0x00,
0x00,0x00,0x00,0x00,0x01,0x00,0x00,0x07,0x32,0x00,0x10,0x00,0x00,0x00,0x00,0x00,
0xd6,0x05,0x10,0x00,0x10,0x00,0x00,0x00,0x86,0x00,0x10,0x00,0x10,0x00,0x00,0x00,
0x01,0x00,0x00,0x0a,0x32,0x00,0x10,0x00,0x00,0x00,0x00,0x00,0x46,0x00,0x10,0x00,
0x00,0x00,0x00,0x00,0x02,0x40,0x00,0x00,0x00,0x00,0x80,0x3f,0x00,0x00,0x80,0x3f,
0x00,0x00,0x00,0x00,0x00,0x00,0x00,0x00,0x38,0x00,0x00,0x07,0xf2,0x00,0x10,0x00,
0x10,0x00,0x00,0x00,0xf6,0x0f,0x10,0x00,0x00,0x00,0x00,0x00,0x46,0x0e,0x10,0x00,
0x0b,0x00,0x00,0x00,0x0f,0x00,0x00,0x07,0x82,0x00,0x10,0x00,0x00,0x00,0x00,0x00,
0x46,0x00,0x10,0x00,0x10,0x00,0x00,0x00,0x46,0x00,0x10,0x00,0x10,0x00,0x00,0x00,
0x33,0x00,0x00,0x07,0x82,0x00,0x10,0x00,0x00,0x00,0x00,0x00,0x3a,0x00,0x10,0x00,
0x00,0x00,0x00,0x00,0x01,0x40,0x00,0x00,0x00,0x00,0x80,0x40,0x32,0x00,0x00,0x0f,
0x62,0x00,0x10,0x00,0x03,0x00,0x00,0x00,0xf6,0x0f,0x10,0x00,0x00,0x00,0x00,0x00,
0x02,0x40,0x00,0x00,0x00,0x00,0x00,0x00,0xcd,0xcc,0xcc,0x3e,0x00,0x00,0x80,0x3e,
0x00,0x00,0x00,0x00,0x02,0x40,0x00,0x00,0x00,0x00,0x00,0x00,0x00,0x00,0x80,0xbf,
0x00,0x00,0x80,0xbf,0x00,0x00,0x00,0x00,0x38,0x00,0x00,0x07,0x62,0x00,0x10,0x00,
0x03,0x00,0x00,0x00,0x56,0x06,0x10,0x00,0x03,0x00,0x00,0x00,0x56,0x06,0x10,0x00,
0x03,0x00,0x00,0x00,0x32,0x00,0x00,0x09,0x82,0x00,0x10,0x00,0x00,0x00,0x00,0x00,
0x1a,0x00,0x10,0x00,0x03,0x00,0x00,0x00,0x01,0x40,0x00,0x00,0x00,0x00,0xc8,0x3f,
0x01,0x40,0x00,0x00,0x00,0x00,0x10,0xbf,0x38,0x00,0x00,0x07,0x82,0x00,0x10,0x00,
0x00,0x00,0x00,0x00,0x2a,0x00,0x10,0x00,0x03,0x00,0x00,0x00,0x3a,0x00,0x10,0x00,
0x00,0x00,0x00,0x00,0x38,0x00,0x00,0x07,0x82,0x00,0x10,0x00,0x02,0x00,0x00,0x00,
0x3a,0x00,0x10,0x00,0x00,0x00,0x00,0x00,0x0a,0x00,0x10,0x00,0x00,0x00,0x00,0x00,
0x32,0x00,0x00,0x09,0x72,0x00,0x10,0x00,0x11,0x00,0x00,0x00,0x46,0x02,0x10,0x00,
0x19,0x00,0x00,0x00,0xf6,0x0f,0x10,0x00,0x02,0x00,0x00,0x00,0x46,0x02,0x10,0x00,
0x09,0x00,0x00,0x00,0x32,0x00,0x00,0x09,0x82,0x00,0x10,0x00,0x11,0x00,0x00,0x00,
0x0a,0x00,0x10,0x00,0x00,0x00,0x00,0x00,0x3a,0x00,0x10,0x00,0x00,0x00,0x00,0x00,
0x3a,0x00,0x10,0x00,0x09,0x00,0x00,0x00,0x37,0x00,0x00,0x0c,0xf2,0x00,0x10,0x00,
0x09,0x00,0x00,0x00,0xa6,0x0a,0x10,0x00,0x01,0x00,0x00,0x00,0x02,0x40,0x00,0x00,
0x00,0x00,0x00,0x00,0x00,0x00,0x00,0x00,0x00,0x00,0x00,0x00,0x00,0x00,0x00,0x00,
0x46,0x0e,0x10,0x00,0x11,0x00,0x00,0x00,0x0f,0x00,0x00,0x07,0x82,0x00,0x10,0x00,
0x00,0x00,0x00,0x00,0x46,0x00,0x10,0x00,0x0b,0x00,0x00,0x00,0x46,0x00,0x10,0x00,
0x0b,0x00,0x00,0x00,0x38,0x00,0x00,0x07,0x82,0x00,0x10,0x00,0x00,0x00,0x00,0x00,
0x3a,0x00,0x10,0x00,0x00,0x00,0x00,0x00,0x01,0x40,0x00,0x00,0x5d,0x5d,0x54,0xc0,
0x19,0x00,0x00,0x05,0x82,0x00,0x10,0x00,0x00,0x00,0x00,0x00,0x3a,0x00,0x10,0x00,
0x00,0x00,0x00,0x00,0x38,0x00,0x00,0x07,0x82,0x00,0x10,0x00,0x02,0x00,0x00,0x00,
0x0a,0x00,0x10,0x00,0x00,0x00,0x00,0x00,0x3a,0x00,0x10,0x00,0x00,0x00,0x00,0x00,
0x33,0x00,0x00,0x07,0xe2,0x00,0x10,0x00,0x03,0x00,0x00,0x00,0x06,0x09,0x10,0x00,
0x19,0x00,0x00,0x00,0x06,0x09,0x10,0x00,0x0a,0x00,0x00,0x00,0x34,0x00,0x00,0x07,
0x72,0x00,0x10,0x00,0x0a,0x00,0x00,0x00,0x46,0x02,0x10,0x00,0x19,0x00,0x00,0x00,
0x46,0x02,0x10,0x00,0x0c,0x00,0x00,0x00,0x38,0x00,0x00,0x07,0x72,0x00,0x10,0x00,
0x0c,0x00,0x00,0x00,0xf6,0x0f,0x10,0x00,0x02,0x00,0x00,0x00,0x46,0x02,0x10,0x00,
0x19,0x00,0x00,0x00,0x32,0x00,0x00,0x09,0x72,0x00,0x10,0x00,0x0e,0x00,0x00,0x00,
0x46,0x02,0x10,0x00,0x19,0x00,0x00,0x00,0xf6,0x0f,0x10,0x00,0x02,0x00,0x00,0x00,
0x46,0x02,0x10,0x00,0x0e,0x00,0x00,0x00,0x32,0x00,0x00,0x09,0xb2,0x00,0x10,0x00,
0x05,0x00,0x00,0x00,0x46,0x08,0x10,0x00,0x19,0x00,0x00,0x00,0x46,0x08,0x10,0x00,
0x0c,0x00,0x00,0x00,0x46,0x0c,0x10,0x00,0x05,0x00,0x00,0x00,0x32,0x00,0x00,0x09,
0x12,0x00,0x10,0x00,0x00,0x00,0x00,0x00,0x3a,0x00,0x10,0x00,0x00,0x00,0x00,0x00,
0x0a,0x00,0x10,0x00,0x00,0x00,0x00,0x00,0x1a,0x00,0x10,0x00,0x02,0x00,0x00,0x00,
0x0f,0x00,0x00,0x07,0x82,0x00,0x10,0x00,0x00,0x00,0x00,0x00,0xe6,0x0a,0x10,0x00,
0x10,0x00,0x00,0x00,0xe6,0x0a,0x10,0x00,0x10,0x00,0x00,0x00,0x33,0x00,0x00,0x07,
0x82,0x00,0x10,0x00,0x00,0x00,0x00,0x00,0x3a,0x00,0x10,0x00,0x00,0x00,0x00,0x00,
0x01,0x40,0x00,0x00,0x00,0x00,0x80,0x40,0x32,0x00,0x00,0x0f,0xa2,0x00,0x10,0x00,
0x02,0x00,0x00,0x00,0xf6,0x0f,0x10,0x00,0x00,0x00,0x00,0x00,0x02,0x40,0x00,0x00,
0x00,0x00,0x00,0x00,0xcd,0xcc,0xcc,0x3e,0x00,0x00,0x00,0x00,0x00,0x00,0x80,0x3e,
0x02,0x40,0x00,0x00,0x00,0x00,0x00,0x00,0x00,0x00,0x80,0xbf,0x00,0x00,0x00,0x00,
0x00,0x00,0x80,0xbf,0x38,0x00,0x00,0x07,0xa2,0x00,0x10,0x00,0x02,0x00,0x00,0x00,
0x56,0x0d,0x10,0x00,0x02,0x00,0x00,0x00,0x56,0x0d,0x10,0x00,0x02,0x00,0x00,0x00,
0x32,0x00,0x00,0x09,0x82,0x00,0x10,0x00,0x00,0x00,0x00,0x00,0x1a,0x00,0x10,0x00,
0x02,0x00,0x00,0x00,0x01,0x40,0x00,0x00,0x00,0x00,0xc8,0x3f,0x01,0x40,0x00,0x00,
0x00,0x00,0x10,0xbf,0x38,0x00,0x00,0x07,0x82,0x00,0x10,0x00,0x00,0x00,0x00,0x00,
0x3a,0x00,0x10,0x00,0x02,0x00,0x00,0x00,0x3a,0x00,0x10,0x00,0x00,0x00,0x00,0x00,
0x38,0x00,0x00,0x07,0x22,0x00,0x10,0x00,0x02,0x00,0x00,0x00,0x3a,0x00,0x10,0x00,
0x00,0x00,0x00,0x00,0x1a,0x00,0x10,0x00,0x00,0x00,0x00,0x00,0x32,0x00,0x00,0x09,
0x72,0x00,0x10,0x00,0x0c,0x00,0x00,0x00,0x46,0x02,0x10,0x00,0x18,0x00,0x00,0x00,
0x56,0x05,0x10,0x00,0x02,0x00,0x00,0x00,0x46,0x02,0x10,0x00,0x09,0x00,0x00,0x00,
0x32,0x00,0x00,0x09,0x82,0x00,0x10,0x00,0x0c,0x00,0x00,0x00,0x1a,0x00,0x10,0x00,
0x00,0x00,0x00,0x00,0x3a,0x00,0x10,0x00,0x00,0x00,0x00,0x00,0x3a,0x00,0x10,0x00,
0x09,0x00,0x00,0x00,0x37,0x00,0x00,0x0c,0xf2,0x00,0x10,0x00,0x09,0x00,0x00,0x00,
0xa6,0x0a,0x10,0x00,0x01,0x00,0x00,0x00,0x02,0x40,0x00,0x00,0x00,0x00,0x00,0x00,
0x00,0x00,0x00,0x00,0x00,0x00,0x00,0x00,0x00,0x00,0x00,0x00,0x46,0x0e,0x10,0x00,
0x0c,0x00,0x00,0x00,0x0f,0x00,0x00,0x07,0x82,0x00,0x10,0x00,0x00,0x00,0x00,0x00,
0xe6,0x0a,0x10,0x00,0x0b,0x00,0x00,0x00,0xe6,0x0a,0x10,0x00,0x0b,0x00,0x00,0x00,
0x38,0x00,0x00,0x07,0x82,0x00,0x10,0x00,0x00,0x00,0x00,0x00,0x3a,0x00,0x10,0x00,
0x00,0x00,0x00,0x00,0x01,0x40,0x00,0x00,0x5d,0x5d,0x54,0xc0,0x19,0x00,0x00,0x05,
0x82,0x00,0x10,0x00,0x00,0x00,0x00,0x00,0x3a,0x00,0x10,0x00,0x00,0x00,0x00,0x00,
0x38,0x00,0x00,0x07,0x22,0x00,0x10,0x00,0x02,0x00,0x00,0x00,0x1a,0x00,0x10,0x00,
0x00,0x00,0x00,0x00,0x3a,0x00,0x10,0x00,0x00,0x00,0x00,0x00,0x33,0x00,0x00,0x07,
0xe2,0x00,0x10,0x00,0x03,0x00,0x00,0x00,0x06,0x09,0x10,0x00,0x18,0x00,0x00,0x00,
0x56,0x0e,0x10,0x00,0x03,0x00,0x00,0x00,0x34,0x00,0x00,0x07,0x72,0x00,0x10,0x00,
0x0a,0x00,0x00,0x00,0x46,0x02,0x10,0x00,0x18,0x00,0x00,0x00,0x46,0x02,0x10,0x00,
0x0a,0x00,0x00,0x00,0x38,0x00,0x00,0x07,0x72,0x00,0x10,0x00,0x0b,0x00,0x00,0x00,
0x56,0x05,0x10,0x00,0x02,0x00,0x00,0x00,0x46,0x02,0x10,0x00,0x18,0x00,0x00,0x00,
0x32,0x00,0x00,0x09,0x72,0x00,0x10,0x00,0x0c,0x00,0x00,0x00,0x46,0x02,0x10,0x00,
0x18,0x00,0x00,0x00,0x56,0x05,0x10,0x00,0x02,0x00,0x00,0x00,0x46,0x02,0x10,0x00,
0x0e,0x00,0x00,0x00,0x32,0x00,0x00,0x09,0xb2,0x00,0x10,0x00,0x05,0x00,0x00,0x00,
0x46,0x08,0x10,0x00,0x18,0x00,0x00,0x00,0x46,0x08,0x10,0x00,0x0b,0x00,0x00,0x00,
0x46,0x0c,0x10,0x00,0x05,0x00,0x00,0x00,0x32,0x00,0x00,0x09,0x12,0x00,0x10,0x00,
0x00,0x00,0x00,0x00,0x3a,0x00,0x10,0x00,0x00,0x00,0x00,0x00,0x1a,0x00,0x10,0x00,
0x00,0x00,0x00,0x00,0x0a,0x00,0x10,0x00,0x00,0x00,0x00,0x00,0x0f,0x00,0x00,0x07,
0x22,0x00,0x10,0x00,0x00,0x00,0x00,0x00,0xe6,0x0a,0x10,0x00,0x0f,0x00,0x00,0x00,
0xe6,0x0a,0x10,0x00,0x0f,0x00,0x00,0x00,0x33,0x00,0x00,0x07,0x22,0x00,0x10,0x00,
0x00,0x00,0x00,0x00,0x1a,0x00,0x10,0x00,0x00,0x00,0x00,0x00,0x01,0x40,0x00,0x00,
0x00,0x00,0x80,0x40,0x32,0x00,0x00,0x0f,0xa2,0x00,0x10,0x00,0x00,0x00,0x00,0x00,
0x56,0x05,0x10,0x00,0x00,0x00,0x00,0x00,0x02,0x40,0x00,0x00,0x00,0x00,0x00,0x00,
0xcd,0xcc,0xcc,0x3e,0x00,0x00,0x00,0x00,0x00,0x00,0x80,0x3e,0x02,0x40,0x00,0x00,
0x00,0x00,0x00,0x00,0x00,0x00,0x80,0xbf,0x00,0x00,0x00,0x00,0x00,0x00,0x80,0xbf,
0x38,0x00,0x00,0x07,0xa2,0x00,0x10,0x00,0x00,0x00,0x00,0x00,0x56,0x0d,0x10,0x00,
0x00,0x00,0x00,0x00,0x56,0x0d,0x10,0x00,0x00,0x00,0x00,0x00,0x32,0x00,0x00,0x09,
0x22,0x00,0x10,0x00,0x00,0x00,0x00,0x00,0x1a,0x00,0x10,0x00,0x00,0x00,0x00,0x00,
0x01,0x40,0x00,0x00,0x00,0x00,0xc8,0x3f,0x01,0x40,0x00,0x00,0x00,0x00,0x10,0xbf,
0x38,0x00,0x00,0x07,0x22,0x00,0x10,0x00,0x00,0x00,0x00,0x00,0x3a,0x00,0x10,0x00,
0x00,0x00,0x00,0x00,0x1a,0x00,0x10,0x00,0x00,0x00,0x00,0x00,0x38,0x00,0x00,0x07,
0x82,0x00,0x10,0x00,0x00,0x00,0x00,0x00,0x1a,0x00,0x10,0x00,0x00,0x00,0x00,0x00,
0x3a,0x00,0x10,0x00,0x04,0x00,0x00,0x00,0x32,0x00,0x00,0x09,0x72,0x00,0x10,0x00,
0x0b,0x00,0x00,0x00,0x46,0x02,0x10,0x00,0x17,0x00,0x00,0x00,0xf6,0x0f,0x10,0x00,
0x00,0x00,0x00,0x00,0x46,0x02,0x10,0x00,0x09,0x00,0x00,0x00,0x32,0x00,0x00,0x09,
0x82,0x00,0x10,0x00,0x0b,0x00,0x00,0x00,0x3a,0x00,0x10,0x00,0x04,0x00,0x00,0x00,
0x1a,0x00,0x10,0x00,0x00,0x00,0x00,0x00,0x3a,0x00,0x10,0x00,0x09,0x00,0x00,0x00,
0x37,0x00,0x00,0x0c,0xf2,0x00,0x10,0x00,0x09,0x00,0x00,0x00,0xa6,0x0a,0x10,0x00,
0x01,0x00,0x00,0x00,0x02,0x40,0x00,0x00,0x00,0x00,0x00,0x00,0x00,0x00,0x00,0x00,
0x00,0x00,0x00,0x00,0x00,0x00,0x00,0x00,0x46,0x0e,0x10,0x00,0x0b,0x00,0x00,0x00,
0x0f,0x00,0x00,0x07,0x22,0x00,0x10,0x00,0x00,0x00,0x00,0x00,0xe6,0x0a,0x10,0x00,
0x0d,0x00,0x00,0x00,0xe6,0x0a,0x10,0x00,0x0d,0x00,0x00,0x00,0x38,0x00,0x00,0x07,
0x22,0x00,0x10,0x00,0x00,0x00,0x00,0x00,0x1a,0x00,0x10,0x00,0x00,0x00,0x00,0x00,
0x01,0x40,0x00,0x00,0x5d,0x5d,0x54,0xc0,0x19,0x00,0x00,0x05,0x22,0x00,0x10,0x00,
0x00,0x00,0x00,0x00,0x1a,0x00,0x10,0x00,0x00,0x00,0x00,0x00,0x38,0x00,0x00,0x07,
0x82,0x00,0x10,0x00,0x00,0x00,0x00,0x00,0x3a,0x00,0x10,0x00,0x04,0x00,0x00,0x00,
0x1a,0x00,0x10,0x00,0x00,0x00,0x00,0x00,0x33,0x00,0x00,0x07,0xe2,0x00,0x10,0x00,
0x03,0x00,0x00,0x00,0x06,0x09,0x10,0x00,0x17,0x00,0x00,0x00,0x56,0x0e,0x10,0x00,
0x03,0x00,0x00,0x00,0x34,0x00,0x00,0x07,0x72,0x00,0x10,0x00,0x0a,0x00,0x00,0x00,
0x46,0x02,0x10,0x00,0x17,0x00,0x00,0x00,0x46,0x02,0x10,0x00,0x0a,0x00,0x00,0x00,
0x38,0x00,0x00,0x07,0x72,0x00,0x10,0x00,0x0b,0x00,0x00,0x00,0xf6,0x0f,0x10,0x00,
0x00,0x00,0x00,0x00,0x46,0x02,0x10,0x00,0x17,0x00,0x00,0x00,0x32,0x00,0x00,0x09,
0x72,0x00,0x10,0x00,0x0c,0x00,0x00,0x00,0x46,0x02,0x10,0x00,0x17,0x00,0x00,0x00,
0xf6,0x0f,0x10,0x00,0x00,0x00,0x00,0x00,0x46,0x02,0x10,0x00,0x0c,0x00,0x00,0x00,
0x32,0x00,0x00,0x09,0xb2,0x00,0x10,0x00,0x05,0x00,0x00,0x00,0x46,0x08,0x10,0x00,
0x17,0x00,0x00,0x00,0x46,0x08,0x10,0x00,0x0b,0x00,0x00,0x00,0x46,0x0c,0x10,0x00,
0x05,0x00,0x00,0x00,0x32,0x00,0x00,0x09,0x12,0x00,0x10,0x00,0x00,0x00,0x00,0x00,
0x1a,0x00,0x10,0x00,0x00,0x00,0x00,0x00,0x3a,0x00,0x10,0x00,0x04,0x00,0x00,0x00,
0x0a,0x00,0x10,0x00,0x00,0x00,0x00,0x00,0x31,0x00,0x00,0x07,0x22,0x00,0x10,0x00,
0x00,0x00,0x00,0x00,0x01,0x40,0x00,0x00,0x00,0x00,0x80,0x00,0x0a,0x00,0x10,0x00,
0x00,0x00,0x00,0x00,0x37,0x00,0x00,0x09,0x12,0x00,0x10,0x00,0x00,0x00,0x00,0x00,
0x1a,0x00,0x10,0x00,0x00,0x00,0x00,0x00,0x0a,0x00,0x10,0x00,0x00,0x00,0x00,0x00,
0x01,0x40,0x00,0x00,0x00,0x00,0x80,0x3f,0x0e,0x00,0x00,0x07,0x72,0x00,0x10,0x00,
0x0b,0x00,0x00,0x00,0x46,0x02,0x10,0x00,0x0c,0x00,0x00,0x00,0x06,0x00,0x10,0x00,
0x00,0x00,0x00,0x00,0x0e,0x00,0x00,0x07,0xb2,0x00,0x10,0x00,0x00,0x00,0x00,0x00,
0x46,0x0c,0x10,0x00,0x05,0x00,0x00,0x00,0x06,0x00,0x10,0x00,0x00,0x00,0x00,0x00,
0x32,0x00,0x00,0x0a,0xb2,0x00,0x10,0x00,0x00,0x00,0x00,0x00,0x46,0x08,0x10,0x80,
0x41,0x00,0x00,0x00,0x0b,0x00,0x00,0x00,0x46,0x08,0x10,0x00,0x0b,0x00,0x00,0x00,
0x46,0x0c,0x10,0x00,0x00,0x00,0x00,0x00,0x4b,0x00,0x00,0x06,0xb2,0x00,0x10,0x00,
0x00,0x00,0x00,0x00,0x46,0x0c,0x10,0x80,0x81,0x00,0x00,0x00,0x00,0x00,0x00,0x00,
0x31,0x00,0x00,0x07,0x22,0x00,0x10,0x00,0x02,0x00,0x00,0x00,0x01,0x40,0x00,0x00,
0x40,0xda,0x7f,0x38,0x3a,0x00,0x10,0x00,0x09,0x00,0x00,0x00,0x01,0x00,0x00,0x07,
0x22,0x00,0x10,0x00,0x02,0x00,0x00,0x00,0x1a,0x00,0x10,0x00,0x02,0x00,0x00,0x00,
0x01,0x40,0x00,0x00,0x00,0x00,0x80,0x3f,0x38,0x00,0x00,0x07,0x82,0x00,0x10,0x00,
0x09,0x00,0x00,0x00,0x1a,0x00,0x10,0x00,0x02,0x00,0x00,0x00,0x3a,0x00,0x10,0x00,
0x09,0x00,0x00,0x00,0x31,0x00,0x00,0x07,0x22,0x00,0x10,0x00,0x02,0x00,0x00,0x00,
0x01,0x40,0x00,0x00,0x40,0xda,0x7f,0x38,0x3a,0x00,0x10,0x00,0x09,0x00,0x00,0x00,
0x0e,0x00,0x00,0x07,0xb2,0x00,0x10,0x00,0x05,0x00,0x00,0x00,0x46,0x08,0x10,0x00,
0x09,0x00,0x00,0x00,0xf6,0x0f,0x10,0x00,0x09,0x00,0x00,0x00,0x38,0x00,0x00,0x07,
0x82,0x00,0x10,0x00,0x0c,0x00,0x00,0x00,0x3a,0x00,0x10,0x00,0x09,0x00,0x00,0x00,
0x01,0x40,0x00,0x00,0xa4,0x70,0x3d,0x3d,0x34,0x00,0x00,0x07,0xe2,0x00,0x10,0x00,
0x03,0x00,0x00,0x00,0x56,0x0e,0x10,0x00,0x03,0x00,0x00,0x00,0x06,0x0d,0x10,0x00,
0x05,0x00,0x00,0x00,0x33,0x00,0x00,0x07,0x72,0x00,0x10,0x00,0x0c,0x00,0x00,0x00,
0x46,0x02,0x10,0x00,0x0a,0x00,0x00,0x00,0x96,0x07,0x10,0x00,0x03,0x00,0x00,0x00,
0x37,0x00,0x00,0x09,0xf2,0x00,0x10,0x00,0x09,0x00,0x00,0x00,0x56,0x05,0x10,0x00,
0x02,0x00,0x00,0x00,0x46,0x0e,0x10,0x00,0x0c,0x00,0x00,0x00,0x46,0x0e,0x10,0x00,
0x09,0x00,0x00,0x00,0x37,0x00,0x00,0x09,0xe2,0x00,0x10,0x00,0x03,0x00,0x00,0x00,
0xa6,0x0a,0x10,0x00,0x01,0x00,0x00,0x00,0x06,0x09,0x10,0x00,0x0b,0x00,0x00,0x00,
0x06,0x09,0x10,0x00,0x09,0x00,0x00,0x00,0x36,0x00,0x00,0x05,0x12,0x00,0x10,0x00,
0x08,0x00,0x00,0x00,0x3a,0x00,0x10,0x00,0x09,0x00,0x00,0x00,0x37,0x00,0x00,0x0c,
0xa2,0x00,0x10,0x00,0x02,0x00,0x00,0x00,0xa6,0x0a,0x10,0x00,0x01,0x00,0x00,0x00,
0x02,0x40,0x00,0x00,0x00,0x00,0x00,0x00,0x00,0x00,0x80,0x3f,0x00,0x00,0x00,0x00,
0x00,0x00,0x00,0x00,0x06,0x04,0x10,0x00,0x08,0x00,0x00,0x00,0x38,0x00,0x00,0x07,
0x42,0x00,0x10,0x00,0x01,0x00,0x00,0x00,0x0a,0x00,0x10,0x00,0x04,0x00,0x00,0x00,
0x01,0x40,0x00,0x00,0xcd,0xcc,0x4c,0x3d,0x33,0x00,0x00,0x07,0x42,0x00,0x10,0x00,
0x01,0x00,0x00,0x00,0x2a,0x00,0x10,0x00,0x01,0x00,0x00,0x00,0x01,0x40,0x00,0x00,
0x00,0x00,0x80,0x3f,0x32,0x20,0x00,0x0a,0x22,0x00,0x10,0x00,0x01,0x00,0x00,0x00,
0x1a,0x00,0x10,0x80,0x41,0x00,0x00,0x00,0x01,0x00,0x00,0x00,0x01,0x40,0x00,0x00,
0xcd,0xcc,0x4c,0x3d,0x01,0x40,0x00,0x00,0x00,0x00,0x40,0x3f,0x44,0x00,0x00,0x05,
0x12,0x00,0x10,0x00,0x02,0x00,0x00,0x00,0x0a,0x00,0x10,0x00,0x02,0x00,0x00,0x00,
0x0e,0x00,0x00,0x0a,0x12,0x00,0x10,0x00,0x02,0x00,0x00,0x00,0x02,0x40,0x00,0x00,
0x00,0x00,0x80,0x3f,0x00,0x00,0x80,0x3f,0x00,0x00,0x80,0x3f,0x00,0x00,0x80,0x3f,
0x0a,0x00,0x10,0x00,0x02,0x00,0x00,0x00,0x34,0x00,0x00,0x07,0x12,0x00,0x10,0x00,
0x02,0x00,0x00,0x00,0x2a,0x00,0x10,0x00,0x02,0x00,0x00,0x00,0x0a,0x00,0x10,0x00,
0x02,0x00,0x00,0x00,0x34,0x00,0x00,0x07,0x82,0x00,0x10,0x00,0x01,0x00,0x00,0x00,
0x3a,0x00,0x10,0x00,0x01,0x00,0x00,0x00,0x0a,0x00,0x10,0x00,0x02,0x00,0x00,0x00,
0x34,0x00,0x00,0x07,0x22,0x00,0x10,0x00,0x01,0x00,0x00,0x00,0x3a,0x00,0x10,0x00,
0x01,0x00,0x00,0x00,0x1a,0x00,0x10,0x00,0x01,0x00,0x00,0x00,0x34,0x00,0x00,0x07,
0x22,0x00,0x10,0x00,0x01,0x00,0x00,0x00,0x1a,0x00,0x10,0x00,0x01,0x00,0x00,0x00,
0x2a,0x00,0x10,0x00,0x01,0x00,0x00,0x00,0x32,0x00,0x00,0x09,0x12,0x00,0x10,0x00,
0x08,0x00,0x00,0x00,0x1a,0x00,0x10,0x00,0x01,0x00,0x00,0x00,0x01,0x40,0x00,0x00,
0x00,0x00,0x00,0xc0,0x01,0x40,0x00,0x00,0x00,0x00,0x40,0x40,0x36,0x00,0x00,0x08,
0x62,0x00,0x10,0x00,0x08,0x00,0x00,0x00,0x02,0x40,0x00,0x00,0x00,0x00,0x00,0x00,
0x00,0x00,0x80,0x3f,0x9a,0x99,0xd9,0x3f,0x00,0x00,0x00,0x00,0x38,0x00,0x00,0x07,
0xb2,0x00,0x10,0x00,0x00,0x00,0x00,0x00,0x46,0x0c,0x10,0x00,0x00,0x00,0x00,0x00,
0x46,0x04,0x10,0x00,0x08,0x00,0x00,0x00,0x38,0x00,0x00,0x07,0xb2,0x00,0x10,0x00,
0x00,0x00,0x00,0x00,0x26,0x02,0x10,0x00,0x08,0x00,0x00,0x00,0x46,0x0c,0x10,0x00,
0x00,0x00,0x00,0x00,0x34,0x00,0x00,0x0a,0xe2,0x00,0x10,0x00,0x01,0x00,0x00,0x00,
0x06,0x0d,0x10,0x00,0x00,0x00,0x00,0x00,0x02,0x40,0x00,0x00,0x00,0x00,0x00,0x00,
0xef,0x18,0x00,0x34,0xef,0x18,0x00,0x34,0xef,0x18,0x00,0x34,0x00,0x00,0x00,0x08,
0xd2,0x00,0x10,0x00,0x04,0x00,0x00,0x00,0x06,0x09,0x10,0x00,0x07,0x00,0x00,0x00,
0x06,0x09,0x10,0x80,0x41,0x00,0x00,0x00,0x0b,0x00,0x00,0x00,0x0e,0x00,0x00,0x07,
0xe2,0x00,0x10,0x00,0x01,0x00,0x00,0x00,0x06,0x0e,0x10,0x00,0x04,0x00,0x00,0x00,
0x56,0x0e,0x10,0x00,0x01,0x00,0x00,0x00,0x10,0x00,0x00,0x07,0x12,0x00,0x10,0x00,
0x02,0x00,0x00,0x00,0x96,0x07,0x10,0x00,0x01,0x00,0x00,0x00,0x96,0x07,0x10,0x00,
0x01,0x00,0x00,0x00,0x4b,0x00,0x00,0x05,0x42,0x00,0x10,0x00,0x02,0x00,0x00,0x00,
0x0a,0x00,0x10,0x00,0x02,0x00,0x00,0x00,0x31,0x00,0x00,0x07,0x42,0x00,0x10,0x00,
0x02,0x00,0x00,0x00,0x01,0x40,0x00,0x00,0x00,0x00,0x80,0x3f,0x2a,0x00,0x10,0x00,
0x02,0x00,0x00,0x00,0x44,0x00,0x00,0x05,0x12,0x00,0x10,0x00,0x02,0x00,0x00,0x00,
0x0a,0x00,0x10,0x00,0x02,0x00,0x00,0x00,0x38,0x00,0x00,0x07,0xe2,0x00,0x10,0x00,
0x01,0x00,0x00,0x00,0x56,0x0e,0x10,0x00,0x01,0x00,0x00,0x00,0x06,0x00,0x10,0x00,
0x02,0x00,0x00,0x00,0x32,0x00,0x00,0x09,0xb2,0x00,0x10,0x00,0x00,0x00,0x00,0x00,
0x96,0x0d,0x10,0x00,0x01,0x00,0x00,0x00,0x46,0x0c,0x10,0x00,0x00,0x00,0x00,0x00,
0x46,0x08,0x10,0x00,0x0b,0x00,0x00,0x00,0x34,0x00,0x00,0x07,0x12,0x00,0x10,0x00,
0x01,0x00,0x00,0x00,0x0a,0x00,0x10,0x00,0x01,0x00,0x00,0x00,0x1a,0x00,0x10,0x00,
0x04,0x00,0x00,0x00,0x38,0x00,0x00,0x07,0x12,0x00,0x10,0x00,0x01,0x00,0x00,0x00,
0x0a,0x00,0x10,0x00,0x03,0x00,0x00,0x00,0x0a,0x00,0x10,0x00,0x01,0x00,0x00,0x00,
0x38,0x00,0x00,0x07,0x12,0x00,0x10,0x00,0x01,0x00,0x00,0x00,0x2a,0x00,0x10,0x00,
0x05,0x00,0x00,0x00,0x0a,0x00,0x10,0x00,0x01,0x00,0x00,0x00,0x33,0x00,0x00,0x07,
0x12,0x00,0x10,0x00,0x01,0x00,0x00,0x00,0x0a,0x00,0x10,0x00,0x01,0x00,0x00,0x00,
0x01,0x40,0x00,0x00,0x00,0x00,0x80,0x3f,0x00,0x00,0x00,0x08,0xe2,0x00,0x10,0x00,
0x01,0x00,0x00,0x00,0x06,0x0d,0x10,0x80,0x41,0x00,0x00,0x00,0x00,0x00,0x00,0x00,
0x06,0x09,0x10,0x00,0x07,0x00,0x00,0x00,0x32,0x00,0x00,0x09,0xb2,0x00,0x10,0x00,
0x00,0x00,0x00,0x00,0x06,0x00,0x10,0x00,0x01,0x00,0x00,0x00,0x96,0x0d,0x10,0x00,
0x01,0x00,0x00,0x00,0x46,0x0c,0x10,0x00,0x00,0x00,0x00,0x00,0x37,0x00,0x00,0x09,
0xb2,0x00,0x10,0x00,0x00,0x00,0x00,0x00,0xa6,0x0a,0x10,0x00,0x02,0x00,0x00,0x00,
0x46,0x0c,0x10,0x00,0x00,0x00,0x00,0x00,0x46,0x08,0x10,0x00,0x07,0x00,0x00,0x00,
0x31,0x00,0x00,0x07,0x12,0x00,0x10,0x00,0x01,0x00,0x00,0x00,0x01,0x40,0x00,0x00,
0x40,0xda,0x7f,0x38,0x3a,0x00,0x10,0x00,0x02,0x00,0x00,0x00,0x01,0x00,0x00,0x07,
0x12,0x00,0x10,0x00,0x01,0x00,0x00,0x00,0x0a,0x00,0x10,0x00,0x01,0x00,0x00,0x00,
0x01,0x40,0x00,0x00,0x00,0x00,0x80,0x3f,0x32,0x00,0x00,0x09,0x12,0x00,0x10,0x00,
0x01,0x00,0x00,0x00,0x3a,0x00,0x10,0x00,0x02,0x00,0x00,0x00,0x0a,0x00,0x10,0x00,
0x01,0x00,0x00,0x00,0x1a,0x00,0x10,0x00,0x02,0x00,0x00,0x00,0x34,0x00,0x00,0x07,
0x12,0x00,0x10,0x00,0x01,0x00,0x00,0x00,0x0a,0x00,0x10,0x00,0x01,0x00,0x00,0x00,
0x01,0x40,0x00,0x00,0x40,0xda,0x7f,0x38,0x0e,0x20,0x00,0x07,0x12,0x00,0x10,0x00,
0x01,0x00,0x00,0x00,0x1a,0x00,0x10,0x00,0x02,0x00,0x00,0x00,0x0a,0x00,0x10,0x00,
0x01,0x00,0x00,0x00,0x00,0x00,0x00,0x08,0xe2,0x00,0x10,0x00,0x01,0x00,0x00,0x00,
0x06,0x0d,0x10,0x80,0x41,0x00,0x00,0x00,0x00,0x00,0x00,0x00,0x56,0x0e,0x10,0x00,
0x03,0x00,0x00,0x00,0x32,0x00,0x00,0x09,0xb2,0x00,0x10,0x00,0x00,0x00,0x00,0x00,
0x06,0x00,0x10,0x00,0x01,0x00,0x00,0x00,0x96,0x0d,0x10,0x00,0x01,0x00,0x00,0x00,
0x46,0x0c,0x10,0x00,0x00,0x00,0x00,0x00,0x00,0x00,0x00,0x07,0x62,0x00,0x10,0x00,
0x01,0x00,0x00,0x00,0x56,0x07,0x10,0x00,0x00,0x00,0x00,0x00,0x06,0x00,0x10,0x00,
0x00,0x00,0x00,0x00,0x00,0x00,0x00,0x08,0x12,0x00,0x10,0x00,0x01,0x00,0x00,0x00,
0x3a,0x00,0x10,0x80,0x41,0x00,0x00,0x00,0x00,0x00,0x00,0x00,0x1a,0x00,0x10,0x00,
0x01,0x00,0x00,0x00,0x00,0x00,0x00,0x08,0x12,0x00,0x10,0x00,0x00,0x00,0x00,0x00,
0x1a,0x00,0x10,0x80,0x41,0x00,0x00,0x00,0x00,0x00,0x00,0x00,0x0a,0x00,0x10,0x00,
0x00,0x00,0x00,0x00,0x00,0x00,0x00,0x08,0x82,0x00,0x10,0x00,0x01,0x00,0x00,0x00,
0x3a,0x00,0x10,0x80,0x41,0x00,0x00,0x00,0x00,0x00,0x00,0x00,0x0a,0x00,0x10,0x00,
0x00,0x00,0x00,0x00,0x0e,0x00,0x00,0x07,0x72,0x00,0x10,0x00,0x00,0x00,0x00,0x00,
0x86,0x03,0x10,0x00,0x01,0x00,0x00,0x00,0xa6,0x0a,0x10,0x00,0x00,0x00,0x00,0x00,
0x34,0x00,0x00,0x0a,0x72,0x00,0x10,0x00,0x06,0x00,0x00,0x00,0x46,0x02,0x10,0x00,
0x00,0x00,0x00,0x00,0x02,0x40,0x00,0x00,0x00,0x00,0x00,0x00,0x00,0x00,0x00,0x00,
0x00,0x00,0x00,0x00,0x00,0x00,0x00,0x00,0xa4,0x00,0x00,0x06,0xf2,0xe0,0x11,0x00,
0x00,0x00,0x00,0x00,0x46,0x05,0x02,0x00,0x46,0x0e,0x10,0x00,0x06,0x00,0x00,0x00,
0x36,0x00,0x00,0x05,0x82,0x00,0x10,0x00,0x06,0x00,0x00,0x00,0x01,0x40,0x00,0x00,
0x00,0x00,0x80,0x3f,0xa4,0x00,0x00,0x06,0xf2,0xe0,0x11,0x00,0x01,0x00,0x00,0x00,
0x46,0x05,0x02,0x00,0x46,0x0e,0x10,0x00,0x06,0x00,0x00,0x00,0xa4,0x00,0x00,0x09,
0xf2,0xe0,0x11,0x00,0x02,0x00,0x00,0x00,0x46,0x05,0x02,0x00,0x02,0x40,0x00,0x00,
0x00,0x00,0x00,0x00,0x00,0x00,0x00,0x00,0x00,0x00,0x00,0x00,0x00,0x00,0x00,0x00,
0x3e,0x00,0x00,0x01,0x53,0x54,0x41,0x54,0x94,0x00,0x00,0x00,0x97,0x02,0x00,0x00,
0x1d,0x00,0x00,0x00,0x00,0x00,0x00,0x00,0x01,0x00,0x00,0x00,0xcb,0x01,0x00,0x00,
0x33,0x00,0x00,0x00,0x1e,0x00,0x00,0x00,0x02,0x00,0x00,0x00,0x01,0x00,0x00,0x00,
0x00,0x00,0x00,0x00,0x00,0x00,0x00,0x00,0x00,0x00,0x00,0x00,0x00,0x00,0x00,0x00,
0x00,0x00,0x00,0x00,0x00,0x00,0x00,0x00,0x20,0x00,0x00,0x00,0x00,0x00,0x00,0x00,
0x00,0x00,0x00,0x00,0x00,0x00,0x00,0x00,0x2b,0x00,0x00,0x00,0x18,0x00,0x00,0x00,
0x14,0x00,0x00,0x00,0x00,0x00,0x00,0x00,0x00,0x00,0x00,0x00,0x00,0x00,0x00,0x00,
0x00,0x00,0x00,0x00,0x00,0x00,0x00,0x00,0x00,0x00,0x00,0x00,0x00,0x00,0x00,0x00,
0x00,0x00,0x00,0x00,0x00,0x00,0x00,0x00,0x00,0x00,0x00,0x00,0x00,0x00,0x00,0x00,
0x00,0x00,0x00,0x00,0x00,0x00,0x00,0x00,0x00,0x00,0x00,0x00,0x03,0x00,0x00,0x00
};

