// ffx_fsr3upscaler_shading_change_pyramid_pass_f6015bab2f8aacffa96a4062a74b2f53.h.
// Auto generated by FidelityFX-SC.

static const char* g_ffx_fsr3upscaler_shading_change_pyramid_pass_f6015bab2f8aacffa96a4062a74b2f53_CBVResourceNames[] = {  "cbFSR3Upscaler", "cbSPD", };
static const uint32_t g_ffx_fsr3upscaler_shading_change_pyramid_pass_f6015bab2f8aacffa96a4062a74b2f53_CBVResourceBindings[] = {  0, 1, };
static const uint32_t g_ffx_fsr3upscaler_shading_change_pyramid_pass_f6015bab2f8aacffa96a4062a74b2f53_CBVResourceCounts[] = {  1, 1, };
static const uint32_t g_ffx_fsr3upscaler_shading_change_pyramid_pass_f6015bab2f8aacffa96a4062a74b2f53_CBVResourceSpaces[] = {  1, 1, };

static const char* g_ffx_fsr3upscaler_shading_change_pyramid_pass_f6015bab2f8aacffa96a4062a74b2f53_TextureSRVResourceNames[] = {  "r_current_luma", "r_previous_luma", "r_dilated_motion_vectors", "r_input_exposure", };
static const uint32_t g_ffx_fsr3upscaler_shading_change_pyramid_pass_f6015bab2f8aacffa96a4062a74b2f53_TextureSRVResourceBindings[] = {  0, 1, 2, 3, };
static const uint32_t g_ffx_fsr3upscaler_shading_change_pyramid_pass_f6015bab2f8aacffa96a4062a74b2f53_TextureSRVResourceCounts[] = {  1, 1, 1, 1, };
static const uint32_t g_ffx_fsr3upscaler_shading_change_pyramid_pass_f6015bab2f8aacffa96a4062a74b2f53_TextureSRVResourceSpaces[] = {  1, 1, 1, 1, };

static const char* g_ffx_fsr3upscaler_shading_change_pyramid_pass_f6015bab2f8aacffa96a4062a74b2f53_TextureUAVResourceNames[] = {  "rw_spd_global_atomic", "rw_spd_mip0", "rw_spd_mip1", "rw_spd_mip2", "rw_spd_mip3", "rw_spd_mip4", "rw_spd_mip5", };
static const uint32_t g_ffx_fsr3upscaler_shading_change_pyramid_pass_f6015bab2f8aacffa96a4062a74b2f53_TextureUAVResourceBindings[] = {  0, 1, 2, 3, 4, 5, 6, };
static const uint32_t g_ffx_fsr3upscaler_shading_change_pyramid_pass_f6015bab2f8aacffa96a4062a74b2f53_TextureUAVResourceCounts[] = {  1, 1, 1, 1, 1, 1, 1, };
static const uint32_t g_ffx_fsr3upscaler_shading_change_pyramid_pass_f6015bab2f8aacffa96a4062a74b2f53_TextureUAVResourceSpaces[] = {  1, 1, 1, 1, 1, 1, 1, };

static const uint32_t g_ffx_fsr3upscaler_shading_change_pyramid_pass_f6015bab2f8aacffa96a4062a74b2f53_size = 139388;

static const unsigned char g_ffx_fsr3upscaler_shading_change_pyramid_pass_f6015bab2f8aacffa96a4062a74b2f53_data[] = {
0x44,0x58,0x42,0x43,0xab,0x5b,0x01,0xf6,0xff,0xac,0x8a,0x2f,0x62,0x40,0x6a,0xa9,
0x53,0x2f,0x4b,0xa7,0x01,0x00,0x00,0x00,0x7c,0x20,0x02,0x00,0x05,0x00,0x00,0x00,
0x34,0x00,0x00,0x00,0x5c,0x09,0x00,0x00,0x6c,0x09,0x00,0x00,0x7c,0x09,0x00,0x00,
0xe0,0x1f,0x02,0x00,0x52,0x44,0x45,0x46,0x20,0x09,0x00,0x00,0x02,0x00,0x00,0x00,
0x98,0x02,0x00,0x00,0x0d,0x00,0x00,0x00,0x3c,0x00,0x00,0x00,0x00,0x05,0x53,0x43,
0x00,0x01,0x00,0x00,0xf7,0x08,0x00,0x00,0x52,0x44,0x31,0x31,0x3c,0x00,0x00,0x00,
0x18,0x00,0x00,0x00,0x20,0x00,0x00,0x00,0x28,0x00,0x00,0x00,0x24,0x00,0x00,0x00,
0x0c,0x00,0x00,0x00,0x00,0x00,0x00,0x00,0xdc,0x01,0x00,0x00,0x02,0x00,0x00,0x00,
0x05,0x00,0x00,0x00,0x04,0x00,0x00,0x00,0xff,0xff,0xff,0xff,0x00,0x00,0x00,0x00,
0x01,0x00,0x00,0x00,0x01,0x00,0x00,0x00,0xeb,0x01,0x00,0x00,0x02,0x00,0x00,0x00,
0x05,0x00,0x00,0x00,0x04,0x00,0x00,0x00,0xff,0xff,0xff,0xff,0x01,0x00,0x00,0x00,
0x01,0x00,0x00,0x00,0x01,0x00,0x00,0x00,0xfb,0x01,0x00,0x00,0x02,0x00,0x00,0x00,
0x05,0x00,0x00,0x00,0x04,0x00,0x00,0x00,0xff,0xff,0xff,0xff,0x02,0x00,0x00,0x00,
0x01,0x00,0x00,0x00,0x05,0x00,0x00,0x00,0x14,0x02,0x00,0x00,0x02,0x00,0x00,0x00,
0x05,0x00,0x00,0x00,0x04,0x00,0x00,0x00,0xff,0xff,0xff,0xff,0x03,0x00,0x00,0x00,
0x01,0x00,0x00,0x00,0x05,0x00,0x00,0x00,0x25,0x02,0x00,0x00,0x04,0x00,0x00,0x00,
0x04,0x00,0x00,0x00,0x04,0x00,0x00,0x00,0xff,0xff,0xff,0xff,0x00,0x00,0x00,0x00,
0x01,0x00,0x00,0x00,0x01,0x00,0x00,0x00,0x3a,0x02,0x00,0x00,0x04,0x00,0x00,0x00,
0x05,0x00,0x00,0x00,0x04,0x00,0x00,0x00,0xff,0xff,0xff,0xff,0x01,0x00,0x00,0x00,
0x01,0x00,0x00,0x00,0x05,0x00,0x00,0x00,0x46,0x02,0x00,0x00,0x04,0x00,0x00,0x00,
0x05,0x00,0x00,0x00,0x04,0x00,0x00,0x00,0xff,0xff,0xff,0xff,0x02,0x00,0x00,0x00,
0x01,0x00,0x00,0x00,0x05,0x00,0x00,0x00,0x52,0x02,0x00,0x00,0x04,0x00,0x00,0x00,
0x05,0x00,0x00,0x00,0x04,0x00,0x00,0x00,0xff,0xff,0xff,0xff,0x03,0x00,0x00,0x00,
0x01,0x00,0x00,0x00,0x05,0x00,0x00,0x00,0x5e,0x02,0x00,0x00,0x04,0x00,0x00,0x00,
0x05,0x00,0x00,0x00,0x04,0x00,0x00,0x00,0xff,0xff,0xff,0xff,0x04,0x00,0x00,0x00,
0x01,0x00,0x00,0x00,0x05,0x00,0x00,0x00,0x6a,0x02,0x00,0x00,0x04,0x00,0x00,0x00,
0x05,0x00,0x00,0x00,0x04,0x00,0x00,0x00,0xff,0xff,0xff,0xff,0x05,0x00,0x00,0x00,
0x01,0x00,0x00,0x00,0x05,0x00,0x00,0x00,0x76,0x02,0x00,0x00,0x04,0x00,0x00,0x00,
0x05,0x00,0x00,0x00,0x04,0x00,0x00,0x00,0xff,0xff,0xff,0xff,0x06,0x00,0x00,0x00,
0x01,0x00,0x00,0x00,0x05,0x00,0x00,0x00,0x82,0x02,0x00,0x00,0x00,0x00,0x00,0x00,
0x00,0x00,0x00,0x00,0x00,0x00,0x00,0x00,0x00,0x00,0x00,0x00,0x00,0x00,0x00,0x00,
0x01,0x00,0x00,0x00,0x01,0x00,0x00,0x00,0x91,0x02,0x00,0x00,0x00,0x00,0x00,0x00,
0x00,0x00,0x00,0x00,0x00,0x00,0x00,0x00,0x00,0x00,0x00,0x00,0x01,0x00,0x00,0x00,
0x01,0x00,0x00,0x00,0x01,0x00,0x00,0x00,0x72,0x5f,0x63,0x75,0x72,0x72,0x65,0x6e,
0x74,0x5f,0x6c,0x75,0x6d,0x61,0x00,0x72,0x5f,0x70,0x72,0x65,0x76,0x69,0x6f,0x75,
0x73,0x5f,0x6c,0x75,0x6d,0x61,0x00,0x72,0x5f,0x64,0x69,0x6c,0x61,0x74,0x65,0x64,
0x5f,0x6d,0x6f,0x74,0x69,0x6f,0x6e,0x5f,0x76,0x65,0x63,0x74,0x6f,0x72,0x73,0x00,
0x72,0x5f,0x69,0x6e,0x70,0x75,0x74,0x5f,0x65,0x78,0x70,0x6f,0x73,0x75,0x72,0x65,
0x00,0x72,0x77,0x5f,0x73,0x70,0x64,0x5f,0x67,0x6c,0x6f,0x62,0x61,0x6c,0x5f,0x61,
0x74,0x6f,0x6d,0x69,0x63,0x00,0x72,0x77,0x5f,0x73,0x70,0x64,0x5f,0x6d,0x69,0x70,
0x30,0x00,0x72,0x77,0x5f,0x73,0x70,0x64,0x5f,0x6d,0x69,0x70,0x31,0x00,0x72,0x77,
0x5f,0x73,0x70,0x64,0x5f,0x6d,0x69,0x70,0x32,0x00,0x72,0x77,0x5f,0x73,0x70,0x64,
0x5f,0x6d,0x69,0x70,0x33,0x00,0x72,0x77,0x5f,0x73,0x70,0x64,0x5f,0x6d,0x69,0x70,
0x34,0x00,0x72,0x77,0x5f,0x73,0x70,0x64,0x5f,0x6d,0x69,0x70,0x35,0x00,0x63,0x62,
0x46,0x53,0x52,0x33,0x55,0x70,0x73,0x63,0x61,0x6c,0x65,0x72,0x00,0x63,0x62,0x53,
0x50,0x44,0x00,0xab,0x82,0x02,0x00,0x00,0x13,0x00,0x00,0x00,0xc8,0x02,0x00,0x00,
0x90,0x00,0x00,0x00,0x00,0x00,0x00,0x00,0x00,0x00,0x00,0x00,0x91,0x02,0x00,0x00,
0x04,0x00,0x00,0x00,0xc8,0x07,0x00,0x00,0x20,0x00,0x00,0x00,0x00,0x00,0x00,0x00,
0x00,0x00,0x00,0x00,0xc0,0x05,0x00,0x00,0x00,0x00,0x00,0x00,0x08,0x00,0x00,0x00,
0x02,0x00,0x00,0x00,0xd8,0x05,0x00,0x00,0x00,0x00,0x00,0x00,0xff,0xff,0xff,0xff,
0x00,0x00,0x00,0x00,0xff,0xff,0xff,0xff,0x00,0x00,0x00,0x00,0xfc,0x05,0x00,0x00,
0x08,0x00,0x00,0x00,0x08,0x00,0x00,0x00,0x02,0x00,0x00,0x00,0xd8,0x05,0x00,0x00,
0x00,0x00,0x00,0x00,0xff,0xff,0xff,0xff,0x00,0x00,0x00,0x00,0xff,0xff,0xff,0xff,
0x00,0x00,0x00,0x00,0x15,0x06,0x00,0x00,0x10,0x00,0x00,0x00,0x08,0x00,0x00,0x00,
0x00,0x00,0x00,0x00,0xd8,0x05,0x00,0x00,0x00,0x00,0x00,0x00,0xff,0xff,0xff,0xff,
0x00,0x00,0x00,0x00,0xff,0xff,0xff,0xff,0x00,0x00,0x00,0x00,0x22,0x06,0x00,0x00,
0x18,0x00,0x00,0x00,0x08,0x00,0x00,0x00,0x00,0x00,0x00,0x00,0xd8,0x05,0x00,0x00,
0x00,0x00,0x00,0x00,0xff,0xff,0xff,0xff,0x00,0x00,0x00,0x00,0xff,0xff,0xff,0xff,
0x00,0x00,0x00,0x00,0x3c,0x06,0x00,0x00,0x20,0x00,0x00,0x00,0x08,0x00,0x00,0x00,
0x00,0x00,0x00,0x00,0xd8,0x05,0x00,0x00,0x00,0x00,0x00,0x00,0xff,0xff,0xff,0xff,
0x00,0x00,0x00,0x00,0xff,0xff,0xff,0xff,0x00,0x00,0x00,0x00,0x4b,0x06,0x00,0x00,
0x28,0x00,0x00,0x00,0x08,0x00,0x00,0x00,0x00,0x00,0x00,0x00,0xd8,0x05,0x00,0x00,
0x00,0x00,0x00,0x00,0xff,0xff,0xff,0xff,0x00,0x00,0x00,0x00,0xff,0xff,0xff,0xff,
0x00,0x00,0x00,0x00,0x5b,0x06,0x00,0x00,0x30,0x00,0x00,0x00,0x10,0x00,0x00,0x00,
0x00,0x00,0x00,0x00,0x78,0x06,0x00,0x00,0x00,0x00,0x00,0x00,0xff,0xff,0xff,0xff,
0x00,0x00,0x00,0x00,0xff,0xff,0xff,0xff,0x00,0x00,0x00,0x00,0x9c,0x06,0x00,0x00,
0x40,0x00,0x00,0x00,0x08,0x00,0x00,0x00,0x02,0x00,0x00,0x00,0xac,0x06,0x00,0x00,
0x00,0x00,0x00,0x00,0xff,0xff,0xff,0xff,0x00,0x00,0x00,0x00,0xff,0xff,0xff,0xff,
0x00,0x00,0x00,0x00,0xd0,0x06,0x00,0x00,0x48,0x00,0x00,0x00,0x08,0x00,0x00,0x00,
0x02,0x00,0x00,0x00,0xac,0x06,0x00,0x00,0x00,0x00,0x00,0x00,0xff,0xff,0xff,0xff,
0x00,0x00,0x00,0x00,0xff,0xff,0xff,0xff,0x00,0x00,0x00,0x00,0xe5,0x06,0x00,0x00,
0x50,0x00,0x00,0x00,0x08,0x00,0x00,0x00,0x00,0x00,0x00,0x00,0xac,0x06,0x00,0x00,
0x00,0x00,0x00,0x00,0xff,0xff,0xff,0xff,0x00,0x00,0x00,0x00,0xff,0xff,0xff,0xff,
0x00,0x00,0x00,0x00,0xf8,0x06,0x00,0x00,0x58,0x00,0x00,0x00,0x08,0x00,0x00,0x00,
0x00,0x00,0x00,0x00,0xac,0x06,0x00,0x00,0x00,0x00,0x00,0x00,0xff,0xff,0xff,0xff,
0x00,0x00,0x00,0x00,0xff,0xff,0xff,0xff,0x00,0x00,0x00,0x00,0x09,0x07,0x00,0x00,
0x60,0x00,0x00,0x00,0x08,0x00,0x00,0x00,0x00,0x00,0x00,0x00,0xac,0x06,0x00,0x00,
0x00,0x00,0x00,0x00,0xff,0xff,0xff,0xff,0x00,0x00,0x00,0x00,0xff,0xff,0xff,0xff,
0x00,0x00,0x00,0x00,0x29,0x07,0x00,0x00,0x68,0x00,0x00,0x00,0x04,0x00,0x00,0x00,
0x00,0x00,0x00,0x00,0x3c,0x07,0x00,0x00,0x00,0x00,0x00,0x00,0xff,0xff,0xff,0xff,
0x00,0x00,0x00,0x00,0xff,0xff,0xff,0xff,0x00,0x00,0x00,0x00,0x60,0x07,0x00,0x00,
0x6c,0x00,0x00,0x00,0x04,0x00,0x00,0x00,0x00,0x00,0x00,0x00,0x3c,0x07,0x00,0x00,
0x00,0x00,0x00,0x00,0xff,0xff,0xff,0xff,0x00,0x00,0x00,0x00,0xff,0xff,0xff,0xff,
0x00,0x00,0x00,0x00,0x76,0x07,0x00,0x00,0x70,0x00,0x00,0x00,0x04,0x00,0x00,0x00,
0x00,0x00,0x00,0x00,0x3c,0x07,0x00,0x00,0x00,0x00,0x00,0x00,0xff,0xff,0xff,0xff,
0x00,0x00,0x00,0x00,0xff,0xff,0xff,0xff,0x00,0x00,0x00,0x00,0x81,0x07,0x00,0x00,
0x74,0x00,0x00,0x00,0x04,0x00,0x00,0x00,0x02,0x00,0x00,0x00,0x3c,0x07,0x00,0x00,
0x00,0x00,0x00,0x00,0xff,0xff,0xff,0xff,0x00,0x00,0x00,0x00,0xff,0xff,0xff,0xff,
0x00,0x00,0x00,0x00,0x93,0x07,0x00,0x00,0x78,0x00,0x00,0x00,0x04,0x00,0x00,0x00,
0x00,0x00,0x00,0x00,0x3c,0x07,0x00,0x00,0x00,0x00,0x00,0x00,0xff,0xff,0xff,0xff,
0x00,0x00,0x00,0x00,0xff,0xff,0xff,0xff,0x00,0x00,0x00,0x00,0xac,0x07,0x00,0x00,
0x7c,0x00,0x00,0x00,0x04,0x00,0x00,0x00,0x00,0x00,0x00,0x00,0x3c,0x07,0x00,0x00,
0x00,0x00,0x00,0x00,0xff,0xff,0xff,0xff,0x00,0x00,0x00,0x00,0xff,0xff,0xff,0xff,
0x00,0x00,0x00,0x00,0xb8,0x07,0x00,0x00,0x80,0x00,0x00,0x00,0x04,0x00,0x00,0x00,
0x00,0x00,0x00,0x00,0x3c,0x07,0x00,0x00,0x00,0x00,0x00,0x00,0xff,0xff,0xff,0xff,
0x00,0x00,0x00,0x00,0xff,0xff,0xff,0xff,0x00,0x00,0x00,0x00,0x69,0x52,0x65,0x6e,
0x64,0x65,0x72,0x53,0x69,0x7a,0x65,0x00,0x46,0x66,0x78,0x49,0x6e,0x74,0x33,0x32,
0x78,0x32,0x00,0xab,0x01,0x00,0x02,0x00,0x01,0x00,0x02,0x00,0x00,0x00,0x00,0x00,
0x00,0x00,0x00,0x00,0x00,0x00,0x00,0x00,0x00,0x00,0x00,0x00,0x00,0x00,0x00,0x00,
0x00,0x00,0x00,0x00,0xcc,0x05,0x00,0x00,0x69,0x50,0x72,0x65,0x76,0x69,0x6f,0x75,
0x73,0x46,0x72,0x61,0x6d,0x65,0x52,0x65,0x6e,0x64,0x65,0x72,0x53,0x69,0x7a,0x65,
0x00,0x69,0x55,0x70,0x73,0x63,0x61,0x6c,0x65,0x53,0x69,0x7a,0x65,0x00,0x69,0x50,
0x72,0x65,0x76,0x69,0x6f,0x75,0x73,0x46,0x72,0x61,0x6d,0x65,0x55,0x70,0x73,0x63,
0x61,0x6c,0x65,0x53,0x69,0x7a,0x65,0x00,0x69,0x4d,0x61,0x78,0x52,0x65,0x6e,0x64,
0x65,0x72,0x53,0x69,0x7a,0x65,0x00,0x69,0x4d,0x61,0x78,0x55,0x70,0x73,0x63,0x61,
0x6c,0x65,0x53,0x69,0x7a,0x65,0x00,0x66,0x44,0x65,0x76,0x69,0x63,0x65,0x54,0x6f,
0x56,0x69,0x65,0x77,0x44,0x65,0x70,0x74,0x68,0x00,0x66,0x6c,0x6f,0x61,0x74,0x34,
0x00,0xab,0xab,0xab,0x01,0x00,0x03,0x00,0x01,0x00,0x04,0x00,0x00,0x00,0x00,0x00,
0x00,0x00,0x00,0x00,0x00,0x00,0x00,0x00,0x00,0x00,0x00,0x00,0x00,0x00,0x00,0x00,
0x00,0x00,0x00,0x00,0x6e,0x06,0x00,0x00,0x66,0x4a,0x69,0x74,0x74,0x65,0x72,0x00,
0x66,0x6c,0x6f,0x61,0x74,0x32,0x00,0xab,0x01,0x00,0x03,0x00,0x01,0x00,0x02,0x00,
0x00,0x00,0x00,0x00,0x00,0x00,0x00,0x00,0x00,0x00,0x00,0x00,0x00,0x00,0x00,0x00,
0x00,0x00,0x00,0x00,0x00,0x00,0x00,0x00,0xa4,0x06,0x00,0x00,0x66,0x50,0x72,0x65,
0x76,0x69,0x6f,0x75,0x73,0x46,0x72,0x61,0x6d,0x65,0x4a,0x69,0x74,0x74,0x65,0x72,
0x00,0x66,0x4d,0x6f,0x74,0x69,0x6f,0x6e,0x56,0x65,0x63,0x74,0x6f,0x72,0x53,0x63,
0x61,0x6c,0x65,0x00,0x66,0x44,0x6f,0x77,0x6e,0x73,0x63,0x61,0x6c,0x65,0x46,0x61,
0x63,0x74,0x6f,0x72,0x00,0x66,0x4d,0x6f,0x74,0x69,0x6f,0x6e,0x56,0x65,0x63,0x74,
0x6f,0x72,0x4a,0x69,0x74,0x74,0x65,0x72,0x43,0x61,0x6e,0x63,0x65,0x6c,0x6c,0x61,
0x74,0x69,0x6f,0x6e,0x00,0x66,0x54,0x61,0x6e,0x48,0x61,0x6c,0x66,0x46,0x4f,0x56,
0x00,0x66,0x6c,0x6f,0x61,0x74,0x00,0xab,0x00,0x00,0x03,0x00,0x01,0x00,0x01,0x00,
0x00,0x00,0x00,0x00,0x00,0x00,0x00,0x00,0x00,0x00,0x00,0x00,0x00,0x00,0x00,0x00,
0x00,0x00,0x00,0x00,0x00,0x00,0x00,0x00,0x35,0x07,0x00,0x00,0x66,0x4a,0x69,0x74,
0x74,0x65,0x72,0x53,0x65,0x71,0x75,0x65,0x6e,0x63,0x65,0x4c,0x65,0x6e,0x67,0x74,
0x68,0x00,0x66,0x44,0x65,0x6c,0x74,0x61,0x54,0x69,0x6d,0x65,0x00,0x66,0x44,0x65,
0x6c,0x74,0x61,0x50,0x72,0x65,0x45,0x78,0x70,0x6f,0x73,0x75,0x72,0x65,0x00,0x66,
0x56,0x69,0x65,0x77,0x53,0x70,0x61,0x63,0x65,0x54,0x6f,0x4d,0x65,0x74,0x65,0x72,
0x73,0x46,0x61,0x63,0x74,0x6f,0x72,0x00,0x66,0x46,0x72,0x61,0x6d,0x65,0x49,0x6e,
0x64,0x65,0x78,0x00,0x66,0x56,0x65,0x6c,0x6f,0x63,0x69,0x74,0x79,0x46,0x61,0x63,
0x74,0x6f,0x72,0x00,0x68,0x08,0x00,0x00,0x00,0x00,0x00,0x00,0x04,0x00,0x00,0x00,
0x02,0x00,0x00,0x00,0x78,0x08,0x00,0x00,0x00,0x00,0x00,0x00,0xff,0xff,0xff,0xff,
0x00,0x00,0x00,0x00,0xff,0xff,0xff,0xff,0x00,0x00,0x00,0x00,0x9c,0x08,0x00,0x00,
0x04,0x00,0x00,0x00,0x04,0x00,0x00,0x00,0x02,0x00,0x00,0x00,0x78,0x08,0x00,0x00,
0x00,0x00,0x00,0x00,0xff,0xff,0xff,0xff,0x00,0x00,0x00,0x00,0xff,0xff,0xff,0xff,
0x00,0x00,0x00,0x00,0xaa,0x08,0x00,0x00,0x08,0x00,0x00,0x00,0x08,0x00,0x00,0x00,
0x02,0x00,0x00,0x00,0xc8,0x08,0x00,0x00,0x00,0x00,0x00,0x00,0xff,0xff,0xff,0xff,
0x00,0x00,0x00,0x00,0xff,0xff,0xff,0xff,0x00,0x00,0x00,0x00,0xec,0x08,0x00,0x00,
0x10,0x00,0x00,0x00,0x08,0x00,0x00,0x00,0x00,0x00,0x00,0x00,0xc8,0x08,0x00,0x00,
0x00,0x00,0x00,0x00,0xff,0xff,0xff,0xff,0x00,0x00,0x00,0x00,0xff,0xff,0xff,0xff,
0x00,0x00,0x00,0x00,0x6d,0x69,0x70,0x73,0x00,0x46,0x66,0x78,0x55,0x49,0x6e,0x74,
0x33,0x32,0x00,0xab,0x00,0x00,0x13,0x00,0x01,0x00,0x01,0x00,0x00,0x00,0x00,0x00,
0x00,0x00,0x00,0x00,0x00,0x00,0x00,0x00,0x00,0x00,0x00,0x00,0x00,0x00,0x00,0x00,
0x00,0x00,0x00,0x00,0x6d,0x08,0x00,0x00,0x6e,0x75,0x6d,0x57,0x6f,0x72,0x6b,0x47,
0x72,0x6f,0x75,0x70,0x73,0x00,0x77,0x6f,0x72,0x6b,0x47,0x72,0x6f,0x75,0x70,0x4f,
0x66,0x66,0x73,0x65,0x74,0x00,0x46,0x66,0x78,0x55,0x49,0x6e,0x74,0x33,0x32,0x78,
0x32,0x00,0xab,0xab,0x01,0x00,0x13,0x00,0x01,0x00,0x02,0x00,0x00,0x00,0x00,0x00,
0x00,0x00,0x00,0x00,0x00,0x00,0x00,0x00,0x00,0x00,0x00,0x00,0x00,0x00,0x00,0x00,
0x00,0x00,0x00,0x00,0xba,0x08,0x00,0x00,0x72,0x65,0x6e,0x64,0x65,0x72,0x53,0x69,
0x7a,0x65,0x00,0x4d,0x69,0x63,0x72,0x6f,0x73,0x6f,0x66,0x74,0x20,0x28,0x52,0x29,
0x20,0x48,0x4c,0x53,0x4c,0x20,0x53,0x68,0x61,0x64,0x65,0x72,0x20,0x43,0x6f,0x6d,
0x70,0x69,0x6c,0x65,0x72,0x20,0x31,0x30,0x2e,0x31,0x00,0xab,0x49,0x53,0x47,0x4e,
0x08,0x00,0x00,0x00,0x00,0x00,0x00,0x00,0x08,0x00,0x00,0x00,0x4f,0x53,0x47,0x4e,
0x08,0x00,0x00,0x00,0x00,0x00,0x00,0x00,0x08,0x00,0x00,0x00,0x53,0x48,0x45,0x58,
0x5c,0x16,0x02,0x00,0x50,0x00,0x05,0x00,0x97,0x85,0x00,0x00,0x6a,0x08,0x00,0x01,
0x35,0x18,0x00,0x00,0x12,0x00,0x00,0x00,0x00,0x00,0x80,0x3f,0x00,0x00,0x00,0x00,
0x00,0x00,0x00,0x00,0x00,0x00,0x00,0x00,0x00,0x00,0x00,0x00,0x00,0x00,0x80,0x3f,
0x00,0x00,0x00,0x00,0x00,0x00,0x00,0x00,0x00,0x00,0x00,0x00,0x00,0x00,0x00,0x00,
0x00,0x00,0x80,0x3f,0x00,0x00,0x00,0x00,0x00,0x00,0x00,0x00,0x00,0x00,0x00,0x00,
0x00,0x00,0x00,0x00,0x00,0x00,0x80,0x3f,0x59,0x00,0x00,0x04,0x46,0x8e,0x20,0x00,
0x00,0x00,0x00,0x00,0x08,0x00,0x00,0x00,0x59,0x00,0x00,0x04,0x46,0x8e,0x20,0x00,
0x01,0x00,0x00,0x00,0x01,0x00,0x00,0x00,0x58,0x18,0x00,0x04,0x00,0x70,0x10,0x00,
0x00,0x00,0x00,0x00,0x55,0x55,0x00,0x00,0x58,0x18,0x00,0x04,0x00,0x70,0x10,0x00,
0x01,0x00,0x00,0x00,0x55,0x55,0x00,0x00,0x58,0x18,0x00,0x04,0x00,0x70,0x10,0x00,
0x02,0x00,0x00,0x00,0x55,0x55,0x00,0x00,0x58,0x18,0x00,0x04,0x00,0x70,0x10,0x00,
0x03,0x00,0x00,0x00,0x55,0x55,0x00,0x00,0x9c,0x18,0x01,0x04,0x00,0xe0,0x11,0x00,
0x00,0x00,0x00,0x00,0x44,0x44,0x00,0x00,0x9c,0x18,0x00,0x04,0x00,0xe0,0x11,0x00,
0x01,0x00,0x00,0x00,0x55,0x55,0x00,0x00,0x9c,0x18,0x00,0x04,0x00,0xe0,0x11,0x00,
0x02,0x00,0x00,0x00,0x55,0x55,0x00,0x00,0x9c,0x18,0x00,0x04,0x00,0xe0,0x11,0x00,
0x03,0x00,0x00,0x00,0x55,0x55,0x00,0x00,0x9c,0x18,0x00,0x04,0x00,0xe0,0x11,0x00,
0x04,0x00,0x00,0x00,0x55,0x55,0x00,0x00,0x9c,0x18,0x00,0x04,0x00,0xe0,0x11,0x00,
0x05,0x00,0x00,0x00,0x55,0x55,0x00,0x00,0x9c,0x18,0x01,0x04,0x00,0xe0,0x11,0x00,
0x06,0x00,0x00,0x00,0x55,0x55,0x00,0x00,0x5f,0x00,0x00,0x02,0x00,0x40,0x02,0x00,
0x5f,0x00,0x00,0x02,0x32,0x10,0x02,0x00,0x68,0x00,0x00,0x02,0x15,0x00,0x00,0x00,
0x69,0x00,0x00,0x04,0x00,0x00,0x00,0x00,0x04,0x00,0x00,0x00,0x04,0x00,0x00,0x00,
0x9f,0x00,0x00,0x04,0x00,0xf0,0x11,0x00,0x00,0x00,0x00,0x00,0x04,0x00,0x00,0x00,
0xa0,0x00,0x00,0x05,0x00,0xf0,0x11,0x00,0x01,0x00,0x00,0x00,0x40,0x00,0x00,0x00,
0x10,0x00,0x00,0x00,0xa0,0x00,0x00,0x05,0x00,0xf0,0x11,0x00,0x02,0x00,0x00,0x00,
0x40,0x00,0x00,0x00,0x10,0x00,0x00,0x00,0x9b,0x00,0x00,0x04,0x00,0x01,0x00,0x00,
0x01,0x00,0x00,0x00,0x01,0x00,0x00,0x00,0x1e,0x00,0x00,0x07,0xf2,0x00,0x10,0x00,
0x00,0x00,0x00,0x00,0x46,0x15,0x02,0x00,0xe6,0x8f,0x20,0x00,0x01,0x00,0x00,0x00,
0x00,0x00,0x00,0x00,0x01,0x00,0x00,0x06,0x12,0x00,0x10,0x00,0x01,0x00,0x00,0x00,
0x0a,0x40,0x02,0x00,0x01,0x40,0x00,0x00,0x3f,0x00,0x00,0x00,0x8a,0x00,0x00,0x0e,
0xe2,0x00,0x10,0x00,0x01,0x00,0x00,0x00,0x02,0x40,0x00,0x00,0x00,0x00,0x00,0x00,
0x04,0x00,0x00,0x00,0x03,0x00,0x00,0x00,0x01,0x00,0x00,0x00,0x02,0x40,0x00,0x00,
0x00,0x00,0x00,0x00,0x02,0x00,0x00,0x00,0x03,0x00,0x00,0x00,0x06,0x00,0x00,0x00,
0x06,0x40,0x02,0x00,0x01,0x00,0x00,0x07,0x22,0x00,0x10,0x00,0x01,0x00,0x00,0x00,
0x1a,0x00,0x10,0x00,0x01,0x00,0x00,0x00,0x01,0x40,0x00,0x00,0x06,0x00,0x00,0x00,
0x8c,0x00,0x00,0x0a,0x12,0x00,0x10,0x00,0x02,0x00,0x00,0x00,0x01,0x40,0x00,0x00,
0x01,0x00,0x00,0x00,0x01,0x40,0x00,0x00,0x00,0x00,0x00,0x00,0x0a,0x40,0x02,0x00,
0x1a,0x00,0x10,0x00,0x01,0x00,0x00,0x00,0x8a,0x00,0x00,0x09,0x12,0x00,0x10,0x00,
0x01,0x00,0x00,0x00,0x01,0x40,0x00,0x00,0x02,0x00,0x00,0x00,0x01,0x40,0x00,0x00,
0x01,0x00,0x00,0x00,0x0a,0x00,0x10,0x00,0x01,0x00,0x00,0x00,0x8c,0x00,0x00,0x0b,
0x22,0x00,0x10,0x00,0x02,0x00,0x00,0x00,0x01,0x40,0x00,0x00,0x02,0x00,0x00,0x00,
0x01,0x40,0x00,0x00,0x00,0x00,0x00,0x00,0x0a,0x00,0x10,0x00,0x01,0x00,0x00,0x00,
0x2a,0x00,0x10,0x00,0x01,0x00,0x00,0x00,0x23,0x00,0x00,0x09,0x22,0x00,0x10,0x00,
0x03,0x00,0x00,0x00,0x3a,0x00,0x10,0x00,0x01,0x00,0x00,0x00,0x01,0x40,0x00,0x00,
0x08,0x00,0x00,0x00,0x0a,0x00,0x10,0x00,0x02,0x00,0x00,0x00,0x55,0x00,0x00,0x06,
0x12,0x00,0x10,0x00,0x02,0x00,0x00,0x00,0x0a,0x40,0x02,0x00,0x01,0x40,0x00,0x00,
0x07,0x00,0x00,0x00,0x23,0x00,0x00,0x09,0x42,0x00,0x10,0x00,0x03,0x00,0x00,0x00,
0x0a,0x00,0x10,0x00,0x02,0x00,0x00,0x00,0x01,0x40,0x00,0x00,0x08,0x00,0x00,0x00,
0x1a,0x00,0x10,0x00,0x02,0x00,0x00,0x00,0x29,0x00,0x00,0x07,0x22,0x00,0x10,0x00,
0x02,0x00,0x00,0x00,0x1a,0x00,0x10,0x00,0x01,0x00,0x00,0x00,0x01,0x40,0x00,0x00,
0x01,0x00,0x00,0x00,0x8c,0x00,0x00,0x0a,0x22,0x00,0x10,0x00,0x02,0x00,0x00,0x00,
0x01,0x40,0x00,0x00,0x01,0x00,0x00,0x00,0x01,0x40,0x00,0x00,0x01,0x00,0x00,0x00,
0x0a,0x40,0x02,0x00,0x1a,0x00,0x10,0x00,0x02,0x00,0x00,0x00,0x23,0x00,0x00,0x09,
0x22,0x00,0x10,0x00,0x04,0x00,0x00,0x00,0x3a,0x00,0x10,0x00,0x01,0x00,0x00,0x00,
0x01,0x40,0x00,0x00,0x10,0x00,0x00,0x00,0x1a,0x00,0x10,0x00,0x02,0x00,0x00,0x00,
0x29,0x00,0x00,0x07,0x22,0x00,0x10,0x00,0x02,0x00,0x00,0x00,0x2a,0x00,0x10,0x00,
0x01,0x00,0x00,0x00,0x01,0x40,0x00,0x00,0x01,0x00,0x00,0x00,0x8c,0x00,0x00,0x0b,
0x42,0x00,0x10,0x00,0x02,0x00,0x00,0x00,0x01,0x40,0x00,0x00,0x02,0x00,0x00,0x00,
0x01,0x40,0x00,0x00,0x01,0x00,0x00,0x00,0x0a,0x00,0x10,0x00,0x01,0x00,0x00,0x00,
0x1a,0x00,0x10,0x00,0x02,0x00,0x00,0x00,0x23,0x00,0x00,0x09,0x42,0x00,0x10,0x00,
0x04,0x00,0x00,0x00,0x0a,0x00,0x10,0x00,0x02,0x00,0x00,0x00,0x01,0x40,0x00,0x00,
0x10,0x00,0x00,0x00,0x2a,0x00,0x10,0x00,0x02,0x00,0x00,0x00,0x8c,0x00,0x00,0x11,
0xc2,0x00,0x10,0x00,0x02,0x00,0x00,0x00,0x02,0x40,0x00,0x00,0x00,0x00,0x00,0x00,
0x00,0x00,0x00,0x00,0x1a,0x00,0x00,0x00,0x1a,0x00,0x00,0x00,0x02,0x40,0x00,0x00,
0x00,0x00,0x00,0x00,0x00,0x00,0x00,0x00,0x06,0x00,0x00,0x00,0x06,0x00,0x00,0x00,
0x06,0x0c,0x10,0x00,0x00,0x00,0x00,0x00,0x56,0x09,0x10,0x00,0x04,0x00,0x00,0x00,
0x8c,0x00,0x00,0x11,0xf2,0x00,0x10,0x00,0x05,0x00,0x00,0x00,0x02,0x40,0x00,0x00,
0x1b,0x00,0x00,0x00,0x1b,0x00,0x00,0x00,0x1b,0x00,0x00,0x00,0x1b,0x00,0x00,0x00,
0x02,0x40,0x00,0x00,0x05,0x00,0x00,0x00,0x05,0x00,0x00,0x00,0x05,0x00,0x00,0x00,
0x05,0x00,0x00,0x00,0xc6,0x0f,0x10,0x00,0x00,0x00,0x00,0x00,0x96,0x0a,0x10,0x00,
0x03,0x00,0x00,0x00,0x1e,0x00,0x00,0x0a,0xf2,0x00,0x10,0x00,0x06,0x00,0x00,0x00,
0xe6,0x0e,0x10,0x00,0x02,0x00,0x00,0x00,0x02,0x40,0x00,0x00,0x00,0x00,0x00,0x00,
0x01,0x00,0x00,0x00,0x01,0x00,0x00,0x00,0x00,0x00,0x00,0x00,0x1e,0x00,0x00,0x0a,
0x32,0x00,0x10,0x00,0x07,0x00,0x00,0x00,0xe6,0x0a,0x10,0x00,0x02,0x00,0x00,0x00,
0x02,0x40,0x00,0x00,0x01,0x00,0x00,0x00,0x01,0x00,0x00,0x00,0x00,0x00,0x00,0x00,
0x00,0x00,0x00,0x00,0x1e,0x00,0x00,0x0b,0xf2,0x00,0x10,0x00,0x08,0x00,0x00,0x00,
0x46,0x84,0x20,0x00,0x00,0x00,0x00,0x00,0x00,0x00,0x00,0x00,0x02,0x40,0x00,0x00,
0xff,0xff,0xff,0xff,0xff,0xff,0xff,0xff,0xff,0xff,0xff,0xff,0xff,0xff,0xff,0xff,
0x25,0x00,0x00,0x07,0xc2,0x00,0x10,0x00,0x02,0x00,0x00,0x00,0xa6,0x0e,0x10,0x00,
0x02,0x00,0x00,0x00,0x06,0x04,0x10,0x00,0x08,0x00,0x00,0x00,0x24,0x00,0x00,0x0a,
0x32,0x00,0x10,0x00,0x09,0x00,0x00,0x00,0xe6,0x0a,0x10,0x00,0x02,0x00,0x00,0x00,
0x02,0x40,0x00,0x00,0x00,0x00,0x00,0x00,0x00,0x00,0x00,0x00,0x00,0x00,0x00,0x00,
0x00,0x00,0x00,0x00,0x36,0x00,0x00,0x08,0xc2,0x00,0x10,0x00,0x09,0x00,0x00,0x00,
0x02,0x40,0x00,0x00,0x00,0x00,0x00,0x00,0x00,0x00,0x00,0x00,0x00,0x00,0x00,0x00,
0x00,0x00,0x00,0x00,0x2d,0x00,0x00,0x89,0xc2,0x00,0x00,0x80,0x43,0x55,0x15,0x00,
0xc2,0x00,0x10,0x00,0x02,0x00,0x00,0x00,0x46,0x0e,0x10,0x00,0x09,0x00,0x00,0x00,
0xe6,0x74,0x10,0x00,0x02,0x00,0x00,0x00,0x2b,0x00,0x00,0x05,0xf2,0x00,0x10,0x00,
0x09,0x00,0x00,0x00,0x46,0x04,0x10,0x00,0x09,0x00,0x00,0x00,0x00,0x00,0x00,0x0a,
0xf2,0x00,0x10,0x00,0x09,0x00,0x00,0x00,0x46,0x0e,0x10,0x00,0x09,0x00,0x00,0x00,
0x02,0x40,0x00,0x00,0x00,0x00,0x00,0x3f,0x00,0x00,0x00,0x3f,0x00,0x00,0x00,0x3f,
0x00,0x00,0x00,0x3f,0x2b,0x00,0x00,0x06,0xf2,0x00,0x10,0x00,0x0a,0x00,0x00,0x00,
0x46,0x8e,0x20,0x00,0x00,0x00,0x00,0x00,0x00,0x00,0x00,0x00,0x0e,0x00,0x00,0x07,
0xf2,0x00,0x10,0x00,0x09,0x00,0x00,0x00,0x46,0x0e,0x10,0x00,0x09,0x00,0x00,0x00,
0x46,0x04,0x10,0x00,0x0a,0x00,0x00,0x00,0x2d,0x00,0x00,0x8c,0xc2,0x00,0x00,0x80,
0x43,0x55,0x15,0x00,0x42,0x00,0x10,0x00,0x07,0x00,0x00,0x00,0x02,0x40,0x00,0x00,
0x00,0x00,0x00,0x00,0x00,0x00,0x00,0x00,0x00,0x00,0x00,0x00,0x00,0x00,0x00,0x00,
0x96,0x7c,0x10,0x00,0x03,0x00,0x00,0x00,0x18,0x00,0x00,0x07,0x82,0x00,0x10,0x00,
0x07,0x00,0x00,0x00,0x2a,0x00,0x10,0x00,0x07,0x00,0x00,0x00,0x01,0x40,0x00,0x00,
0x00,0x00,0x00,0x00,0x37,0x00,0x00,0x09,0x42,0x00,0x10,0x00,0x07,0x00,0x00,0x00,
0x3a,0x00,0x10,0x00,0x07,0x00,0x00,0x00,0x01,0x40,0x00,0x00,0x00,0x00,0x80,0x3f,
0x2a,0x00,0x10,0x00,0x07,0x00,0x00,0x00,0x0e,0x00,0x00,0x08,0xf2,0x00,0x10,0x00,
0x0b,0x00,0x00,0x00,0x46,0x8e,0x20,0x00,0x00,0x00,0x00,0x00,0x04,0x00,0x00,0x00,
0x46,0x0e,0x10,0x00,0x0a,0x00,0x00,0x00,0x00,0x00,0x00,0x07,0xf2,0x00,0x10,0x00,
0x0c,0x00,0x00,0x00,0xe6,0x0e,0x10,0x00,0x09,0x00,0x00,0x00,0xe6,0x0e,0x10,0x00,
0x0b,0x00,0x00,0x00,0x00,0x00,0x00,0x07,0xf2,0x00,0x10,0x00,0x0c,0x00,0x00,0x00,
0xe6,0x0e,0x10,0x00,0x02,0x00,0x00,0x00,0x46,0x0e,0x10,0x00,0x0c,0x00,0x00,0x00,
0x1d,0x00,0x00,0x0a,0xc2,0x00,0x10,0x00,0x02,0x00,0x00,0x00,0xa6,0x0e,0x10,0x00,
0x0c,0x00,0x00,0x00,0x02,0x40,0x00,0x00,0x00,0x00,0x00,0x00,0x00,0x00,0x00,0x00,
0x00,0x00,0x00,0x00,0x00,0x00,0x00,0x00,0x1d,0x00,0x00,0x0a,0x32,0x00,0x10,0x00,
0x0d,0x00,0x00,0x00,0x02,0x40,0x00,0x00,0x00,0x00,0x80,0x3f,0x00,0x00,0x80,0x3f,
0x00,0x00,0x00,0x00,0x00,0x00,0x00,0x00,0xe6,0x0a,0x10,0x00,0x0c,0x00,0x00,0x00,
0x01,0x00,0x00,0x07,0xc2,0x00,0x10,0x00,0x02,0x00,0x00,0x00,0xa6,0x0e,0x10,0x00,
0x02,0x00,0x00,0x00,0x06,0x04,0x10,0x00,0x0d,0x00,0x00,0x00,0x01,0x00,0x00,0x07,
0x42,0x00,0x10,0x00,0x02,0x00,0x00,0x00,0x3a,0x00,0x10,0x00,0x02,0x00,0x00,0x00,
0x2a,0x00,0x10,0x00,0x02,0x00,0x00,0x00,0x1f,0x00,0x04,0x03,0x2a,0x00,0x10,0x00,
0x02,0x00,0x00,0x00,0x38,0x00,0x00,0x07,0xf2,0x00,0x10,0x00,0x0c,0x00,0x00,0x00,
0xe6,0x0e,0x10,0x00,0x0a,0x00,0x00,0x00,0x46,0x0e,0x10,0x00,0x0c,0x00,0x00,0x00,
0x41,0x00,0x00,0x05,0xf2,0x00,0x10,0x00,0x0c,0x00,0x00,0x00,0x46,0x0e,0x10,0x00,
0x0c,0x00,0x00,0x00,0x1b,0x00,0x00,0x05,0xf2,0x00,0x10,0x00,0x0c,0x00,0x00,0x00,
0x46,0x0e,0x10,0x00,0x0c,0x00,0x00,0x00,0x1e,0x00,0x00,0x0b,0xf2,0x00,0x10,0x00,
0x0d,0x00,0x00,0x00,0xe6,0x8e,0x20,0x00,0x00,0x00,0x00,0x00,0x00,0x00,0x00,0x00,
0x02,0x40,0x00,0x00,0xff,0xff,0xff,0xff,0xff,0xff,0xff,0xff,0xff,0xff,0xff,0xff,
0xff,0xff,0xff,0xff,0x25,0x00,0x00,0x07,0xc2,0x00,0x10,0x00,0x02,0x00,0x00,0x00,
0xa6,0x0e,0x10,0x00,0x0c,0x00,0x00,0x00,0xa6,0x0e,0x10,0x00,0x0d,0x00,0x00,0x00,
0x24,0x00,0x00,0x0a,0x32,0x00,0x10,0x00,0x0e,0x00,0x00,0x00,0xe6,0x0a,0x10,0x00,
0x02,0x00,0x00,0x00,0x02,0x40,0x00,0x00,0x00,0x00,0x00,0x00,0x00,0x00,0x00,0x00,
0x00,0x00,0x00,0x00,0x00,0x00,0x00,0x00,0x36,0x00,0x00,0x08,0xc2,0x00,0x10,0x00,
0x0e,0x00,0x00,0x00,0x02,0x40,0x00,0x00,0x00,0x00,0x00,0x00,0x00,0x00,0x00,0x00,
0x00,0x00,0x00,0x00,0x00,0x00,0x00,0x00,0x2d,0x00,0x00,0x89,0xc2,0x00,0x00,0x80,
0x43,0x55,0x15,0x00,0x42,0x00,0x10,0x00,0x02,0x00,0x00,0x00,0x46,0x0e,0x10,0x00,
0x0e,0x00,0x00,0x00,0x96,0x7c,0x10,0x00,0x01,0x00,0x00,0x00,0x38,0x00,0x00,0x08,
0x42,0x00,0x10,0x00,0x02,0x00,0x00,0x00,0x2a,0x00,0x10,0x00,0x02,0x00,0x00,0x00,
0x1a,0x80,0x20,0x00,0x00,0x00,0x00,0x00,0x07,0x00,0x00,0x00,0x38,0x00,0x00,0x07,
0x42,0x00,0x10,0x00,0x02,0x00,0x00,0x00,0x2a,0x00,0x10,0x00,0x07,0x00,0x00,0x00,
0x2a,0x00,0x10,0x00,0x02,0x00,0x00,0x00,0x34,0x00,0x00,0x07,0x42,0x00,0x10,0x00,
0x02,0x00,0x00,0x00,0x2a,0x00,0x10,0x00,0x02,0x00,0x00,0x00,0x01,0x40,0x00,0x00,
0x40,0xda,0x7f,0x38,0x1e,0x00,0x00,0x0a,0xf2,0x00,0x10,0x00,0x0e,0x00,0x00,0x00,
0xe6,0x0e,0x10,0x00,0x0c,0x00,0x00,0x00,0x02,0x40,0x00,0x00,0xff,0xff,0xff,0xff,
0x00,0x00,0x00,0x00,0x01,0x00,0x00,0x00,0x00,0x00,0x00,0x00,0x25,0x00,0x00,0x07,
0xf2,0x00,0x10,0x00,0x0e,0x00,0x00,0x00,0x46,0x0e,0x10,0x00,0x0d,0x00,0x00,0x00,
0x46,0x0e,0x10,0x00,0x0e,0x00,0x00,0x00,0x24,0x00,0x00,0x0a,0xf2,0x00,0x10,0x00,
0x0e,0x00,0x00,0x00,0xe6,0x04,0x10,0x00,0x0e,0x00,0x00,0x00,0x02,0x40,0x00,0x00,
0x00,0x00,0x00,0x00,0x00,0x00,0x00,0x00,0x00,0x00,0x00,0x00,0x00,0x00,0x00,0x00,
0x36,0x00,0x00,0x05,0x32,0x00,0x10,0x00,0x0f,0x00,0x00,0x00,0xe6,0x0a,0x10,0x00,
0x0e,0x00,0x00,0x00,0x36,0x00,0x00,0x08,0xc2,0x00,0x10,0x00,0x0f,0x00,0x00,0x00,
0x02,0x40,0x00,0x00,0x00,0x00,0x00,0x00,0x00,0x00,0x00,0x00,0x00,0x00,0x00,0x00,
0x00,0x00,0x00,0x00,0x2d,0x00,0x00,0x89,0xc2,0x00,0x00,0x80,0x43,0x55,0x15,0x00,
0x82,0x00,0x10,0x00,0x02,0x00,0x00,0x00,0x46,0x0e,0x10,0x00,0x0f,0x00,0x00,0x00,
0x96,0x73,0x10,0x00,0x01,0x00,0x00,0x00,0x38,0x00,0x00,0x08,0x82,0x00,0x10,0x00,
0x02,0x00,0x00,0x00,0x3a,0x00,0x10,0x00,0x02,0x00,0x00,0x00,0x1a,0x80,0x20,0x00,
0x00,0x00,0x00,0x00,0x07,0x00,0x00,0x00,0x38,0x00,0x00,0x07,0x82,0x00,0x10,0x00,
0x02,0x00,0x00,0x00,0x2a,0x00,0x10,0x00,0x07,0x00,0x00,0x00,0x3a,0x00,0x10,0x00,
0x02,0x00,0x00,0x00,0x34,0x00,0x00,0x07,0x82,0x00,0x10,0x00,0x02,0x00,0x00,0x00,
0x3a,0x00,0x10,0x00,0x02,0x00,0x00,0x00,0x01,0x40,0x00,0x00,0x40,0xda,0x7f,0x38,
0x36,0x00,0x00,0x08,0xc2,0x00,0x10,0x00,0x0e,0x00,0x00,0x00,0x02,0x40,0x00,0x00,
0x00,0x00,0x00,0x00,0x00,0x00,0x00,0x00,0x00,0x00,0x00,0x00,0x00,0x00,0x00,0x00,
0x2d,0x00,0x00,0x89,0xc2,0x00,0x00,0x80,0x43,0x55,0x15,0x00,0x82,0x00,0x10,0x00,
0x07,0x00,0x00,0x00,0x46,0x0e,0x10,0x00,0x0e,0x00,0x00,0x00,0x96,0x73,0x10,0x00,
0x01,0x00,0x00,0x00,0x38,0x00,0x00,0x08,0x82,0x00,0x10,0x00,0x07,0x00,0x00,0x00,
0x3a,0x00,0x10,0x00,0x07,0x00,0x00,0x00,0x1a,0x80,0x20,0x00,0x00,0x00,0x00,0x00,
0x07,0x00,0x00,0x00,0x38,0x00,0x00,0x07,0x82,0x00,0x10,0x00,0x07,0x00,0x00,0x00,
0x2a,0x00,0x10,0x00,0x07,0x00,0x00,0x00,0x3a,0x00,0x10,0x00,0x07,0x00,0x00,0x00,
0x34,0x00,0x00,0x07,0x82,0x00,0x10,0x00,0x07,0x00,0x00,0x00,0x3a,0x00,0x10,0x00,
0x07,0x00,0x00,0x00,0x01,0x40,0x00,0x00,0x40,0xda,0x7f,0x38,0x1e,0x00,0x00,0x0a,
0xf2,0x00,0x10,0x00,0x0c,0x00,0x00,0x00,0x46,0x0e,0x10,0x00,0x0c,0x00,0x00,0x00,
0x02,0x40,0x00,0x00,0x00,0x00,0x00,0x00,0xff,0xff,0xff,0xff,0x00,0x00,0x00,0x00,
0x01,0x00,0x00,0x00,0x25,0x00,0x00,0x07,0xf2,0x00,0x10,0x00,0x0c,0x00,0x00,0x00,
0x46,0x0e,0x10,0x00,0x0d,0x00,0x00,0x00,0x46,0x0e,0x10,0x00,0x0c,0x00,0x00,0x00,
0x24,0x00,0x00,0x0a,0xf2,0x00,0x10,0x00,0x0c,0x00,0x00,0x00,0xe6,0x04,0x10,0x00,
0x0c,0x00,0x00,0x00,0x02,0x40,0x00,0x00,0x00,0x00,0x00,0x00,0x00,0x00,0x00,0x00,
0x00,0x00,0x00,0x00,0x00,0x00,0x00,0x00,0x36,0x00,0x00,0x05,0x32,0x00,0x10,0x00,
0x0d,0x00,0x00,0x00,0xe6,0x0a,0x10,0x00,0x0c,0x00,0x00,0x00,0x36,0x00,0x00,0x08,
0xc2,0x00,0x10,0x00,0x0d,0x00,0x00,0x00,0x02,0x40,0x00,0x00,0x00,0x00,0x00,0x00,
0x00,0x00,0x00,0x00,0x00,0x00,0x00,0x00,0x00,0x00,0x00,0x00,0x2d,0x00,0x00,0x89,
0xc2,0x00,0x00,0x80,0x43,0x55,0x15,0x00,0x12,0x00,0x10,0x00,0x0d,0x00,0x00,0x00,
0x46,0x0e,0x10,0x00,0x0d,0x00,0x00,0x00,0x46,0x7e,0x10,0x00,0x01,0x00,0x00,0x00,
0x38,0x00,0x00,0x08,0x12,0x00,0x10,0x00,0x0d,0x00,0x00,0x00,0x0a,0x00,0x10,0x00,
0x0d,0x00,0x00,0x00,0x1a,0x80,0x20,0x00,0x00,0x00,0x00,0x00,0x07,0x00,0x00,0x00,
0x38,0x00,0x00,0x07,0x12,0x00,0x10,0x00,0x0d,0x00,0x00,0x00,0x2a,0x00,0x10,0x00,
0x07,0x00,0x00,0x00,0x0a,0x00,0x10,0x00,0x0d,0x00,0x00,0x00,0x34,0x00,0x00,0x07,
0x12,0x00,0x10,0x00,0x0d,0x00,0x00,0x00,0x0a,0x00,0x10,0x00,0x0d,0x00,0x00,0x00,
0x01,0x40,0x00,0x00,0x40,0xda,0x7f,0x38,0x36,0x00,0x00,0x08,0xc2,0x00,0x10,0x00,
0x0c,0x00,0x00,0x00,0x02,0x40,0x00,0x00,0x00,0x00,0x00,0x00,0x00,0x00,0x00,0x00,
0x00,0x00,0x00,0x00,0x00,0x00,0x00,0x00,0x2d,0x00,0x00,0x89,0xc2,0x00,0x00,0x80,
0x43,0x55,0x15,0x00,0x12,0x00,0x10,0x00,0x0c,0x00,0x00,0x00,0x46,0x0e,0x10,0x00,
0x0c,0x00,0x00,0x00,0x46,0x7e,0x10,0x00,0x01,0x00,0x00,0x00,0x38,0x00,0x00,0x08,
0x12,0x00,0x10,0x00,0x0c,0x00,0x00,0x00,0x0a,0x00,0x10,0x00,0x0c,0x00,0x00,0x00,
0x1a,0x80,0x20,0x00,0x00,0x00,0x00,0x00,0x07,0x00,0x00,0x00,0x38,0x00,0x00,0x07,
0x12,0x00,0x10,0x00,0x0c,0x00,0x00,0x00,0x2a,0x00,0x10,0x00,0x07,0x00,0x00,0x00,
0x0a,0x00,0x10,0x00,0x0c,0x00,0x00,0x00,0x34,0x00,0x00,0x07,0x12,0x00,0x10,0x00,
0x0c,0x00,0x00,0x00,0x0a,0x00,0x10,0x00,0x0c,0x00,0x00,0x00,0x01,0x40,0x00,0x00,
0x40,0xda,0x7f,0x38,0x00,0x00,0x00,0x07,0xf2,0x00,0x10,0x00,0x09,0x00,0x00,0x00,
0x46,0x0e,0x10,0x00,0x09,0x00,0x00,0x00,0x46,0x04,0x10,0x00,0x0b,0x00,0x00,0x00,
0x38,0x00,0x00,0x07,0xf2,0x00,0x10,0x00,0x09,0x00,0x00,0x00,0x46,0x04,0x10,0x00,
0x0a,0x00,0x00,0x00,0x46,0x0e,0x10,0x00,0x09,0x00,0x00,0x00,0x41,0x00,0x00,0x05,
0xf2,0x00,0x10,0x00,0x09,0x00,0x00,0x00,0x46,0x0e,0x10,0x00,0x09,0x00,0x00,0x00,
0x1b,0x00,0x00,0x05,0xf2,0x00,0x10,0x00,0x09,0x00,0x00,0x00,0x46,0x0e,0x10,0x00,
0x09,0x00,0x00,0x00,0x25,0x00,0x00,0x07,0x62,0x00,0x10,0x00,0x0c,0x00,0x00,0x00,
0xa6,0x0b,0x10,0x00,0x08,0x00,0x00,0x00,0xa6,0x0b,0x10,0x00,0x09,0x00,0x00,0x00,
0x24,0x00,0x00,0x0a,0x32,0x00,0x10,0x00,0x0e,0x00,0x00,0x00,0x96,0x05,0x10,0x00,
0x0c,0x00,0x00,0x00,0x02,0x40,0x00,0x00,0x00,0x00,0x00,0x00,0x00,0x00,0x00,0x00,
0x00,0x00,0x00,0x00,0x00,0x00,0x00,0x00,0x36,0x00,0x00,0x08,0xc2,0x00,0x10,0x00,
0x0e,0x00,0x00,0x00,0x02,0x40,0x00,0x00,0x00,0x00,0x00,0x00,0x00,0x00,0x00,0x00,
0x00,0x00,0x00,0x00,0x00,0x00,0x00,0x00,0x2d,0x00,0x00,0x89,0xc2,0x00,0x00,0x80,
0x43,0x55,0x15,0x00,0x22,0x00,0x10,0x00,0x0c,0x00,0x00,0x00,0x46,0x0e,0x10,0x00,
0x0e,0x00,0x00,0x00,0x16,0x7e,0x10,0x00,0x00,0x00,0x00,0x00,0x38,0x00,0x00,0x07,
0x22,0x00,0x10,0x00,0x0c,0x00,0x00,0x00,0x2a,0x00,0x10,0x00,0x07,0x00,0x00,0x00,
0x1a,0x00,0x10,0x00,0x0c,0x00,0x00,0x00,0x34,0x00,0x00,0x07,0x22,0x00,0x10,0x00,
0x0c,0x00,0x00,0x00,0x1a,0x00,0x10,0x00,0x0c,0x00,0x00,0x00,0x01,0x40,0x00,0x00,
0x40,0xda,0x7f,0x38,0x1e,0x00,0x00,0x0a,0xf2,0x00,0x10,0x00,0x0e,0x00,0x00,0x00,
0xe6,0x0e,0x10,0x00,0x09,0x00,0x00,0x00,0x02,0x40,0x00,0x00,0xff,0xff,0xff,0xff,
0x00,0x00,0x00,0x00,0x01,0x00,0x00,0x00,0x00,0x00,0x00,0x00,0x25,0x00,0x00,0x07,
0xf2,0x00,0x10,0x00,0x0e,0x00,0x00,0x00,0x46,0x0e,0x10,0x00,0x08,0x00,0x00,0x00,
0x46,0x0e,0x10,0x00,0x0e,0x00,0x00,0x00,0x24,0x00,0x00,0x0a,0xf2,0x00,0x10,0x00,
0x0e,0x00,0x00,0x00,0xe6,0x04,0x10,0x00,0x0e,0x00,0x00,0x00,0x02,0x40,0x00,0x00,
0x00,0x00,0x00,0x00,0x00,0x00,0x00,0x00,0x00,0x00,0x00,0x00,0x00,0x00,0x00,0x00,
0x36,0x00,0x00,0x05,0x32,0x00,0x10,0x00,0x0f,0x00,0x00,0x00,0xe6,0x0a,0x10,0x00,
0x0e,0x00,0x00,0x00,0x36,0x00,0x00,0x08,0xc2,0x00,0x10,0x00,0x0f,0x00,0x00,0x00,
0x02,0x40,0x00,0x00,0x00,0x00,0x00,0x00,0x00,0x00,0x00,0x00,0x00,0x00,0x00,0x00,
0x00,0x00,0x00,0x00,0x2d,0x00,0x00,0x89,0xc2,0x00,0x00,0x80,0x43,0x55,0x15,0x00,
0x42,0x00,0x10,0x00,0x0c,0x00,0x00,0x00,0x46,0x0e,0x10,0x00,0x0f,0x00,0x00,0x00,
0x96,0x7c,0x10,0x00,0x00,0x00,0x00,0x00,0x38,0x00,0x00,0x07,0x42,0x00,0x10,0x00,
0x0c,0x00,0x00,0x00,0x2a,0x00,0x10,0x00,0x07,0x00,0x00,0x00,0x2a,0x00,0x10,0x00,
0x0c,0x00,0x00,0x00,0x34,0x00,0x00,0x07,0x42,0x00,0x10,0x00,0x0c,0x00,0x00,0x00,
0x2a,0x00,0x10,0x00,0x0c,0x00,0x00,0x00,0x01,0x40,0x00,0x00,0x40,0xda,0x7f,0x38,
0x36,0x00,0x00,0x08,0xc2,0x00,0x10,0x00,0x0e,0x00,0x00,0x00,0x02,0x40,0x00,0x00,
0x00,0x00,0x00,0x00,0x00,0x00,0x00,0x00,0x00,0x00,0x00,0x00,0x00,0x00,0x00,0x00,
0x2d,0x00,0x00,0x89,0xc2,0x00,0x00,0x80,0x43,0x55,0x15,0x00,0x82,0x00,0x10,0x00,
0x0c,0x00,0x00,0x00,0x46,0x0e,0x10,0x00,0x0e,0x00,0x00,0x00,0x96,0x73,0x10,0x00,
0x00,0x00,0x00,0x00,0x38,0x00,0x00,0x07,0x82,0x00,0x10,0x00,0x0c,0x00,0x00,0x00,
0x2a,0x00,0x10,0x00,0x07,0x00,0x00,0x00,0x3a,0x00,0x10,0x00,0x0c,0x00,0x00,0x00,
0x34,0x00,0x00,0x07,0x82,0x00,0x10,0x00,0x0c,0x00,0x00,0x00,0x3a,0x00,0x10,0x00,
0x0c,0x00,0x00,0x00,0x01,0x40,0x00,0x00,0x40,0xda,0x7f,0x38,0x1e,0x00,0x00,0x0a,
0xf2,0x00,0x10,0x00,0x09,0x00,0x00,0x00,0x46,0x0e,0x10,0x00,0x09,0x00,0x00,0x00,
0x02,0x40,0x00,0x00,0x00,0x00,0x00,0x00,0xff,0xff,0xff,0xff,0x00,0x00,0x00,0x00,
0x01,0x00,0x00,0x00,0x25,0x00,0x00,0x07,0xf2,0x00,0x10,0x00,0x09,0x00,0x00,0x00,
0x46,0x0e,0x10,0x00,0x08,0x00,0x00,0x00,0x46,0x0e,0x10,0x00,0x09,0x00,0x00,0x00,
0x24,0x00,0x00,0x0a,0xf2,0x00,0x10,0x00,0x09,0x00,0x00,0x00,0xe6,0x04,0x10,0x00,
0x09,0x00,0x00,0x00,0x02,0x40,0x00,0x00,0x00,0x00,0x00,0x00,0x00,0x00,0x00,0x00,
0x00,0x00,0x00,0x00,0x00,0x00,0x00,0x00,0x36,0x00,0x00,0x05,0x32,0x00,0x10,0x00,
0x0e,0x00,0x00,0x00,0xe6,0x0a,0x10,0x00,0x09,0x00,0x00,0x00,0x36,0x00,0x00,0x08,
0xc2,0x00,0x10,0x00,0x0e,0x00,0x00,0x00,0x02,0x40,0x00,0x00,0x00,0x00,0x00,0x00,
0x00,0x00,0x00,0x00,0x00,0x00,0x00,0x00,0x00,0x00,0x00,0x00,0x2d,0x00,0x00,0x89,
0xc2,0x00,0x00,0x80,0x43,0x55,0x15,0x00,0x22,0x00,0x10,0x00,0x0d,0x00,0x00,0x00,
0x46,0x0e,0x10,0x00,0x0e,0x00,0x00,0x00,0x16,0x7e,0x10,0x00,0x00,0x00,0x00,0x00,
0x38,0x00,0x00,0x07,0x22,0x00,0x10,0x00,0x0d,0x00,0x00,0x00,0x2a,0x00,0x10,0x00,
0x07,0x00,0x00,0x00,0x1a,0x00,0x10,0x00,0x0d,0x00,0x00,0x00,0x34,0x00,0x00,0x07,
0x22,0x00,0x10,0x00,0x0d,0x00,0x00,0x00,0x1a,0x00,0x10,0x00,0x0d,0x00,0x00,0x00,
0x01,0x40,0x00,0x00,0x40,0xda,0x7f,0x38,0x36,0x00,0x00,0x08,0xc2,0x00,0x10,0x00,
0x09,0x00,0x00,0x00,0x02,0x40,0x00,0x00,0x00,0x00,0x00,0x00,0x00,0x00,0x00,0x00,
0x00,0x00,0x00,0x00,0x00,0x00,0x00,0x00,0x2d,0x00,0x00,0x89,0xc2,0x00,0x00,0x80,
0x43,0x55,0x15,0x00,0x12,0x00,0x10,0x00,0x09,0x00,0x00,0x00,0x46,0x0e,0x10,0x00,
0x09,0x00,0x00,0x00,0x46,0x7e,0x10,0x00,0x00,0x00,0x00,0x00,0x38,0x00,0x00,0x07,
0x12,0x00,0x10,0x00,0x09,0x00,0x00,0x00,0x2a,0x00,0x10,0x00,0x07,0x00,0x00,0x00,
0x0a,0x00,0x10,0x00,0x09,0x00,0x00,0x00,0x34,0x00,0x00,0x07,0x12,0x00,0x10,0x00,
0x09,0x00,0x00,0x00,0x0a,0x00,0x10,0x00,0x09,0x00,0x00,0x00,0x01,0x40,0x00,0x00,
0x40,0xda,0x7f,0x38,0x33,0x00,0x00,0x07,0x22,0x00,0x10,0x00,0x09,0x00,0x00,0x00,
0x1a,0x00,0x10,0x00,0x0c,0x00,0x00,0x00,0x1a,0x00,0x10,0x00,0x0d,0x00,0x00,0x00,
0x34,0x00,0x00,0x07,0x42,0x00,0x10,0x00,0x09,0x00,0x00,0x00,0x1a,0x00,0x10,0x00,
0x0c,0x00,0x00,0x00,0x1a,0x00,0x10,0x00,0x0d,0x00,0x00,0x00,0x33,0x00,0x00,0x07,
0x82,0x00,0x10,0x00,0x09,0x00,0x00,0x00,0x0a,0x00,0x10,0x00,0x09,0x00,0x00,0x00,
0x2a,0x00,0x10,0x00,0x0c,0x00,0x00,0x00,0x34,0x00,0x00,0x07,0x12,0x00,0x10,0x00,
0x09,0x00,0x00,0x00,0x0a,0x00,0x10,0x00,0x09,0x00,0x00,0x00,0x2a,0x00,0x10,0x00,
0x0c,0x00,0x00,0x00,0x34,0x00,0x00,0x07,0x22,0x00,0x10,0x00,0x0c,0x00,0x00,0x00,
0x3a,0x00,0x10,0x00,0x0c,0x00,0x00,0x00,0x1a,0x00,0x10,0x00,0x09,0x00,0x00,0x00,
0x34,0x00,0x00,0x07,0x42,0x00,0x10,0x00,0x0c,0x00,0x00,0x00,0x2a,0x00,0x10,0x00,
0x09,0x00,0x00,0x00,0x3a,0x00,0x10,0x00,0x09,0x00,0x00,0x00,0x34,0x00,0x00,0x07,
0x22,0x00,0x10,0x00,0x0d,0x00,0x00,0x00,0x0a,0x00,0x10,0x00,0x09,0x00,0x00,0x00,
0x1a,0x00,0x10,0x00,0x0c,0x00,0x00,0x00,0x34,0x00,0x00,0x07,0x42,0x00,0x10,0x00,
0x0d,0x00,0x00,0x00,0x2a,0x00,0x10,0x00,0x0c,0x00,0x00,0x00,0x1a,0x00,0x10,0x00,
0x0d,0x00,0x00,0x00,0x33,0x00,0x00,0x07,0x82,0x00,0x10,0x00,0x0d,0x00,0x00,0x00,
0x2a,0x00,0x10,0x00,0x02,0x00,0x00,0x00,0x0a,0x00,0x10,0x00,0x0d,0x00,0x00,0x00,
0x34,0x00,0x00,0x07,0x42,0x00,0x10,0x00,0x02,0x00,0x00,0x00,0x2a,0x00,0x10,0x00,
0x02,0x00,0x00,0x00,0x0a,0x00,0x10,0x00,0x0d,0x00,0x00,0x00,0x33,0x00,0x00,0x07,
0x12,0x00,0x10,0x00,0x0d,0x00,0x00,0x00,0x3a,0x00,0x10,0x00,0x02,0x00,0x00,0x00,
0x0a,0x00,0x10,0x00,0x0c,0x00,0x00,0x00,0x34,0x00,0x00,0x07,0x82,0x00,0x10,0x00,
0x02,0x00,0x00,0x00,0x3a,0x00,0x10,0x00,0x02,0x00,0x00,0x00,0x0a,0x00,0x10,0x00,
0x0c,0x00,0x00,0x00,0x34,0x00,0x00,0x07,0x12,0x00,0x10,0x00,0x0c,0x00,0x00,0x00,
0x3a,0x00,0x10,0x00,0x07,0x00,0x00,0x00,0x3a,0x00,0x10,0x00,0x0d,0x00,0x00,0x00,
0x34,0x00,0x00,0x07,0x12,0x00,0x10,0x00,0x0e,0x00,0x00,0x00,0x2a,0x00,0x10,0x00,
0x02,0x00,0x00,0x00,0x0a,0x00,0x10,0x00,0x0d,0x00,0x00,0x00,0x34,0x00,0x00,0x07,
0x22,0x00,0x10,0x00,0x0e,0x00,0x00,0x00,0x3a,0x00,0x10,0x00,0x02,0x00,0x00,0x00,
0x0a,0x00,0x10,0x00,0x0c,0x00,0x00,0x00,0x33,0x00,0x00,0x07,0x22,0x00,0x10,0x00,
0x09,0x00,0x00,0x00,0x3a,0x00,0x10,0x00,0x0c,0x00,0x00,0x00,0x1a,0x00,0x10,0x00,
0x09,0x00,0x00,0x00,0x33,0x00,0x00,0x07,0x42,0x00,0x10,0x00,0x09,0x00,0x00,0x00,
0x2a,0x00,0x10,0x00,0x09,0x00,0x00,0x00,0x3a,0x00,0x10,0x00,0x09,0x00,0x00,0x00,
0x33,0x00,0x00,0x07,0x12,0x00,0x10,0x00,0x0f,0x00,0x00,0x00,0x2a,0x00,0x10,0x00,
0x09,0x00,0x00,0x00,0x1a,0x00,0x10,0x00,0x09,0x00,0x00,0x00,0x34,0x00,0x00,0x07,
0x22,0x00,0x10,0x00,0x09,0x00,0x00,0x00,0x2a,0x00,0x10,0x00,0x09,0x00,0x00,0x00,
0x1a,0x00,0x10,0x00,0x09,0x00,0x00,0x00,0x33,0x00,0x00,0x07,0x12,0x00,0x10,0x00,
0x09,0x00,0x00,0x00,0x0a,0x00,0x10,0x00,0x09,0x00,0x00,0x00,0x1a,0x00,0x10,0x00,
0x0c,0x00,0x00,0x00,0x33,0x00,0x00,0x07,0x22,0x00,0x10,0x00,0x0f,0x00,0x00,0x00,
0x0a,0x00,0x10,0x00,0x09,0x00,0x00,0x00,0x1a,0x00,0x10,0x00,0x09,0x00,0x00,0x00,
0x34,0x00,0x00,0x07,0x12,0x00,0x10,0x00,0x09,0x00,0x00,0x00,0x0a,0x00,0x10,0x00,
0x09,0x00,0x00,0x00,0x1a,0x00,0x10,0x00,0x09,0x00,0x00,0x00,0x33,0x00,0x00,0x07,
0x22,0x00,0x10,0x00,0x09,0x00,0x00,0x00,0x2a,0x00,0x10,0x00,0x0c,0x00,0x00,0x00,
0x1a,0x00,0x10,0x00,0x0d,0x00,0x00,0x00,0x33,0x00,0x00,0x07,0x42,0x00,0x10,0x00,
0x0f,0x00,0x00,0x00,0x1a,0x00,0x10,0x00,0x09,0x00,0x00,0x00,0x0a,0x00,0x10,0x00,
0x09,0x00,0x00,0x00,0x34,0x00,0x00,0x07,0x82,0x00,0x10,0x00,0x0f,0x00,0x00,0x00,
0x1a,0x00,0x10,0x00,0x09,0x00,0x00,0x00,0x0a,0x00,0x10,0x00,0x09,0x00,0x00,0x00,
0x33,0x00,0x00,0x07,0x82,0x00,0x10,0x00,0x07,0x00,0x00,0x00,0x3a,0x00,0x10,0x00,
0x07,0x00,0x00,0x00,0x3a,0x00,0x10,0x00,0x0d,0x00,0x00,0x00,0x33,0x00,0x00,0x07,
0x42,0x00,0x10,0x00,0x02,0x00,0x00,0x00,0x2a,0x00,0x10,0x00,0x02,0x00,0x00,0x00,
0x0a,0x00,0x10,0x00,0x0d,0x00,0x00,0x00,0x33,0x00,0x00,0x07,0x12,0x00,0x10,0x00,
0x09,0x00,0x00,0x00,0x2a,0x00,0x10,0x00,0x02,0x00,0x00,0x00,0x3a,0x00,0x10,0x00,
0x07,0x00,0x00,0x00,0x34,0x00,0x00,0x07,0x42,0x00,0x10,0x00,0x02,0x00,0x00,0x00,
0x2a,0x00,0x10,0x00,0x02,0x00,0x00,0x00,0x3a,0x00,0x10,0x00,0x07,0x00,0x00,0x00,
0x33,0x00,0x00,0x07,0x82,0x00,0x10,0x00,0x02,0x00,0x00,0x00,0x3a,0x00,0x10,0x00,
0x02,0x00,0x00,0x00,0x0a,0x00,0x10,0x00,0x0c,0x00,0x00,0x00,0x33,0x00,0x00,0x07,
0x22,0x00,0x10,0x00,0x09,0x00,0x00,0x00,0x3a,0x00,0x10,0x00,0x02,0x00,0x00,0x00,
0x2a,0x00,0x10,0x00,0x02,0x00,0x00,0x00,0x34,0x00,0x00,0x07,0x42,0x00,0x10,0x00,
0x02,0x00,0x00,0x00,0x3a,0x00,0x10,0x00,0x02,0x00,0x00,0x00,0x2a,0x00,0x10,0x00,
0x02,0x00,0x00,0x00,0x33,0x00,0x00,0x07,0x82,0x00,0x10,0x00,0x02,0x00,0x00,0x00,
0x1a,0x00,0x10,0x00,0x0e,0x00,0x00,0x00,0x0a,0x00,0x10,0x00,0x0e,0x00,0x00,0x00,
0x33,0x00,0x00,0x07,0x42,0x00,0x10,0x00,0x09,0x00,0x00,0x00,0x3a,0x00,0x10,0x00,
0x02,0x00,0x00,0x00,0x2a,0x00,0x10,0x00,0x02,0x00,0x00,0x00,0x34,0x00,0x00,0x07,
0x82,0x00,0x10,0x00,0x09,0x00,0x00,0x00,0x3a,0x00,0x10,0x00,0x02,0x00,0x00,0x00,
0x2a,0x00,0x10,0x00,0x02,0x00,0x00,0x00,0x00,0x00,0x00,0x08,0x42,0x00,0x10,0x00,
0x02,0x00,0x00,0x00,0x0a,0x00,0x10,0x80,0x41,0x00,0x00,0x00,0x09,0x00,0x00,0x00,
0x0a,0x00,0x10,0x00,0x0f,0x00,0x00,0x00,0x31,0x00,0x00,0x08,0x82,0x00,0x10,0x00,
0x02,0x00,0x00,0x00,0x01,0x40,0x00,0x00,0x40,0xda,0x7f,0x38,0x2a,0x00,0x10,0x80,
0x81,0x00,0x00,0x00,0x02,0x00,0x00,0x00,0x1f,0x00,0x04,0x03,0x3a,0x00,0x10,0x00,
0x02,0x00,0x00,0x00,0x31,0x00,0x00,0x07,0x82,0x00,0x10,0x00,0x02,0x00,0x00,0x00,
0x01,0x40,0x00,0x00,0x00,0x00,0x00,0x00,0x2a,0x00,0x10,0x00,0x02,0x00,0x00,0x00,
0x31,0x00,0x00,0x07,0x42,0x00,0x10,0x00,0x02,0x00,0x00,0x00,0x2a,0x00,0x10,0x00,
0x02,0x00,0x00,0x00,0x01,0x40,0x00,0x00,0x00,0x00,0x00,0x00,0x1e,0x00,0x00,0x08,
0x42,0x00,0x10,0x00,0x02,0x00,0x00,0x00,0x3a,0x00,0x10,0x80,0x41,0x00,0x00,0x00,
0x02,0x00,0x00,0x00,0x2a,0x00,0x10,0x00,0x02,0x00,0x00,0x00,0x2b,0x00,0x00,0x05,
0x42,0x00,0x10,0x00,0x02,0x00,0x00,0x00,0x2a,0x00,0x10,0x00,0x02,0x00,0x00,0x00,
0x34,0x00,0x00,0x07,0x82,0x00,0x10,0x00,0x02,0x00,0x00,0x00,0x0a,0x00,0x10,0x00,
0x09,0x00,0x00,0x00,0x0a,0x00,0x10,0x00,0x0f,0x00,0x00,0x00,0x33,0x00,0x00,0x07,
0x82,0x00,0x10,0x00,0x07,0x00,0x00,0x00,0x0a,0x00,0x10,0x00,0x09,0x00,0x00,0x00,
0x0a,0x00,0x10,0x00,0x0f,0x00,0x00,0x00,0x0e,0x00,0x00,0x07,0x82,0x00,0x10,0x00,
0x02,0x00,0x00,0x00,0x3a,0x00,0x10,0x00,0x07,0x00,0x00,0x00,0x3a,0x00,0x10,0x00,
0x02,0x00,0x00,0x00,0x00,0x00,0x00,0x08,0x82,0x00,0x10,0x00,0x02,0x00,0x00,0x00,
0x3a,0x00,0x10,0x80,0x41,0x00,0x00,0x00,0x02,0x00,0x00,0x00,0x01,0x40,0x00,0x00,
0x00,0x00,0x80,0x3f,0x38,0x00,0x00,0x07,0x42,0x00,0x10,0x00,0x02,0x00,0x00,0x00,
0x3a,0x00,0x10,0x00,0x02,0x00,0x00,0x00,0x2a,0x00,0x10,0x00,0x02,0x00,0x00,0x00,
0x31,0x00,0x00,0x08,0x82,0x00,0x10,0x00,0x02,0x00,0x00,0x00,0x2a,0x00,0x10,0x80,
0x81,0x00,0x00,0x00,0x02,0x00,0x00,0x00,0x01,0x40,0x00,0x00,0x00,0xdf,0x7f,0x47,
0x37,0x00,0x00,0x09,0x42,0x00,0x10,0x00,0x02,0x00,0x00,0x00,0x3a,0x00,0x10,0x00,
0x02,0x00,0x00,0x00,0x2a,0x00,0x10,0x00,0x02,0x00,0x00,0x00,0x01,0x40,0x00,0x00,
0x00,0xdf,0x7f,0x47,0x31,0x00,0x00,0x07,0x82,0x00,0x10,0x00,0x02,0x00,0x00,0x00,
0x0a,0x00,0x10,0x00,0x0f,0x00,0x00,0x00,0x0a,0x00,0x10,0x00,0x09,0x00,0x00,0x00,
0x01,0x00,0x00,0x07,0x12,0x00,0x10,0x00,0x0c,0x00,0x00,0x00,0x3a,0x00,0x10,0x00,
0x02,0x00,0x00,0x00,0x01,0x40,0x00,0x00,0x01,0x00,0x00,0x00,0x0f,0x00,0x00,0x08,
0x82,0x00,0x10,0x00,0x02,0x00,0x00,0x00,0x46,0x00,0x10,0x00,0x0f,0x00,0x00,0x00,
0x46,0x90,0x90,0x00,0x0a,0x00,0x10,0x00,0x0c,0x00,0x00,0x00,0x1d,0x00,0x00,0x07,
0x82,0x00,0x10,0x00,0x02,0x00,0x00,0x00,0x3a,0x00,0x10,0x00,0x02,0x00,0x00,0x00,
0x0a,0x00,0x10,0x00,0x09,0x00,0x00,0x00,0x01,0x00,0x00,0x07,0x22,0x00,0x10,0x00,
0x0c,0x00,0x00,0x00,0x3a,0x00,0x10,0x00,0x02,0x00,0x00,0x00,0x01,0x40,0x00,0x00,
0x01,0x00,0x00,0x00,0x12,0x00,0x00,0x01,0x36,0x00,0x00,0x08,0x32,0x00,0x10,0x00,
0x0c,0x00,0x00,0x00,0x02,0x40,0x00,0x00,0x00,0x00,0x00,0x00,0x00,0x00,0x00,0x00,
0x00,0x00,0x00,0x00,0x00,0x00,0x00,0x00,0x36,0x00,0x00,0x05,0x42,0x00,0x10,0x00,
0x02,0x00,0x00,0x00,0x01,0x40,0x00,0x00,0x00,0xe0,0x7f,0x47,0x15,0x00,0x00,0x01,
0x31,0x00,0x00,0x07,0x82,0x00,0x10,0x00,0x02,0x00,0x00,0x00,0x2a,0x00,0x10,0x00,
0x02,0x00,0x00,0x00,0x01,0x40,0x00,0x00,0x00,0xe0,0x7f,0x47,0x1f,0x00,0x04,0x03,
0x3a,0x00,0x10,0x00,0x02,0x00,0x00,0x00,0x0f,0x00,0x00,0x08,0x82,0x00,0x10,0x00,
0x07,0x00,0x00,0x00,0x46,0x00,0x10,0x00,0x0f,0x00,0x00,0x00,0x46,0x90,0x90,0x00,
0x0a,0x00,0x10,0x00,0x0c,0x00,0x00,0x00,0x0f,0x00,0x00,0x08,0x42,0x00,0x10,0x00,
0x0c,0x00,0x00,0x00,0x46,0x00,0x10,0x00,0x09,0x00,0x00,0x00,0x46,0x90,0x90,0x00,
0x1a,0x00,0x10,0x00,0x0c,0x00,0x00,0x00,0x00,0x00,0x00,0x08,0x82,0x00,0x10,0x00,
0x0c,0x00,0x00,0x00,0x3a,0x00,0x10,0x00,0x07,0x00,0x00,0x00,0x2a,0x00,0x10,0x80,
0x41,0x00,0x00,0x00,0x0c,0x00,0x00,0x00,0x31,0x00,0x00,0x08,0x12,0x00,0x10,0x00,
0x0d,0x00,0x00,0x00,0x01,0x40,0x00,0x00,0x40,0xda,0x7f,0x38,0x3a,0x00,0x10,0x80,
0x81,0x00,0x00,0x00,0x0c,0x00,0x00,0x00,0x1f,0x00,0x04,0x03,0x0a,0x00,0x10,0x00,
0x0d,0x00,0x00,0x00,0x31,0x00,0x00,0x07,0x12,0x00,0x10,0x00,0x0d,0x00,0x00,0x00,
0x01,0x40,0x00,0x00,0x00,0x00,0x00,0x00,0x3a,0x00,0x10,0x00,0x0c,0x00,0x00,0x00,
0x31,0x00,0x00,0x07,0x82,0x00,0x10,0x00,0x0c,0x00,0x00,0x00,0x3a,0x00,0x10,0x00,
0x0c,0x00,0x00,0x00,0x01,0x40,0x00,0x00,0x00,0x00,0x00,0x00,0x1e,0x00,0x00,0x08,
0x82,0x00,0x10,0x00,0x0c,0x00,0x00,0x00,0x0a,0x00,0x10,0x80,0x41,0x00,0x00,0x00,
0x0d,0x00,0x00,0x00,0x3a,0x00,0x10,0x00,0x0c,0x00,0x00,0x00,0x2b,0x00,0x00,0x05,
0x82,0x00,0x10,0x00,0x0c,0x00,0x00,0x00,0x3a,0x00,0x10,0x00,0x0c,0x00,0x00,0x00,
0x34,0x00,0x00,0x07,0x12,0x00,0x10,0x00,0x0d,0x00,0x00,0x00,0x3a,0x00,0x10,0x00,
0x07,0x00,0x00,0x00,0x2a,0x00,0x10,0x00,0x0c,0x00,0x00,0x00,0x39,0x00,0x00,0x07,
0x22,0x00,0x10,0x00,0x0d,0x00,0x00,0x00,0x0a,0x00,0x10,0x00,0x0d,0x00,0x00,0x00,
0x01,0x40,0x00,0x00,0x00,0x00,0x00,0x00,0x33,0x00,0x00,0x07,0x82,0x00,0x10,0x00,
0x0d,0x00,0x00,0x00,0x3a,0x00,0x10,0x00,0x07,0x00,0x00,0x00,0x2a,0x00,0x10,0x00,
0x0c,0x00,0x00,0x00,0x0e,0x00,0x00,0x07,0x12,0x00,0x10,0x00,0x0d,0x00,0x00,0x00,
0x3a,0x00,0x10,0x00,0x0d,0x00,0x00,0x00,0x0a,0x00,0x10,0x00,0x0d,0x00,0x00,0x00,
0x01,0x00,0x00,0x07,0x12,0x00,0x10,0x00,0x0d,0x00,0x00,0x00,0x0a,0x00,0x10,0x00,
0x0d,0x00,0x00,0x00,0x1a,0x00,0x10,0x00,0x0d,0x00,0x00,0x00,0x00,0x00,0x00,0x08,
0x12,0x00,0x10,0x00,0x0d,0x00,0x00,0x00,0x0a,0x00,0x10,0x80,0x41,0x00,0x00,0x00,
0x0d,0x00,0x00,0x00,0x01,0x40,0x00,0x00,0x00,0x00,0x80,0x3f,0x38,0x00,0x00,0x07,
0x82,0x00,0x10,0x00,0x0c,0x00,0x00,0x00,0x3a,0x00,0x10,0x00,0x0c,0x00,0x00,0x00,
0x0a,0x00,0x10,0x00,0x0d,0x00,0x00,0x00,0x31,0x00,0x00,0x09,0x12,0x00,0x10,0x00,
0x0d,0x00,0x00,0x00,0x3a,0x00,0x10,0x80,0x81,0x00,0x00,0x00,0x0c,0x00,0x00,0x00,
0x2a,0x00,0x10,0x80,0x81,0x00,0x00,0x00,0x02,0x00,0x00,0x00,0x37,0x00,0x00,0x09,
0x42,0x00,0x10,0x00,0x02,0x00,0x00,0x00,0x0a,0x00,0x10,0x00,0x0d,0x00,0x00,0x00,
0x3a,0x00,0x10,0x00,0x0c,0x00,0x00,0x00,0x2a,0x00,0x10,0x00,0x02,0x00,0x00,0x00,
0x31,0x00,0x00,0x07,0x82,0x00,0x10,0x00,0x07,0x00,0x00,0x00,0x3a,0x00,0x10,0x00,
0x07,0x00,0x00,0x00,0x2a,0x00,0x10,0x00,0x0c,0x00,0x00,0x00,0x01,0x00,0x00,0x07,
0x82,0x00,0x10,0x00,0x07,0x00,0x00,0x00,0x3a,0x00,0x10,0x00,0x07,0x00,0x00,0x00,
0x01,0x40,0x00,0x00,0x01,0x00,0x00,0x00,0x1e,0x00,0x00,0x07,0x12,0x00,0x10,0x00,
0x0c,0x00,0x00,0x00,0x3a,0x00,0x10,0x00,0x07,0x00,0x00,0x00,0x0a,0x00,0x10,0x00,
0x0c,0x00,0x00,0x00,0x10,0x00,0x00,0x08,0x82,0x00,0x10,0x00,0x07,0x00,0x00,0x00,
0x46,0x02,0x10,0x00,0x0f,0x00,0x00,0x00,0x46,0x92,0x90,0x00,0x0a,0x00,0x10,0x00,
0x0c,0x00,0x00,0x00,0x1d,0x00,0x00,0x07,0x82,0x00,0x10,0x00,0x07,0x00,0x00,0x00,
0x3a,0x00,0x10,0x00,0x07,0x00,0x00,0x00,0x2a,0x00,0x10,0x00,0x0c,0x00,0x00,0x00,
0x01,0x00,0x00,0x07,0x82,0x00,0x10,0x00,0x07,0x00,0x00,0x00,0x3a,0x00,0x10,0x00,
0x07,0x00,0x00,0x00,0x01,0x40,0x00,0x00,0x01,0x00,0x00,0x00,0x1e,0x00,0x00,0x07,
0x22,0x00,0x10,0x00,0x0c,0x00,0x00,0x00,0x3a,0x00,0x10,0x00,0x07,0x00,0x00,0x00,
0x1a,0x00,0x10,0x00,0x0c,0x00,0x00,0x00,0x12,0x00,0x00,0x01,0x36,0x00,0x00,0x05,
0x42,0x00,0x10,0x00,0x02,0x00,0x00,0x00,0x01,0x40,0x00,0x00,0x00,0xe0,0x7f,0x47,
0x15,0x00,0x00,0x01,0x15,0x00,0x00,0x01,0x31,0x00,0x00,0x07,0x82,0x00,0x10,0x00,
0x07,0x00,0x00,0x00,0x2a,0x00,0x10,0x00,0x02,0x00,0x00,0x00,0x01,0x40,0x00,0x00,
0x00,0xe0,0x7f,0x47,0x01,0x00,0x00,0x07,0x82,0x00,0x10,0x00,0x02,0x00,0x00,0x00,
0x3a,0x00,0x10,0x00,0x02,0x00,0x00,0x00,0x3a,0x00,0x10,0x00,0x07,0x00,0x00,0x00,
0x1f,0x00,0x04,0x03,0x3a,0x00,0x10,0x00,0x02,0x00,0x00,0x00,0x10,0x00,0x00,0x08,
0x82,0x00,0x10,0x00,0x07,0x00,0x00,0x00,0x46,0x02,0x10,0x00,0x0f,0x00,0x00,0x00,
0x46,0x92,0x90,0x00,0x0a,0x00,0x10,0x00,0x0c,0x00,0x00,0x00,0x10,0x00,0x00,0x08,
0x42,0x00,0x10,0x00,0x0c,0x00,0x00,0x00,0x46,0x02,0x10,0x00,0x09,0x00,0x00,0x00,
0x46,0x92,0x90,0x00,0x1a,0x00,0x10,0x00,0x0c,0x00,0x00,0x00,0x00,0x00,0x00,0x08,
0x82,0x00,0x10,0x00,0x0c,0x00,0x00,0x00,0x3a,0x00,0x10,0x00,0x07,0x00,0x00,0x00,
0x2a,0x00,0x10,0x80,0x41,0x00,0x00,0x00,0x0c,0x00,0x00,0x00,0x31,0x00,0x00,0x08,
0x12,0x00,0x10,0x00,0x0d,0x00,0x00,0x00,0x01,0x40,0x00,0x00,0x40,0xda,0x7f,0x38,
0x3a,0x00,0x10,0x80,0x81,0x00,0x00,0x00,0x0c,0x00,0x00,0x00,0x1f,0x00,0x04,0x03,
0x0a,0x00,0x10,0x00,0x0d,0x00,0x00,0x00,0x31,0x00,0x00,0x07,0x12,0x00,0x10,0x00,
0x0d,0x00,0x00,0x00,0x01,0x40,0x00,0x00,0x00,0x00,0x00,0x00,0x3a,0x00,0x10,0x00,
0x0c,0x00,0x00,0x00,0x31,0x00,0x00,0x07,0x82,0x00,0x10,0x00,0x0c,0x00,0x00,0x00,
0x3a,0x00,0x10,0x00,0x0c,0x00,0x00,0x00,0x01,0x40,0x00,0x00,0x00,0x00,0x00,0x00,
0x1e,0x00,0x00,0x08,0x82,0x00,0x10,0x00,0x0c,0x00,0x00,0x00,0x0a,0x00,0x10,0x80,
0x41,0x00,0x00,0x00,0x0d,0x00,0x00,0x00,0x3a,0x00,0x10,0x00,0x0c,0x00,0x00,0x00,
0x2b,0x00,0x00,0x05,0x82,0x00,0x10,0x00,0x0c,0x00,0x00,0x00,0x3a,0x00,0x10,0x00,
0x0c,0x00,0x00,0x00,0x34,0x00,0x00,0x07,0x12,0x00,0x10,0x00,0x0d,0x00,0x00,0x00,
0x3a,0x00,0x10,0x00,0x07,0x00,0x00,0x00,0x2a,0x00,0x10,0x00,0x0c,0x00,0x00,0x00,
0x39,0x00,0x00,0x07,0x22,0x00,0x10,0x00,0x0d,0x00,0x00,0x00,0x0a,0x00,0x10,0x00,
0x0d,0x00,0x00,0x00,0x01,0x40,0x00,0x00,0x00,0x00,0x00,0x00,0x33,0x00,0x00,0x07,
0x82,0x00,0x10,0x00,0x0d,0x00,0x00,0x00,0x3a,0x00,0x10,0x00,0x07,0x00,0x00,0x00,
0x2a,0x00,0x10,0x00,0x0c,0x00,0x00,0x00,0x0e,0x00,0x00,0x07,0x12,0x00,0x10,0x00,
0x0d,0x00,0x00,0x00,0x3a,0x00,0x10,0x00,0x0d,0x00,0x00,0x00,0x0a,0x00,0x10,0x00,
0x0d,0x00,0x00,0x00,0x01,0x00,0x00,0x07,0x12,0x00,0x10,0x00,0x0d,0x00,0x00,0x00,
0x0a,0x00,0x10,0x00,0x0d,0x00,0x00,0x00,0x1a,0x00,0x10,0x00,0x0d,0x00,0x00,0x00,
0x00,0x00,0x00,0x08,0x12,0x00,0x10,0x00,0x0d,0x00,0x00,0x00,0x0a,0x00,0x10,0x80,
0x41,0x00,0x00,0x00,0x0d,0x00,0x00,0x00,0x01,0x40,0x00,0x00,0x00,0x00,0x80,0x3f,
0x38,0x00,0x00,0x07,0x82,0x00,0x10,0x00,0x0c,0x00,0x00,0x00,0x3a,0x00,0x10,0x00,
0x0c,0x00,0x00,0x00,0x0a,0x00,0x10,0x00,0x0d,0x00,0x00,0x00,0x31,0x00,0x00,0x09,
0x12,0x00,0x10,0x00,0x0d,0x00,0x00,0x00,0x3a,0x00,0x10,0x80,0x81,0x00,0x00,0x00,
0x0c,0x00,0x00,0x00,0x2a,0x00,0x10,0x80,0x81,0x00,0x00,0x00,0x02,0x00,0x00,0x00,
0x37,0x00,0x00,0x09,0x42,0x00,0x10,0x00,0x02,0x00,0x00,0x00,0x0a,0x00,0x10,0x00,
0x0d,0x00,0x00,0x00,0x3a,0x00,0x10,0x00,0x0c,0x00,0x00,0x00,0x2a,0x00,0x10,0x00,
0x02,0x00,0x00,0x00,0x31,0x00,0x00,0x07,0x82,0x00,0x10,0x00,0x07,0x00,0x00,0x00,
0x3a,0x00,0x10,0x00,0x07,0x00,0x00,0x00,0x2a,0x00,0x10,0x00,0x0c,0x00,0x00,0x00,
0x01,0x00,0x00,0x07,0x82,0x00,0x10,0x00,0x07,0x00,0x00,0x00,0x3a,0x00,0x10,0x00,
0x07,0x00,0x00,0x00,0x01,0x40,0x00,0x00,0x01,0x00,0x00,0x00,0x1e,0x00,0x00,0x07,
0x12,0x00,0x10,0x00,0x0c,0x00,0x00,0x00,0x3a,0x00,0x10,0x00,0x07,0x00,0x00,0x00,
0x0a,0x00,0x10,0x00,0x0c,0x00,0x00,0x00,0x11,0x00,0x00,0x08,0x82,0x00,0x10,0x00,
0x07,0x00,0x00,0x00,0x46,0x0e,0x10,0x00,0x0f,0x00,0x00,0x00,0x46,0x9e,0x90,0x00,
0x0a,0x00,0x10,0x00,0x0c,0x00,0x00,0x00,0x1d,0x00,0x00,0x07,0x82,0x00,0x10,0x00,
0x07,0x00,0x00,0x00,0x3a,0x00,0x10,0x00,0x07,0x00,0x00,0x00,0x2a,0x00,0x10,0x00,
0x0c,0x00,0x00,0x00,0x01,0x00,0x00,0x07,0x82,0x00,0x10,0x00,0x07,0x00,0x00,0x00,
0x3a,0x00,0x10,0x00,0x07,0x00,0x00,0x00,0x01,0x40,0x00,0x00,0x01,0x00,0x00,0x00,
0x1e,0x00,0x00,0x07,0x22,0x00,0x10,0x00,0x0c,0x00,0x00,0x00,0x3a,0x00,0x10,0x00,
0x07,0x00,0x00,0x00,0x1a,0x00,0x10,0x00,0x0c,0x00,0x00,0x00,0x12,0x00,0x00,0x01,
0x36,0x00,0x00,0x05,0x42,0x00,0x10,0x00,0x02,0x00,0x00,0x00,0x01,0x40,0x00,0x00,
0x00,0xe0,0x7f,0x47,0x15,0x00,0x00,0x01,0x15,0x00,0x00,0x01,0x31,0x00,0x00,0x07,
0x82,0x00,0x10,0x00,0x07,0x00,0x00,0x00,0x2a,0x00,0x10,0x00,0x02,0x00,0x00,0x00,
0x01,0x40,0x00,0x00,0x00,0xe0,0x7f,0x47,0x01,0x00,0x00,0x07,0x82,0x00,0x10,0x00,
0x02,0x00,0x00,0x00,0x3a,0x00,0x10,0x00,0x02,0x00,0x00,0x00,0x3a,0x00,0x10,0x00,
0x07,0x00,0x00,0x00,0x1f,0x00,0x04,0x03,0x3a,0x00,0x10,0x00,0x02,0x00,0x00,0x00,
0x11,0x00,0x00,0x08,0x82,0x00,0x10,0x00,0x07,0x00,0x00,0x00,0x46,0x0e,0x10,0x00,
0x0f,0x00,0x00,0x00,0x46,0x9e,0x90,0x00,0x0a,0x00,0x10,0x00,0x0c,0x00,0x00,0x00,
0x11,0x00,0x00,0x08,0x42,0x00,0x10,0x00,0x0c,0x00,0x00,0x00,0x46,0x0e,0x10,0x00,
0x09,0x00,0x00,0x00,0x46,0x9e,0x90,0x00,0x1a,0x00,0x10,0x00,0x0c,0x00,0x00,0x00,
0x00,0x00,0x00,0x08,0x82,0x00,0x10,0x00,0x0c,0x00,0x00,0x00,0x3a,0x00,0x10,0x00,
0x07,0x00,0x00,0x00,0x2a,0x00,0x10,0x80,0x41,0x00,0x00,0x00,0x0c,0x00,0x00,0x00,
0x31,0x00,0x00,0x08,0x12,0x00,0x10,0x00,0x0d,0x00,0x00,0x00,0x01,0x40,0x00,0x00,
0x40,0xda,0x7f,0x38,0x3a,0x00,0x10,0x80,0x81,0x00,0x00,0x00,0x0c,0x00,0x00,0x00,
0x1f,0x00,0x04,0x03,0x0a,0x00,0x10,0x00,0x0d,0x00,0x00,0x00,0x31,0x00,0x00,0x07,
0x12,0x00,0x10,0x00,0x0d,0x00,0x00,0x00,0x01,0x40,0x00,0x00,0x00,0x00,0x00,0x00,
0x3a,0x00,0x10,0x00,0x0c,0x00,0x00,0x00,0x31,0x00,0x00,0x07,0x82,0x00,0x10,0x00,
0x0c,0x00,0x00,0x00,0x3a,0x00,0x10,0x00,0x0c,0x00,0x00,0x00,0x01,0x40,0x00,0x00,
0x00,0x00,0x00,0x00,0x1e,0x00,0x00,0x08,0x82,0x00,0x10,0x00,0x0c,0x00,0x00,0x00,
0x0a,0x00,0x10,0x80,0x41,0x00,0x00,0x00,0x0d,0x00,0x00,0x00,0x3a,0x00,0x10,0x00,
0x0c,0x00,0x00,0x00,0x2b,0x00,0x00,0x05,0x82,0x00,0x10,0x00,0x0c,0x00,0x00,0x00,
0x3a,0x00,0x10,0x00,0x0c,0x00,0x00,0x00,0x34,0x00,0x00,0x07,0x12,0x00,0x10,0x00,
0x0d,0x00,0x00,0x00,0x3a,0x00,0x10,0x00,0x07,0x00,0x00,0x00,0x2a,0x00,0x10,0x00,
0x0c,0x00,0x00,0x00,0x39,0x00,0x00,0x07,0x22,0x00,0x10,0x00,0x0d,0x00,0x00,0x00,
0x0a,0x00,0x10,0x00,0x0d,0x00,0x00,0x00,0x01,0x40,0x00,0x00,0x00,0x00,0x00,0x00,
0x33,0x00,0x00,0x07,0x82,0x00,0x10,0x00,0x0d,0x00,0x00,0x00,0x3a,0x00,0x10,0x00,
0x07,0x00,0x00,0x00,0x2a,0x00,0x10,0x00,0x0c,0x00,0x00,0x00,0x0e,0x00,0x00,0x07,
0x12,0x00,0x10,0x00,0x0d,0x00,0x00,0x00,0x3a,0x00,0x10,0x00,0x0d,0x00,0x00,0x00,
0x0a,0x00,0x10,0x00,0x0d,0x00,0x00,0x00,0x01,0x00,0x00,0x07,0x12,0x00,0x10,0x00,
0x0d,0x00,0x00,0x00,0x0a,0x00,0x10,0x00,0x0d,0x00,0x00,0x00,0x1a,0x00,0x10,0x00,
0x0d,0x00,0x00,0x00,0x00,0x00,0x00,0x08,0x12,0x00,0x10,0x00,0x0d,0x00,0x00,0x00,
0x0a,0x00,0x10,0x80,0x41,0x00,0x00,0x00,0x0d,0x00,0x00,0x00,0x01,0x40,0x00,0x00,
0x00,0x00,0x80,0x3f,0x38,0x00,0x00,0x07,0x82,0x00,0x10,0x00,0x0c,0x00,0x00,0x00,
0x3a,0x00,0x10,0x00,0x0c,0x00,0x00,0x00,0x0a,0x00,0x10,0x00,0x0d,0x00,0x00,0x00,
0x31,0x00,0x00,0x09,0x12,0x00,0x10,0x00,0x0d,0x00,0x00,0x00,0x3a,0x00,0x10,0x80,
0x81,0x00,0x00,0x00,0x0c,0x00,0x00,0x00,0x2a,0x00,0x10,0x80,0x81,0x00,0x00,0x00,
0x02,0x00,0x00,0x00,0x37,0x00,0x00,0x09,0x42,0x00,0x10,0x00,0x02,0x00,0x00,0x00,
0x0a,0x00,0x10,0x00,0x0d,0x00,0x00,0x00,0x3a,0x00,0x10,0x00,0x0c,0x00,0x00,0x00,
0x2a,0x00,0x10,0x00,0x02,0x00,0x00,0x00,0x31,0x00,0x00,0x07,0x82,0x00,0x10,0x00,
0x07,0x00,0x00,0x00,0x3a,0x00,0x10,0x00,0x07,0x00,0x00,0x00,0x2a,0x00,0x10,0x00,
0x0c,0x00,0x00,0x00,0x01,0x00,0x00,0x07,0x82,0x00,0x10,0x00,0x07,0x00,0x00,0x00,
0x3a,0x00,0x10,0x00,0x07,0x00,0x00,0x00,0x01,0x40,0x00,0x00,0x01,0x00,0x00,0x00,
0x1e,0x00,0x00,0x07,0x12,0x00,0x10,0x00,0x0c,0x00,0x00,0x00,0x3a,0x00,0x10,0x00,
0x07,0x00,0x00,0x00,0x0a,0x00,0x10,0x00,0x0c,0x00,0x00,0x00,0x20,0x00,0x00,0x0a,
0xf2,0x00,0x10,0x00,0x10,0x00,0x00,0x00,0x06,0x00,0x10,0x00,0x0c,0x00,0x00,0x00,
0x02,0x40,0x00,0x00,0x00,0x00,0x00,0x00,0x01,0x00,0x00,0x00,0x02,0x00,0x00,0x00,
0x03,0x00,0x00,0x00,0x20,0x00,0x00,0x07,0x82,0x00,0x10,0x00,0x07,0x00,0x00,0x00,
0x0a,0x00,0x10,0x00,0x0c,0x00,0x00,0x00,0x01,0x40,0x00,0x00,0x04,0x00,0x00,0x00,
0x01,0x00,0x00,0x0a,0xf2,0x00,0x10,0x00,0x10,0x00,0x00,0x00,0x46,0x0e,0x10,0x00,
0x10,0x00,0x00,0x00,0x02,0x40,0x00,0x00,0x00,0x00,0x80,0x3f,0x00,0x00,0x80,0x3f,
0x00,0x00,0x80,0x3f,0x00,0x00,0x80,0x3f,0x01,0x00,0x00,0x07,0x82,0x00,0x10,0x00,
0x07,0x00,0x00,0x00,0x3a,0x00,0x10,0x00,0x07,0x00,0x00,0x00,0x01,0x40,0x00,0x00,
0x00,0x00,0x80,0x3f,0x11,0x00,0x00,0x07,0x82,0x00,0x10,0x00,0x0c,0x00,0x00,0x00,
0x46,0x0e,0x10,0x00,0x10,0x00,0x00,0x00,0x46,0x0e,0x10,0x00,0x0f,0x00,0x00,0x00,
0x32,0x00,0x00,0x09,0x82,0x00,0x10,0x00,0x07,0x00,0x00,0x00,0x3a,0x00,0x10,0x00,
0x07,0x00,0x00,0x00,0x2a,0x00,0x10,0x00,0x0d,0x00,0x00,0x00,0x3a,0x00,0x10,0x00,
0x0c,0x00,0x00,0x00,0x1d,0x00,0x00,0x07,0x82,0x00,0x10,0x00,0x07,0x00,0x00,0x00,
0x3a,0x00,0x10,0x00,0x07,0x00,0x00,0x00,0x2a,0x00,0x10,0x00,0x0c,0x00,0x00,0x00,
0x01,0x00,0x00,0x07,0x82,0x00,0x10,0x00,0x07,0x00,0x00,0x00,0x3a,0x00,0x10,0x00,
0x07,0x00,0x00,0x00,0x01,0x40,0x00,0x00,0x01,0x00,0x00,0x00,0x1e,0x00,0x00,0x07,
0x22,0x00,0x10,0x00,0x0c,0x00,0x00,0x00,0x3a,0x00,0x10,0x00,0x07,0x00,0x00,0x00,
0x1a,0x00,0x10,0x00,0x0c,0x00,0x00,0x00,0x12,0x00,0x00,0x01,0x36,0x00,0x00,0x05,
0x42,0x00,0x10,0x00,0x02,0x00,0x00,0x00,0x01,0x40,0x00,0x00,0x00,0xe0,0x7f,0x47,
0x15,0x00,0x00,0x01,0x15,0x00,0x00,0x01,0x31,0x00,0x00,0x07,0x82,0x00,0x10,0x00,
0x07,0x00,0x00,0x00,0x2a,0x00,0x10,0x00,0x02,0x00,0x00,0x00,0x01,0x40,0x00,0x00,
0x00,0xe0,0x7f,0x47,0x01,0x00,0x00,0x07,0x82,0x00,0x10,0x00,0x02,0x00,0x00,0x00,
0x3a,0x00,0x10,0x00,0x02,0x00,0x00,0x00,0x3a,0x00,0x10,0x00,0x07,0x00,0x00,0x00,
0x1f,0x00,0x04,0x03,0x3a,0x00,0x10,0x00,0x02,0x00,0x00,0x00,0x34,0x00,0x00,0x07,
0x82,0x00,0x10,0x00,0x02,0x00,0x00,0x00,0x1a,0x00,0x10,0x00,0x0e,0x00,0x00,0x00,
0x0a,0x00,0x10,0x00,0x0e,0x00,0x00,0x00,0x20,0x00,0x00,0x0a,0xf2,0x00,0x10,0x00,
0x0e,0x00,0x00,0x00,0x06,0x00,0x10,0x00,0x0c,0x00,0x00,0x00,0x02,0x40,0x00,0x00,
0x00,0x00,0x00,0x00,0x01,0x00,0x00,0x00,0x02,0x00,0x00,0x00,0x03,0x00,0x00,0x00,
0x20,0x00,0x00,0x07,0x82,0x00,0x10,0x00,0x07,0x00,0x00,0x00,0x0a,0x00,0x10,0x00,
0x0c,0x00,0x00,0x00,0x01,0x40,0x00,0x00,0x04,0x00,0x00,0x00,0x01,0x00,0x00,0x0a,
0xf2,0x00,0x10,0x00,0x0e,0x00,0x00,0x00,0x46,0x0e,0x10,0x00,0x0e,0x00,0x00,0x00,
0x02,0x40,0x00,0x00,0x00,0x00,0x80,0x3f,0x00,0x00,0x80,0x3f,0x00,0x00,0x80,0x3f,
0x00,0x00,0x80,0x3f,0x01,0x00,0x00,0x07,0x82,0x00,0x10,0x00,0x07,0x00,0x00,0x00,
0x3a,0x00,0x10,0x00,0x07,0x00,0x00,0x00,0x01,0x40,0x00,0x00,0x00,0x00,0x80,0x3f,
0x11,0x00,0x00,0x07,0x12,0x00,0x10,0x00,0x0c,0x00,0x00,0x00,0x46,0x0e,0x10,0x00,
0x0e,0x00,0x00,0x00,0x46,0x0e,0x10,0x00,0x0f,0x00,0x00,0x00,0x32,0x00,0x00,0x09,
0x82,0x00,0x10,0x00,0x07,0x00,0x00,0x00,0x3a,0x00,0x10,0x00,0x07,0x00,0x00,0x00,
0x2a,0x00,0x10,0x00,0x0d,0x00,0x00,0x00,0x0a,0x00,0x10,0x00,0x0c,0x00,0x00,0x00,
0x20,0x00,0x00,0x0a,0xf2,0x00,0x10,0x00,0x0d,0x00,0x00,0x00,0x56,0x05,0x10,0x00,
0x0c,0x00,0x00,0x00,0x02,0x40,0x00,0x00,0x00,0x00,0x00,0x00,0x01,0x00,0x00,0x00,
0x02,0x00,0x00,0x00,0x03,0x00,0x00,0x00,0x20,0x00,0x00,0x07,0x12,0x00,0x10,0x00,
0x0c,0x00,0x00,0x00,0x1a,0x00,0x10,0x00,0x0c,0x00,0x00,0x00,0x01,0x40,0x00,0x00,
0x04,0x00,0x00,0x00,0x01,0x00,0x00,0x0a,0xf2,0x00,0x10,0x00,0x0d,0x00,0x00,0x00,
0x46,0x0e,0x10,0x00,0x0d,0x00,0x00,0x00,0x02,0x40,0x00,0x00,0x00,0x00,0x80,0x3f,
0x00,0x00,0x80,0x3f,0x00,0x00,0x80,0x3f,0x00,0x00,0x80,0x3f,0x01,0x00,0x00,0x07,
0x12,0x00,0x10,0x00,0x0c,0x00,0x00,0x00,0x0a,0x00,0x10,0x00,0x0c,0x00,0x00,0x00,
0x01,0x40,0x00,0x00,0x00,0x00,0x80,0x3f,0x11,0x00,0x00,0x07,0x12,0x00,0x10,0x00,
0x09,0x00,0x00,0x00,0x46,0x0e,0x10,0x00,0x0d,0x00,0x00,0x00,0x46,0x0e,0x10,0x00,
0x09,0x00,0x00,0x00,0x32,0x00,0x00,0x09,0x82,0x00,0x10,0x00,0x02,0x00,0x00,0x00,
0x0a,0x00,0x10,0x00,0x0c,0x00,0x00,0x00,0x3a,0x00,0x10,0x00,0x02,0x00,0x00,0x00,
0x0a,0x00,0x10,0x00,0x09,0x00,0x00,0x00,0x00,0x00,0x00,0x08,0x12,0x00,0x10,0x00,
0x09,0x00,0x00,0x00,0x3a,0x00,0x10,0x80,0x41,0x00,0x00,0x00,0x02,0x00,0x00,0x00,
0x3a,0x00,0x10,0x00,0x07,0x00,0x00,0x00,0x31,0x00,0x00,0x08,0x22,0x00,0x10,0x00,
0x09,0x00,0x00,0x00,0x01,0x40,0x00,0x00,0x40,0xda,0x7f,0x38,0x0a,0x00,0x10,0x80,
0x81,0x00,0x00,0x00,0x09,0x00,0x00,0x00,0x1f,0x00,0x04,0x03,0x1a,0x00,0x10,0x00,
0x09,0x00,0x00,0x00,0x31,0x00,0x00,0x07,0x22,0x00,0x10,0x00,0x09,0x00,0x00,0x00,
0x01,0x40,0x00,0x00,0x00,0x00,0x00,0x00,0x0a,0x00,0x10,0x00,0x09,0x00,0x00,0x00,
0x31,0x00,0x00,0x07,0x12,0x00,0x10,0x00,0x09,0x00,0x00,0x00,0x0a,0x00,0x10,0x00,
0x09,0x00,0x00,0x00,0x01,0x40,0x00,0x00,0x00,0x00,0x00,0x00,0x1e,0x00,0x00,0x08,
0x12,0x00,0x10,0x00,0x09,0x00,0x00,0x00,0x1a,0x00,0x10,0x80,0x41,0x00,0x00,0x00,
0x09,0x00,0x00,0x00,0x0a,0x00,0x10,0x00,0x09,0x00,0x00,0x00,0x2b,0x00,0x00,0x05,
0x12,0x00,0x10,0x00,0x09,0x00,0x00,0x00,0x0a,0x00,0x10,0x00,0x09,0x00,0x00,0x00,
0x34,0x00,0x00,0x07,0x22,0x00,0x10,0x00,0x09,0x00,0x00,0x00,0x3a,0x00,0x10,0x00,
0x02,0x00,0x00,0x00,0x3a,0x00,0x10,0x00,0x07,0x00,0x00,0x00,0x39,0x00,0x00,0x07,
0x42,0x00,0x10,0x00,0x09,0x00,0x00,0x00,0x1a,0x00,0x10,0x00,0x09,0x00,0x00,0x00,
0x01,0x40,0x00,0x00,0x00,0x00,0x00,0x00,0x33,0x00,0x00,0x07,0x82,0x00,0x10,0x00,
0x02,0x00,0x00,0x00,0x3a,0x00,0x10,0x00,0x02,0x00,0x00,0x00,0x3a,0x00,0x10,0x00,
0x07,0x00,0x00,0x00,0x0e,0x00,0x00,0x07,0x82,0x00,0x10,0x00,0x02,0x00,0x00,0x00,
0x3a,0x00,0x10,0x00,0x02,0x00,0x00,0x00,0x1a,0x00,0x10,0x00,0x09,0x00,0x00,0x00,
0x01,0x00,0x00,0x07,0x82,0x00,0x10,0x00,0x02,0x00,0x00,0x00,0x3a,0x00,0x10,0x00,
0x02,0x00,0x00,0x00,0x2a,0x00,0x10,0x00,0x09,0x00,0x00,0x00,0x00,0x00,0x00,0x08,
0x82,0x00,0x10,0x00,0x02,0x00,0x00,0x00,0x3a,0x00,0x10,0x80,0x41,0x00,0x00,0x00,
0x02,0x00,0x00,0x00,0x01,0x40,0x00,0x00,0x00,0x00,0x80,0x3f,0x38,0x00,0x00,0x07,
0x82,0x00,0x10,0x00,0x02,0x00,0x00,0x00,0x3a,0x00,0x10,0x00,0x02,0x00,0x00,0x00,
0x0a,0x00,0x10,0x00,0x09,0x00,0x00,0x00,0x31,0x00,0x00,0x09,0x82,0x00,0x10,0x00,
0x07,0x00,0x00,0x00,0x3a,0x00,0x10,0x80,0x81,0x00,0x00,0x00,0x02,0x00,0x00,0x00,
0x2a,0x00,0x10,0x80,0x81,0x00,0x00,0x00,0x02,0x00,0x00,0x00,0x37,0x00,0x00,0x09,
0x42,0x00,0x10,0x00,0x02,0x00,0x00,0x00,0x3a,0x00,0x10,0x00,0x07,0x00,0x00,0x00,
0x3a,0x00,0x10,0x00,0x02,0x00,0x00,0x00,0x2a,0x00,0x10,0x00,0x02,0x00,0x00,0x00,
0x12,0x00,0x00,0x01,0x36,0x00,0x00,0x05,0x42,0x00,0x10,0x00,0x02,0x00,0x00,0x00,
0x01,0x40,0x00,0x00,0x00,0xe0,0x7f,0x47,0x15,0x00,0x00,0x01,0x15,0x00,0x00,0x01,
0x31,0x00,0x00,0x07,0x82,0x00,0x10,0x00,0x02,0x00,0x00,0x00,0x2a,0x00,0x10,0x00,
0x02,0x00,0x00,0x00,0x01,0x40,0x00,0x00,0x00,0xdf,0x7f,0x47,0x01,0x00,0x00,0x07,
0x82,0x00,0x10,0x00,0x02,0x00,0x00,0x00,0x3a,0x00,0x10,0x00,0x02,0x00,0x00,0x00,
0x01,0x40,0x00,0x00,0x00,0x00,0x80,0x3f,0x38,0x00,0x00,0x07,0x12,0x00,0x10,0x00,
0x09,0x00,0x00,0x00,0x3a,0x00,0x10,0x00,0x02,0x00,0x00,0x00,0x2a,0x00,0x10,0x00,
0x02,0x00,0x00,0x00,0x12,0x00,0x00,0x01,0x36,0x00,0x00,0x05,0x12,0x00,0x10,0x00,
0x09,0x00,0x00,0x00,0x01,0x40,0x00,0x00,0x00,0x00,0x00,0x00,0x15,0x00,0x00,0x01,
0x39,0x00,0x00,0x07,0x42,0x00,0x10,0x00,0x02,0x00,0x00,0x00,0x0a,0x00,0x10,0x00,
0x09,0x00,0x00,0x00,0x01,0x40,0x00,0x00,0x00,0x00,0x00,0x00,0x31,0x00,0x00,0x07,
0x82,0x00,0x10,0x00,0x02,0x00,0x00,0x00,0x01,0x40,0x00,0x00,0x00,0x00,0x00,0x00,
0x0a,0x00,0x10,0x00,0x09,0x00,0x00,0x00,0x31,0x00,0x00,0x07,0x82,0x00,0x10,0x00,
0x07,0x00,0x00,0x00,0x0a,0x00,0x10,0x00,0x09,0x00,0x00,0x00,0x01,0x40,0x00,0x00,
0x00,0x00,0x00,0x00,0x1e,0x00,0x00,0x08,0x82,0x00,0x10,0x00,0x02,0x00,0x00,0x00,
0x3a,0x00,0x10,0x80,0x41,0x00,0x00,0x00,0x02,0x00,0x00,0x00,0x3a,0x00,0x10,0x00,
0x07,0x00,0x00,0x00,0x2b,0x00,0x00,0x05,0x82,0x00,0x10,0x00,0x02,0x00,0x00,0x00,
0x3a,0x00,0x10,0x00,0x02,0x00,0x00,0x00,0x01,0x00,0x00,0x07,0x22,0x00,0x10,0x00,
0x09,0x00,0x00,0x00,0x3a,0x00,0x10,0x00,0x02,0x00,0x00,0x00,0x2a,0x00,0x10,0x00,
0x02,0x00,0x00,0x00,0x25,0x00,0x00,0x07,0xf2,0x00,0x10,0x00,0x06,0x00,0x00,0x00,
0x46,0x0e,0x10,0x00,0x06,0x00,0x00,0x00,0x46,0x0e,0x10,0x00,0x08,0x00,0x00,0x00,
0x24,0x00,0x00,0x0a,0xf2,0x00,0x10,0x00,0x06,0x00,0x00,0x00,0xe6,0x04,0x10,0x00,
0x06,0x00,0x00,0x00,0x02,0x40,0x00,0x00,0x00,0x00,0x00,0x00,0x00,0x00,0x00,0x00,
0x00,0x00,0x00,0x00,0x00,0x00,0x00,0x00,0x36,0x00,0x00,0x05,0x32,0x00,0x10,0x00,
0x0c,0x00,0x00,0x00,0xe6,0x0a,0x10,0x00,0x06,0x00,0x00,0x00,0x36,0x00,0x00,0x08,
0xc2,0x00,0x10,0x00,0x0c,0x00,0x00,0x00,0x02,0x40,0x00,0x00,0x00,0x00,0x00,0x00,
0x00,0x00,0x00,0x00,0x00,0x00,0x00,0x00,0x00,0x00,0x00,0x00,0x2d,0x00,0x00,0x89,
0xc2,0x00,0x00,0x80,0x43,0x55,0x15,0x00,0xc2,0x00,0x10,0x00,0x02,0x00,0x00,0x00,
0x46,0x0e,0x10,0x00,0x0c,0x00,0x00,0x00,0xe6,0x74,0x10,0x00,0x02,0x00,0x00,0x00,
0x2b,0x00,0x00,0x05,0xf2,0x00,0x10,0x00,0x0c,0x00,0x00,0x00,0xe6,0x04,0x10,0x00,
0x06,0x00,0x00,0x00,0x00,0x00,0x00,0x0a,0xf2,0x00,0x10,0x00,0x0c,0x00,0x00,0x00,
0x46,0x0e,0x10,0x00,0x0c,0x00,0x00,0x00,0x02,0x40,0x00,0x00,0x00,0x00,0x00,0x3f,
0x00,0x00,0x00,0x3f,0x00,0x00,0x00,0x3f,0x00,0x00,0x00,0x3f,0x0e,0x00,0x00,0x07,
0xf2,0x00,0x10,0x00,0x0c,0x00,0x00,0x00,0x46,0x0e,0x10,0x00,0x0c,0x00,0x00,0x00,
0x46,0x04,0x10,0x00,0x0a,0x00,0x00,0x00,0x00,0x00,0x00,0x07,0xf2,0x00,0x10,0x00,
0x0d,0x00,0x00,0x00,0xe6,0x0e,0x10,0x00,0x0b,0x00,0x00,0x00,0x46,0x0e,0x10,0x00,
0x0c,0x00,0x00,0x00,0x00,0x00,0x00,0x07,0xf2,0x00,0x10,0x00,0x0e,0x00,0x00,0x00,
0xe6,0x0e,0x10,0x00,0x02,0x00,0x00,0x00,0x46,0x04,0x10,0x00,0x0d,0x00,0x00,0x00,
0x1d,0x00,0x00,0x0a,0xc2,0x00,0x10,0x00,0x02,0x00,0x00,0x00,0xa6,0x0e,0x10,0x00,
0x0e,0x00,0x00,0x00,0x02,0x40,0x00,0x00,0x00,0x00,0x00,0x00,0x00,0x00,0x00,0x00,
0x00,0x00,0x00,0x00,0x00,0x00,0x00,0x00,0x1d,0x00,0x00,0x0a,0xc2,0x00,0x10,0x00,
0x09,0x00,0x00,0x00,0x02,0x40,0x00,0x00,0x00,0x00,0x00,0x00,0x00,0x00,0x00,0x00,
0x00,0x00,0x80,0x3f,0x00,0x00,0x80,0x3f,0xa6,0x0e,0x10,0x00,0x0e,0x00,0x00,0x00,
0x01,0x00,0x00,0x07,0xc2,0x00,0x10,0x00,0x02,0x00,0x00,0x00,0xa6,0x0e,0x10,0x00,
0x02,0x00,0x00,0x00,0xa6,0x0e,0x10,0x00,0x09,0x00,0x00,0x00,0x01,0x00,0x00,0x07,
0x42,0x00,0x10,0x00,0x02,0x00,0x00,0x00,0x3a,0x00,0x10,0x00,0x02,0x00,0x00,0x00,
0x2a,0x00,0x10,0x00,0x02,0x00,0x00,0x00,0x1f,0x00,0x04,0x03,0x2a,0x00,0x10,0x00,
0x02,0x00,0x00,0x00,0x38,0x00,0x00,0x07,0xf2,0x00,0x10,0x00,0x0e,0x00,0x00,0x00,
0xe6,0x0e,0x10,0x00,0x0a,0x00,0x00,0x00,0x46,0x0e,0x10,0x00,0x0e,0x00,0x00,0x00,
0x41,0x00,0x00,0x05,0xf2,0x00,0x10,0x00,0x0e,0x00,0x00,0x00,0x46,0x0e,0x10,0x00,
0x0e,0x00,0x00,0x00,0x1b,0x00,0x00,0x05,0xf2,0x00,0x10,0x00,0x0e,0x00,0x00,0x00,
0x46,0x0e,0x10,0x00,0x0e,0x00,0x00,0x00,0x1e,0x00,0x00,0x0b,0xf2,0x00,0x10,0x00,
0x0f,0x00,0x00,0x00,0xe6,0x8e,0x20,0x00,0x00,0x00,0x00,0x00,0x00,0x00,0x00,0x00,
0x02,0x40,0x00,0x00,0xff,0xff,0xff,0xff,0xff,0xff,0xff,0xff,0xff,0xff,0xff,0xff,
0xff,0xff,0xff,0xff,0x25,0x00,0x00,0x07,0xc2,0x00,0x10,0x00,0x02,0x00,0x00,0x00,
0xa6,0x0e,0x10,0x00,0x0e,0x00,0x00,0x00,0xa6,0x0e,0x10,0x00,0x0f,0x00,0x00,0x00,
0x24,0x00,0x00,0x0a,0x32,0x00,0x10,0x00,0x10,0x00,0x00,0x00,0xe6,0x0a,0x10,0x00,
0x02,0x00,0x00,0x00,0x02,0x40,0x00,0x00,0x00,0x00,0x00,0x00,0x00,0x00,0x00,0x00,
0x00,0x00,0x00,0x00,0x00,0x00,0x00,0x00,0x36,0x00,0x00,0x08,0xc2,0x00,0x10,0x00,
0x10,0x00,0x00,0x00,0x02,0x40,0x00,0x00,0x00,0x00,0x00,0x00,0x00,0x00,0x00,0x00,
0x00,0x00,0x00,0x00,0x00,0x00,0x00,0x00,0x2d,0x00,0x00,0x89,0xc2,0x00,0x00,0x80,
0x43,0x55,0x15,0x00,0x42,0x00,0x10,0x00,0x02,0x00,0x00,0x00,0x46,0x0e,0x10,0x00,
0x10,0x00,0x00,0x00,0x96,0x7c,0x10,0x00,0x01,0x00,0x00,0x00,0x38,0x00,0x00,0x08,
0x42,0x00,0x10,0x00,0x02,0x00,0x00,0x00,0x2a,0x00,0x10,0x00,0x02,0x00,0x00,0x00,
0x1a,0x80,0x20,0x00,0x00,0x00,0x00,0x00,0x07,0x00,0x00,0x00,0x38,0x00,0x00,0x07,
0x42,0x00,0x10,0x00,0x02,0x00,0x00,0x00,0x2a,0x00,0x10,0x00,0x07,0x00,0x00,0x00,
0x2a,0x00,0x10,0x00,0x02,0x00,0x00,0x00,0x34,0x00,0x00,0x07,0x42,0x00,0x10,0x00,
0x02,0x00,0x00,0x00,0x2a,0x00,0x10,0x00,0x02,0x00,0x00,0x00,0x01,0x40,0x00,0x00,
0x40,0xda,0x7f,0x38,0x1e,0x00,0x00,0x0a,0xf2,0x00,0x10,0x00,0x10,0x00,0x00,0x00,
0xe6,0x0e,0x10,0x00,0x0e,0x00,0x00,0x00,0x02,0x40,0x00,0x00,0xff,0xff,0xff,0xff,
0x00,0x00,0x00,0x00,0x01,0x00,0x00,0x00,0x00,0x00,0x00,0x00,0x25,0x00,0x00,0x07,
0xf2,0x00,0x10,0x00,0x10,0x00,0x00,0x00,0x46,0x0e,0x10,0x00,0x0f,0x00,0x00,0x00,
0x46,0x0e,0x10,0x00,0x10,0x00,0x00,0x00,0x24,0x00,0x00,0x0a,0xf2,0x00,0x10,0x00,
0x10,0x00,0x00,0x00,0xe6,0x04,0x10,0x00,0x10,0x00,0x00,0x00,0x02,0x40,0x00,0x00,
0x00,0x00,0x00,0x00,0x00,0x00,0x00,0x00,0x00,0x00,0x00,0x00,0x00,0x00,0x00,0x00,
0x36,0x00,0x00,0x05,0x32,0x00,0x10,0x00,0x11,0x00,0x00,0x00,0xe6,0x0a,0x10,0x00,
0x10,0x00,0x00,0x00,0x36,0x00,0x00,0x08,0xc2,0x00,0x10,0x00,0x11,0x00,0x00,0x00,
0x02,0x40,0x00,0x00,0x00,0x00,0x00,0x00,0x00,0x00,0x00,0x00,0x00,0x00,0x00,0x00,
0x00,0x00,0x00,0x00,0x2d,0x00,0x00,0x89,0xc2,0x00,0x00,0x80,0x43,0x55,0x15,0x00,
0x82,0x00,0x10,0x00,0x02,0x00,0x00,0x00,0x46,0x0e,0x10,0x00,0x11,0x00,0x00,0x00,
0x96,0x73,0x10,0x00,0x01,0x00,0x00,0x00,0x38,0x00,0x00,0x08,0x82,0x00,0x10,0x00,
0x02,0x00,0x00,0x00,0x3a,0x00,0x10,0x00,0x02,0x00,0x00,0x00,0x1a,0x80,0x20,0x00,
0x00,0x00,0x00,0x00,0x07,0x00,0x00,0x00,0x38,0x00,0x00,0x07,0x82,0x00,0x10,0x00,
0x02,0x00,0x00,0x00,0x2a,0x00,0x10,0x00,0x07,0x00,0x00,0x00,0x3a,0x00,0x10,0x00,
0x02,0x00,0x00,0x00,0x34,0x00,0x00,0x07,0x82,0x00,0x10,0x00,0x02,0x00,0x00,0x00,
0x3a,0x00,0x10,0x00,0x02,0x00,0x00,0x00,0x01,0x40,0x00,0x00,0x40,0xda,0x7f,0x38,
0x36,0x00,0x00,0x08,0xc2,0x00,0x10,0x00,0x10,0x00,0x00,0x00,0x02,0x40,0x00,0x00,
0x00,0x00,0x00,0x00,0x00,0x00,0x00,0x00,0x00,0x00,0x00,0x00,0x00,0x00,0x00,0x00,
0x2d,0x00,0x00,0x89,0xc2,0x00,0x00,0x80,0x43,0x55,0x15,0x00,0x82,0x00,0x10,0x00,
0x07,0x00,0x00,0x00,0x46,0x0e,0x10,0x00,0x10,0x00,0x00,0x00,0x96,0x73,0x10,0x00,
0x01,0x00,0x00,0x00,0x38,0x00,0x00,0x08,0x82,0x00,0x10,0x00,0x07,0x00,0x00,0x00,
0x3a,0x00,0x10,0x00,0x07,0x00,0x00,0x00,0x1a,0x80,0x20,0x00,0x00,0x00,0x00,0x00,
0x07,0x00,0x00,0x00,0x38,0x00,0x00,0x07,0x82,0x00,0x10,0x00,0x07,0x00,0x00,0x00,
0x2a,0x00,0x10,0x00,0x07,0x00,0x00,0x00,0x3a,0x00,0x10,0x00,0x07,0x00,0x00,0x00,
0x34,0x00,0x00,0x07,0x82,0x00,0x10,0x00,0x07,0x00,0x00,0x00,0x3a,0x00,0x10,0x00,
0x07,0x00,0x00,0x00,0x01,0x40,0x00,0x00,0x40,0xda,0x7f,0x38,0x1e,0x00,0x00,0x0a,
0xf2,0x00,0x10,0x00,0x0e,0x00,0x00,0x00,0x46,0x0e,0x10,0x00,0x0e,0x00,0x00,0x00,
0x02,0x40,0x00,0x00,0x00,0x00,0x00,0x00,0xff,0xff,0xff,0xff,0x00,0x00,0x00,0x00,
0x01,0x00,0x00,0x00,0x25,0x00,0x00,0x07,0xf2,0x00,0x10,0x00,0x0e,0x00,0x00,0x00,
0x46,0x0e,0x10,0x00,0x0f,0x00,0x00,0x00,0x46,0x0e,0x10,0x00,0x0e,0x00,0x00,0x00,
0x24,0x00,0x00,0x0a,0xf2,0x00,0x10,0x00,0x0e,0x00,0x00,0x00,0xe6,0x04,0x10,0x00,
0x0e,0x00,0x00,0x00,0x02,0x40,0x00,0x00,0x00,0x00,0x00,0x00,0x00,0x00,0x00,0x00,
0x00,0x00,0x00,0x00,0x00,0x00,0x00,0x00,0x36,0x00,0x00,0x05,0x32,0x00,0x10,0x00,
0x0f,0x00,0x00,0x00,0xe6,0x0a,0x10,0x00,0x0e,0x00,0x00,0x00,0x36,0x00,0x00,0x08,
0xc2,0x00,0x10,0x00,0x0f,0x00,0x00,0x00,0x02,0x40,0x00,0x00,0x00,0x00,0x00,0x00,
0x00,0x00,0x00,0x00,0x00,0x00,0x00,0x00,0x00,0x00,0x00,0x00,0x2d,0x00,0x00,0x89,
0xc2,0x00,0x00,0x80,0x43,0x55,0x15,0x00,0x42,0x00,0x10,0x00,0x09,0x00,0x00,0x00,
0x46,0x0e,0x10,0x00,0x0f,0x00,0x00,0x00,0x96,0x7c,0x10,0x00,0x01,0x00,0x00,0x00,
0x38,0x00,0x00,0x08,0x42,0x00,0x10,0x00,0x09,0x00,0x00,0x00,0x2a,0x00,0x10,0x00,
0x09,0x00,0x00,0x00,0x1a,0x80,0x20,0x00,0x00,0x00,0x00,0x00,0x07,0x00,0x00,0x00,
0x38,0x00,0x00,0x07,0x42,0x00,0x10,0x00,0x09,0x00,0x00,0x00,0x2a,0x00,0x10,0x00,
0x07,0x00,0x00,0x00,0x2a,0x00,0x10,0x00,0x09,0x00,0x00,0x00,0x34,0x00,0x00,0x07,
0x42,0x00,0x10,0x00,0x09,0x00,0x00,0x00,0x2a,0x00,0x10,0x00,0x09,0x00,0x00,0x00,
0x01,0x40,0x00,0x00,0x40,0xda,0x7f,0x38,0x36,0x00,0x00,0x08,0xc2,0x00,0x10,0x00,
0x0e,0x00,0x00,0x00,0x02,0x40,0x00,0x00,0x00,0x00,0x00,0x00,0x00,0x00,0x00,0x00,
0x00,0x00,0x00,0x00,0x00,0x00,0x00,0x00,0x2d,0x00,0x00,0x89,0xc2,0x00,0x00,0x80,
0x43,0x55,0x15,0x00,0x82,0x00,0x10,0x00,0x09,0x00,0x00,0x00,0x46,0x0e,0x10,0x00,
0x0e,0x00,0x00,0x00,0x96,0x73,0x10,0x00,0x01,0x00,0x00,0x00,0x38,0x00,0x00,0x08,
0x82,0x00,0x10,0x00,0x09,0x00,0x00,0x00,0x3a,0x00,0x10,0x00,0x09,0x00,0x00,0x00,
0x1a,0x80,0x20,0x00,0x00,0x00,0x00,0x00,0x07,0x00,0x00,0x00,0x38,0x00,0x00,0x07,
0x82,0x00,0x10,0x00,0x09,0x00,0x00,0x00,0x2a,0x00,0x10,0x00,0x07,0x00,0x00,0x00,
0x3a,0x00,0x10,0x00,0x09,0x00,0x00,0x00,0x34,0x00,0x00,0x07,0x82,0x00,0x10,0x00,
0x09,0x00,0x00,0x00,0x3a,0x00,0x10,0x00,0x09,0x00,0x00,0x00,0x01,0x40,0x00,0x00,
0x40,0xda,0x7f,0x38,0x00,0x00,0x00,0x07,0xf2,0x00,0x10,0x00,0x0e,0x00,0x00,0x00,
0x46,0x04,0x10,0x00,0x0b,0x00,0x00,0x00,0x46,0x04,0x10,0x00,0x0c,0x00,0x00,0x00,
0x38,0x00,0x00,0x07,0xf2,0x00,0x10,0x00,0x0e,0x00,0x00,0x00,0x46,0x04,0x10,0x00,
0x0a,0x00,0x00,0x00,0x46,0x0e,0x10,0x00,0x0e,0x00,0x00,0x00,0x41,0x00,0x00,0x05,
0xf2,0x00,0x10,0x00,0x0e,0x00,0x00,0x00,0x46,0x0e,0x10,0x00,0x0e,0x00,0x00,0x00,
0x1b,0x00,0x00,0x05,0xf2,0x00,0x10,0x00,0x0e,0x00,0x00,0x00,0x46,0x0e,0x10,0x00,
0x0e,0x00,0x00,0x00,0x25,0x00,0x00,0x07,0x32,0x00,0x10,0x00,0x0c,0x00,0x00,0x00,
0xe6,0x0a,0x10,0x00,0x08,0x00,0x00,0x00,0xe6,0x0a,0x10,0x00,0x0e,0x00,0x00,0x00,
0x24,0x00,0x00,0x0a,0x32,0x00,0x10,0x00,0x0f,0x00,0x00,0x00,0x46,0x00,0x10,0x00,
0x0c,0x00,0x00,0x00,0x02,0x40,0x00,0x00,0x00,0x00,0x00,0x00,0x00,0x00,0x00,0x00,
0x00,0x00,0x00,0x00,0x00,0x00,0x00,0x00,0x36,0x00,0x00,0x08,0xc2,0x00,0x10,0x00,
0x0f,0x00,0x00,0x00,0x02,0x40,0x00,0x00,0x00,0x00,0x00,0x00,0x00,0x00,0x00,0x00,
0x00,0x00,0x00,0x00,0x00,0x00,0x00,0x00,0x2d,0x00,0x00,0x89,0xc2,0x00,0x00,0x80,
0x43,0x55,0x15,0x00,0x12,0x00,0x10,0x00,0x0c,0x00,0x00,0x00,0x46,0x0e,0x10,0x00,
0x0f,0x00,0x00,0x00,0x46,0x7e,0x10,0x00,0x00,0x00,0x00,0x00,0x38,0x00,0x00,0x07,
0x12,0x00,0x10,0x00,0x0c,0x00,0x00,0x00,0x2a,0x00,0x10,0x00,0x07,0x00,0x00,0x00,
0x0a,0x00,0x10,0x00,0x0c,0x00,0x00,0x00,0x34,0x00,0x00,0x07,0x12,0x00,0x10,0x00,
0x0c,0x00,0x00,0x00,0x0a,0x00,0x10,0x00,0x0c,0x00,0x00,0x00,0x01,0x40,0x00,0x00,
0x40,0xda,0x7f,0x38,0x1e,0x00,0x00,0x0a,0xf2,0x00,0x10,0x00,0x0f,0x00,0x00,0x00,
0xe6,0x0e,0x10,0x00,0x0e,0x00,0x00,0x00,0x02,0x40,0x00,0x00,0xff,0xff,0xff,0xff,
0x00,0x00,0x00,0x00,0x01,0x00,0x00,0x00,0x00,0x00,0x00,0x00,0x25,0x00,0x00,0x07,
0xf2,0x00,0x10,0x00,0x0f,0x00,0x00,0x00,0x46,0x0e,0x10,0x00,0x08,0x00,0x00,0x00,
0x46,0x0e,0x10,0x00,0x0f,0x00,0x00,0x00,0x24,0x00,0x00,0x0a,0xf2,0x00,0x10,0x00,
0x0f,0x00,0x00,0x00,0xe6,0x04,0x10,0x00,0x0f,0x00,0x00,0x00,0x02,0x40,0x00,0x00,
0x00,0x00,0x00,0x00,0x00,0x00,0x00,0x00,0x00,0x00,0x00,0x00,0x00,0x00,0x00,0x00,
0x36,0x00,0x00,0x05,0x32,0x00,0x10,0x00,0x10,0x00,0x00,0x00,0xe6,0x0a,0x10,0x00,
0x0f,0x00,0x00,0x00,0x36,0x00,0x00,0x08,0xc2,0x00,0x10,0x00,0x10,0x00,0x00,0x00,
0x02,0x40,0x00,0x00,0x00,0x00,0x00,0x00,0x00,0x00,0x00,0x00,0x00,0x00,0x00,0x00,
0x00,0x00,0x00,0x00,0x2d,0x00,0x00,0x89,0xc2,0x00,0x00,0x80,0x43,0x55,0x15,0x00,
0x22,0x00,0x10,0x00,0x0c,0x00,0x00,0x00,0x46,0x0e,0x10,0x00,0x10,0x00,0x00,0x00,
0x16,0x7e,0x10,0x00,0x00,0x00,0x00,0x00,0x38,0x00,0x00,0x07,0x22,0x00,0x10,0x00,
0x0c,0x00,0x00,0x00,0x2a,0x00,0x10,0x00,0x07,0x00,0x00,0x00,0x1a,0x00,0x10,0x00,
0x0c,0x00,0x00,0x00,0x34,0x00,0x00,0x07,0x22,0x00,0x10,0x00,0x0c,0x00,0x00,0x00,
0x1a,0x00,0x10,0x00,0x0c,0x00,0x00,0x00,0x01,0x40,0x00,0x00,0x40,0xda,0x7f,0x38,
0x36,0x00,0x00,0x08,0xc2,0x00,0x10,0x00,0x0f,0x00,0x00,0x00,0x02,0x40,0x00,0x00,
0x00,0x00,0x00,0x00,0x00,0x00,0x00,0x00,0x00,0x00,0x00,0x00,0x00,0x00,0x00,0x00,
0x2d,0x00,0x00,0x89,0xc2,0x00,0x00,0x80,0x43,0x55,0x15,0x00,0x12,0x00,0x10,0x00,
0x0d,0x00,0x00,0x00,0x46,0x0e,0x10,0x00,0x0f,0x00,0x00,0x00,0x46,0x7e,0x10,0x00,
0x00,0x00,0x00,0x00,0x38,0x00,0x00,0x07,0x12,0x00,0x10,0x00,0x0d,0x00,0x00,0x00,
0x2a,0x00,0x10,0x00,0x07,0x00,0x00,0x00,0x0a,0x00,0x10,0x00,0x0d,0x00,0x00,0x00,
0x34,0x00,0x00,0x07,0x12,0x00,0x10,0x00,0x0d,0x00,0x00,0x00,0x0a,0x00,0x10,0x00,
0x0d,0x00,0x00,0x00,0x01,0x40,0x00,0x00,0x40,0xda,0x7f,0x38,0x1e,0x00,0x00,0x0a,
0xf2,0x00,0x10,0x00,0x0e,0x00,0x00,0x00,0x46,0x0e,0x10,0x00,0x0e,0x00,0x00,0x00,
0x02,0x40,0x00,0x00,0x00,0x00,0x00,0x00,0xff,0xff,0xff,0xff,0x00,0x00,0x00,0x00,
0x01,0x00,0x00,0x00,0x25,0x00,0x00,0x07,0xf2,0x00,0x10,0x00,0x0e,0x00,0x00,0x00,
0x46,0x0e,0x10,0x00,0x08,0x00,0x00,0x00,0x46,0x0e,0x10,0x00,0x0e,0x00,0x00,0x00,
0x24,0x00,0x00,0x0a,0xf2,0x00,0x10,0x00,0x0e,0x00,0x00,0x00,0xe6,0x04,0x10,0x00,
0x0e,0x00,0x00,0x00,0x02,0x40,0x00,0x00,0x00,0x00,0x00,0x00,0x00,0x00,0x00,0x00,
0x00,0x00,0x00,0x00,0x00,0x00,0x00,0x00,0x36,0x00,0x00,0x05,0x32,0x00,0x10,0x00,
0x0f,0x00,0x00,0x00,0xe6,0x0a,0x10,0x00,0x0e,0x00,0x00,0x00,0x36,0x00,0x00,0x08,
0xc2,0x00,0x10,0x00,0x0f,0x00,0x00,0x00,0x02,0x40,0x00,0x00,0x00,0x00,0x00,0x00,
0x00,0x00,0x00,0x00,0x00,0x00,0x00,0x00,0x00,0x00,0x00,0x00,0x2d,0x00,0x00,0x89,
0xc2,0x00,0x00,0x80,0x43,0x55,0x15,0x00,0x22,0x00,0x10,0x00,0x0d,0x00,0x00,0x00,
0x46,0x0e,0x10,0x00,0x0f,0x00,0x00,0x00,0x16,0x7e,0x10,0x00,0x00,0x00,0x00,0x00,
0x38,0x00,0x00,0x07,0x22,0x00,0x10,0x00,0x0d,0x00,0x00,0x00,0x2a,0x00,0x10,0x00,
0x07,0x00,0x00,0x00,0x1a,0x00,0x10,0x00,0x0d,0x00,0x00,0x00,0x34,0x00,0x00,0x07,
0x22,0x00,0x10,0x00,0x0d,0x00,0x00,0x00,0x1a,0x00,0x10,0x00,0x0d,0x00,0x00,0x00,
0x01,0x40,0x00,0x00,0x40,0xda,0x7f,0x38,0x36,0x00,0x00,0x08,0xc2,0x00,0x10,0x00,
0x0e,0x00,0x00,0x00,0x02,0x40,0x00,0x00,0x00,0x00,0x00,0x00,0x00,0x00,0x00,0x00,
0x00,0x00,0x00,0x00,0x00,0x00,0x00,0x00,0x2d,0x00,0x00,0x89,0xc2,0x00,0x00,0x80,
0x43,0x55,0x15,0x00,0x12,0x00,0x10,0x00,0x0e,0x00,0x00,0x00,0x46,0x0e,0x10,0x00,
0x0e,0x00,0x00,0x00,0x46,0x7e,0x10,0x00,0x00,0x00,0x00,0x00,0x38,0x00,0x00,0x07,
0x12,0x00,0x10,0x00,0x0e,0x00,0x00,0x00,0x2a,0x00,0x10,0x00,0x07,0x00,0x00,0x00,
0x0a,0x00,0x10,0x00,0x0e,0x00,0x00,0x00,0x34,0x00,0x00,0x07,0x12,0x00,0x10,0x00,
0x0e,0x00,0x00,0x00,0x0a,0x00,0x10,0x00,0x0e,0x00,0x00,0x00,0x01,0x40,0x00,0x00,
0x40,0xda,0x7f,0x38,0x33,0x00,0x00,0x07,0x22,0x00,0x10,0x00,0x0e,0x00,0x00,0x00,
0x0a,0x00,0x10,0x00,0x0c,0x00,0x00,0x00,0x1a,0x00,0x10,0x00,0x0d,0x00,0x00,0x00,
0x34,0x00,0x00,0x07,0x12,0x00,0x10,0x00,0x0c,0x00,0x00,0x00,0x0a,0x00,0x10,0x00,
0x0c,0x00,0x00,0x00,0x1a,0x00,0x10,0x00,0x0d,0x00,0x00,0x00,0x33,0x00,0x00,0x07,
0x22,0x00,0x10,0x00,0x0d,0x00,0x00,0x00,0x1a,0x00,0x10,0x00,0x0c,0x00,0x00,0x00,
0x0a,0x00,0x10,0x00,0x0e,0x00,0x00,0x00,0x34,0x00,0x00,0x07,0x22,0x00,0x10,0x00,
0x0c,0x00,0x00,0x00,0x1a,0x00,0x10,0x00,0x0c,0x00,0x00,0x00,0x0a,0x00,0x10,0x00,
0x0e,0x00,0x00,0x00,0x34,0x00,0x00,0x07,0x12,0x00,0x10,0x00,0x0e,0x00,0x00,0x00,
0x0a,0x00,0x10,0x00,0x0d,0x00,0x00,0x00,0x1a,0x00,0x10,0x00,0x0e,0x00,0x00,0x00,
0x34,0x00,0x00,0x07,0x42,0x00,0x10,0x00,0x0e,0x00,0x00,0x00,0x0a,0x00,0x10,0x00,
0x0c,0x00,0x00,0x00,0x1a,0x00,0x10,0x00,0x0d,0x00,0x00,0x00,0x34,0x00,0x00,0x07,
0x82,0x00,0x10,0x00,0x0e,0x00,0x00,0x00,0x1a,0x00,0x10,0x00,0x0c,0x00,0x00,0x00,
0x0a,0x00,0x10,0x00,0x0e,0x00,0x00,0x00,0x34,0x00,0x00,0x07,0x12,0x00,0x10,0x00,
0x0f,0x00,0x00,0x00,0x3a,0x00,0x10,0x00,0x0e,0x00,0x00,0x00,0x2a,0x00,0x10,0x00,
0x0e,0x00,0x00,0x00,0x33,0x00,0x00,0x07,0x22,0x00,0x10,0x00,0x0f,0x00,0x00,0x00,
0x2a,0x00,0x10,0x00,0x02,0x00,0x00,0x00,0x2a,0x00,0x10,0x00,0x09,0x00,0x00,0x00,
0x34,0x00,0x00,0x07,0x42,0x00,0x10,0x00,0x02,0x00,0x00,0x00,0x2a,0x00,0x10,0x00,
0x02,0x00,0x00,0x00,0x2a,0x00,0x10,0x00,0x09,0x00,0x00,0x00,0x33,0x00,0x00,0x07,
0x42,0x00,0x10,0x00,0x09,0x00,0x00,0x00,0x3a,0x00,0x10,0x00,0x02,0x00,0x00,0x00,
0x3a,0x00,0x10,0x00,0x09,0x00,0x00,0x00,0x34,0x00,0x00,0x07,0x82,0x00,0x10,0x00,
0x02,0x00,0x00,0x00,0x3a,0x00,0x10,0x00,0x02,0x00,0x00,0x00,0x3a,0x00,0x10,0x00,
0x09,0x00,0x00,0x00,0x34,0x00,0x00,0x07,0x82,0x00,0x10,0x00,0x09,0x00,0x00,0x00,
0x3a,0x00,0x10,0x00,0x07,0x00,0x00,0x00,0x1a,0x00,0x10,0x00,0x0f,0x00,0x00,0x00,
0x34,0x00,0x00,0x07,0xc2,0x00,0x10,0x00,0x0f,0x00,0x00,0x00,0xa6,0x0e,0x10,0x00,
0x02,0x00,0x00,0x00,0xa6,0x0e,0x10,0x00,0x09,0x00,0x00,0x00,0x33,0x00,0x00,0x07,
0x12,0x00,0x10,0x00,0x0d,0x00,0x00,0x00,0x0a,0x00,0x10,0x00,0x0d,0x00,0x00,0x00,
0x1a,0x00,0x10,0x00,0x0e,0x00,0x00,0x00,0x33,0x00,0x00,0x07,0x12,0x00,0x10,0x00,
0x0c,0x00,0x00,0x00,0x0a,0x00,0x10,0x00,0x0c,0x00,0x00,0x00,0x1a,0x00,0x10,0x00,
0x0d,0x00,0x00,0x00,0x33,0x00,0x00,0x07,0x12,0x00,0x10,0x00,0x10,0x00,0x00,0x00,
0x0a,0x00,0x10,0x00,0x0c,0x00,0x00,0x00,0x0a,0x00,0x10,0x00,0x0d,0x00,0x00,0x00,
0x34,0x00,0x00,0x07,0x12,0x00,0x10,0x00,0x0c,0x00,0x00,0x00,0x0a,0x00,0x10,0x00,
0x0c,0x00,0x00,0x00,0x0a,0x00,0x10,0x00,0x0d,0x00,0x00,0x00,0x33,0x00,0x00,0x07,
0x22,0x00,0x10,0x00,0x0c,0x00,0x00,0x00,0x1a,0x00,0x10,0x00,0x0c,0x00,0x00,0x00,
0x0a,0x00,0x10,0x00,0x0e,0x00,0x00,0x00,0x33,0x00,0x00,0x07,0x22,0x00,0x10,0x00,
0x10,0x00,0x00,0x00,0x1a,0x00,0x10,0x00,0x0c,0x00,0x00,0x00,0x0a,0x00,0x10,0x00,
0x0c,0x00,0x00,0x00,0x34,0x00,0x00,0x07,0x12,0x00,0x10,0x00,0x0c,0x00,0x00,0x00,
0x1a,0x00,0x10,0x00,0x0c,0x00,0x00,0x00,0x0a,0x00,0x10,0x00,0x0c,0x00,0x00,0x00,
0x33,0x00,0x00,0x07,0x22,0x00,0x10,0x00,0x0c,0x00,0x00,0x00,0x3a,0x00,0x10,0x00,
0x0e,0x00,0x00,0x00,0x2a,0x00,0x10,0x00,0x0e,0x00,0x00,0x00,0x33,0x00,0x00,0x07,
0x42,0x00,0x10,0x00,0x10,0x00,0x00,0x00,0x1a,0x00,0x10,0x00,0x0c,0x00,0x00,0x00,
0x0a,0x00,0x10,0x00,0x0c,0x00,0x00,0x00,0x34,0x00,0x00,0x07,0x82,0x00,0x10,0x00,
0x10,0x00,0x00,0x00,0x1a,0x00,0x10,0x00,0x0c,0x00,0x00,0x00,0x0a,0x00,0x10,0x00,
0x0c,0x00,0x00,0x00,0x33,0x00,0x00,0x07,0x82,0x00,0x10,0x00,0x07,0x00,0x00,0x00,
0x3a,0x00,0x10,0x00,0x07,0x00,0x00,0x00,0x1a,0x00,0x10,0x00,0x0f,0x00,0x00,0x00,
0x33,0x00,0x00,0x07,0xc2,0x00,0x10,0x00,0x02,0x00,0x00,0x00,0xa6,0x0e,0x10,0x00,
0x02,0x00,0x00,0x00,0xa6,0x0e,0x10,0x00,0x09,0x00,0x00,0x00,0x33,0x00,0x00,0x07,
0x12,0x00,0x10,0x00,0x0e,0x00,0x00,0x00,0x2a,0x00,0x10,0x00,0x02,0x00,0x00,0x00,
0x3a,0x00,0x10,0x00,0x07,0x00,0x00,0x00,0x34,0x00,0x00,0x07,0x42,0x00,0x10,0x00,
0x02,0x00,0x00,0x00,0x2a,0x00,0x10,0x00,0x02,0x00,0x00,0x00,0x3a,0x00,0x10,0x00,
0x07,0x00,0x00,0x00,0x33,0x00,0x00,0x07,0x22,0x00,0x10,0x00,0x0e,0x00,0x00,0x00,
0x3a,0x00,0x10,0x00,0x02,0x00,0x00,0x00,0x2a,0x00,0x10,0x00,0x02,0x00,0x00,0x00,
0x34,0x00,0x00,0x07,0x42,0x00,0x10,0x00,0x02,0x00,0x00,0x00,0x3a,0x00,0x10,0x00,
0x02,0x00,0x00,0x00,0x2a,0x00,0x10,0x00,0x02,0x00,0x00,0x00,0x33,0x00,0x00,0x07,
0x82,0x00,0x10,0x00,0x02,0x00,0x00,0x00,0x3a,0x00,0x10,0x00,0x0f,0x00,0x00,0x00,
0x2a,0x00,0x10,0x00,0x0f,0x00,0x00,0x00,0x33,0x00,0x00,0x07,0x42,0x00,0x10,0x00,
0x0e,0x00,0x00,0x00,0x3a,0x00,0x10,0x00,0x02,0x00,0x00,0x00,0x2a,0x00,0x10,0x00,
0x02,0x00,0x00,0x00,0x34,0x00,0x00,0x07,0x82,0x00,0x10,0x00,0x0e,0x00,0x00,0x00,
0x3a,0x00,0x10,0x00,0x02,0x00,0x00,0x00,0x2a,0x00,0x10,0x00,0x02,0x00,0x00,0x00,
0x00,0x00,0x00,0x08,0x42,0x00,0x10,0x00,0x02,0x00,0x00,0x00,0x0a,0x00,0x10,0x80,
0x41,0x00,0x00,0x00,0x0e,0x00,0x00,0x00,0x0a,0x00,0x10,0x00,0x10,0x00,0x00,0x00,
0x31,0x00,0x00,0x08,0x82,0x00,0x10,0x00,0x02,0x00,0x00,0x00,0x01,0x40,0x00,0x00,
0x40,0xda,0x7f,0x38,0x2a,0x00,0x10,0x80,0x81,0x00,0x00,0x00,0x02,0x00,0x00,0x00,
0x1f,0x00,0x04,0x03,0x3a,0x00,0x10,0x00,0x02,0x00,0x00,0x00,0x31,0x00,0x00,0x07,
0x82,0x00,0x10,0x00,0x02,0x00,0x00,0x00,0x01,0x40,0x00,0x00,0x00,0x00,0x00,0x00,
0x2a,0x00,0x10,0x00,0x02,0x00,0x00,0x00,0x31,0x00,0x00,0x07,0x42,0x00,0x10,0x00,
0x02,0x00,0x00,0x00,0x2a,0x00,0x10,0x00,0x02,0x00,0x00,0x00,0x01,0x40,0x00,0x00,
0x00,0x00,0x00,0x00,0x1e,0x00,0x00,0x08,0x42,0x00,0x10,0x00,0x02,0x00,0x00,0x00,
0x3a,0x00,0x10,0x80,0x41,0x00,0x00,0x00,0x02,0x00,0x00,0x00,0x2a,0x00,0x10,0x00,
0x02,0x00,0x00,0x00,0x2b,0x00,0x00,0x05,0x42,0x00,0x10,0x00,0x02,0x00,0x00,0x00,
0x2a,0x00,0x10,0x00,0x02,0x00,0x00,0x00,0x34,0x00,0x00,0x07,0x82,0x00,0x10,0x00,
0x02,0x00,0x00,0x00,0x0a,0x00,0x10,0x00,0x0e,0x00,0x00,0x00,0x0a,0x00,0x10,0x00,
0x10,0x00,0x00,0x00,0x33,0x00,0x00,0x07,0x82,0x00,0x10,0x00,0x07,0x00,0x00,0x00,
0x0a,0x00,0x10,0x00,0x0e,0x00,0x00,0x00,0x0a,0x00,0x10,0x00,0x10,0x00,0x00,0x00,
0x0e,0x00,0x00,0x07,0x82,0x00,0x10,0x00,0x02,0x00,0x00,0x00,0x3a,0x00,0x10,0x00,
0x07,0x00,0x00,0x00,0x3a,0x00,0x10,0x00,0x02,0x00,0x00,0x00,0x00,0x00,0x00,0x08,
0x82,0x00,0x10,0x00,0x02,0x00,0x00,0x00,0x3a,0x00,0x10,0x80,0x41,0x00,0x00,0x00,
0x02,0x00,0x00,0x00,0x01,0x40,0x00,0x00,0x00,0x00,0x80,0x3f,0x38,0x00,0x00,0x07,
0x42,0x00,0x10,0x00,0x02,0x00,0x00,0x00,0x3a,0x00,0x10,0x00,0x02,0x00,0x00,0x00,
0x2a,0x00,0x10,0x00,0x02,0x00,0x00,0x00,0x31,0x00,0x00,0x08,0x82,0x00,0x10,0x00,
0x02,0x00,0x00,0x00,0x2a,0x00,0x10,0x80,0x81,0x00,0x00,0x00,0x02,0x00,0x00,0x00,
0x01,0x40,0x00,0x00,0x00,0xdf,0x7f,0x47,0x37,0x00,0x00,0x09,0x42,0x00,0x10,0x00,
0x02,0x00,0x00,0x00,0x3a,0x00,0x10,0x00,0x02,0x00,0x00,0x00,0x2a,0x00,0x10,0x00,
0x02,0x00,0x00,0x00,0x01,0x40,0x00,0x00,0x00,0xdf,0x7f,0x47,0x31,0x00,0x00,0x07,
0x82,0x00,0x10,0x00,0x02,0x00,0x00,0x00,0x0a,0x00,0x10,0x00,0x10,0x00,0x00,0x00,
0x0a,0x00,0x10,0x00,0x0e,0x00,0x00,0x00,0x01,0x00,0x00,0x07,0x42,0x00,0x10,0x00,
0x09,0x00,0x00,0x00,0x3a,0x00,0x10,0x00,0x02,0x00,0x00,0x00,0x01,0x40,0x00,0x00,
0x01,0x00,0x00,0x00,0x0f,0x00,0x00,0x08,0x82,0x00,0x10,0x00,0x02,0x00,0x00,0x00,
0x46,0x00,0x10,0x00,0x10,0x00,0x00,0x00,0x46,0x90,0x90,0x00,0x2a,0x00,0x10,0x00,
0x09,0x00,0x00,0x00,0x1d,0x00,0x00,0x07,0x82,0x00,0x10,0x00,0x02,0x00,0x00,0x00,
0x3a,0x00,0x10,0x00,0x02,0x00,0x00,0x00,0x0a,0x00,0x10,0x00,0x0e,0x00,0x00,0x00,
0x01,0x00,0x00,0x07,0x82,0x00,0x10,0x00,0x09,0x00,0x00,0x00,0x3a,0x00,0x10,0x00,
0x02,0x00,0x00,0x00,0x01,0x40,0x00,0x00,0x01,0x00,0x00,0x00,0x12,0x00,0x00,0x01,
0x36,0x00,0x00,0x08,0xc2,0x00,0x10,0x00,0x09,0x00,0x00,0x00,0x02,0x40,0x00,0x00,
0x00,0x00,0x00,0x00,0x00,0x00,0x00,0x00,0x00,0x00,0x00,0x00,0x00,0x00,0x00,0x00,
0x36,0x00,0x00,0x05,0x42,0x00,0x10,0x00,0x02,0x00,0x00,0x00,0x01,0x40,0x00,0x00,
0x00,0xe0,0x7f,0x47,0x15,0x00,0x00,0x01,0x31,0x00,0x00,0x07,0x82,0x00,0x10,0x00,
0x02,0x00,0x00,0x00,0x2a,0x00,0x10,0x00,0x02,0x00,0x00,0x00,0x01,0x40,0x00,0x00,
0x00,0xe0,0x7f,0x47,0x1f,0x00,0x04,0x03,0x3a,0x00,0x10,0x00,0x02,0x00,0x00,0x00,
0x0f,0x00,0x00,0x08,0x82,0x00,0x10,0x00,0x07,0x00,0x00,0x00,0x46,0x00,0x10,0x00,
0x10,0x00,0x00,0x00,0x46,0x90,0x90,0x00,0x2a,0x00,0x10,0x00,0x09,0x00,0x00,0x00,
0x0f,0x00,0x00,0x08,0x12,0x00,0x10,0x00,0x0c,0x00,0x00,0x00,0x46,0x00,0x10,0x00,
0x0e,0x00,0x00,0x00,0x46,0x90,0x90,0x00,0x3a,0x00,0x10,0x00,0x09,0x00,0x00,0x00,
0x00,0x00,0x00,0x08,0x22,0x00,0x10,0x00,0x0c,0x00,0x00,0x00,0x3a,0x00,0x10,0x00,
0x07,0x00,0x00,0x00,0x0a,0x00,0x10,0x80,0x41,0x00,0x00,0x00,0x0c,0x00,0x00,0x00,
0x31,0x00,0x00,0x08,0x12,0x00,0x10,0x00,0x0d,0x00,0x00,0x00,0x01,0x40,0x00,0x00,
0x40,0xda,0x7f,0x38,0x1a,0x00,0x10,0x80,0x81,0x00,0x00,0x00,0x0c,0x00,0x00,0x00,
0x1f,0x00,0x04,0x03,0x0a,0x00,0x10,0x00,0x0d,0x00,0x00,0x00,0x31,0x00,0x00,0x07,
0x12,0x00,0x10,0x00,0x0d,0x00,0x00,0x00,0x01,0x40,0x00,0x00,0x00,0x00,0x00,0x00,
0x1a,0x00,0x10,0x00,0x0c,0x00,0x00,0x00,0x31,0x00,0x00,0x07,0x22,0x00,0x10,0x00,
0x0c,0x00,0x00,0x00,0x1a,0x00,0x10,0x00,0x0c,0x00,0x00,0x00,0x01,0x40,0x00,0x00,
0x00,0x00,0x00,0x00,0x1e,0x00,0x00,0x08,0x22,0x00,0x10,0x00,0x0c,0x00,0x00,0x00,
0x0a,0x00,0x10,0x80,0x41,0x00,0x00,0x00,0x0d,0x00,0x00,0x00,0x1a,0x00,0x10,0x00,
0x0c,0x00,0x00,0x00,0x2b,0x00,0x00,0x05,0x22,0x00,0x10,0x00,0x0c,0x00,0x00,0x00,
0x1a,0x00,0x10,0x00,0x0c,0x00,0x00,0x00,0x34,0x00,0x00,0x07,0x12,0x00,0x10,0x00,
0x0d,0x00,0x00,0x00,0x3a,0x00,0x10,0x00,0x07,0x00,0x00,0x00,0x0a,0x00,0x10,0x00,
0x0c,0x00,0x00,0x00,0x39,0x00,0x00,0x07,0x22,0x00,0x10,0x00,0x0d,0x00,0x00,0x00,
0x0a,0x00,0x10,0x00,0x0d,0x00,0x00,0x00,0x01,0x40,0x00,0x00,0x00,0x00,0x00,0x00,
0x33,0x00,0x00,0x07,0x22,0x00,0x10,0x00,0x0f,0x00,0x00,0x00,0x3a,0x00,0x10,0x00,
0x07,0x00,0x00,0x00,0x0a,0x00,0x10,0x00,0x0c,0x00,0x00,0x00,0x0e,0x00,0x00,0x07,
0x12,0x00,0x10,0x00,0x0d,0x00,0x00,0x00,0x1a,0x00,0x10,0x00,0x0f,0x00,0x00,0x00,
0x0a,0x00,0x10,0x00,0x0d,0x00,0x00,0x00,0x01,0x00,0x00,0x07,0x12,0x00,0x10,0x00,
0x0d,0x00,0x00,0x00,0x0a,0x00,0x10,0x00,0x0d,0x00,0x00,0x00,0x1a,0x00,0x10,0x00,
0x0d,0x00,0x00,0x00,0x00,0x00,0x00,0x08,0x12,0x00,0x10,0x00,0x0d,0x00,0x00,0x00,
0x0a,0x00,0x10,0x80,0x41,0x00,0x00,0x00,0x0d,0x00,0x00,0x00,0x01,0x40,0x00,0x00,
0x00,0x00,0x80,0x3f,0x38,0x00,0x00,0x07,0x22,0x00,0x10,0x00,0x0c,0x00,0x00,0x00,
0x1a,0x00,0x10,0x00,0x0c,0x00,0x00,0x00,0x0a,0x00,0x10,0x00,0x0d,0x00,0x00,0x00,
0x31,0x00,0x00,0x09,0x12,0x00,0x10,0x00,0x0d,0x00,0x00,0x00,0x1a,0x00,0x10,0x80,
0x81,0x00,0x00,0x00,0x0c,0x00,0x00,0x00,0x2a,0x00,0x10,0x80,0x81,0x00,0x00,0x00,
0x02,0x00,0x00,0x00,0x37,0x00,0x00,0x09,0x42,0x00,0x10,0x00,0x02,0x00,0x00,0x00,
0x0a,0x00,0x10,0x00,0x0d,0x00,0x00,0x00,0x1a,0x00,0x10,0x00,0x0c,0x00,0x00,0x00,
0x2a,0x00,0x10,0x00,0x02,0x00,0x00,0x00,0x31,0x00,0x00,0x07,0x82,0x00,0x10,0x00,
0x07,0x00,0x00,0x00,0x3a,0x00,0x10,0x00,0x07,0x00,0x00,0x00,0x0a,0x00,0x10,0x00,
0x0c,0x00,0x00,0x00,0x01,0x00,0x00,0x07,0x82,0x00,0x10,0x00,0x07,0x00,0x00,0x00,
0x3a,0x00,0x10,0x00,0x07,0x00,0x00,0x00,0x01,0x40,0x00,0x00,0x01,0x00,0x00,0x00,
0x1e,0x00,0x00,0x07,0x42,0x00,0x10,0x00,0x09,0x00,0x00,0x00,0x3a,0x00,0x10,0x00,
0x07,0x00,0x00,0x00,0x2a,0x00,0x10,0x00,0x09,0x00,0x00,0x00,0x10,0x00,0x00,0x08,
0x82,0x00,0x10,0x00,0x07,0x00,0x00,0x00,0x46,0x02,0x10,0x00,0x10,0x00,0x00,0x00,
0x46,0x92,0x90,0x00,0x2a,0x00,0x10,0x00,0x09,0x00,0x00,0x00,0x1d,0x00,0x00,0x07,
0x82,0x00,0x10,0x00,0x07,0x00,0x00,0x00,0x3a,0x00,0x10,0x00,0x07,0x00,0x00,0x00,
0x0a,0x00,0x10,0x00,0x0c,0x00,0x00,0x00,0x01,0x00,0x00,0x07,0x82,0x00,0x10,0x00,
0x07,0x00,0x00,0x00,0x3a,0x00,0x10,0x00,0x07,0x00,0x00,0x00,0x01,0x40,0x00,0x00,
0x01,0x00,0x00,0x00,0x1e,0x00,0x00,0x07,0x82,0x00,0x10,0x00,0x09,0x00,0x00,0x00,
0x3a,0x00,0x10,0x00,0x07,0x00,0x00,0x00,0x3a,0x00,0x10,0x00,0x09,0x00,0x00,0x00,
0x12,0x00,0x00,0x01,0x36,0x00,0x00,0x05,0x42,0x00,0x10,0x00,0x02,0x00,0x00,0x00,
0x01,0x40,0x00,0x00,0x00,0xe0,0x7f,0x47,0x15,0x00,0x00,0x01,0x15,0x00,0x00,0x01,
0x31,0x00,0x00,0x07,0x82,0x00,0x10,0x00,0x07,0x00,0x00,0x00,0x2a,0x00,0x10,0x00,
0x02,0x00,0x00,0x00,0x01,0x40,0x00,0x00,0x00,0xe0,0x7f,0x47,0x01,0x00,0x00,0x07,
0x82,0x00,0x10,0x00,0x02,0x00,0x00,0x00,0x3a,0x00,0x10,0x00,0x02,0x00,0x00,0x00,
0x3a,0x00,0x10,0x00,0x07,0x00,0x00,0x00,0x1f,0x00,0x04,0x03,0x3a,0x00,0x10,0x00,
0x02,0x00,0x00,0x00,0x10,0x00,0x00,0x08,0x82,0x00,0x10,0x00,0x07,0x00,0x00,0x00,
0x46,0x02,0x10,0x00,0x10,0x00,0x00,0x00,0x46,0x92,0x90,0x00,0x2a,0x00,0x10,0x00,
0x09,0x00,0x00,0x00,0x10,0x00,0x00,0x08,0x12,0x00,0x10,0x00,0x0c,0x00,0x00,0x00,
0x46,0x02,0x10,0x00,0x0e,0x00,0x00,0x00,0x46,0x92,0x90,0x00,0x3a,0x00,0x10,0x00,
0x09,0x00,0x00,0x00,0x00,0x00,0x00,0x08,0x22,0x00,0x10,0x00,0x0c,0x00,0x00,0x00,
0x3a,0x00,0x10,0x00,0x07,0x00,0x00,0x00,0x0a,0x00,0x10,0x80,0x41,0x00,0x00,0x00,
0x0c,0x00,0x00,0x00,0x31,0x00,0x00,0x08,0x12,0x00,0x10,0x00,0x0d,0x00,0x00,0x00,
0x01,0x40,0x00,0x00,0x40,0xda,0x7f,0x38,0x1a,0x00,0x10,0x80,0x81,0x00,0x00,0x00,
0x0c,0x00,0x00,0x00,0x1f,0x00,0x04,0x03,0x0a,0x00,0x10,0x00,0x0d,0x00,0x00,0x00,
0x31,0x00,0x00,0x07,0x12,0x00,0x10,0x00,0x0d,0x00,0x00,0x00,0x01,0x40,0x00,0x00,
0x00,0x00,0x00,0x00,0x1a,0x00,0x10,0x00,0x0c,0x00,0x00,0x00,0x31,0x00,0x00,0x07,
0x22,0x00,0x10,0x00,0x0c,0x00,0x00,0x00,0x1a,0x00,0x10,0x00,0x0c,0x00,0x00,0x00,
0x01,0x40,0x00,0x00,0x00,0x00,0x00,0x00,0x1e,0x00,0x00,0x08,0x22,0x00,0x10,0x00,
0x0c,0x00,0x00,0x00,0x0a,0x00,0x10,0x80,0x41,0x00,0x00,0x00,0x0d,0x00,0x00,0x00,
0x1a,0x00,0x10,0x00,0x0c,0x00,0x00,0x00,0x2b,0x00,0x00,0x05,0x22,0x00,0x10,0x00,
0x0c,0x00,0x00,0x00,0x1a,0x00,0x10,0x00,0x0c,0x00,0x00,0x00,0x34,0x00,0x00,0x07,
0x12,0x00,0x10,0x00,0x0d,0x00,0x00,0x00,0x3a,0x00,0x10,0x00,0x07,0x00,0x00,0x00,
0x0a,0x00,0x10,0x00,0x0c,0x00,0x00,0x00,0x39,0x00,0x00,0x07,0x22,0x00,0x10,0x00,
0x0d,0x00,0x00,0x00,0x0a,0x00,0x10,0x00,0x0d,0x00,0x00,0x00,0x01,0x40,0x00,0x00,
0x00,0x00,0x00,0x00,0x33,0x00,0x00,0x07,0x22,0x00,0x10,0x00,0x0f,0x00,0x00,0x00,
0x3a,0x00,0x10,0x00,0x07,0x00,0x00,0x00,0x0a,0x00,0x10,0x00,0x0c,0x00,0x00,0x00,
0x0e,0x00,0x00,0x07,0x12,0x00,0x10,0x00,0x0d,0x00,0x00,0x00,0x1a,0x00,0x10,0x00,
0x0f,0x00,0x00,0x00,0x0a,0x00,0x10,0x00,0x0d,0x00,0x00,0x00,0x01,0x00,0x00,0x07,
0x12,0x00,0x10,0x00,0x0d,0x00,0x00,0x00,0x0a,0x00,0x10,0x00,0x0d,0x00,0x00,0x00,
0x1a,0x00,0x10,0x00,0x0d,0x00,0x00,0x00,0x00,0x00,0x00,0x08,0x12,0x00,0x10,0x00,
0x0d,0x00,0x00,0x00,0x0a,0x00,0x10,0x80,0x41,0x00,0x00,0x00,0x0d,0x00,0x00,0x00,
0x01,0x40,0x00,0x00,0x00,0x00,0x80,0x3f,0x38,0x00,0x00,0x07,0x22,0x00,0x10,0x00,
0x0c,0x00,0x00,0x00,0x1a,0x00,0x10,0x00,0x0c,0x00,0x00,0x00,0x0a,0x00,0x10,0x00,
0x0d,0x00,0x00,0x00,0x31,0x00,0x00,0x09,0x12,0x00,0x10,0x00,0x0d,0x00,0x00,0x00,
0x1a,0x00,0x10,0x80,0x81,0x00,0x00,0x00,0x0c,0x00,0x00,0x00,0x2a,0x00,0x10,0x80,
0x81,0x00,0x00,0x00,0x02,0x00,0x00,0x00,0x37,0x00,0x00,0x09,0x42,0x00,0x10,0x00,
0x02,0x00,0x00,0x00,0x0a,0x00,0x10,0x00,0x0d,0x00,0x00,0x00,0x1a,0x00,0x10,0x00,
0x0c,0x00,0x00,0x00,0x2a,0x00,0x10,0x00,0x02,0x00,0x00,0x00,0x31,0x00,0x00,0x07,
0x82,0x00,0x10,0x00,0x07,0x00,0x00,0x00,0x3a,0x00,0x10,0x00,0x07,0x00,0x00,0x00,
0x0a,0x00,0x10,0x00,0x0c,0x00,0x00,0x00,0x01,0x00,0x00,0x07,0x82,0x00,0x10,0x00,
0x07,0x00,0x00,0x00,0x3a,0x00,0x10,0x00,0x07,0x00,0x00,0x00,0x01,0x40,0x00,0x00,
0x01,0x00,0x00,0x00,0x1e,0x00,0x00,0x07,0x42,0x00,0x10,0x00,0x09,0x00,0x00,0x00,
0x3a,0x00,0x10,0x00,0x07,0x00,0x00,0x00,0x2a,0x00,0x10,0x00,0x09,0x00,0x00,0x00,
0x11,0x00,0x00,0x08,0x82,0x00,0x10,0x00,0x07,0x00,0x00,0x00,0x46,0x0e,0x10,0x00,
0x10,0x00,0x00,0x00,0x46,0x9e,0x90,0x00,0x2a,0x00,0x10,0x00,0x09,0x00,0x00,0x00,
0x1d,0x00,0x00,0x07,0x82,0x00,0x10,0x00,0x07,0x00,0x00,0x00,0x3a,0x00,0x10,0x00,
0x07,0x00,0x00,0x00,0x0a,0x00,0x10,0x00,0x0c,0x00,0x00,0x00,0x01,0x00,0x00,0x07,
0x82,0x00,0x10,0x00,0x07,0x00,0x00,0x00,0x3a,0x00,0x10,0x00,0x07,0x00,0x00,0x00,
0x01,0x40,0x00,0x00,0x01,0x00,0x00,0x00,0x1e,0x00,0x00,0x07,0x82,0x00,0x10,0x00,
0x09,0x00,0x00,0x00,0x3a,0x00,0x10,0x00,0x07,0x00,0x00,0x00,0x3a,0x00,0x10,0x00,
0x09,0x00,0x00,0x00,0x12,0x00,0x00,0x01,0x36,0x00,0x00,0x05,0x42,0x00,0x10,0x00,
0x02,0x00,0x00,0x00,0x01,0x40,0x00,0x00,0x00,0xe0,0x7f,0x47,0x15,0x00,0x00,0x01,
0x15,0x00,0x00,0x01,0x31,0x00,0x00,0x07,0x82,0x00,0x10,0x00,0x07,0x00,0x00,0x00,
0x2a,0x00,0x10,0x00,0x02,0x00,0x00,0x00,0x01,0x40,0x00,0x00,0x00,0xe0,0x7f,0x47,
0x01,0x00,0x00,0x07,0x82,0x00,0x10,0x00,0x02,0x00,0x00,0x00,0x3a,0x00,0x10,0x00,
0x02,0x00,0x00,0x00,0x3a,0x00,0x10,0x00,0x07,0x00,0x00,0x00,0x1f,0x00,0x04,0x03,
0x3a,0x00,0x10,0x00,0x02,0x00,0x00,0x00,0x11,0x00,0x00,0x08,0x82,0x00,0x10,0x00,
0x07,0x00,0x00,0x00,0x46,0x0e,0x10,0x00,0x10,0x00,0x00,0x00,0x46,0x9e,0x90,0x00,
0x2a,0x00,0x10,0x00,0x09,0x00,0x00,0x00,0x11,0x00,0x00,0x08,0x12,0x00,0x10,0x00,
0x0c,0x00,0x00,0x00,0x46,0x0e,0x10,0x00,0x0e,0x00,0x00,0x00,0x46,0x9e,0x90,0x00,
0x3a,0x00,0x10,0x00,0x09,0x00,0x00,0x00,0x00,0x00,0x00,0x08,0x22,0x00,0x10,0x00,
0x0c,0x00,0x00,0x00,0x3a,0x00,0x10,0x00,0x07,0x00,0x00,0x00,0x0a,0x00,0x10,0x80,
0x41,0x00,0x00,0x00,0x0c,0x00,0x00,0x00,0x31,0x00,0x00,0x08,0x12,0x00,0x10,0x00,
0x0d,0x00,0x00,0x00,0x01,0x40,0x00,0x00,0x40,0xda,0x7f,0x38,0x1a,0x00,0x10,0x80,
0x81,0x00,0x00,0x00,0x0c,0x00,0x00,0x00,0x1f,0x00,0x04,0x03,0x0a,0x00,0x10,0x00,
0x0d,0x00,0x00,0x00,0x31,0x00,0x00,0x07,0x12,0x00,0x10,0x00,0x0d,0x00,0x00,0x00,
0x01,0x40,0x00,0x00,0x00,0x00,0x00,0x00,0x1a,0x00,0x10,0x00,0x0c,0x00,0x00,0x00,
0x31,0x00,0x00,0x07,0x22,0x00,0x10,0x00,0x0c,0x00,0x00,0x00,0x1a,0x00,0x10,0x00,
0x0c,0x00,0x00,0x00,0x01,0x40,0x00,0x00,0x00,0x00,0x00,0x00,0x1e,0x00,0x00,0x08,
0x22,0x00,0x10,0x00,0x0c,0x00,0x00,0x00,0x0a,0x00,0x10,0x80,0x41,0x00,0x00,0x00,
0x0d,0x00,0x00,0x00,0x1a,0x00,0x10,0x00,0x0c,0x00,0x00,0x00,0x2b,0x00,0x00,0x05,
0x22,0x00,0x10,0x00,0x0c,0x00,0x00,0x00,0x1a,0x00,0x10,0x00,0x0c,0x00,0x00,0x00,
0x34,0x00,0x00,0x07,0x12,0x00,0x10,0x00,0x0d,0x00,0x00,0x00,0x3a,0x00,0x10,0x00,
0x07,0x00,0x00,0x00,0x0a,0x00,0x10,0x00,0x0c,0x00,0x00,0x00,0x39,0x00,0x00,0x07,
0x22,0x00,0x10,0x00,0x0d,0x00,0x00,0x00,0x0a,0x00,0x10,0x00,0x0d,0x00,0x00,0x00,
0x01,0x40,0x00,0x00,0x00,0x00,0x00,0x00,0x33,0x00,0x00,0x07,0x22,0x00,0x10,0x00,
0x0f,0x00,0x00,0x00,0x3a,0x00,0x10,0x00,0x07,0x00,0x00,0x00,0x0a,0x00,0x10,0x00,
0x0c,0x00,0x00,0x00,0x0e,0x00,0x00,0x07,0x12,0x00,0x10,0x00,0x0d,0x00,0x00,0x00,
0x1a,0x00,0x10,0x00,0x0f,0x00,0x00,0x00,0x0a,0x00,0x10,0x00,0x0d,0x00,0x00,0x00,
0x01,0x00,0x00,0x07,0x12,0x00,0x10,0x00,0x0d,0x00,0x00,0x00,0x0a,0x00,0x10,0x00,
0x0d,0x00,0x00,0x00,0x1a,0x00,0x10,0x00,0x0d,0x00,0x00,0x00,0x00,0x00,0x00,0x08,
0x12,0x00,0x10,0x00,0x0d,0x00,0x00,0x00,0x0a,0x00,0x10,0x80,0x41,0x00,0x00,0x00,
0x0d,0x00,0x00,0x00,0x01,0x40,0x00,0x00,0x00,0x00,0x80,0x3f,0x38,0x00,0x00,0x07,
0x22,0x00,0x10,0x00,0x0c,0x00,0x00,0x00,0x1a,0x00,0x10,0x00,0x0c,0x00,0x00,0x00,
0x0a,0x00,0x10,0x00,0x0d,0x00,0x00,0x00,0x31,0x00,0x00,0x09,0x12,0x00,0x10,0x00,
0x0d,0x00,0x00,0x00,0x1a,0x00,0x10,0x80,0x81,0x00,0x00,0x00,0x0c,0x00,0x00,0x00,
0x2a,0x00,0x10,0x80,0x81,0x00,0x00,0x00,0x02,0x00,0x00,0x00,0x37,0x00,0x00,0x09,
0x42,0x00,0x10,0x00,0x02,0x00,0x00,0x00,0x0a,0x00,0x10,0x00,0x0d,0x00,0x00,0x00,
0x1a,0x00,0x10,0x00,0x0c,0x00,0x00,0x00,0x2a,0x00,0x10,0x00,0x02,0x00,0x00,0x00,
0x31,0x00,0x00,0x07,0x82,0x00,0x10,0x00,0x07,0x00,0x00,0x00,0x3a,0x00,0x10,0x00,
0x07,0x00,0x00,0x00,0x0a,0x00,0x10,0x00,0x0c,0x00,0x00,0x00,0x01,0x00,0x00,0x07,
0x82,0x00,0x10,0x00,0x07,0x00,0x00,0x00,0x3a,0x00,0x10,0x00,0x07,0x00,0x00,0x00,
0x01,0x40,0x00,0x00,0x01,0x00,0x00,0x00,0x1e,0x00,0x00,0x07,0x42,0x00,0x10,0x00,
0x09,0x00,0x00,0x00,0x3a,0x00,0x10,0x00,0x07,0x00,0x00,0x00,0x2a,0x00,0x10,0x00,
0x09,0x00,0x00,0x00,0x20,0x00,0x00,0x0a,0xf2,0x00,0x10,0x00,0x11,0x00,0x00,0x00,
0xa6,0x0a,0x10,0x00,0x09,0x00,0x00,0x00,0x02,0x40,0x00,0x00,0x00,0x00,0x00,0x00,
0x01,0x00,0x00,0x00,0x02,0x00,0x00,0x00,0x03,0x00,0x00,0x00,0x20,0x00,0x00,0x07,
0x82,0x00,0x10,0x00,0x07,0x00,0x00,0x00,0x2a,0x00,0x10,0x00,0x09,0x00,0x00,0x00,
0x01,0x40,0x00,0x00,0x04,0x00,0x00,0x00,0x01,0x00,0x00,0x0a,0xf2,0x00,0x10,0x00,
0x11,0x00,0x00,0x00,0x46,0x0e,0x10,0x00,0x11,0x00,0x00,0x00,0x02,0x40,0x00,0x00,
0x00,0x00,0x80,0x3f,0x00,0x00,0x80,0x3f,0x00,0x00,0x80,0x3f,0x00,0x00,0x80,0x3f,
0x01,0x00,0x00,0x07,0x82,0x00,0x10,0x00,0x07,0x00,0x00,0x00,0x3a,0x00,0x10,0x00,
0x07,0x00,0x00,0x00,0x01,0x40,0x00,0x00,0x00,0x00,0x80,0x3f,0x11,0x00,0x00,0x07,
0x22,0x00,0x10,0x00,0x0c,0x00,0x00,0x00,0x46,0x0e,0x10,0x00,0x11,0x00,0x00,0x00,
0x46,0x0e,0x10,0x00,0x10,0x00,0x00,0x00,0x32,0x00,0x00,0x09,0x82,0x00,0x10,0x00,
0x07,0x00,0x00,0x00,0x3a,0x00,0x10,0x00,0x07,0x00,0x00,0x00,0x0a,0x00,0x10,0x00,
0x0f,0x00,0x00,0x00,0x1a,0x00,0x10,0x00,0x0c,0x00,0x00,0x00,0x1d,0x00,0x00,0x07,
0x82,0x00,0x10,0x00,0x07,0x00,0x00,0x00,0x3a,0x00,0x10,0x00,0x07,0x00,0x00,0x00,
0x0a,0x00,0x10,0x00,0x0c,0x00,0x00,0x00,0x01,0x00,0x00,0x07,0x82,0x00,0x10,0x00,
0x07,0x00,0x00,0x00,0x3a,0x00,0x10,0x00,0x07,0x00,0x00,0x00,0x01,0x40,0x00,0x00,
0x01,0x00,0x00,0x00,0x1e,0x00,0x00,0x07,0x82,0x00,0x10,0x00,0x09,0x00,0x00,0x00,
0x3a,0x00,0x10,0x00,0x07,0x00,0x00,0x00,0x3a,0x00,0x10,0x00,0x09,0x00,0x00,0x00,
0x12,0x00,0x00,0x01,0x36,0x00,0x00,0x05,0x42,0x00,0x10,0x00,0x02,0x00,0x00,0x00,
0x01,0x40,0x00,0x00,0x00,0xe0,0x7f,0x47,0x15,0x00,0x00,0x01,0x15,0x00,0x00,0x01,
0x31,0x00,0x00,0x07,0x82,0x00,0x10,0x00,0x07,0x00,0x00,0x00,0x2a,0x00,0x10,0x00,
0x02,0x00,0x00,0x00,0x01,0x40,0x00,0x00,0x00,0xe0,0x7f,0x47,0x01,0x00,0x00,0x07,
0x82,0x00,0x10,0x00,0x02,0x00,0x00,0x00,0x3a,0x00,0x10,0x00,0x02,0x00,0x00,0x00,
0x3a,0x00,0x10,0x00,0x07,0x00,0x00,0x00,0x1f,0x00,0x04,0x03,0x3a,0x00,0x10,0x00,
0x02,0x00,0x00,0x00,0x34,0x00,0x00,0x07,0x82,0x00,0x10,0x00,0x02,0x00,0x00,0x00,
0x3a,0x00,0x10,0x00,0x0f,0x00,0x00,0x00,0x2a,0x00,0x10,0x00,0x0f,0x00,0x00,0x00,
0x20,0x00,0x00,0x0a,0xf2,0x00,0x10,0x00,0x11,0x00,0x00,0x00,0xa6,0x0a,0x10,0x00,
0x09,0x00,0x00,0x00,0x02,0x40,0x00,0x00,0x00,0x00,0x00,0x00,0x01,0x00,0x00,0x00,
0x02,0x00,0x00,0x00,0x03,0x00,0x00,0x00,0x20,0x00,0x00,0x07,0x82,0x00,0x10,0x00,
0x07,0x00,0x00,0x00,0x2a,0x00,0x10,0x00,0x09,0x00,0x00,0x00,0x01,0x40,0x00,0x00,
0x04,0x00,0x00,0x00,0x01,0x00,0x00,0x0a,0xf2,0x00,0x10,0x00,0x11,0x00,0x00,0x00,
0x46,0x0e,0x10,0x00,0x11,0x00,0x00,0x00,0x02,0x40,0x00,0x00,0x00,0x00,0x80,0x3f,
0x00,0x00,0x80,0x3f,0x00,0x00,0x80,0x3f,0x00,0x00,0x80,0x3f,0x01,0x00,0x00,0x07,
0x82,0x00,0x10,0x00,0x07,0x00,0x00,0x00,0x3a,0x00,0x10,0x00,0x07,0x00,0x00,0x00,
0x01,0x40,0x00,0x00,0x00,0x00,0x80,0x3f,0x11,0x00,0x00,0x07,0x42,0x00,0x10,0x00,
0x09,0x00,0x00,0x00,0x46,0x0e,0x10,0x00,0x11,0x00,0x00,0x00,0x46,0x0e,0x10,0x00,
0x10,0x00,0x00,0x00,0x32,0x00,0x00,0x09,0x82,0x00,0x10,0x00,0x07,0x00,0x00,0x00,
0x3a,0x00,0x10,0x00,0x07,0x00,0x00,0x00,0x0a,0x00,0x10,0x00,0x0f,0x00,0x00,0x00,
0x2a,0x00,0x10,0x00,0x09,0x00,0x00,0x00,0x20,0x00,0x00,0x0a,0xf2,0x00,0x10,0x00,
0x0f,0x00,0x00,0x00,0xf6,0x0f,0x10,0x00,0x09,0x00,0x00,0x00,0x02,0x40,0x00,0x00,
0x00,0x00,0x00,0x00,0x01,0x00,0x00,0x00,0x02,0x00,0x00,0x00,0x03,0x00,0x00,0x00,
0x20,0x00,0x00,0x07,0x42,0x00,0x10,0x00,0x09,0x00,0x00,0x00,0x3a,0x00,0x10,0x00,
0x09,0x00,0x00,0x00,0x01,0x40,0x00,0x00,0x04,0x00,0x00,0x00,0x01,0x00,0x00,0x0a,
0xf2,0x00,0x10,0x00,0x0f,0x00,0x00,0x00,0x46,0x0e,0x10,0x00,0x0f,0x00,0x00,0x00,
0x02,0x40,0x00,0x00,0x00,0x00,0x80,0x3f,0x00,0x00,0x80,0x3f,0x00,0x00,0x80,0x3f,
0x00,0x00,0x80,0x3f,0x01,0x00,0x00,0x07,0x42,0x00,0x10,0x00,0x09,0x00,0x00,0x00,
0x2a,0x00,0x10,0x00,0x09,0x00,0x00,0x00,0x01,0x40,0x00,0x00,0x00,0x00,0x80,0x3f,
0x11,0x00,0x00,0x07,0x82,0x00,0x10,0x00,0x09,0x00,0x00,0x00,0x46,0x0e,0x10,0x00,
0x0f,0x00,0x00,0x00,0x46,0x0e,0x10,0x00,0x0e,0x00,0x00,0x00,0x32,0x00,0x00,0x09,
0x82,0x00,0x10,0x00,0x02,0x00,0x00,0x00,0x2a,0x00,0x10,0x00,0x09,0x00,0x00,0x00,
0x3a,0x00,0x10,0x00,0x02,0x00,0x00,0x00,0x3a,0x00,0x10,0x00,0x09,0x00,0x00,0x00,
0x00,0x00,0x00,0x08,0x42,0x00,0x10,0x00,0x09,0x00,0x00,0x00,0x3a,0x00,0x10,0x80,
0x41,0x00,0x00,0x00,0x02,0x00,0x00,0x00,0x3a,0x00,0x10,0x00,0x07,0x00,0x00,0x00,
0x31,0x00,0x00,0x08,0x82,0x00,0x10,0x00,0x09,0x00,0x00,0x00,0x01,0x40,0x00,0x00,
0x40,0xda,0x7f,0x38,0x2a,0x00,0x10,0x80,0x81,0x00,0x00,0x00,0x09,0x00,0x00,0x00,
0x1f,0x00,0x04,0x03,0x3a,0x00,0x10,0x00,0x09,0x00,0x00,0x00,0x31,0x00,0x00,0x07,
0x82,0x00,0x10,0x00,0x09,0x00,0x00,0x00,0x01,0x40,0x00,0x00,0x00,0x00,0x00,0x00,
0x2a,0x00,0x10,0x00,0x09,0x00,0x00,0x00,0x31,0x00,0x00,0x07,0x42,0x00,0x10,0x00,
0x09,0x00,0x00,0x00,0x2a,0x00,0x10,0x00,0x09,0x00,0x00,0x00,0x01,0x40,0x00,0x00,
0x00,0x00,0x00,0x00,0x1e,0x00,0x00,0x08,0x42,0x00,0x10,0x00,0x09,0x00,0x00,0x00,
0x3a,0x00,0x10,0x80,0x41,0x00,0x00,0x00,0x09,0x00,0x00,0x00,0x2a,0x00,0x10,0x00,
0x09,0x00,0x00,0x00,0x2b,0x00,0x00,0x05,0x42,0x00,0x10,0x00,0x09,0x00,0x00,0x00,
0x2a,0x00,0x10,0x00,0x09,0x00,0x00,0x00,0x34,0x00,0x00,0x07,0x82,0x00,0x10,0x00,
0x09,0x00,0x00,0x00,0x3a,0x00,0x10,0x00,0x02,0x00,0x00,0x00,0x3a,0x00,0x10,0x00,
0x07,0x00,0x00,0x00,0x39,0x00,0x00,0x07,0x12,0x00,0x10,0x00,0x0c,0x00,0x00,0x00,
0x3a,0x00,0x10,0x00,0x09,0x00,0x00,0x00,0x01,0x40,0x00,0x00,0x00,0x00,0x00,0x00,
0x33,0x00,0x00,0x07,0x82,0x00,0x10,0x00,0x02,0x00,0x00,0x00,0x3a,0x00,0x10,0x00,
0x02,0x00,0x00,0x00,0x3a,0x00,0x10,0x00,0x07,0x00,0x00,0x00,0x0e,0x00,0x00,0x07,
0x82,0x00,0x10,0x00,0x02,0x00,0x00,0x00,0x3a,0x00,0x10,0x00,0x02,0x00,0x00,0x00,
0x3a,0x00,0x10,0x00,0x09,0x00,0x00,0x00,0x01,0x00,0x00,0x07,0x82,0x00,0x10,0x00,
0x02,0x00,0x00,0x00,0x3a,0x00,0x10,0x00,0x02,0x00,0x00,0x00,0x0a,0x00,0x10,0x00,
0x0c,0x00,0x00,0x00,0x00,0x00,0x00,0x08,0x82,0x00,0x10,0x00,0x02,0x00,0x00,0x00,
0x3a,0x00,0x10,0x80,0x41,0x00,0x00,0x00,0x02,0x00,0x00,0x00,0x01,0x40,0x00,0x00,
0x00,0x00,0x80,0x3f,0x38,0x00,0x00,0x07,0x82,0x00,0x10,0x00,0x02,0x00,0x00,0x00,
0x3a,0x00,0x10,0x00,0x02,0x00,0x00,0x00,0x2a,0x00,0x10,0x00,0x09,0x00,0x00,0x00,
0x31,0x00,0x00,0x09,0x82,0x00,0x10,0x00,0x07,0x00,0x00,0x00,0x3a,0x00,0x10,0x80,
0x81,0x00,0x00,0x00,0x02,0x00,0x00,0x00,0x2a,0x00,0x10,0x80,0x81,0x00,0x00,0x00,
0x02,0x00,0x00,0x00,0x37,0x00,0x00,0x09,0x42,0x00,0x10,0x00,0x02,0x00,0x00,0x00,
0x3a,0x00,0x10,0x00,0x07,0x00,0x00,0x00,0x3a,0x00,0x10,0x00,0x02,0x00,0x00,0x00,
0x2a,0x00,0x10,0x00,0x02,0x00,0x00,0x00,0x12,0x00,0x00,0x01,0x36,0x00,0x00,0x05,
0x42,0x00,0x10,0x00,0x02,0x00,0x00,0x00,0x01,0x40,0x00,0x00,0x00,0xe0,0x7f,0x47,
0x15,0x00,0x00,0x01,0x15,0x00,0x00,0x01,0x31,0x00,0x00,0x07,0x82,0x00,0x10,0x00,
0x02,0x00,0x00,0x00,0x2a,0x00,0x10,0x00,0x02,0x00,0x00,0x00,0x01,0x40,0x00,0x00,
0x00,0xdf,0x7f,0x47,0x01,0x00,0x00,0x07,0x82,0x00,0x10,0x00,0x02,0x00,0x00,0x00,
0x3a,0x00,0x10,0x00,0x02,0x00,0x00,0x00,0x01,0x40,0x00,0x00,0x00,0x00,0x80,0x3f,
0x38,0x00,0x00,0x07,0x12,0x00,0x10,0x00,0x0c,0x00,0x00,0x00,0x3a,0x00,0x10,0x00,
0x02,0x00,0x00,0x00,0x2a,0x00,0x10,0x00,0x02,0x00,0x00,0x00,0x12,0x00,0x00,0x01,
0x36,0x00,0x00,0x05,0x12,0x00,0x10,0x00,0x0c,0x00,0x00,0x00,0x01,0x40,0x00,0x00,
0x00,0x00,0x00,0x00,0x15,0x00,0x00,0x01,0x39,0x00,0x00,0x07,0x42,0x00,0x10,0x00,
0x02,0x00,0x00,0x00,0x0a,0x00,0x10,0x00,0x0c,0x00,0x00,0x00,0x01,0x40,0x00,0x00,
0x00,0x00,0x00,0x00,0x31,0x00,0x00,0x07,0x82,0x00,0x10,0x00,0x02,0x00,0x00,0x00,
0x01,0x40,0x00,0x00,0x00,0x00,0x00,0x00,0x0a,0x00,0x10,0x00,0x0c,0x00,0x00,0x00,
0x31,0x00,0x00,0x07,0x82,0x00,0x10,0x00,0x07,0x00,0x00,0x00,0x0a,0x00,0x10,0x00,
0x0c,0x00,0x00,0x00,0x01,0x40,0x00,0x00,0x00,0x00,0x00,0x00,0x1e,0x00,0x00,0x08,
0x82,0x00,0x10,0x00,0x02,0x00,0x00,0x00,0x3a,0x00,0x10,0x80,0x41,0x00,0x00,0x00,
0x02,0x00,0x00,0x00,0x3a,0x00,0x10,0x00,0x07,0x00,0x00,0x00,0x2b,0x00,0x00,0x05,
0x82,0x00,0x10,0x00,0x02,0x00,0x00,0x00,0x3a,0x00,0x10,0x00,0x02,0x00,0x00,0x00,
0x01,0x00,0x00,0x07,0x22,0x00,0x10,0x00,0x0c,0x00,0x00,0x00,0x3a,0x00,0x10,0x00,
0x02,0x00,0x00,0x00,0x2a,0x00,0x10,0x00,0x02,0x00,0x00,0x00,0x36,0x00,0x00,0x08,
0xc2,0x00,0x10,0x00,0x06,0x00,0x00,0x00,0x02,0x40,0x00,0x00,0x00,0x00,0x00,0x00,
0x00,0x00,0x00,0x00,0x00,0x00,0x00,0x00,0x00,0x00,0x00,0x00,0x2d,0x00,0x00,0x89,
0xc2,0x00,0x00,0x80,0x43,0x55,0x15,0x00,0xc2,0x00,0x10,0x00,0x02,0x00,0x00,0x00,
0x46,0x0e,0x10,0x00,0x06,0x00,0x00,0x00,0xe6,0x74,0x10,0x00,0x02,0x00,0x00,0x00,
0x00,0x00,0x00,0x07,0xf2,0x00,0x10,0x00,0x06,0x00,0x00,0x00,0xe6,0x0e,0x10,0x00,
0x02,0x00,0x00,0x00,0xe6,0x0e,0x10,0x00,0x0d,0x00,0x00,0x00,0x1d,0x00,0x00,0x0a,
0xc2,0x00,0x10,0x00,0x02,0x00,0x00,0x00,0xa6,0x0e,0x10,0x00,0x06,0x00,0x00,0x00,
0x02,0x40,0x00,0x00,0x00,0x00,0x00,0x00,0x00,0x00,0x00,0x00,0x00,0x00,0x00,0x00,
0x00,0x00,0x00,0x00,0x1d,0x00,0x00,0x0a,0xc2,0x00,0x10,0x00,0x09,0x00,0x00,0x00,
0x02,0x40,0x00,0x00,0x00,0x00,0x00,0x00,0x00,0x00,0x00,0x00,0x00,0x00,0x80,0x3f,
0x00,0x00,0x80,0x3f,0xa6,0x0e,0x10,0x00,0x06,0x00,0x00,0x00,0x01,0x00,0x00,0x07,
0xc2,0x00,0x10,0x00,0x02,0x00,0x00,0x00,0xa6,0x0e,0x10,0x00,0x02,0x00,0x00,0x00,
0xa6,0x0e,0x10,0x00,0x09,0x00,0x00,0x00,0x01,0x00,0x00,0x07,0x42,0x00,0x10,0x00,
0x02,0x00,0x00,0x00,0x3a,0x00,0x10,0x00,0x02,0x00,0x00,0x00,0x2a,0x00,0x10,0x00,
0x02,0x00,0x00,0x00,0x1f,0x00,0x04,0x03,0x2a,0x00,0x10,0x00,0x02,0x00,0x00,0x00,
0x38,0x00,0x00,0x07,0xf2,0x00,0x10,0x00,0x06,0x00,0x00,0x00,0xe6,0x0e,0x10,0x00,
0x0a,0x00,0x00,0x00,0x46,0x0e,0x10,0x00,0x06,0x00,0x00,0x00,0x41,0x00,0x00,0x05,
0xf2,0x00,0x10,0x00,0x06,0x00,0x00,0x00,0x46,0x0e,0x10,0x00,0x06,0x00,0x00,0x00,
0x1b,0x00,0x00,0x05,0xf2,0x00,0x10,0x00,0x06,0x00,0x00,0x00,0x46,0x0e,0x10,0x00,
0x06,0x00,0x00,0x00,0x1e,0x00,0x00,0x0b,0xf2,0x00,0x10,0x00,0x0d,0x00,0x00,0x00,
0xe6,0x8e,0x20,0x00,0x00,0x00,0x00,0x00,0x00,0x00,0x00,0x00,0x02,0x40,0x00,0x00,
0xff,0xff,0xff,0xff,0xff,0xff,0xff,0xff,0xff,0xff,0xff,0xff,0xff,0xff,0xff,0xff,
0x25,0x00,0x00,0x07,0xc2,0x00,0x10,0x00,0x02,0x00,0x00,0x00,0xa6,0x0e,0x10,0x00,
0x06,0x00,0x00,0x00,0xa6,0x0e,0x10,0x00,0x0d,0x00,0x00,0x00,0x24,0x00,0x00,0x0a,
0x32,0x00,0x10,0x00,0x0e,0x00,0x00,0x00,0xe6,0x0a,0x10,0x00,0x02,0x00,0x00,0x00,
0x02,0x40,0x00,0x00,0x00,0x00,0x00,0x00,0x00,0x00,0x00,0x00,0x00,0x00,0x00,0x00,
0x00,0x00,0x00,0x00,0x36,0x00,0x00,0x08,0xc2,0x00,0x10,0x00,0x0e,0x00,0x00,0x00,
0x02,0x40,0x00,0x00,0x00,0x00,0x00,0x00,0x00,0x00,0x00,0x00,0x00,0x00,0x00,0x00,
0x00,0x00,0x00,0x00,0x2d,0x00,0x00,0x89,0xc2,0x00,0x00,0x80,0x43,0x55,0x15,0x00,
0x42,0x00,0x10,0x00,0x02,0x00,0x00,0x00,0x46,0x0e,0x10,0x00,0x0e,0x00,0x00,0x00,
0x96,0x7c,0x10,0x00,0x01,0x00,0x00,0x00,0x38,0x00,0x00,0x08,0x42,0x00,0x10,0x00,
0x02,0x00,0x00,0x00,0x2a,0x00,0x10,0x00,0x02,0x00,0x00,0x00,0x1a,0x80,0x20,0x00,
0x00,0x00,0x00,0x00,0x07,0x00,0x00,0x00,0x38,0x00,0x00,0x07,0x42,0x00,0x10,0x00,
0x02,0x00,0x00,0x00,0x2a,0x00,0x10,0x00,0x07,0x00,0x00,0x00,0x2a,0x00,0x10,0x00,
0x02,0x00,0x00,0x00,0x34,0x00,0x00,0x07,0x42,0x00,0x10,0x00,0x02,0x00,0x00,0x00,
0x2a,0x00,0x10,0x00,0x02,0x00,0x00,0x00,0x01,0x40,0x00,0x00,0x40,0xda,0x7f,0x38,
0x1e,0x00,0x00,0x0a,0xf2,0x00,0x10,0x00,0x0e,0x00,0x00,0x00,0xe6,0x0e,0x10,0x00,
0x06,0x00,0x00,0x00,0x02,0x40,0x00,0x00,0xff,0xff,0xff,0xff,0x00,0x00,0x00,0x00,
0x01,0x00,0x00,0x00,0x00,0x00,0x00,0x00,0x25,0x00,0x00,0x07,0xf2,0x00,0x10,0x00,
0x0e,0x00,0x00,0x00,0x46,0x0e,0x10,0x00,0x0d,0x00,0x00,0x00,0x46,0x0e,0x10,0x00,
0x0e,0x00,0x00,0x00,0x24,0x00,0x00,0x0a,0xf2,0x00,0x10,0x00,0x0e,0x00,0x00,0x00,
0xe6,0x04,0x10,0x00,0x0e,0x00,0x00,0x00,0x02,0x40,0x00,0x00,0x00,0x00,0x00,0x00,
0x00,0x00,0x00,0x00,0x00,0x00,0x00,0x00,0x00,0x00,0x00,0x00,0x36,0x00,0x00,0x05,
0x32,0x00,0x10,0x00,0x0f,0x00,0x00,0x00,0xe6,0x0a,0x10,0x00,0x0e,0x00,0x00,0x00,
0x36,0x00,0x00,0x08,0xc2,0x00,0x10,0x00,0x0f,0x00,0x00,0x00,0x02,0x40,0x00,0x00,
0x00,0x00,0x00,0x00,0x00,0x00,0x00,0x00,0x00,0x00,0x00,0x00,0x00,0x00,0x00,0x00,
0x2d,0x00,0x00,0x89,0xc2,0x00,0x00,0x80,0x43,0x55,0x15,0x00,0x82,0x00,0x10,0x00,
0x02,0x00,0x00,0x00,0x46,0x0e,0x10,0x00,0x0f,0x00,0x00,0x00,0x96,0x73,0x10,0x00,
0x01,0x00,0x00,0x00,0x38,0x00,0x00,0x08,0x82,0x00,0x10,0x00,0x02,0x00,0x00,0x00,
0x3a,0x00,0x10,0x00,0x02,0x00,0x00,0x00,0x1a,0x80,0x20,0x00,0x00,0x00,0x00,0x00,
0x07,0x00,0x00,0x00,0x38,0x00,0x00,0x07,0x82,0x00,0x10,0x00,0x02,0x00,0x00,0x00,
0x2a,0x00,0x10,0x00,0x07,0x00,0x00,0x00,0x3a,0x00,0x10,0x00,0x02,0x00,0x00,0x00,
0x34,0x00,0x00,0x07,0x82,0x00,0x10,0x00,0x02,0x00,0x00,0x00,0x3a,0x00,0x10,0x00,
0x02,0x00,0x00,0x00,0x01,0x40,0x00,0x00,0x40,0xda,0x7f,0x38,0x36,0x00,0x00,0x08,
0xc2,0x00,0x10,0x00,0x0e,0x00,0x00,0x00,0x02,0x40,0x00,0x00,0x00,0x00,0x00,0x00,
0x00,0x00,0x00,0x00,0x00,0x00,0x00,0x00,0x00,0x00,0x00,0x00,0x2d,0x00,0x00,0x89,
0xc2,0x00,0x00,0x80,0x43,0x55,0x15,0x00,0x82,0x00,0x10,0x00,0x07,0x00,0x00,0x00,
0x46,0x0e,0x10,0x00,0x0e,0x00,0x00,0x00,0x96,0x73,0x10,0x00,0x01,0x00,0x00,0x00,
0x38,0x00,0x00,0x08,0x82,0x00,0x10,0x00,0x07,0x00,0x00,0x00,0x3a,0x00,0x10,0x00,
0x07,0x00,0x00,0x00,0x1a,0x80,0x20,0x00,0x00,0x00,0x00,0x00,0x07,0x00,0x00,0x00,
0x38,0x00,0x00,0x07,0x82,0x00,0x10,0x00,0x07,0x00,0x00,0x00,0x2a,0x00,0x10,0x00,
0x07,0x00,0x00,0x00,0x3a,0x00,0x10,0x00,0x07,0x00,0x00,0x00,0x34,0x00,0x00,0x07,
0x82,0x00,0x10,0x00,0x07,0x00,0x00,0x00,0x3a,0x00,0x10,0x00,0x07,0x00,0x00,0x00,
0x01,0x40,0x00,0x00,0x40,0xda,0x7f,0x38,0x1e,0x00,0x00,0x0a,0xf2,0x00,0x10,0x00,
0x06,0x00,0x00,0x00,0x46,0x0e,0x10,0x00,0x06,0x00,0x00,0x00,0x02,0x40,0x00,0x00,
0x00,0x00,0x00,0x00,0xff,0xff,0xff,0xff,0x00,0x00,0x00,0x00,0x01,0x00,0x00,0x00,
0x25,0x00,0x00,0x07,0xf2,0x00,0x10,0x00,0x06,0x00,0x00,0x00,0x46,0x0e,0x10,0x00,
0x0d,0x00,0x00,0x00,0x46,0x0e,0x10,0x00,0x06,0x00,0x00,0x00,0x24,0x00,0x00,0x0a,
0xf2,0x00,0x10,0x00,0x06,0x00,0x00,0x00,0xe6,0x04,0x10,0x00,0x06,0x00,0x00,0x00,
0x02,0x40,0x00,0x00,0x00,0x00,0x00,0x00,0x00,0x00,0x00,0x00,0x00,0x00,0x00,0x00,
0x00,0x00,0x00,0x00,0x36,0x00,0x00,0x05,0x32,0x00,0x10,0x00,0x0d,0x00,0x00,0x00,
0xe6,0x0a,0x10,0x00,0x06,0x00,0x00,0x00,0x36,0x00,0x00,0x08,0xc2,0x00,0x10,0x00,
0x0d,0x00,0x00,0x00,0x02,0x40,0x00,0x00,0x00,0x00,0x00,0x00,0x00,0x00,0x00,0x00,
0x00,0x00,0x00,0x00,0x00,0x00,0x00,0x00,0x2d,0x00,0x00,0x89,0xc2,0x00,0x00,0x80,
0x43,0x55,0x15,0x00,0x42,0x00,0x10,0x00,0x09,0x00,0x00,0x00,0x46,0x0e,0x10,0x00,
0x0d,0x00,0x00,0x00,0x96,0x7c,0x10,0x00,0x01,0x00,0x00,0x00,0x38,0x00,0x00,0x08,
0x42,0x00,0x10,0x00,0x09,0x00,0x00,0x00,0x2a,0x00,0x10,0x00,0x09,0x00,0x00,0x00,
0x1a,0x80,0x20,0x00,0x00,0x00,0x00,0x00,0x07,0x00,0x00,0x00,0x38,0x00,0x00,0x07,
0x42,0x00,0x10,0x00,0x09,0x00,0x00,0x00,0x2a,0x00,0x10,0x00,0x07,0x00,0x00,0x00,
0x2a,0x00,0x10,0x00,0x09,0x00,0x00,0x00,0x34,0x00,0x00,0x07,0x42,0x00,0x10,0x00,
0x09,0x00,0x00,0x00,0x2a,0x00,0x10,0x00,0x09,0x00,0x00,0x00,0x01,0x40,0x00,0x00,
0x40,0xda,0x7f,0x38,0x36,0x00,0x00,0x08,0xc2,0x00,0x10,0x00,0x06,0x00,0x00,0x00,
0x02,0x40,0x00,0x00,0x00,0x00,0x00,0x00,0x00,0x00,0x00,0x00,0x00,0x00,0x00,0x00,
0x00,0x00,0x00,0x00,0x2d,0x00,0x00,0x89,0xc2,0x00,0x00,0x80,0x43,0x55,0x15,0x00,
0x12,0x00,0x10,0x00,0x06,0x00,0x00,0x00,0x46,0x0e,0x10,0x00,0x06,0x00,0x00,0x00,
0x46,0x7e,0x10,0x00,0x01,0x00,0x00,0x00,0x38,0x00,0x00,0x08,0x12,0x00,0x10,0x00,
0x06,0x00,0x00,0x00,0x0a,0x00,0x10,0x00,0x06,0x00,0x00,0x00,0x1a,0x80,0x20,0x00,
0x00,0x00,0x00,0x00,0x07,0x00,0x00,0x00,0x38,0x00,0x00,0x07,0x12,0x00,0x10,0x00,
0x06,0x00,0x00,0x00,0x2a,0x00,0x10,0x00,0x07,0x00,0x00,0x00,0x0a,0x00,0x10,0x00,
0x06,0x00,0x00,0x00,0x34,0x00,0x00,0x07,0x12,0x00,0x10,0x00,0x06,0x00,0x00,0x00,
0x0a,0x00,0x10,0x00,0x06,0x00,0x00,0x00,0x01,0x40,0x00,0x00,0x40,0xda,0x7f,0x38,
0x00,0x00,0x00,0x07,0xf2,0x00,0x10,0x00,0x0d,0x00,0x00,0x00,0x46,0x04,0x10,0x00,
0x0b,0x00,0x00,0x00,0xe6,0x0e,0x10,0x00,0x0c,0x00,0x00,0x00,0x38,0x00,0x00,0x07,
0xf2,0x00,0x10,0x00,0x0d,0x00,0x00,0x00,0x46,0x04,0x10,0x00,0x0a,0x00,0x00,0x00,
0x46,0x0e,0x10,0x00,0x0d,0x00,0x00,0x00,0x41,0x00,0x00,0x05,0xf2,0x00,0x10,0x00,
0x0d,0x00,0x00,0x00,0x46,0x0e,0x10,0x00,0x0d,0x00,0x00,0x00,0x1b,0x00,0x00,0x05,
0xf2,0x00,0x10,0x00,0x0d,0x00,0x00,0x00,0x46,0x0e,0x10,0x00,0x0d,0x00,0x00,0x00,
0x25,0x00,0x00,0x07,0x62,0x00,0x10,0x00,0x06,0x00,0x00,0x00,0xa6,0x0b,0x10,0x00,
0x08,0x00,0x00,0x00,0xa6,0x0b,0x10,0x00,0x0d,0x00,0x00,0x00,0x24,0x00,0x00,0x0a,
0x32,0x00,0x10,0x00,0x0e,0x00,0x00,0x00,0x96,0x05,0x10,0x00,0x06,0x00,0x00,0x00,
0x02,0x40,0x00,0x00,0x00,0x00,0x00,0x00,0x00,0x00,0x00,0x00,0x00,0x00,0x00,0x00,
0x00,0x00,0x00,0x00,0x36,0x00,0x00,0x08,0xc2,0x00,0x10,0x00,0x0e,0x00,0x00,0x00,
0x02,0x40,0x00,0x00,0x00,0x00,0x00,0x00,0x00,0x00,0x00,0x00,0x00,0x00,0x00,0x00,
0x00,0x00,0x00,0x00,0x2d,0x00,0x00,0x89,0xc2,0x00,0x00,0x80,0x43,0x55,0x15,0x00,
0x22,0x00,0x10,0x00,0x06,0x00,0x00,0x00,0x46,0x0e,0x10,0x00,0x0e,0x00,0x00,0x00,
0x16,0x7e,0x10,0x00,0x00,0x00,0x00,0x00,0x38,0x00,0x00,0x07,0x22,0x00,0x10,0x00,
0x06,0x00,0x00,0x00,0x2a,0x00,0x10,0x00,0x07,0x00,0x00,0x00,0x1a,0x00,0x10,0x00,
0x06,0x00,0x00,0x00,0x34,0x00,0x00,0x07,0x22,0x00,0x10,0x00,0x06,0x00,0x00,0x00,
0x1a,0x00,0x10,0x00,0x06,0x00,0x00,0x00,0x01,0x40,0x00,0x00,0x40,0xda,0x7f,0x38,
0x1e,0x00,0x00,0x0a,0xf2,0x00,0x10,0x00,0x0e,0x00,0x00,0x00,0xe6,0x0e,0x10,0x00,
0x0d,0x00,0x00,0x00,0x02,0x40,0x00,0x00,0xff,0xff,0xff,0xff,0x00,0x00,0x00,0x00,
0x01,0x00,0x00,0x00,0x00,0x00,0x00,0x00,0x25,0x00,0x00,0x07,0xf2,0x00,0x10,0x00,
0x0e,0x00,0x00,0x00,0x46,0x0e,0x10,0x00,0x08,0x00,0x00,0x00,0x46,0x0e,0x10,0x00,
0x0e,0x00,0x00,0x00,0x24,0x00,0x00,0x0a,0xf2,0x00,0x10,0x00,0x0e,0x00,0x00,0x00,
0xe6,0x04,0x10,0x00,0x0e,0x00,0x00,0x00,0x02,0x40,0x00,0x00,0x00,0x00,0x00,0x00,
0x00,0x00,0x00,0x00,0x00,0x00,0x00,0x00,0x00,0x00,0x00,0x00,0x36,0x00,0x00,0x05,
0x32,0x00,0x10,0x00,0x0f,0x00,0x00,0x00,0xe6,0x0a,0x10,0x00,0x0e,0x00,0x00,0x00,
0x36,0x00,0x00,0x08,0xc2,0x00,0x10,0x00,0x0f,0x00,0x00,0x00,0x02,0x40,0x00,0x00,
0x00,0x00,0x00,0x00,0x00,0x00,0x00,0x00,0x00,0x00,0x00,0x00,0x00,0x00,0x00,0x00,
0x2d,0x00,0x00,0x89,0xc2,0x00,0x00,0x80,0x43,0x55,0x15,0x00,0x42,0x00,0x10,0x00,
0x06,0x00,0x00,0x00,0x46,0x0e,0x10,0x00,0x0f,0x00,0x00,0x00,0x96,0x7c,0x10,0x00,
0x00,0x00,0x00,0x00,0x38,0x00,0x00,0x07,0x42,0x00,0x10,0x00,0x06,0x00,0x00,0x00,
0x2a,0x00,0x10,0x00,0x07,0x00,0x00,0x00,0x2a,0x00,0x10,0x00,0x06,0x00,0x00,0x00,
0x34,0x00,0x00,0x07,0x42,0x00,0x10,0x00,0x06,0x00,0x00,0x00,0x2a,0x00,0x10,0x00,
0x06,0x00,0x00,0x00,0x01,0x40,0x00,0x00,0x40,0xda,0x7f,0x38,0x36,0x00,0x00,0x08,
0xc2,0x00,0x10,0x00,0x0e,0x00,0x00,0x00,0x02,0x40,0x00,0x00,0x00,0x00,0x00,0x00,
0x00,0x00,0x00,0x00,0x00,0x00,0x00,0x00,0x00,0x00,0x00,0x00,0x2d,0x00,0x00,0x89,
0xc2,0x00,0x00,0x80,0x43,0x55,0x15,0x00,0x82,0x00,0x10,0x00,0x06,0x00,0x00,0x00,
0x46,0x0e,0x10,0x00,0x0e,0x00,0x00,0x00,0x96,0x73,0x10,0x00,0x00,0x00,0x00,0x00,
0x38,0x00,0x00,0x07,0x82,0x00,0x10,0x00,0x06,0x00,0x00,0x00,0x2a,0x00,0x10,0x00,
0x07,0x00,0x00,0x00,0x3a,0x00,0x10,0x00,0x06,0x00,0x00,0x00,0x34,0x00,0x00,0x07,
0x82,0x00,0x10,0x00,0x06,0x00,0x00,0x00,0x3a,0x00,0x10,0x00,0x06,0x00,0x00,0x00,
0x01,0x40,0x00,0x00,0x40,0xda,0x7f,0x38,0x1e,0x00,0x00,0x0a,0xf2,0x00,0x10,0x00,
0x0d,0x00,0x00,0x00,0x46,0x0e,0x10,0x00,0x0d,0x00,0x00,0x00,0x02,0x40,0x00,0x00,
0x00,0x00,0x00,0x00,0xff,0xff,0xff,0xff,0x00,0x00,0x00,0x00,0x01,0x00,0x00,0x00,
0x25,0x00,0x00,0x07,0xf2,0x00,0x10,0x00,0x0d,0x00,0x00,0x00,0x46,0x0e,0x10,0x00,
0x08,0x00,0x00,0x00,0x46,0x0e,0x10,0x00,0x0d,0x00,0x00,0x00,0x24,0x00,0x00,0x0a,
0xf2,0x00,0x10,0x00,0x0d,0x00,0x00,0x00,0xe6,0x04,0x10,0x00,0x0d,0x00,0x00,0x00,
0x02,0x40,0x00,0x00,0x00,0x00,0x00,0x00,0x00,0x00,0x00,0x00,0x00,0x00,0x00,0x00,
0x00,0x00,0x00,0x00,0x36,0x00,0x00,0x05,0x32,0x00,0x10,0x00,0x0e,0x00,0x00,0x00,
0xe6,0x0a,0x10,0x00,0x0d,0x00,0x00,0x00,0x36,0x00,0x00,0x08,0xc2,0x00,0x10,0x00,
0x0e,0x00,0x00,0x00,0x02,0x40,0x00,0x00,0x00,0x00,0x00,0x00,0x00,0x00,0x00,0x00,
0x00,0x00,0x00,0x00,0x00,0x00,0x00,0x00,0x2d,0x00,0x00,0x89,0xc2,0x00,0x00,0x80,
0x43,0x55,0x15,0x00,0x82,0x00,0x10,0x00,0x09,0x00,0x00,0x00,0x46,0x0e,0x10,0x00,
0x0e,0x00,0x00,0x00,0x96,0x73,0x10,0x00,0x00,0x00,0x00,0x00,0x38,0x00,0x00,0x07,
0x82,0x00,0x10,0x00,0x09,0x00,0x00,0x00,0x2a,0x00,0x10,0x00,0x07,0x00,0x00,0x00,
0x3a,0x00,0x10,0x00,0x09,0x00,0x00,0x00,0x34,0x00,0x00,0x07,0x82,0x00,0x10,0x00,
0x09,0x00,0x00,0x00,0x3a,0x00,0x10,0x00,0x09,0x00,0x00,0x00,0x01,0x40,0x00,0x00,
0x40,0xda,0x7f,0x38,0x36,0x00,0x00,0x08,0xc2,0x00,0x10,0x00,0x0d,0x00,0x00,0x00,
0x02,0x40,0x00,0x00,0x00,0x00,0x00,0x00,0x00,0x00,0x00,0x00,0x00,0x00,0x00,0x00,
0x00,0x00,0x00,0x00,0x2d,0x00,0x00,0x89,0xc2,0x00,0x00,0x80,0x43,0x55,0x15,0x00,
0x42,0x00,0x10,0x00,0x0c,0x00,0x00,0x00,0x46,0x0e,0x10,0x00,0x0d,0x00,0x00,0x00,
0x96,0x7c,0x10,0x00,0x00,0x00,0x00,0x00,0x38,0x00,0x00,0x07,0x42,0x00,0x10,0x00,
0x0c,0x00,0x00,0x00,0x2a,0x00,0x10,0x00,0x07,0x00,0x00,0x00,0x2a,0x00,0x10,0x00,
0x0c,0x00,0x00,0x00,0x34,0x00,0x00,0x07,0x42,0x00,0x10,0x00,0x0c,0x00,0x00,0x00,
0x2a,0x00,0x10,0x00,0x0c,0x00,0x00,0x00,0x01,0x40,0x00,0x00,0x40,0xda,0x7f,0x38,
0x33,0x00,0x00,0x07,0x82,0x00,0x10,0x00,0x0c,0x00,0x00,0x00,0x1a,0x00,0x10,0x00,
0x06,0x00,0x00,0x00,0x3a,0x00,0x10,0x00,0x09,0x00,0x00,0x00,0x34,0x00,0x00,0x07,
0x22,0x00,0x10,0x00,0x06,0x00,0x00,0x00,0x1a,0x00,0x10,0x00,0x06,0x00,0x00,0x00,
0x3a,0x00,0x10,0x00,0x09,0x00,0x00,0x00,0x33,0x00,0x00,0x07,0x82,0x00,0x10,0x00,
0x09,0x00,0x00,0x00,0x2a,0x00,0x10,0x00,0x06,0x00,0x00,0x00,0x2a,0x00,0x10,0x00,
0x0c,0x00,0x00,0x00,0x34,0x00,0x00,0x07,0x42,0x00,0x10,0x00,0x06,0x00,0x00,0x00,
0x2a,0x00,0x10,0x00,0x06,0x00,0x00,0x00,0x2a,0x00,0x10,0x00,0x0c,0x00,0x00,0x00,
0x34,0x00,0x00,0x07,0x42,0x00,0x10,0x00,0x0c,0x00,0x00,0x00,0x3a,0x00,0x10,0x00,
0x06,0x00,0x00,0x00,0x3a,0x00,0x10,0x00,0x0c,0x00,0x00,0x00,0x34,0x00,0x00,0x07,
0x12,0x00,0x10,0x00,0x0d,0x00,0x00,0x00,0x1a,0x00,0x10,0x00,0x06,0x00,0x00,0x00,
0x3a,0x00,0x10,0x00,0x09,0x00,0x00,0x00,0x34,0x00,0x00,0x07,0x22,0x00,0x10,0x00,
0x0d,0x00,0x00,0x00,0x2a,0x00,0x10,0x00,0x06,0x00,0x00,0x00,0x2a,0x00,0x10,0x00,
0x0c,0x00,0x00,0x00,0x34,0x00,0x00,0x07,0x42,0x00,0x10,0x00,0x0d,0x00,0x00,0x00,
0x1a,0x00,0x10,0x00,0x0d,0x00,0x00,0x00,0x0a,0x00,0x10,0x00,0x0d,0x00,0x00,0x00,
0x33,0x00,0x00,0x07,0x82,0x00,0x10,0x00,0x0d,0x00,0x00,0x00,0x2a,0x00,0x10,0x00,
0x02,0x00,0x00,0x00,0x2a,0x00,0x10,0x00,0x09,0x00,0x00,0x00,0x34,0x00,0x00,0x07,
0x42,0x00,0x10,0x00,0x02,0x00,0x00,0x00,0x2a,0x00,0x10,0x00,0x02,0x00,0x00,0x00,
0x2a,0x00,0x10,0x00,0x09,0x00,0x00,0x00,0x33,0x00,0x00,0x07,0x42,0x00,0x10,0x00,
0x09,0x00,0x00,0x00,0x3a,0x00,0x10,0x00,0x02,0x00,0x00,0x00,0x0a,0x00,0x10,0x00,
0x06,0x00,0x00,0x00,0x34,0x00,0x00,0x07,0x82,0x00,0x10,0x00,0x02,0x00,0x00,0x00,
0x3a,0x00,0x10,0x00,0x02,0x00,0x00,0x00,0x0a,0x00,0x10,0x00,0x06,0x00,0x00,0x00,
0x34,0x00,0x00,0x07,0x12,0x00,0x10,0x00,0x06,0x00,0x00,0x00,0x3a,0x00,0x10,0x00,
0x07,0x00,0x00,0x00,0x3a,0x00,0x10,0x00,0x0d,0x00,0x00,0x00,0x34,0x00,0x00,0x07,
0x12,0x00,0x10,0x00,0x0e,0x00,0x00,0x00,0x2a,0x00,0x10,0x00,0x02,0x00,0x00,0x00,
0x2a,0x00,0x10,0x00,0x09,0x00,0x00,0x00,0x34,0x00,0x00,0x07,0x22,0x00,0x10,0x00,
0x0e,0x00,0x00,0x00,0x3a,0x00,0x10,0x00,0x02,0x00,0x00,0x00,0x0a,0x00,0x10,0x00,
0x06,0x00,0x00,0x00,0x33,0x00,0x00,0x07,0xc2,0x00,0x10,0x00,0x06,0x00,0x00,0x00,
0xa6,0x0e,0x10,0x00,0x06,0x00,0x00,0x00,0xa6,0x0e,0x10,0x00,0x0c,0x00,0x00,0x00,
0x33,0x00,0x00,0x07,0x22,0x00,0x10,0x00,0x06,0x00,0x00,0x00,0x1a,0x00,0x10,0x00,
0x06,0x00,0x00,0x00,0x3a,0x00,0x10,0x00,0x09,0x00,0x00,0x00,0x33,0x00,0x00,0x07,
0x12,0x00,0x10,0x00,0x0f,0x00,0x00,0x00,0x1a,0x00,0x10,0x00,0x06,0x00,0x00,0x00,
0x3a,0x00,0x10,0x00,0x06,0x00,0x00,0x00,0x34,0x00,0x00,0x07,0x22,0x00,0x10,0x00,
0x06,0x00,0x00,0x00,0x1a,0x00,0x10,0x00,0x06,0x00,0x00,0x00,0x3a,0x00,0x10,0x00,
0x06,0x00,0x00,0x00,0x33,0x00,0x00,0x07,0x22,0x00,0x10,0x00,0x0f,0x00,0x00,0x00,
0x2a,0x00,0x10,0x00,0x06,0x00,0x00,0x00,0x1a,0x00,0x10,0x00,0x06,0x00,0x00,0x00,
0x34,0x00,0x00,0x07,0x22,0x00,0x10,0x00,0x06,0x00,0x00,0x00,0x2a,0x00,0x10,0x00,
0x06,0x00,0x00,0x00,0x1a,0x00,0x10,0x00,0x06,0x00,0x00,0x00,0x33,0x00,0x00,0x07,
0x42,0x00,0x10,0x00,0x06,0x00,0x00,0x00,0x1a,0x00,0x10,0x00,0x0d,0x00,0x00,0x00,
0x0a,0x00,0x10,0x00,0x0d,0x00,0x00,0x00,0x33,0x00,0x00,0x07,0x42,0x00,0x10,0x00,
0x0f,0x00,0x00,0x00,0x2a,0x00,0x10,0x00,0x06,0x00,0x00,0x00,0x1a,0x00,0x10,0x00,
0x06,0x00,0x00,0x00,0x34,0x00,0x00,0x07,0x82,0x00,0x10,0x00,0x0f,0x00,0x00,0x00,
0x2a,0x00,0x10,0x00,0x06,0x00,0x00,0x00,0x1a,0x00,0x10,0x00,0x06,0x00,0x00,0x00,
0x33,0x00,0x00,0x07,0x22,0x00,0x10,0x00,0x06,0x00,0x00,0x00,0x3a,0x00,0x10,0x00,
0x07,0x00,0x00,0x00,0x3a,0x00,0x10,0x00,0x0d,0x00,0x00,0x00,0x33,0x00,0x00,0x07,
0x42,0x00,0x10,0x00,0x02,0x00,0x00,0x00,0x2a,0x00,0x10,0x00,0x02,0x00,0x00,0x00,
0x2a,0x00,0x10,0x00,0x09,0x00,0x00,0x00,0x33,0x00,0x00,0x07,0x12,0x00,0x10,0x00,
0x10,0x00,0x00,0x00,0x2a,0x00,0x10,0x00,0x02,0x00,0x00,0x00,0x1a,0x00,0x10,0x00,
0x06,0x00,0x00,0x00,0x34,0x00,0x00,0x07,0x42,0x00,0x10,0x00,0x02,0x00,0x00,0x00,
0x2a,0x00,0x10,0x00,0x02,0x00,0x00,0x00,0x1a,0x00,0x10,0x00,0x06,0x00,0x00,0x00,
0x33,0x00,0x00,0x07,0x82,0x00,0x10,0x00,0x02,0x00,0x00,0x00,0x3a,0x00,0x10,0x00,
0x02,0x00,0x00,0x00,0x0a,0x00,0x10,0x00,0x06,0x00,0x00,0x00,0x33,0x00,0x00,0x07,
0x22,0x00,0x10,0x00,0x10,0x00,0x00,0x00,0x3a,0x00,0x10,0x00,0x02,0x00,0x00,0x00,
0x2a,0x00,0x10,0x00,0x02,0x00,0x00,0x00,0x34,0x00,0x00,0x07,0x42,0x00,0x10,0x00,
0x02,0x00,0x00,0x00,0x3a,0x00,0x10,0x00,0x02,0x00,0x00,0x00,0x2a,0x00,0x10,0x00,
0x02,0x00,0x00,0x00,0x33,0x00,0x00,0x07,0x82,0x00,0x10,0x00,0x02,0x00,0x00,0x00,
0x1a,0x00,0x10,0x00,0x0e,0x00,0x00,0x00,0x0a,0x00,0x10,0x00,0x0e,0x00,0x00,0x00,
0x33,0x00,0x00,0x07,0x42,0x00,0x10,0x00,0x10,0x00,0x00,0x00,0x3a,0x00,0x10,0x00,
0x02,0x00,0x00,0x00,0x2a,0x00,0x10,0x00,0x02,0x00,0x00,0x00,0x34,0x00,0x00,0x07,
0x82,0x00,0x10,0x00,0x10,0x00,0x00,0x00,0x3a,0x00,0x10,0x00,0x02,0x00,0x00,0x00,
0x2a,0x00,0x10,0x00,0x02,0x00,0x00,0x00,0x00,0x00,0x00,0x08,0x42,0x00,0x10,0x00,
0x02,0x00,0x00,0x00,0x0a,0x00,0x10,0x00,0x0f,0x00,0x00,0x00,0x0a,0x00,0x10,0x80,
0x41,0x00,0x00,0x00,0x10,0x00,0x00,0x00,0x31,0x00,0x00,0x08,0x82,0x00,0x10,0x00,
0x02,0x00,0x00,0x00,0x01,0x40,0x00,0x00,0x40,0xda,0x7f,0x38,0x2a,0x00,0x10,0x80,
0x81,0x00,0x00,0x00,0x02,0x00,0x00,0x00,0x1f,0x00,0x04,0x03,0x3a,0x00,0x10,0x00,
0x02,0x00,0x00,0x00,0x31,0x00,0x00,0x07,0x82,0x00,0x10,0x00,0x02,0x00,0x00,0x00,
0x01,0x40,0x00,0x00,0x00,0x00,0x00,0x00,0x2a,0x00,0x10,0x00,0x02,0x00,0x00,0x00,
0x31,0x00,0x00,0x07,0x42,0x00,0x10,0x00,0x02,0x00,0x00,0x00,0x2a,0x00,0x10,0x00,
0x02,0x00,0x00,0x00,0x01,0x40,0x00,0x00,0x00,0x00,0x00,0x00,0x1e,0x00,0x00,0x08,
0x42,0x00,0x10,0x00,0x02,0x00,0x00,0x00,0x3a,0x00,0x10,0x80,0x41,0x00,0x00,0x00,
0x02,0x00,0x00,0x00,0x2a,0x00,0x10,0x00,0x02,0x00,0x00,0x00,0x2b,0x00,0x00,0x05,
0x42,0x00,0x10,0x00,0x02,0x00,0x00,0x00,0x2a,0x00,0x10,0x00,0x02,0x00,0x00,0x00,
0x34,0x00,0x00,0x07,0x82,0x00,0x10,0x00,0x02,0x00,0x00,0x00,0x0a,0x00,0x10,0x00,
0x0f,0x00,0x00,0x00,0x0a,0x00,0x10,0x00,0x10,0x00,0x00,0x00,0x33,0x00,0x00,0x07,
0x12,0x00,0x10,0x00,0x06,0x00,0x00,0x00,0x0a,0x00,0x10,0x00,0x0f,0x00,0x00,0x00,
0x0a,0x00,0x10,0x00,0x10,0x00,0x00,0x00,0x0e,0x00,0x00,0x07,0x82,0x00,0x10,0x00,
0x02,0x00,0x00,0x00,0x0a,0x00,0x10,0x00,0x06,0x00,0x00,0x00,0x3a,0x00,0x10,0x00,
0x02,0x00,0x00,0x00,0x00,0x00,0x00,0x08,0x82,0x00,0x10,0x00,0x02,0x00,0x00,0x00,
0x3a,0x00,0x10,0x80,0x41,0x00,0x00,0x00,0x02,0x00,0x00,0x00,0x01,0x40,0x00,0x00,
0x00,0x00,0x80,0x3f,0x38,0x00,0x00,0x07,0x42,0x00,0x10,0x00,0x02,0x00,0x00,0x00,
0x3a,0x00,0x10,0x00,0x02,0x00,0x00,0x00,0x2a,0x00,0x10,0x00,0x02,0x00,0x00,0x00,
0x31,0x00,0x00,0x08,0x82,0x00,0x10,0x00,0x02,0x00,0x00,0x00,0x2a,0x00,0x10,0x80,
0x81,0x00,0x00,0x00,0x02,0x00,0x00,0x00,0x01,0x40,0x00,0x00,0x00,0xdf,0x7f,0x47,
0x37,0x00,0x00,0x09,0x42,0x00,0x10,0x00,0x02,0x00,0x00,0x00,0x3a,0x00,0x10,0x00,
0x02,0x00,0x00,0x00,0x2a,0x00,0x10,0x00,0x02,0x00,0x00,0x00,0x01,0x40,0x00,0x00,
0x00,0xdf,0x7f,0x47,0x31,0x00,0x00,0x07,0x82,0x00,0x10,0x00,0x02,0x00,0x00,0x00,
0x0a,0x00,0x10,0x00,0x0f,0x00,0x00,0x00,0x0a,0x00,0x10,0x00,0x10,0x00,0x00,0x00,
0x01,0x00,0x00,0x07,0x12,0x00,0x10,0x00,0x06,0x00,0x00,0x00,0x3a,0x00,0x10,0x00,
0x02,0x00,0x00,0x00,0x01,0x40,0x00,0x00,0x01,0x00,0x00,0x00,0x0f,0x00,0x00,0x08,
0x82,0x00,0x10,0x00,0x02,0x00,0x00,0x00,0x46,0x00,0x10,0x00,0x0f,0x00,0x00,0x00,
0x46,0x90,0x90,0x00,0x0a,0x00,0x10,0x00,0x06,0x00,0x00,0x00,0x1d,0x00,0x00,0x07,
0x82,0x00,0x10,0x00,0x02,0x00,0x00,0x00,0x3a,0x00,0x10,0x00,0x02,0x00,0x00,0x00,
0x0a,0x00,0x10,0x00,0x10,0x00,0x00,0x00,0x01,0x00,0x00,0x07,0x22,0x00,0x10,0x00,
0x06,0x00,0x00,0x00,0x3a,0x00,0x10,0x00,0x02,0x00,0x00,0x00,0x01,0x40,0x00,0x00,
0x01,0x00,0x00,0x00,0x12,0x00,0x00,0x01,0x36,0x00,0x00,0x08,0x32,0x00,0x10,0x00,
0x06,0x00,0x00,0x00,0x02,0x40,0x00,0x00,0x00,0x00,0x00,0x00,0x00,0x00,0x00,0x00,
0x00,0x00,0x00,0x00,0x00,0x00,0x00,0x00,0x36,0x00,0x00,0x05,0x42,0x00,0x10,0x00,
0x02,0x00,0x00,0x00,0x01,0x40,0x00,0x00,0x00,0xe0,0x7f,0x47,0x15,0x00,0x00,0x01,
0x31,0x00,0x00,0x07,0x82,0x00,0x10,0x00,0x02,0x00,0x00,0x00,0x2a,0x00,0x10,0x00,
0x02,0x00,0x00,0x00,0x01,0x40,0x00,0x00,0x00,0xe0,0x7f,0x47,0x1f,0x00,0x04,0x03,
0x3a,0x00,0x10,0x00,0x02,0x00,0x00,0x00,0x0f,0x00,0x00,0x08,0x42,0x00,0x10,0x00,
0x06,0x00,0x00,0x00,0x46,0x00,0x10,0x00,0x0f,0x00,0x00,0x00,0x46,0x90,0x90,0x00,
0x0a,0x00,0x10,0x00,0x06,0x00,0x00,0x00,0x0f,0x00,0x00,0x08,0x82,0x00,0x10,0x00,
0x06,0x00,0x00,0x00,0x46,0x00,0x10,0x00,0x10,0x00,0x00,0x00,0x46,0x90,0x90,0x00,
0x1a,0x00,0x10,0x00,0x06,0x00,0x00,0x00,0x00,0x00,0x00,0x08,0x82,0x00,0x10,0x00,
0x07,0x00,0x00,0x00,0x3a,0x00,0x10,0x80,0x41,0x00,0x00,0x00,0x06,0x00,0x00,0x00,
0x2a,0x00,0x10,0x00,0x06,0x00,0x00,0x00,0x31,0x00,0x00,0x08,0x42,0x00,0x10,0x00,
0x09,0x00,0x00,0x00,0x01,0x40,0x00,0x00,0x40,0xda,0x7f,0x38,0x3a,0x00,0x10,0x80,
0x81,0x00,0x00,0x00,0x07,0x00,0x00,0x00,0x1f,0x00,0x04,0x03,0x2a,0x00,0x10,0x00,
0x09,0x00,0x00,0x00,0x31,0x00,0x00,0x07,0x42,0x00,0x10,0x00,0x09,0x00,0x00,0x00,
0x01,0x40,0x00,0x00,0x00,0x00,0x00,0x00,0x3a,0x00,0x10,0x00,0x07,0x00,0x00,0x00,
0x31,0x00,0x00,0x07,0x82,0x00,0x10,0x00,0x07,0x00,0x00,0x00,0x3a,0x00,0x10,0x00,
0x07,0x00,0x00,0x00,0x01,0x40,0x00,0x00,0x00,0x00,0x00,0x00,0x1e,0x00,0x00,0x08,
0x82,0x00,0x10,0x00,0x07,0x00,0x00,0x00,0x2a,0x00,0x10,0x80,0x41,0x00,0x00,0x00,
0x09,0x00,0x00,0x00,0x3a,0x00,0x10,0x00,0x07,0x00,0x00,0x00,0x2b,0x00,0x00,0x05,
0x82,0x00,0x10,0x00,0x07,0x00,0x00,0x00,0x3a,0x00,0x10,0x00,0x07,0x00,0x00,0x00,
0x34,0x00,0x00,0x07,0x42,0x00,0x10,0x00,0x09,0x00,0x00,0x00,0x3a,0x00,0x10,0x00,
0x06,0x00,0x00,0x00,0x2a,0x00,0x10,0x00,0x06,0x00,0x00,0x00,0x39,0x00,0x00,0x07,
0x82,0x00,0x10,0x00,0x09,0x00,0x00,0x00,0x2a,0x00,0x10,0x00,0x09,0x00,0x00,0x00,
0x01,0x40,0x00,0x00,0x00,0x00,0x00,0x00,0x33,0x00,0x00,0x07,0x42,0x00,0x10,0x00,
0x0c,0x00,0x00,0x00,0x3a,0x00,0x10,0x00,0x06,0x00,0x00,0x00,0x2a,0x00,0x10,0x00,
0x06,0x00,0x00,0x00,0x0e,0x00,0x00,0x07,0x42,0x00,0x10,0x00,0x09,0x00,0x00,0x00,
0x2a,0x00,0x10,0x00,0x0c,0x00,0x00,0x00,0x2a,0x00,0x10,0x00,0x09,0x00,0x00,0x00,
0x01,0x00,0x00,0x07,0x42,0x00,0x10,0x00,0x09,0x00,0x00,0x00,0x2a,0x00,0x10,0x00,
0x09,0x00,0x00,0x00,0x3a,0x00,0x10,0x00,0x09,0x00,0x00,0x00,0x00,0x00,0x00,0x08,
0x42,0x00,0x10,0x00,0x09,0x00,0x00,0x00,0x2a,0x00,0x10,0x80,0x41,0x00,0x00,0x00,
0x09,0x00,0x00,0x00,0x01,0x40,0x00,0x00,0x00,0x00,0x80,0x3f,0x38,0x00,0x00,0x07,
0x82,0x00,0x10,0x00,0x07,0x00,0x00,0x00,0x3a,0x00,0x10,0x00,0x07,0x00,0x00,0x00,
0x2a,0x00,0x10,0x00,0x09,0x00,0x00,0x00,0x31,0x00,0x00,0x09,0x42,0x00,0x10,0x00,
0x09,0x00,0x00,0x00,0x3a,0x00,0x10,0x80,0x81,0x00,0x00,0x00,0x07,0x00,0x00,0x00,
0x2a,0x00,0x10,0x80,0x81,0x00,0x00,0x00,0x02,0x00,0x00,0x00,0x37,0x00,0x00,0x09,
0x42,0x00,0x10,0x00,0x02,0x00,0x00,0x00,0x2a,0x00,0x10,0x00,0x09,0x00,0x00,0x00,
0x3a,0x00,0x10,0x00,0x07,0x00,0x00,0x00,0x2a,0x00,0x10,0x00,0x02,0x00,0x00,0x00,
0x31,0x00,0x00,0x07,0x42,0x00,0x10,0x00,0x06,0x00,0x00,0x00,0x2a,0x00,0x10,0x00,
0x06,0x00,0x00,0x00,0x3a,0x00,0x10,0x00,0x06,0x00,0x00,0x00,0x01,0x00,0x00,0x07,
0x42,0x00,0x10,0x00,0x06,0x00,0x00,0x00,0x2a,0x00,0x10,0x00,0x06,0x00,0x00,0x00,
0x01,0x40,0x00,0x00,0x01,0x00,0x00,0x00,0x1e,0x00,0x00,0x07,0x12,0x00,0x10,0x00,
0x06,0x00,0x00,0x00,0x2a,0x00,0x10,0x00,0x06,0x00,0x00,0x00,0x0a,0x00,0x10,0x00,
0x06,0x00,0x00,0x00,0x10,0x00,0x00,0x08,0x42,0x00,0x10,0x00,0x06,0x00,0x00,0x00,
0x46,0x02,0x10,0x00,0x0f,0x00,0x00,0x00,0x46,0x92,0x90,0x00,0x0a,0x00,0x10,0x00,
0x06,0x00,0x00,0x00,0x1d,0x00,0x00,0x07,0x42,0x00,0x10,0x00,0x06,0x00,0x00,0x00,
0x2a,0x00,0x10,0x00,0x06,0x00,0x00,0x00,0x3a,0x00,0x10,0x00,0x06,0x00,0x00,0x00,
0x01,0x00,0x00,0x07,0x42,0x00,0x10,0x00,0x06,0x00,0x00,0x00,0x2a,0x00,0x10,0x00,
0x06,0x00,0x00,0x00,0x01,0x40,0x00,0x00,0x01,0x00,0x00,0x00,0x1e,0x00,0x00,0x07,
0x22,0x00,0x10,0x00,0x06,0x00,0x00,0x00,0x2a,0x00,0x10,0x00,0x06,0x00,0x00,0x00,
0x1a,0x00,0x10,0x00,0x06,0x00,0x00,0x00,0x12,0x00,0x00,0x01,0x36,0x00,0x00,0x05,
0x42,0x00,0x10,0x00,0x02,0x00,0x00,0x00,0x01,0x40,0x00,0x00,0x00,0xe0,0x7f,0x47,
0x15,0x00,0x00,0x01,0x15,0x00,0x00,0x01,0x31,0x00,0x00,0x07,0x42,0x00,0x10,0x00,
0x06,0x00,0x00,0x00,0x2a,0x00,0x10,0x00,0x02,0x00,0x00,0x00,0x01,0x40,0x00,0x00,
0x00,0xe0,0x7f,0x47,0x01,0x00,0x00,0x07,0x82,0x00,0x10,0x00,0x02,0x00,0x00,0x00,
0x3a,0x00,0x10,0x00,0x02,0x00,0x00,0x00,0x2a,0x00,0x10,0x00,0x06,0x00,0x00,0x00,
0x1f,0x00,0x04,0x03,0x3a,0x00,0x10,0x00,0x02,0x00,0x00,0x00,0x10,0x00,0x00,0x08,
0x42,0x00,0x10,0x00,0x06,0x00,0x00,0x00,0x46,0x02,0x10,0x00,0x0f,0x00,0x00,0x00,
0x46,0x92,0x90,0x00,0x0a,0x00,0x10,0x00,0x06,0x00,0x00,0x00,0x10,0x00,0x00,0x08,
0x82,0x00,0x10,0x00,0x06,0x00,0x00,0x00,0x46,0x02,0x10,0x00,0x10,0x00,0x00,0x00,
0x46,0x92,0x90,0x00,0x1a,0x00,0x10,0x00,0x06,0x00,0x00,0x00,0x00,0x00,0x00,0x08,
0x82,0x00,0x10,0x00,0x07,0x00,0x00,0x00,0x3a,0x00,0x10,0x80,0x41,0x00,0x00,0x00,
0x06,0x00,0x00,0x00,0x2a,0x00,0x10,0x00,0x06,0x00,0x00,0x00,0x31,0x00,0x00,0x08,
0x42,0x00,0x10,0x00,0x09,0x00,0x00,0x00,0x01,0x40,0x00,0x00,0x40,0xda,0x7f,0x38,
0x3a,0x00,0x10,0x80,0x81,0x00,0x00,0x00,0x07,0x00,0x00,0x00,0x1f,0x00,0x04,0x03,
0x2a,0x00,0x10,0x00,0x09,0x00,0x00,0x00,0x31,0x00,0x00,0x07,0x42,0x00,0x10,0x00,
0x09,0x00,0x00,0x00,0x01,0x40,0x00,0x00,0x00,0x00,0x00,0x00,0x3a,0x00,0x10,0x00,
0x07,0x00,0x00,0x00,0x31,0x00,0x00,0x07,0x82,0x00,0x10,0x00,0x07,0x00,0x00,0x00,
0x3a,0x00,0x10,0x00,0x07,0x00,0x00,0x00,0x01,0x40,0x00,0x00,0x00,0x00,0x00,0x00,
0x1e,0x00,0x00,0x08,0x82,0x00,0x10,0x00,0x07,0x00,0x00,0x00,0x2a,0x00,0x10,0x80,
0x41,0x00,0x00,0x00,0x09,0x00,0x00,0x00,0x3a,0x00,0x10,0x00,0x07,0x00,0x00,0x00,
0x2b,0x00,0x00,0x05,0x82,0x00,0x10,0x00,0x07,0x00,0x00,0x00,0x3a,0x00,0x10,0x00,
0x07,0x00,0x00,0x00,0x34,0x00,0x00,0x07,0x42,0x00,0x10,0x00,0x09,0x00,0x00,0x00,
0x3a,0x00,0x10,0x00,0x06,0x00,0x00,0x00,0x2a,0x00,0x10,0x00,0x06,0x00,0x00,0x00,
0x39,0x00,0x00,0x07,0x82,0x00,0x10,0x00,0x09,0x00,0x00,0x00,0x2a,0x00,0x10,0x00,
0x09,0x00,0x00,0x00,0x01,0x40,0x00,0x00,0x00,0x00,0x00,0x00,0x33,0x00,0x00,0x07,
0x42,0x00,0x10,0x00,0x0c,0x00,0x00,0x00,0x3a,0x00,0x10,0x00,0x06,0x00,0x00,0x00,
0x2a,0x00,0x10,0x00,0x06,0x00,0x00,0x00,0x0e,0x00,0x00,0x07,0x42,0x00,0x10,0x00,
0x09,0x00,0x00,0x00,0x2a,0x00,0x10,0x00,0x0c,0x00,0x00,0x00,0x2a,0x00,0x10,0x00,
0x09,0x00,0x00,0x00,0x01,0x00,0x00,0x07,0x42,0x00,0x10,0x00,0x09,0x00,0x00,0x00,
0x2a,0x00,0x10,0x00,0x09,0x00,0x00,0x00,0x3a,0x00,0x10,0x00,0x09,0x00,0x00,0x00,
0x00,0x00,0x00,0x08,0x42,0x00,0x10,0x00,0x09,0x00,0x00,0x00,0x2a,0x00,0x10,0x80,
0x41,0x00,0x00,0x00,0x09,0x00,0x00,0x00,0x01,0x40,0x00,0x00,0x00,0x00,0x80,0x3f,
0x38,0x00,0x00,0x07,0x82,0x00,0x10,0x00,0x07,0x00,0x00,0x00,0x3a,0x00,0x10,0x00,
0x07,0x00,0x00,0x00,0x2a,0x00,0x10,0x00,0x09,0x00,0x00,0x00,0x31,0x00,0x00,0x09,
0x42,0x00,0x10,0x00,0x09,0x00,0x00,0x00,0x3a,0x00,0x10,0x80,0x81,0x00,0x00,0x00,
0x07,0x00,0x00,0x00,0x2a,0x00,0x10,0x80,0x81,0x00,0x00,0x00,0x02,0x00,0x00,0x00,
0x37,0x00,0x00,0x09,0x42,0x00,0x10,0x00,0x02,0x00,0x00,0x00,0x2a,0x00,0x10,0x00,
0x09,0x00,0x00,0x00,0x3a,0x00,0x10,0x00,0x07,0x00,0x00,0x00,0x2a,0x00,0x10,0x00,
0x02,0x00,0x00,0x00,0x31,0x00,0x00,0x07,0x42,0x00,0x10,0x00,0x06,0x00,0x00,0x00,
0x2a,0x00,0x10,0x00,0x06,0x00,0x00,0x00,0x3a,0x00,0x10,0x00,0x06,0x00,0x00,0x00,
0x01,0x00,0x00,0x07,0x42,0x00,0x10,0x00,0x06,0x00,0x00,0x00,0x2a,0x00,0x10,0x00,
0x06,0x00,0x00,0x00,0x01,0x40,0x00,0x00,0x01,0x00,0x00,0x00,0x1e,0x00,0x00,0x07,
0x12,0x00,0x10,0x00,0x06,0x00,0x00,0x00,0x2a,0x00,0x10,0x00,0x06,0x00,0x00,0x00,
0x0a,0x00,0x10,0x00,0x06,0x00,0x00,0x00,0x11,0x00,0x00,0x08,0x42,0x00,0x10,0x00,
0x06,0x00,0x00,0x00,0x46,0x0e,0x10,0x00,0x0f,0x00,0x00,0x00,0x46,0x9e,0x90,0x00,
0x0a,0x00,0x10,0x00,0x06,0x00,0x00,0x00,0x1d,0x00,0x00,0x07,0x42,0x00,0x10,0x00,
0x06,0x00,0x00,0x00,0x2a,0x00,0x10,0x00,0x06,0x00,0x00,0x00,0x3a,0x00,0x10,0x00,
0x06,0x00,0x00,0x00,0x01,0x00,0x00,0x07,0x42,0x00,0x10,0x00,0x06,0x00,0x00,0x00,
0x2a,0x00,0x10,0x00,0x06,0x00,0x00,0x00,0x01,0x40,0x00,0x00,0x01,0x00,0x00,0x00,
0x1e,0x00,0x00,0x07,0x22,0x00,0x10,0x00,0x06,0x00,0x00,0x00,0x2a,0x00,0x10,0x00,
0x06,0x00,0x00,0x00,0x1a,0x00,0x10,0x00,0x06,0x00,0x00,0x00,0x12,0x00,0x00,0x01,
0x36,0x00,0x00,0x05,0x42,0x00,0x10,0x00,0x02,0x00,0x00,0x00,0x01,0x40,0x00,0x00,
0x00,0xe0,0x7f,0x47,0x15,0x00,0x00,0x01,0x15,0x00,0x00,0x01,0x31,0x00,0x00,0x07,
0x42,0x00,0x10,0x00,0x06,0x00,0x00,0x00,0x2a,0x00,0x10,0x00,0x02,0x00,0x00,0x00,
0x01,0x40,0x00,0x00,0x00,0xe0,0x7f,0x47,0x01,0x00,0x00,0x07,0x82,0x00,0x10,0x00,
0x02,0x00,0x00,0x00,0x3a,0x00,0x10,0x00,0x02,0x00,0x00,0x00,0x2a,0x00,0x10,0x00,
0x06,0x00,0x00,0x00,0x1f,0x00,0x04,0x03,0x3a,0x00,0x10,0x00,0x02,0x00,0x00,0x00,
0x11,0x00,0x00,0x08,0x42,0x00,0x10,0x00,0x06,0x00,0x00,0x00,0x46,0x0e,0x10,0x00,
0x0f,0x00,0x00,0x00,0x46,0x9e,0x90,0x00,0x0a,0x00,0x10,0x00,0x06,0x00,0x00,0x00,
0x11,0x00,0x00,0x08,0x82,0x00,0x10,0x00,0x06,0x00,0x00,0x00,0x46,0x0e,0x10,0x00,
0x10,0x00,0x00,0x00,0x46,0x9e,0x90,0x00,0x1a,0x00,0x10,0x00,0x06,0x00,0x00,0x00,
0x00,0x00,0x00,0x08,0x82,0x00,0x10,0x00,0x07,0x00,0x00,0x00,0x3a,0x00,0x10,0x80,
0x41,0x00,0x00,0x00,0x06,0x00,0x00,0x00,0x2a,0x00,0x10,0x00,0x06,0x00,0x00,0x00,
0x31,0x00,0x00,0x08,0x42,0x00,0x10,0x00,0x09,0x00,0x00,0x00,0x01,0x40,0x00,0x00,
0x40,0xda,0x7f,0x38,0x3a,0x00,0x10,0x80,0x81,0x00,0x00,0x00,0x07,0x00,0x00,0x00,
0x1f,0x00,0x04,0x03,0x2a,0x00,0x10,0x00,0x09,0x00,0x00,0x00,0x31,0x00,0x00,0x07,
0x42,0x00,0x10,0x00,0x09,0x00,0x00,0x00,0x01,0x40,0x00,0x00,0x00,0x00,0x00,0x00,
0x3a,0x00,0x10,0x00,0x07,0x00,0x00,0x00,0x31,0x00,0x00,0x07,0x82,0x00,0x10,0x00,
0x07,0x00,0x00,0x00,0x3a,0x00,0x10,0x00,0x07,0x00,0x00,0x00,0x01,0x40,0x00,0x00,
0x00,0x00,0x00,0x00,0x1e,0x00,0x00,0x08,0x82,0x00,0x10,0x00,0x07,0x00,0x00,0x00,
0x2a,0x00,0x10,0x80,0x41,0x00,0x00,0x00,0x09,0x00,0x00,0x00,0x3a,0x00,0x10,0x00,
0x07,0x00,0x00,0x00,0x2b,0x00,0x00,0x05,0x82,0x00,0x10,0x00,0x07,0x00,0x00,0x00,
0x3a,0x00,0x10,0x00,0x07,0x00,0x00,0x00,0x34,0x00,0x00,0x07,0x42,0x00,0x10,0x00,
0x09,0x00,0x00,0x00,0x3a,0x00,0x10,0x00,0x06,0x00,0x00,0x00,0x2a,0x00,0x10,0x00,
0x06,0x00,0x00,0x00,0x39,0x00,0x00,0x07,0x82,0x00,0x10,0x00,0x09,0x00,0x00,0x00,
0x2a,0x00,0x10,0x00,0x09,0x00,0x00,0x00,0x01,0x40,0x00,0x00,0x00,0x00,0x00,0x00,
0x33,0x00,0x00,0x07,0x42,0x00,0x10,0x00,0x0c,0x00,0x00,0x00,0x3a,0x00,0x10,0x00,
0x06,0x00,0x00,0x00,0x2a,0x00,0x10,0x00,0x06,0x00,0x00,0x00,0x0e,0x00,0x00,0x07,
0x42,0x00,0x10,0x00,0x09,0x00,0x00,0x00,0x2a,0x00,0x10,0x00,0x0c,0x00,0x00,0x00,
0x2a,0x00,0x10,0x00,0x09,0x00,0x00,0x00,0x01,0x00,0x00,0x07,0x42,0x00,0x10,0x00,
0x09,0x00,0x00,0x00,0x2a,0x00,0x10,0x00,0x09,0x00,0x00,0x00,0x3a,0x00,0x10,0x00,
0x09,0x00,0x00,0x00,0x00,0x00,0x00,0x08,0x42,0x00,0x10,0x00,0x09,0x00,0x00,0x00,
0x2a,0x00,0x10,0x80,0x41,0x00,0x00,0x00,0x09,0x00,0x00,0x00,0x01,0x40,0x00,0x00,
0x00,0x00,0x80,0x3f,0x38,0x00,0x00,0x07,0x82,0x00,0x10,0x00,0x07,0x00,0x00,0x00,
0x3a,0x00,0x10,0x00,0x07,0x00,0x00,0x00,0x2a,0x00,0x10,0x00,0x09,0x00,0x00,0x00,
0x31,0x00,0x00,0x09,0x42,0x00,0x10,0x00,0x09,0x00,0x00,0x00,0x3a,0x00,0x10,0x80,
0x81,0x00,0x00,0x00,0x07,0x00,0x00,0x00,0x2a,0x00,0x10,0x80,0x81,0x00,0x00,0x00,
0x02,0x00,0x00,0x00,0x37,0x00,0x00,0x09,0x42,0x00,0x10,0x00,0x02,0x00,0x00,0x00,
0x2a,0x00,0x10,0x00,0x09,0x00,0x00,0x00,0x3a,0x00,0x10,0x00,0x07,0x00,0x00,0x00,
0x2a,0x00,0x10,0x00,0x02,0x00,0x00,0x00,0x31,0x00,0x00,0x07,0x42,0x00,0x10,0x00,
0x06,0x00,0x00,0x00,0x2a,0x00,0x10,0x00,0x06,0x00,0x00,0x00,0x3a,0x00,0x10,0x00,
0x06,0x00,0x00,0x00,0x01,0x00,0x00,0x07,0x42,0x00,0x10,0x00,0x06,0x00,0x00,0x00,
0x2a,0x00,0x10,0x00,0x06,0x00,0x00,0x00,0x01,0x40,0x00,0x00,0x01,0x00,0x00,0x00,
0x1e,0x00,0x00,0x07,0x12,0x00,0x10,0x00,0x06,0x00,0x00,0x00,0x2a,0x00,0x10,0x00,
0x06,0x00,0x00,0x00,0x0a,0x00,0x10,0x00,0x06,0x00,0x00,0x00,0x20,0x00,0x00,0x0a,
0xf2,0x00,0x10,0x00,0x11,0x00,0x00,0x00,0x06,0x00,0x10,0x00,0x06,0x00,0x00,0x00,
0x02,0x40,0x00,0x00,0x00,0x00,0x00,0x00,0x01,0x00,0x00,0x00,0x02,0x00,0x00,0x00,
0x03,0x00,0x00,0x00,0x20,0x00,0x00,0x07,0x42,0x00,0x10,0x00,0x06,0x00,0x00,0x00,
0x0a,0x00,0x10,0x00,0x06,0x00,0x00,0x00,0x01,0x40,0x00,0x00,0x04,0x00,0x00,0x00,
0x01,0x00,0x00,0x0a,0xf2,0x00,0x10,0x00,0x11,0x00,0x00,0x00,0x46,0x0e,0x10,0x00,
0x11,0x00,0x00,0x00,0x02,0x40,0x00,0x00,0x00,0x00,0x80,0x3f,0x00,0x00,0x80,0x3f,
0x00,0x00,0x80,0x3f,0x00,0x00,0x80,0x3f,0x01,0x00,0x00,0x07,0x42,0x00,0x10,0x00,
0x06,0x00,0x00,0x00,0x2a,0x00,0x10,0x00,0x06,0x00,0x00,0x00,0x01,0x40,0x00,0x00,
0x00,0x00,0x80,0x3f,0x11,0x00,0x00,0x07,0x82,0x00,0x10,0x00,0x07,0x00,0x00,0x00,
0x46,0x0e,0x10,0x00,0x11,0x00,0x00,0x00,0x46,0x0e,0x10,0x00,0x0f,0x00,0x00,0x00,
0x32,0x00,0x00,0x09,0x42,0x00,0x10,0x00,0x06,0x00,0x00,0x00,0x2a,0x00,0x10,0x00,
0x06,0x00,0x00,0x00,0x2a,0x00,0x10,0x00,0x0d,0x00,0x00,0x00,0x3a,0x00,0x10,0x00,
0x07,0x00,0x00,0x00,0x1d,0x00,0x00,0x07,0x42,0x00,0x10,0x00,0x06,0x00,0x00,0x00,
0x2a,0x00,0x10,0x00,0x06,0x00,0x00,0x00,0x3a,0x00,0x10,0x00,0x06,0x00,0x00,0x00,
0x01,0x00,0x00,0x07,0x42,0x00,0x10,0x00,0x06,0x00,0x00,0x00,0x2a,0x00,0x10,0x00,
0x06,0x00,0x00,0x00,0x01,0x40,0x00,0x00,0x01,0x00,0x00,0x00,0x1e,0x00,0x00,0x07,
0x22,0x00,0x10,0x00,0x06,0x00,0x00,0x00,0x2a,0x00,0x10,0x00,0x06,0x00,0x00,0x00,
0x1a,0x00,0x10,0x00,0x06,0x00,0x00,0x00,0x12,0x00,0x00,0x01,0x36,0x00,0x00,0x05,
0x42,0x00,0x10,0x00,0x02,0x00,0x00,0x00,0x01,0x40,0x00,0x00,0x00,0xe0,0x7f,0x47,
0x15,0x00,0x00,0x01,0x15,0x00,0x00,0x01,0x31,0x00,0x00,0x07,0x42,0x00,0x10,0x00,
0x06,0x00,0x00,0x00,0x2a,0x00,0x10,0x00,0x02,0x00,0x00,0x00,0x01,0x40,0x00,0x00,
0x00,0xe0,0x7f,0x47,0x01,0x00,0x00,0x07,0x82,0x00,0x10,0x00,0x02,0x00,0x00,0x00,
0x3a,0x00,0x10,0x00,0x02,0x00,0x00,0x00,0x2a,0x00,0x10,0x00,0x06,0x00,0x00,0x00,
0x1f,0x00,0x04,0x03,0x3a,0x00,0x10,0x00,0x02,0x00,0x00,0x00,0x34,0x00,0x00,0x07,
0x82,0x00,0x10,0x00,0x02,0x00,0x00,0x00,0x1a,0x00,0x10,0x00,0x0e,0x00,0x00,0x00,
0x0a,0x00,0x10,0x00,0x0e,0x00,0x00,0x00,0x20,0x00,0x00,0x0a,0xf2,0x00,0x10,0x00,
0x0e,0x00,0x00,0x00,0x06,0x00,0x10,0x00,0x06,0x00,0x00,0x00,0x02,0x40,0x00,0x00,
0x00,0x00,0x00,0x00,0x01,0x00,0x00,0x00,0x02,0x00,0x00,0x00,0x03,0x00,0x00,0x00,
0x20,0x00,0x00,0x07,0x12,0x00,0x10,0x00,0x06,0x00,0x00,0x00,0x0a,0x00,0x10,0x00,
0x06,0x00,0x00,0x00,0x01,0x40,0x00,0x00,0x04,0x00,0x00,0x00,0x01,0x00,0x00,0x0a,
0xf2,0x00,0x10,0x00,0x0e,0x00,0x00,0x00,0x46,0x0e,0x10,0x00,0x0e,0x00,0x00,0x00,
0x02,0x40,0x00,0x00,0x00,0x00,0x80,0x3f,0x00,0x00,0x80,0x3f,0x00,0x00,0x80,0x3f,
0x00,0x00,0x80,0x3f,0x01,0x00,0x00,0x07,0x12,0x00,0x10,0x00,0x06,0x00,0x00,0x00,
0x0a,0x00,0x10,0x00,0x06,0x00,0x00,0x00,0x01,0x40,0x00,0x00,0x00,0x00,0x80,0x3f,
0x11,0x00,0x00,0x07,0x42,0x00,0x10,0x00,0x06,0x00,0x00,0x00,0x46,0x0e,0x10,0x00,
0x0e,0x00,0x00,0x00,0x46,0x0e,0x10,0x00,0x0f,0x00,0x00,0x00,0x32,0x00,0x00,0x09,
0x12,0x00,0x10,0x00,0x06,0x00,0x00,0x00,0x0a,0x00,0x10,0x00,0x06,0x00,0x00,0x00,
0x2a,0x00,0x10,0x00,0x0d,0x00,0x00,0x00,0x2a,0x00,0x10,0x00,0x06,0x00,0x00,0x00,
0x20,0x00,0x00,0x0a,0xf2,0x00,0x10,0x00,0x0d,0x00,0x00,0x00,0x56,0x05,0x10,0x00,
0x06,0x00,0x00,0x00,0x02,0x40,0x00,0x00,0x00,0x00,0x00,0x00,0x01,0x00,0x00,0x00,
0x02,0x00,0x00,0x00,0x03,0x00,0x00,0x00,0x20,0x00,0x00,0x07,0x22,0x00,0x10,0x00,
0x06,0x00,0x00,0x00,0x1a,0x00,0x10,0x00,0x06,0x00,0x00,0x00,0x01,0x40,0x00,0x00,
0x04,0x00,0x00,0x00,0x01,0x00,0x00,0x0a,0xf2,0x00,0x10,0x00,0x0d,0x00,0x00,0x00,
0x46,0x0e,0x10,0x00,0x0d,0x00,0x00,0x00,0x02,0x40,0x00,0x00,0x00,0x00,0x80,0x3f,
0x00,0x00,0x80,0x3f,0x00,0x00,0x80,0x3f,0x00,0x00,0x80,0x3f,0x01,0x00,0x00,0x07,
0x22,0x00,0x10,0x00,0x06,0x00,0x00,0x00,0x1a,0x00,0x10,0x00,0x06,0x00,0x00,0x00,
0x01,0x40,0x00,0x00,0x00,0x00,0x80,0x3f,0x11,0x00,0x00,0x07,0x42,0x00,0x10,0x00,
0x06,0x00,0x00,0x00,0x46,0x0e,0x10,0x00,0x0d,0x00,0x00,0x00,0x46,0x0e,0x10,0x00,
0x10,0x00,0x00,0x00,0x32,0x00,0x00,0x09,0x82,0x00,0x10,0x00,0x02,0x00,0x00,0x00,
0x1a,0x00,0x10,0x00,0x06,0x00,0x00,0x00,0x3a,0x00,0x10,0x00,0x02,0x00,0x00,0x00,
0x2a,0x00,0x10,0x00,0x06,0x00,0x00,0x00,0x00,0x00,0x00,0x08,0x22,0x00,0x10,0x00,
0x06,0x00,0x00,0x00,0x3a,0x00,0x10,0x80,0x41,0x00,0x00,0x00,0x02,0x00,0x00,0x00,
0x0a,0x00,0x10,0x00,0x06,0x00,0x00,0x00,0x31,0x00,0x00,0x08,0x42,0x00,0x10,0x00,
0x06,0x00,0x00,0x00,0x01,0x40,0x00,0x00,0x40,0xda,0x7f,0x38,0x1a,0x00,0x10,0x80,
0x81,0x00,0x00,0x00,0x06,0x00,0x00,0x00,0x1f,0x00,0x04,0x03,0x2a,0x00,0x10,0x00,
0x06,0x00,0x00,0x00,0x31,0x00,0x00,0x07,0x42,0x00,0x10,0x00,0x06,0x00,0x00,0x00,
0x01,0x40,0x00,0x00,0x00,0x00,0x00,0x00,0x1a,0x00,0x10,0x00,0x06,0x00,0x00,0x00,
0x31,0x00,0x00,0x07,0x22,0x00,0x10,0x00,0x06,0x00,0x00,0x00,0x1a,0x00,0x10,0x00,
0x06,0x00,0x00,0x00,0x01,0x40,0x00,0x00,0x00,0x00,0x00,0x00,0x1e,0x00,0x00,0x08,
0x22,0x00,0x10,0x00,0x06,0x00,0x00,0x00,0x2a,0x00,0x10,0x80,0x41,0x00,0x00,0x00,
0x06,0x00,0x00,0x00,0x1a,0x00,0x10,0x00,0x06,0x00,0x00,0x00,0x2b,0x00,0x00,0x05,
0x22,0x00,0x10,0x00,0x06,0x00,0x00,0x00,0x1a,0x00,0x10,0x00,0x06,0x00,0x00,0x00,
0x34,0x00,0x00,0x07,0x42,0x00,0x10,0x00,0x06,0x00,0x00,0x00,0x3a,0x00,0x10,0x00,
0x02,0x00,0x00,0x00,0x0a,0x00,0x10,0x00,0x06,0x00,0x00,0x00,0x39,0x00,0x00,0x07,
0x82,0x00,0x10,0x00,0x06,0x00,0x00,0x00,0x2a,0x00,0x10,0x00,0x06,0x00,0x00,0x00,
0x01,0x40,0x00,0x00,0x00,0x00,0x00,0x00,0x33,0x00,0x00,0x07,0x82,0x00,0x10,0x00,
0x02,0x00,0x00,0x00,0x3a,0x00,0x10,0x00,0x02,0x00,0x00,0x00,0x0a,0x00,0x10,0x00,
0x06,0x00,0x00,0x00,0x0e,0x00,0x00,0x07,0x82,0x00,0x10,0x00,0x02,0x00,0x00,0x00,
0x3a,0x00,0x10,0x00,0x02,0x00,0x00,0x00,0x2a,0x00,0x10,0x00,0x06,0x00,0x00,0x00,
0x01,0x00,0x00,0x07,0x82,0x00,0x10,0x00,0x02,0x00,0x00,0x00,0x3a,0x00,0x10,0x00,
0x02,0x00,0x00,0x00,0x3a,0x00,0x10,0x00,0x06,0x00,0x00,0x00,0x00,0x00,0x00,0x08,
0x82,0x00,0x10,0x00,0x02,0x00,0x00,0x00,0x3a,0x00,0x10,0x80,0x41,0x00,0x00,0x00,
0x02,0x00,0x00,0x00,0x01,0x40,0x00,0x00,0x00,0x00,0x80,0x3f,0x38,0x00,0x00,0x07,
0x82,0x00,0x10,0x00,0x02,0x00,0x00,0x00,0x3a,0x00,0x10,0x00,0x02,0x00,0x00,0x00,
0x1a,0x00,0x10,0x00,0x06,0x00,0x00,0x00,0x31,0x00,0x00,0x09,0x12,0x00,0x10,0x00,
0x06,0x00,0x00,0x00,0x3a,0x00,0x10,0x80,0x81,0x00,0x00,0x00,0x02,0x00,0x00,0x00,
0x2a,0x00,0x10,0x80,0x81,0x00,0x00,0x00,0x02,0x00,0x00,0x00,0x37,0x00,0x00,0x09,
0x42,0x00,0x10,0x00,0x02,0x00,0x00,0x00,0x0a,0x00,0x10,0x00,0x06,0x00,0x00,0x00,
0x3a,0x00,0x10,0x00,0x02,0x00,0x00,0x00,0x2a,0x00,0x10,0x00,0x02,0x00,0x00,0x00,
0x12,0x00,0x00,0x01,0x36,0x00,0x00,0x05,0x42,0x00,0x10,0x00,0x02,0x00,0x00,0x00,
0x01,0x40,0x00,0x00,0x00,0xe0,0x7f,0x47,0x15,0x00,0x00,0x01,0x15,0x00,0x00,0x01,
0x31,0x00,0x00,0x07,0x82,0x00,0x10,0x00,0x02,0x00,0x00,0x00,0x2a,0x00,0x10,0x00,
0x02,0x00,0x00,0x00,0x01,0x40,0x00,0x00,0x00,0xdf,0x7f,0x47,0x01,0x00,0x00,0x07,
0x82,0x00,0x10,0x00,0x02,0x00,0x00,0x00,0x3a,0x00,0x10,0x00,0x02,0x00,0x00,0x00,
0x01,0x40,0x00,0x00,0x00,0x00,0x80,0x3f,0x38,0x00,0x00,0x07,0x12,0x00,0x10,0x00,
0x06,0x00,0x00,0x00,0x3a,0x00,0x10,0x00,0x02,0x00,0x00,0x00,0x2a,0x00,0x10,0x00,
0x02,0x00,0x00,0x00,0x12,0x00,0x00,0x01,0x36,0x00,0x00,0x05,0x12,0x00,0x10,0x00,
0x06,0x00,0x00,0x00,0x01,0x40,0x00,0x00,0x00,0x00,0x00,0x00,0x15,0x00,0x00,0x01,
0x39,0x00,0x00,0x07,0x42,0x00,0x10,0x00,0x02,0x00,0x00,0x00,0x0a,0x00,0x10,0x00,
0x06,0x00,0x00,0x00,0x01,0x40,0x00,0x00,0x00,0x00,0x00,0x00,0x31,0x00,0x00,0x07,
0x82,0x00,0x10,0x00,0x02,0x00,0x00,0x00,0x01,0x40,0x00,0x00,0x00,0x00,0x00,0x00,
0x0a,0x00,0x10,0x00,0x06,0x00,0x00,0x00,0x31,0x00,0x00,0x07,0x42,0x00,0x10,0x00,
0x06,0x00,0x00,0x00,0x0a,0x00,0x10,0x00,0x06,0x00,0x00,0x00,0x01,0x40,0x00,0x00,
0x00,0x00,0x00,0x00,0x1e,0x00,0x00,0x08,0x82,0x00,0x10,0x00,0x02,0x00,0x00,0x00,
0x3a,0x00,0x10,0x80,0x41,0x00,0x00,0x00,0x02,0x00,0x00,0x00,0x2a,0x00,0x10,0x00,
0x06,0x00,0x00,0x00,0x2b,0x00,0x00,0x05,0x82,0x00,0x10,0x00,0x02,0x00,0x00,0x00,
0x3a,0x00,0x10,0x00,0x02,0x00,0x00,0x00,0x01,0x00,0x00,0x07,0x22,0x00,0x10,0x00,
0x06,0x00,0x00,0x00,0x3a,0x00,0x10,0x00,0x02,0x00,0x00,0x00,0x2a,0x00,0x10,0x00,
0x02,0x00,0x00,0x00,0x25,0x00,0x00,0x07,0xc2,0x00,0x10,0x00,0x02,0x00,0x00,0x00,
0x06,0x04,0x10,0x00,0x07,0x00,0x00,0x00,0x06,0x04,0x10,0x00,0x08,0x00,0x00,0x00,
0x24,0x00,0x00,0x0a,0x32,0x00,0x10,0x00,0x0d,0x00,0x00,0x00,0xe6,0x0a,0x10,0x00,
0x02,0x00,0x00,0x00,0x02,0x40,0x00,0x00,0x00,0x00,0x00,0x00,0x00,0x00,0x00,0x00,
0x00,0x00,0x00,0x00,0x00,0x00,0x00,0x00,0x36,0x00,0x00,0x08,0xc2,0x00,0x10,0x00,
0x0d,0x00,0x00,0x00,0x02,0x40,0x00,0x00,0x00,0x00,0x00,0x00,0x00,0x00,0x00,0x00,
0x00,0x00,0x00,0x00,0x00,0x00,0x00,0x00,0x2d,0x00,0x00,0x89,0xc2,0x00,0x00,0x80,
0x43,0x55,0x15,0x00,0xc2,0x00,0x10,0x00,0x02,0x00,0x00,0x00,0x46,0x0e,0x10,0x00,
0x0d,0x00,0x00,0x00,0xe6,0x74,0x10,0x00,0x02,0x00,0x00,0x00,0x2b,0x00,0x00,0x05,
0xf2,0x00,0x10,0x00,0x0d,0x00,0x00,0x00,0x46,0x04,0x10,0x00,0x0d,0x00,0x00,0x00,
0x00,0x00,0x00,0x0a,0xf2,0x00,0x10,0x00,0x0d,0x00,0x00,0x00,0x46,0x0e,0x10,0x00,
0x0d,0x00,0x00,0x00,0x02,0x40,0x00,0x00,0x00,0x00,0x00,0x3f,0x00,0x00,0x00,0x3f,
0x00,0x00,0x00,0x3f,0x00,0x00,0x00,0x3f,0x0e,0x00,0x00,0x07,0xf2,0x00,0x10,0x00,
0x0d,0x00,0x00,0x00,0x46,0x0e,0x10,0x00,0x0d,0x00,0x00,0x00,0x46,0x04,0x10,0x00,
0x0a,0x00,0x00,0x00,0x00,0x00,0x00,0x07,0xf2,0x00,0x10,0x00,0x0e,0x00,0x00,0x00,
0xe6,0x0e,0x10,0x00,0x0b,0x00,0x00,0x00,0xe6,0x0e,0x10,0x00,0x0d,0x00,0x00,0x00,
0x00,0x00,0x00,0x07,0xf2,0x00,0x10,0x00,0x0e,0x00,0x00,0x00,0xe6,0x0e,0x10,0x00,
0x02,0x00,0x00,0x00,0x46,0x0e,0x10,0x00,0x0e,0x00,0x00,0x00,0x1d,0x00,0x00,0x0a,
0xc2,0x00,0x10,0x00,0x02,0x00,0x00,0x00,0xa6,0x0e,0x10,0x00,0x0e,0x00,0x00,0x00,
0x02,0x40,0x00,0x00,0x00,0x00,0x00,0x00,0x00,0x00,0x00,0x00,0x00,0x00,0x00,0x00,
0x00,0x00,0x00,0x00,0x1d,0x00,0x00,0x0a,0xc2,0x00,0x10,0x00,0x06,0x00,0x00,0x00,
0x02,0x40,0x00,0x00,0x00,0x00,0x00,0x00,0x00,0x00,0x00,0x00,0x00,0x00,0x80,0x3f,
0x00,0x00,0x80,0x3f,0xa6,0x0e,0x10,0x00,0x0e,0x00,0x00,0x00,0x01,0x00,0x00,0x07,
0xc2,0x00,0x10,0x00,0x02,0x00,0x00,0x00,0xa6,0x0e,0x10,0x00,0x02,0x00,0x00,0x00,
0xa6,0x0e,0x10,0x00,0x06,0x00,0x00,0x00,0x01,0x00,0x00,0x07,0x42,0x00,0x10,0x00,
0x02,0x00,0x00,0x00,0x3a,0x00,0x10,0x00,0x02,0x00,0x00,0x00,0x2a,0x00,0x10,0x00,
0x02,0x00,0x00,0x00,0x1f,0x00,0x04,0x03,0x2a,0x00,0x10,0x00,0x02,0x00,0x00,0x00,
0x38,0x00,0x00,0x07,0xf2,0x00,0x10,0x00,0x0e,0x00,0x00,0x00,0xe6,0x0e,0x10,0x00,
0x0a,0x00,0x00,0x00,0x46,0x0e,0x10,0x00,0x0e,0x00,0x00,0x00,0x41,0x00,0x00,0x05,
0xf2,0x00,0x10,0x00,0x0e,0x00,0x00,0x00,0x46,0x0e,0x10,0x00,0x0e,0x00,0x00,0x00,
0x1b,0x00,0x00,0x05,0xf2,0x00,0x10,0x00,0x0e,0x00,0x00,0x00,0x46,0x0e,0x10,0x00,
0x0e,0x00,0x00,0x00,0x1e,0x00,0x00,0x0b,0xf2,0x00,0x10,0x00,0x0f,0x00,0x00,0x00,
0xe6,0x8e,0x20,0x00,0x00,0x00,0x00,0x00,0x00,0x00,0x00,0x00,0x02,0x40,0x00,0x00,
0xff,0xff,0xff,0xff,0xff,0xff,0xff,0xff,0xff,0xff,0xff,0xff,0xff,0xff,0xff,0xff,
0x25,0x00,0x00,0x07,0xc2,0x00,0x10,0x00,0x02,0x00,0x00,0x00,0xa6,0x0e,0x10,0x00,
0x0e,0x00,0x00,0x00,0xa6,0x0e,0x10,0x00,0x0f,0x00,0x00,0x00,0x24,0x00,0x00,0x0a,
0x32,0x00,0x10,0x00,0x10,0x00,0x00,0x00,0xe6,0x0a,0x10,0x00,0x02,0x00,0x00,0x00,
0x02,0x40,0x00,0x00,0x00,0x00,0x00,0x00,0x00,0x00,0x00,0x00,0x00,0x00,0x00,0x00,
0x00,0x00,0x00,0x00,0x36,0x00,0x00,0x08,0xc2,0x00,0x10,0x00,0x10,0x00,0x00,0x00,
0x02,0x40,0x00,0x00,0x00,0x00,0x00,0x00,0x00,0x00,0x00,0x00,0x00,0x00,0x00,0x00,
0x00,0x00,0x00,0x00,0x2d,0x00,0x00,0x89,0xc2,0x00,0x00,0x80,0x43,0x55,0x15,0x00,
0x42,0x00,0x10,0x00,0x02,0x00,0x00,0x00,0x46,0x0e,0x10,0x00,0x10,0x00,0x00,0x00,
0x96,0x7c,0x10,0x00,0x01,0x00,0x00,0x00,0x38,0x00,0x00,0x08,0x42,0x00,0x10,0x00,
0x02,0x00,0x00,0x00,0x2a,0x00,0x10,0x00,0x02,0x00,0x00,0x00,0x1a,0x80,0x20,0x00,
0x00,0x00,0x00,0x00,0x07,0x00,0x00,0x00,0x38,0x00,0x00,0x07,0x42,0x00,0x10,0x00,
0x02,0x00,0x00,0x00,0x2a,0x00,0x10,0x00,0x07,0x00,0x00,0x00,0x2a,0x00,0x10,0x00,
0x02,0x00,0x00,0x00,0x34,0x00,0x00,0x07,0x42,0x00,0x10,0x00,0x02,0x00,0x00,0x00,
0x2a,0x00,0x10,0x00,0x02,0x00,0x00,0x00,0x01,0x40,0x00,0x00,0x40,0xda,0x7f,0x38,
0x1e,0x00,0x00,0x0a,0xf2,0x00,0x10,0x00,0x10,0x00,0x00,0x00,0xe6,0x0e,0x10,0x00,
0x0e,0x00,0x00,0x00,0x02,0x40,0x00,0x00,0xff,0xff,0xff,0xff,0x00,0x00,0x00,0x00,
0x01,0x00,0x00,0x00,0x00,0x00,0x00,0x00,0x25,0x00,0x00,0x07,0xf2,0x00,0x10,0x00,
0x10,0x00,0x00,0x00,0x46,0x0e,0x10,0x00,0x0f,0x00,0x00,0x00,0x46,0x0e,0x10,0x00,
0x10,0x00,0x00,0x00,0x24,0x00,0x00,0x0a,0xf2,0x00,0x10,0x00,0x10,0x00,0x00,0x00,
0xe6,0x04,0x10,0x00,0x10,0x00,0x00,0x00,0x02,0x40,0x00,0x00,0x00,0x00,0x00,0x00,
0x00,0x00,0x00,0x00,0x00,0x00,0x00,0x00,0x00,0x00,0x00,0x00,0x36,0x00,0x00,0x05,
0x32,0x00,0x10,0x00,0x11,0x00,0x00,0x00,0xe6,0x0a,0x10,0x00,0x10,0x00,0x00,0x00,
0x36,0x00,0x00,0x08,0xc2,0x00,0x10,0x00,0x11,0x00,0x00,0x00,0x02,0x40,0x00,0x00,
0x00,0x00,0x00,0x00,0x00,0x00,0x00,0x00,0x00,0x00,0x00,0x00,0x00,0x00,0x00,0x00,
0x2d,0x00,0x00,0x89,0xc2,0x00,0x00,0x80,0x43,0x55,0x15,0x00,0x82,0x00,0x10,0x00,
0x02,0x00,0x00,0x00,0x46,0x0e,0x10,0x00,0x11,0x00,0x00,0x00,0x96,0x73,0x10,0x00,
0x01,0x00,0x00,0x00,0x38,0x00,0x00,0x08,0x82,0x00,0x10,0x00,0x02,0x00,0x00,0x00,
0x3a,0x00,0x10,0x00,0x02,0x00,0x00,0x00,0x1a,0x80,0x20,0x00,0x00,0x00,0x00,0x00,
0x07,0x00,0x00,0x00,0x38,0x00,0x00,0x07,0x82,0x00,0x10,0x00,0x02,0x00,0x00,0x00,
0x2a,0x00,0x10,0x00,0x07,0x00,0x00,0x00,0x3a,0x00,0x10,0x00,0x02,0x00,0x00,0x00,
0x34,0x00,0x00,0x07,0x82,0x00,0x10,0x00,0x02,0x00,0x00,0x00,0x3a,0x00,0x10,0x00,
0x02,0x00,0x00,0x00,0x01,0x40,0x00,0x00,0x40,0xda,0x7f,0x38,0x36,0x00,0x00,0x08,
0xc2,0x00,0x10,0x00,0x10,0x00,0x00,0x00,0x02,0x40,0x00,0x00,0x00,0x00,0x00,0x00,
0x00,0x00,0x00,0x00,0x00,0x00,0x00,0x00,0x00,0x00,0x00,0x00,0x2d,0x00,0x00,0x89,
0xc2,0x00,0x00,0x80,0x43,0x55,0x15,0x00,0x42,0x00,0x10,0x00,0x06,0x00,0x00,0x00,
0x46,0x0e,0x10,0x00,0x10,0x00,0x00,0x00,0x96,0x7c,0x10,0x00,0x01,0x00,0x00,0x00,
0x38,0x00,0x00,0x08,0x42,0x00,0x10,0x00,0x06,0x00,0x00,0x00,0x2a,0x00,0x10,0x00,
0x06,0x00,0x00,0x00,0x1a,0x80,0x20,0x00,0x00,0x00,0x00,0x00,0x07,0x00,0x00,0x00,
0x38,0x00,0x00,0x07,0x42,0x00,0x10,0x00,0x06,0x00,0x00,0x00,0x2a,0x00,0x10,0x00,
0x07,0x00,0x00,0x00,0x2a,0x00,0x10,0x00,0x06,0x00,0x00,0x00,0x34,0x00,0x00,0x07,
0x42,0x00,0x10,0x00,0x06,0x00,0x00,0x00,0x2a,0x00,0x10,0x00,0x06,0x00,0x00,0x00,
0x01,0x40,0x00,0x00,0x40,0xda,0x7f,0x38,0x1e,0x00,0x00,0x0a,0xf2,0x00,0x10,0x00,
0x0e,0x00,0x00,0x00,0x46,0x0e,0x10,0x00,0x0e,0x00,0x00,0x00,0x02,0x40,0x00,0x00,
0x00,0x00,0x00,0x00,0xff,0xff,0xff,0xff,0x00,0x00,0x00,0x00,0x01,0x00,0x00,0x00,
0x25,0x00,0x00,0x07,0xf2,0x00,0x10,0x00,0x0e,0x00,0x00,0x00,0x46,0x0e,0x10,0x00,
0x0f,0x00,0x00,0x00,0x46,0x0e,0x10,0x00,0x0e,0x00,0x00,0x00,0x24,0x00,0x00,0x0a,
0xf2,0x00,0x10,0x00,0x0e,0x00,0x00,0x00,0xe6,0x04,0x10,0x00,0x0e,0x00,0x00,0x00,
0x02,0x40,0x00,0x00,0x00,0x00,0x00,0x00,0x00,0x00,0x00,0x00,0x00,0x00,0x00,0x00,
0x00,0x00,0x00,0x00,0x36,0x00,0x00,0x05,0x32,0x00,0x10,0x00,0x0f,0x00,0x00,0x00,
0xe6,0x0a,0x10,0x00,0x0e,0x00,0x00,0x00,0x36,0x00,0x00,0x08,0xc2,0x00,0x10,0x00,
0x0f,0x00,0x00,0x00,0x02,0x40,0x00,0x00,0x00,0x00,0x00,0x00,0x00,0x00,0x00,0x00,
0x00,0x00,0x00,0x00,0x00,0x00,0x00,0x00,0x2d,0x00,0x00,0x89,0xc2,0x00,0x00,0x80,
0x43,0x55,0x15,0x00,0x82,0x00,0x10,0x00,0x06,0x00,0x00,0x00,0x46,0x0e,0x10,0x00,
0x0f,0x00,0x00,0x00,0x96,0x73,0x10,0x00,0x01,0x00,0x00,0x00,0x38,0x00,0x00,0x08,
0x82,0x00,0x10,0x00,0x06,0x00,0x00,0x00,0x3a,0x00,0x10,0x00,0x06,0x00,0x00,0x00,
0x1a,0x80,0x20,0x00,0x00,0x00,0x00,0x00,0x07,0x00,0x00,0x00,0x38,0x00,0x00,0x07,
0x82,0x00,0x10,0x00,0x06,0x00,0x00,0x00,0x2a,0x00,0x10,0x00,0x07,0x00,0x00,0x00,
0x3a,0x00,0x10,0x00,0x06,0x00,0x00,0x00,0x34,0x00,0x00,0x07,0x82,0x00,0x10,0x00,
0x06,0x00,0x00,0x00,0x3a,0x00,0x10,0x00,0x06,0x00,0x00,0x00,0x01,0x40,0x00,0x00,
0x40,0xda,0x7f,0x38,0x36,0x00,0x00,0x08,0xc2,0x00,0x10,0x00,0x0e,0x00,0x00,0x00,
0x02,0x40,0x00,0x00,0x00,0x00,0x00,0x00,0x00,0x00,0x00,0x00,0x00,0x00,0x00,0x00,
0x00,0x00,0x00,0x00,0x2d,0x00,0x00,0x89,0xc2,0x00,0x00,0x80,0x43,0x55,0x15,0x00,
0x12,0x00,0x10,0x00,0x07,0x00,0x00,0x00,0x46,0x0e,0x10,0x00,0x0e,0x00,0x00,0x00,
0x46,0x7e,0x10,0x00,0x01,0x00,0x00,0x00,0x38,0x00,0x00,0x08,0x12,0x00,0x10,0x00,
0x07,0x00,0x00,0x00,0x0a,0x00,0x10,0x00,0x07,0x00,0x00,0x00,0x1a,0x80,0x20,0x00,
0x00,0x00,0x00,0x00,0x07,0x00,0x00,0x00,0x38,0x00,0x00,0x07,0x12,0x00,0x10,0x00,
0x07,0x00,0x00,0x00,0x2a,0x00,0x10,0x00,0x07,0x00,0x00,0x00,0x0a,0x00,0x10,0x00,
0x07,0x00,0x00,0x00,0x34,0x00,0x00,0x07,0x12,0x00,0x10,0x00,0x07,0x00,0x00,0x00,
0x0a,0x00,0x10,0x00,0x07,0x00,0x00,0x00,0x01,0x40,0x00,0x00,0x40,0xda,0x7f,0x38,
0x00,0x00,0x00,0x07,0xf2,0x00,0x10,0x00,0x0d,0x00,0x00,0x00,0x46,0x04,0x10,0x00,
0x0b,0x00,0x00,0x00,0x46,0x0e,0x10,0x00,0x0d,0x00,0x00,0x00,0x38,0x00,0x00,0x07,
0xf2,0x00,0x10,0x00,0x0d,0x00,0x00,0x00,0x46,0x04,0x10,0x00,0x0a,0x00,0x00,0x00,
0x46,0x0e,0x10,0x00,0x0d,0x00,0x00,0x00,0x41,0x00,0x00,0x05,0xf2,0x00,0x10,0x00,
0x0d,0x00,0x00,0x00,0x46,0x0e,0x10,0x00,0x0d,0x00,0x00,0x00,0x1b,0x00,0x00,0x05,
0xf2,0x00,0x10,0x00,0x0d,0x00,0x00,0x00,0x46,0x0e,0x10,0x00,0x0d,0x00,0x00,0x00,
0x25,0x00,0x00,0x07,0xa2,0x00,0x10,0x00,0x07,0x00,0x00,0x00,0xa6,0x0e,0x10,0x00,
0x08,0x00,0x00,0x00,0xa6,0x0e,0x10,0x00,0x0d,0x00,0x00,0x00,0x24,0x00,0x00,0x0a,
0x32,0x00,0x10,0x00,0x0e,0x00,0x00,0x00,0xd6,0x05,0x10,0x00,0x07,0x00,0x00,0x00,
0x02,0x40,0x00,0x00,0x00,0x00,0x00,0x00,0x00,0x00,0x00,0x00,0x00,0x00,0x00,0x00,
0x00,0x00,0x00,0x00,0x36,0x00,0x00,0x08,0xc2,0x00,0x10,0x00,0x0e,0x00,0x00,0x00,
0x02,0x40,0x00,0x00,0x00,0x00,0x00,0x00,0x00,0x00,0x00,0x00,0x00,0x00,0x00,0x00,
0x00,0x00,0x00,0x00,0x2d,0x00,0x00,0x89,0xc2,0x00,0x00,0x80,0x43,0x55,0x15,0x00,
0x22,0x00,0x10,0x00,0x07,0x00,0x00,0x00,0x46,0x0e,0x10,0x00,0x0e,0x00,0x00,0x00,
0x16,0x7e,0x10,0x00,0x00,0x00,0x00,0x00,0x38,0x00,0x00,0x07,0x22,0x00,0x10,0x00,
0x07,0x00,0x00,0x00,0x2a,0x00,0x10,0x00,0x07,0x00,0x00,0x00,0x1a,0x00,0x10,0x00,
0x07,0x00,0x00,0x00,0x34,0x00,0x00,0x07,0x22,0x00,0x10,0x00,0x07,0x00,0x00,0x00,
0x1a,0x00,0x10,0x00,0x07,0x00,0x00,0x00,0x01,0x40,0x00,0x00,0x40,0xda,0x7f,0x38,
0x1e,0x00,0x00,0x0a,0xf2,0x00,0x10,0x00,0x0e,0x00,0x00,0x00,0xe6,0x0e,0x10,0x00,
0x0d,0x00,0x00,0x00,0x02,0x40,0x00,0x00,0xff,0xff,0xff,0xff,0x00,0x00,0x00,0x00,
0x01,0x00,0x00,0x00,0x00,0x00,0x00,0x00,0x25,0x00,0x00,0x07,0xf2,0x00,0x10,0x00,
0x0e,0x00,0x00,0x00,0x46,0x0e,0x10,0x00,0x08,0x00,0x00,0x00,0x46,0x0e,0x10,0x00,
0x0e,0x00,0x00,0x00,0x24,0x00,0x00,0x0a,0xf2,0x00,0x10,0x00,0x0e,0x00,0x00,0x00,
0xe6,0x04,0x10,0x00,0x0e,0x00,0x00,0x00,0x02,0x40,0x00,0x00,0x00,0x00,0x00,0x00,
0x00,0x00,0x00,0x00,0x00,0x00,0x00,0x00,0x00,0x00,0x00,0x00,0x36,0x00,0x00,0x05,
0x32,0x00,0x10,0x00,0x0f,0x00,0x00,0x00,0xe6,0x0a,0x10,0x00,0x0e,0x00,0x00,0x00,
0x36,0x00,0x00,0x08,0xc2,0x00,0x10,0x00,0x0f,0x00,0x00,0x00,0x02,0x40,0x00,0x00,
0x00,0x00,0x00,0x00,0x00,0x00,0x00,0x00,0x00,0x00,0x00,0x00,0x00,0x00,0x00,0x00,
0x2d,0x00,0x00,0x89,0xc2,0x00,0x00,0x80,0x43,0x55,0x15,0x00,0x82,0x00,0x10,0x00,
0x07,0x00,0x00,0x00,0x46,0x0e,0x10,0x00,0x0f,0x00,0x00,0x00,0x96,0x73,0x10,0x00,
0x00,0x00,0x00,0x00,0x38,0x00,0x00,0x07,0x82,0x00,0x10,0x00,0x07,0x00,0x00,0x00,
0x2a,0x00,0x10,0x00,0x07,0x00,0x00,0x00,0x3a,0x00,0x10,0x00,0x07,0x00,0x00,0x00,
0x34,0x00,0x00,0x07,0x82,0x00,0x10,0x00,0x07,0x00,0x00,0x00,0x3a,0x00,0x10,0x00,
0x07,0x00,0x00,0x00,0x01,0x40,0x00,0x00,0x40,0xda,0x7f,0x38,0x36,0x00,0x00,0x08,
0xc2,0x00,0x10,0x00,0x0e,0x00,0x00,0x00,0x02,0x40,0x00,0x00,0x00,0x00,0x00,0x00,
0x00,0x00,0x00,0x00,0x00,0x00,0x00,0x00,0x00,0x00,0x00,0x00,0x2d,0x00,0x00,0x89,
0xc2,0x00,0x00,0x80,0x43,0x55,0x15,0x00,0x42,0x00,0x10,0x00,0x09,0x00,0x00,0x00,
0x46,0x0e,0x10,0x00,0x0e,0x00,0x00,0x00,0x96,0x7c,0x10,0x00,0x00,0x00,0x00,0x00,
0x38,0x00,0x00,0x07,0x42,0x00,0x10,0x00,0x09,0x00,0x00,0x00,0x2a,0x00,0x10,0x00,
0x07,0x00,0x00,0x00,0x2a,0x00,0x10,0x00,0x09,0x00,0x00,0x00,0x34,0x00,0x00,0x07,
0x42,0x00,0x10,0x00,0x09,0x00,0x00,0x00,0x2a,0x00,0x10,0x00,0x09,0x00,0x00,0x00,
0x01,0x40,0x00,0x00,0x40,0xda,0x7f,0x38,0x1e,0x00,0x00,0x0a,0xf2,0x00,0x10,0x00,
0x0d,0x00,0x00,0x00,0x46,0x0e,0x10,0x00,0x0d,0x00,0x00,0x00,0x02,0x40,0x00,0x00,
0x00,0x00,0x00,0x00,0xff,0xff,0xff,0xff,0x00,0x00,0x00,0x00,0x01,0x00,0x00,0x00,
0x25,0x00,0x00,0x07,0xf2,0x00,0x10,0x00,0x0d,0x00,0x00,0x00,0x46,0x0e,0x10,0x00,
0x08,0x00,0x00,0x00,0x46,0x0e,0x10,0x00,0x0d,0x00,0x00,0x00,0x24,0x00,0x00,0x0a,
0xf2,0x00,0x10,0x00,0x0d,0x00,0x00,0x00,0xe6,0x04,0x10,0x00,0x0d,0x00,0x00,0x00,
0x02,0x40,0x00,0x00,0x00,0x00,0x00,0x00,0x00,0x00,0x00,0x00,0x00,0x00,0x00,0x00,
0x00,0x00,0x00,0x00,0x36,0x00,0x00,0x05,0x32,0x00,0x10,0x00,0x0e,0x00,0x00,0x00,
0xe6,0x0a,0x10,0x00,0x0d,0x00,0x00,0x00,0x36,0x00,0x00,0x08,0xc2,0x00,0x10,0x00,
0x0e,0x00,0x00,0x00,0x02,0x40,0x00,0x00,0x00,0x00,0x00,0x00,0x00,0x00,0x00,0x00,
0x00,0x00,0x00,0x00,0x00,0x00,0x00,0x00,0x2d,0x00,0x00,0x89,0xc2,0x00,0x00,0x80,
0x43,0x55,0x15,0x00,0x82,0x00,0x10,0x00,0x09,0x00,0x00,0x00,0x46,0x0e,0x10,0x00,
0x0e,0x00,0x00,0x00,0x96,0x73,0x10,0x00,0x00,0x00,0x00,0x00,0x38,0x00,0x00,0x07,
0x82,0x00,0x10,0x00,0x09,0x00,0x00,0x00,0x2a,0x00,0x10,0x00,0x07,0x00,0x00,0x00,
0x3a,0x00,0x10,0x00,0x09,0x00,0x00,0x00,0x34,0x00,0x00,0x07,0x82,0x00,0x10,0x00,
0x09,0x00,0x00,0x00,0x3a,0x00,0x10,0x00,0x09,0x00,0x00,0x00,0x01,0x40,0x00,0x00,
0x40,0xda,0x7f,0x38,0x36,0x00,0x00,0x08,0xc2,0x00,0x10,0x00,0x0d,0x00,0x00,0x00,
0x02,0x40,0x00,0x00,0x00,0x00,0x00,0x00,0x00,0x00,0x00,0x00,0x00,0x00,0x00,0x00,
0x00,0x00,0x00,0x00,0x2d,0x00,0x00,0x89,0xc2,0x00,0x00,0x80,0x43,0x55,0x15,0x00,
0x42,0x00,0x10,0x00,0x0c,0x00,0x00,0x00,0x46,0x0e,0x10,0x00,0x0d,0x00,0x00,0x00,
0x96,0x7c,0x10,0x00,0x00,0x00,0x00,0x00,0x38,0x00,0x00,0x07,0x42,0x00,0x10,0x00,
0x0c,0x00,0x00,0x00,0x2a,0x00,0x10,0x00,0x07,0x00,0x00,0x00,0x2a,0x00,0x10,0x00,
0x0c,0x00,0x00,0x00,0x34,0x00,0x00,0x07,0x42,0x00,0x10,0x00,0x0c,0x00,0x00,0x00,
0x2a,0x00,0x10,0x00,0x0c,0x00,0x00,0x00,0x01,0x40,0x00,0x00,0x40,0xda,0x7f,0x38,
0x33,0x00,0x00,0x07,0x82,0x00,0x10,0x00,0x0c,0x00,0x00,0x00,0x1a,0x00,0x10,0x00,
0x07,0x00,0x00,0x00,0x3a,0x00,0x10,0x00,0x09,0x00,0x00,0x00,0x34,0x00,0x00,0x07,
0x22,0x00,0x10,0x00,0x07,0x00,0x00,0x00,0x1a,0x00,0x10,0x00,0x07,0x00,0x00,0x00,
0x3a,0x00,0x10,0x00,0x09,0x00,0x00,0x00,0x33,0x00,0x00,0x07,0x82,0x00,0x10,0x00,
0x09,0x00,0x00,0x00,0x3a,0x00,0x10,0x00,0x07,0x00,0x00,0x00,0x2a,0x00,0x10,0x00,
0x0c,0x00,0x00,0x00,0x34,0x00,0x00,0x07,0x82,0x00,0x10,0x00,0x07,0x00,0x00,0x00,
0x3a,0x00,0x10,0x00,0x07,0x00,0x00,0x00,0x2a,0x00,0x10,0x00,0x0c,0x00,0x00,0x00,
0x34,0x00,0x00,0x07,0x42,0x00,0x10,0x00,0x0c,0x00,0x00,0x00,0x2a,0x00,0x10,0x00,
0x09,0x00,0x00,0x00,0x3a,0x00,0x10,0x00,0x0c,0x00,0x00,0x00,0x34,0x00,0x00,0x07,
0x12,0x00,0x10,0x00,0x0d,0x00,0x00,0x00,0x1a,0x00,0x10,0x00,0x07,0x00,0x00,0x00,
0x3a,0x00,0x10,0x00,0x09,0x00,0x00,0x00,0x34,0x00,0x00,0x07,0x22,0x00,0x10,0x00,
0x0d,0x00,0x00,0x00,0x3a,0x00,0x10,0x00,0x07,0x00,0x00,0x00,0x2a,0x00,0x10,0x00,
0x0c,0x00,0x00,0x00,0x34,0x00,0x00,0x07,0x42,0x00,0x10,0x00,0x0d,0x00,0x00,0x00,
0x1a,0x00,0x10,0x00,0x0d,0x00,0x00,0x00,0x0a,0x00,0x10,0x00,0x0d,0x00,0x00,0x00,
0x33,0x00,0x00,0x07,0x82,0x00,0x10,0x00,0x0d,0x00,0x00,0x00,0x2a,0x00,0x10,0x00,
0x02,0x00,0x00,0x00,0x3a,0x00,0x10,0x00,0x06,0x00,0x00,0x00,0x34,0x00,0x00,0x07,
0x42,0x00,0x10,0x00,0x02,0x00,0x00,0x00,0x2a,0x00,0x10,0x00,0x02,0x00,0x00,0x00,
0x3a,0x00,0x10,0x00,0x06,0x00,0x00,0x00,0x33,0x00,0x00,0x07,0x82,0x00,0x10,0x00,
0x06,0x00,0x00,0x00,0x3a,0x00,0x10,0x00,0x02,0x00,0x00,0x00,0x0a,0x00,0x10,0x00,
0x07,0x00,0x00,0x00,0x34,0x00,0x00,0x07,0x82,0x00,0x10,0x00,0x02,0x00,0x00,0x00,
0x3a,0x00,0x10,0x00,0x02,0x00,0x00,0x00,0x0a,0x00,0x10,0x00,0x07,0x00,0x00,0x00,
0x34,0x00,0x00,0x07,0x12,0x00,0x10,0x00,0x07,0x00,0x00,0x00,0x2a,0x00,0x10,0x00,
0x06,0x00,0x00,0x00,0x3a,0x00,0x10,0x00,0x0d,0x00,0x00,0x00,0x34,0x00,0x00,0x07,
0x12,0x00,0x10,0x00,0x0e,0x00,0x00,0x00,0x2a,0x00,0x10,0x00,0x02,0x00,0x00,0x00,
0x3a,0x00,0x10,0x00,0x06,0x00,0x00,0x00,0x34,0x00,0x00,0x07,0x22,0x00,0x10,0x00,
0x0e,0x00,0x00,0x00,0x3a,0x00,0x10,0x00,0x02,0x00,0x00,0x00,0x0a,0x00,0x10,0x00,
0x07,0x00,0x00,0x00,0x33,0x00,0x00,0x07,0x42,0x00,0x10,0x00,0x09,0x00,0x00,0x00,
0x2a,0x00,0x10,0x00,0x09,0x00,0x00,0x00,0x3a,0x00,0x10,0x00,0x0c,0x00,0x00,0x00,
0x33,0x00,0x00,0x07,0x22,0x00,0x10,0x00,0x07,0x00,0x00,0x00,0x1a,0x00,0x10,0x00,
0x07,0x00,0x00,0x00,0x3a,0x00,0x10,0x00,0x09,0x00,0x00,0x00,0x33,0x00,0x00,0x07,
0x12,0x00,0x10,0x00,0x0f,0x00,0x00,0x00,0x1a,0x00,0x10,0x00,0x07,0x00,0x00,0x00,
0x2a,0x00,0x10,0x00,0x09,0x00,0x00,0x00,0x34,0x00,0x00,0x07,0x22,0x00,0x10,0x00,
0x07,0x00,0x00,0x00,0x1a,0x00,0x10,0x00,0x07,0x00,0x00,0x00,0x2a,0x00,0x10,0x00,
0x09,0x00,0x00,0x00,0x33,0x00,0x00,0x07,0x82,0x00,0x10,0x00,0x07,0x00,0x00,0x00,
0x3a,0x00,0x10,0x00,0x07,0x00,0x00,0x00,0x2a,0x00,0x10,0x00,0x0c,0x00,0x00,0x00,
0x33,0x00,0x00,0x07,0x22,0x00,0x10,0x00,0x0f,0x00,0x00,0x00,0x3a,0x00,0x10,0x00,
0x07,0x00,0x00,0x00,0x1a,0x00,0x10,0x00,0x07,0x00,0x00,0x00,0x34,0x00,0x00,0x07,
0x22,0x00,0x10,0x00,0x07,0x00,0x00,0x00,0x3a,0x00,0x10,0x00,0x07,0x00,0x00,0x00,
0x1a,0x00,0x10,0x00,0x07,0x00,0x00,0x00,0x33,0x00,0x00,0x07,0x82,0x00,0x10,0x00,
0x07,0x00,0x00,0x00,0x1a,0x00,0x10,0x00,0x0d,0x00,0x00,0x00,0x0a,0x00,0x10,0x00,
0x0d,0x00,0x00,0x00,0x33,0x00,0x00,0x07,0x42,0x00,0x10,0x00,0x0f,0x00,0x00,0x00,
0x3a,0x00,0x10,0x00,0x07,0x00,0x00,0x00,0x1a,0x00,0x10,0x00,0x07,0x00,0x00,0x00,
0x34,0x00,0x00,0x07,0x82,0x00,0x10,0x00,0x0f,0x00,0x00,0x00,0x3a,0x00,0x10,0x00,
0x07,0x00,0x00,0x00,0x1a,0x00,0x10,0x00,0x07,0x00,0x00,0x00,0x33,0x00,0x00,0x07,
0x42,0x00,0x10,0x00,0x06,0x00,0x00,0x00,0x2a,0x00,0x10,0x00,0x06,0x00,0x00,0x00,
0x3a,0x00,0x10,0x00,0x0d,0x00,0x00,0x00,0x33,0x00,0x00,0x07,0x42,0x00,0x10,0x00,
0x02,0x00,0x00,0x00,0x2a,0x00,0x10,0x00,0x02,0x00,0x00,0x00,0x3a,0x00,0x10,0x00,
0x06,0x00,0x00,0x00,0x33,0x00,0x00,0x07,0x12,0x00,0x10,0x00,0x10,0x00,0x00,0x00,
0x2a,0x00,0x10,0x00,0x02,0x00,0x00,0x00,0x2a,0x00,0x10,0x00,0x06,0x00,0x00,0x00,
0x34,0x00,0x00,0x07,0x42,0x00,0x10,0x00,0x02,0x00,0x00,0x00,0x2a,0x00,0x10,0x00,
0x02,0x00,0x00,0x00,0x2a,0x00,0x10,0x00,0x06,0x00,0x00,0x00,0x33,0x00,0x00,0x07,
0x82,0x00,0x10,0x00,0x02,0x00,0x00,0x00,0x3a,0x00,0x10,0x00,0x02,0x00,0x00,0x00,
0x0a,0x00,0x10,0x00,0x07,0x00,0x00,0x00,0x33,0x00,0x00,0x07,0x22,0x00,0x10,0x00,
0x10,0x00,0x00,0x00,0x3a,0x00,0x10,0x00,0x02,0x00,0x00,0x00,0x2a,0x00,0x10,0x00,
0x02,0x00,0x00,0x00,0x34,0x00,0x00,0x07,0x42,0x00,0x10,0x00,0x02,0x00,0x00,0x00,
0x3a,0x00,0x10,0x00,0x02,0x00,0x00,0x00,0x2a,0x00,0x10,0x00,0x02,0x00,0x00,0x00,
0x33,0x00,0x00,0x07,0x82,0x00,0x10,0x00,0x02,0x00,0x00,0x00,0x1a,0x00,0x10,0x00,
0x0e,0x00,0x00,0x00,0x0a,0x00,0x10,0x00,0x0e,0x00,0x00,0x00,0x33,0x00,0x00,0x07,
0x42,0x00,0x10,0x00,0x10,0x00,0x00,0x00,0x3a,0x00,0x10,0x00,0x02,0x00,0x00,0x00,
0x2a,0x00,0x10,0x00,0x02,0x00,0x00,0x00,0x34,0x00,0x00,0x07,0x82,0x00,0x10,0x00,
0x10,0x00,0x00,0x00,0x3a,0x00,0x10,0x00,0x02,0x00,0x00,0x00,0x2a,0x00,0x10,0x00,
0x02,0x00,0x00,0x00,0x00,0x00,0x00,0x08,0x42,0x00,0x10,0x00,0x02,0x00,0x00,0x00,
0x0a,0x00,0x10,0x00,0x0f,0x00,0x00,0x00,0x0a,0x00,0x10,0x80,0x41,0x00,0x00,0x00,
0x10,0x00,0x00,0x00,0x31,0x00,0x00,0x08,0x82,0x00,0x10,0x00,0x02,0x00,0x00,0x00,
0x01,0x40,0x00,0x00,0x40,0xda,0x7f,0x38,0x2a,0x00,0x10,0x80,0x81,0x00,0x00,0x00,
0x02,0x00,0x00,0x00,0x1f,0x00,0x04,0x03,0x3a,0x00,0x10,0x00,0x02,0x00,0x00,0x00,
0x31,0x00,0x00,0x07,0x82,0x00,0x10,0x00,0x02,0x00,0x00,0x00,0x01,0x40,0x00,0x00,
0x00,0x00,0x00,0x00,0x2a,0x00,0x10,0x00,0x02,0x00,0x00,0x00,0x31,0x00,0x00,0x07,
0x42,0x00,0x10,0x00,0x02,0x00,0x00,0x00,0x2a,0x00,0x10,0x00,0x02,0x00,0x00,0x00,
0x01,0x40,0x00,0x00,0x00,0x00,0x00,0x00,0x1e,0x00,0x00,0x08,0x42,0x00,0x10,0x00,
0x02,0x00,0x00,0x00,0x3a,0x00,0x10,0x80,0x41,0x00,0x00,0x00,0x02,0x00,0x00,0x00,
0x2a,0x00,0x10,0x00,0x02,0x00,0x00,0x00,0x2b,0x00,0x00,0x05,0x42,0x00,0x10,0x00,
0x02,0x00,0x00,0x00,0x2a,0x00,0x10,0x00,0x02,0x00,0x00,0x00,0x34,0x00,0x00,0x07,
0x82,0x00,0x10,0x00,0x02,0x00,0x00,0x00,0x0a,0x00,0x10,0x00,0x0f,0x00,0x00,0x00,
0x0a,0x00,0x10,0x00,0x10,0x00,0x00,0x00,0x33,0x00,0x00,0x07,0x42,0x00,0x10,0x00,
0x06,0x00,0x00,0x00,0x0a,0x00,0x10,0x00,0x0f,0x00,0x00,0x00,0x0a,0x00,0x10,0x00,
0x10,0x00,0x00,0x00,0x0e,0x00,0x00,0x07,0x82,0x00,0x10,0x00,0x02,0x00,0x00,0x00,
0x2a,0x00,0x10,0x00,0x06,0x00,0x00,0x00,0x3a,0x00,0x10,0x00,0x02,0x00,0x00,0x00,
0x00,0x00,0x00,0x08,0x82,0x00,0x10,0x00,0x02,0x00,0x00,0x00,0x3a,0x00,0x10,0x80,
0x41,0x00,0x00,0x00,0x02,0x00,0x00,0x00,0x01,0x40,0x00,0x00,0x00,0x00,0x80,0x3f,
0x38,0x00,0x00,0x07,0x42,0x00,0x10,0x00,0x02,0x00,0x00,0x00,0x3a,0x00,0x10,0x00,
0x02,0x00,0x00,0x00,0x2a,0x00,0x10,0x00,0x02,0x00,0x00,0x00,0x31,0x00,0x00,0x08,
0x82,0x00,0x10,0x00,0x02,0x00,0x00,0x00,0x2a,0x00,0x10,0x80,0x81,0x00,0x00,0x00,
0x02,0x00,0x00,0x00,0x01,0x40,0x00,0x00,0x00,0xdf,0x7f,0x47,0x37,0x00,0x00,0x09,
0x42,0x00,0x10,0x00,0x02,0x00,0x00,0x00,0x3a,0x00,0x10,0x00,0x02,0x00,0x00,0x00,
0x2a,0x00,0x10,0x00,0x02,0x00,0x00,0x00,0x01,0x40,0x00,0x00,0x00,0xdf,0x7f,0x47,
0x31,0x00,0x00,0x07,0x82,0x00,0x10,0x00,0x02,0x00,0x00,0x00,0x0a,0x00,0x10,0x00,
0x0f,0x00,0x00,0x00,0x0a,0x00,0x10,0x00,0x10,0x00,0x00,0x00,0x01,0x00,0x00,0x07,
0x42,0x00,0x10,0x00,0x06,0x00,0x00,0x00,0x3a,0x00,0x10,0x00,0x02,0x00,0x00,0x00,
0x01,0x40,0x00,0x00,0x01,0x00,0x00,0x00,0x0f,0x00,0x00,0x08,0x82,0x00,0x10,0x00,
0x02,0x00,0x00,0x00,0x46,0x00,0x10,0x00,0x0f,0x00,0x00,0x00,0x46,0x90,0x90,0x00,
0x2a,0x00,0x10,0x00,0x06,0x00,0x00,0x00,0x1d,0x00,0x00,0x07,0x82,0x00,0x10,0x00,
0x02,0x00,0x00,0x00,0x3a,0x00,0x10,0x00,0x02,0x00,0x00,0x00,0x0a,0x00,0x10,0x00,
0x10,0x00,0x00,0x00,0x01,0x00,0x00,0x07,0x82,0x00,0x10,0x00,0x06,0x00,0x00,0x00,
0x3a,0x00,0x10,0x00,0x02,0x00,0x00,0x00,0x01,0x40,0x00,0x00,0x01,0x00,0x00,0x00,
0x12,0x00,0x00,0x01,0x36,0x00,0x00,0x08,0xc2,0x00,0x10,0x00,0x06,0x00,0x00,0x00,
0x02,0x40,0x00,0x00,0x00,0x00,0x00,0x00,0x00,0x00,0x00,0x00,0x00,0x00,0x00,0x00,
0x00,0x00,0x00,0x00,0x36,0x00,0x00,0x05,0x42,0x00,0x10,0x00,0x02,0x00,0x00,0x00,
0x01,0x40,0x00,0x00,0x00,0xe0,0x7f,0x47,0x15,0x00,0x00,0x01,0x31,0x00,0x00,0x07,
0x82,0x00,0x10,0x00,0x02,0x00,0x00,0x00,0x2a,0x00,0x10,0x00,0x02,0x00,0x00,0x00,
0x01,0x40,0x00,0x00,0x00,0xe0,0x7f,0x47,0x1f,0x00,0x04,0x03,0x3a,0x00,0x10,0x00,
0x02,0x00,0x00,0x00,0x0f,0x00,0x00,0x08,0x12,0x00,0x10,0x00,0x07,0x00,0x00,0x00,
0x46,0x00,0x10,0x00,0x0f,0x00,0x00,0x00,0x46,0x90,0x90,0x00,0x2a,0x00,0x10,0x00,
0x06,0x00,0x00,0x00,0x0f,0x00,0x00,0x08,0x22,0x00,0x10,0x00,0x07,0x00,0x00,0x00,
0x46,0x00,0x10,0x00,0x10,0x00,0x00,0x00,0x46,0x90,0x90,0x00,0x3a,0x00,0x10,0x00,
0x06,0x00,0x00,0x00,0x00,0x00,0x00,0x08,0x82,0x00,0x10,0x00,0x07,0x00,0x00,0x00,
0x1a,0x00,0x10,0x80,0x41,0x00,0x00,0x00,0x07,0x00,0x00,0x00,0x0a,0x00,0x10,0x00,
0x07,0x00,0x00,0x00,0x31,0x00,0x00,0x08,0x42,0x00,0x10,0x00,0x09,0x00,0x00,0x00,
0x01,0x40,0x00,0x00,0x40,0xda,0x7f,0x38,0x3a,0x00,0x10,0x80,0x81,0x00,0x00,0x00,
0x07,0x00,0x00,0x00,0x1f,0x00,0x04,0x03,0x2a,0x00,0x10,0x00,0x09,0x00,0x00,0x00,
0x31,0x00,0x00,0x07,0x42,0x00,0x10,0x00,0x09,0x00,0x00,0x00,0x01,0x40,0x00,0x00,
0x00,0x00,0x00,0x00,0x3a,0x00,0x10,0x00,0x07,0x00,0x00,0x00,0x31,0x00,0x00,0x07,
0x82,0x00,0x10,0x00,0x07,0x00,0x00,0x00,0x3a,0x00,0x10,0x00,0x07,0x00,0x00,0x00,
0x01,0x40,0x00,0x00,0x00,0x00,0x00,0x00,0x1e,0x00,0x00,0x08,0x82,0x00,0x10,0x00,
0x07,0x00,0x00,0x00,0x2a,0x00,0x10,0x80,0x41,0x00,0x00,0x00,0x09,0x00,0x00,0x00,
0x3a,0x00,0x10,0x00,0x07,0x00,0x00,0x00,0x2b,0x00,0x00,0x05,0x82,0x00,0x10,0x00,
0x07,0x00,0x00,0x00,0x3a,0x00,0x10,0x00,0x07,0x00,0x00,0x00,0x34,0x00,0x00,0x07,
0x42,0x00,0x10,0x00,0x09,0x00,0x00,0x00,0x1a,0x00,0x10,0x00,0x07,0x00,0x00,0x00,
0x0a,0x00,0x10,0x00,0x07,0x00,0x00,0x00,0x39,0x00,0x00,0x07,0x82,0x00,0x10,0x00,
0x09,0x00,0x00,0x00,0x2a,0x00,0x10,0x00,0x09,0x00,0x00,0x00,0x01,0x40,0x00,0x00,
0x00,0x00,0x00,0x00,0x33,0x00,0x00,0x07,0x42,0x00,0x10,0x00,0x0c,0x00,0x00,0x00,
0x1a,0x00,0x10,0x00,0x07,0x00,0x00,0x00,0x0a,0x00,0x10,0x00,0x07,0x00,0x00,0x00,
0x0e,0x00,0x00,0x07,0x42,0x00,0x10,0x00,0x09,0x00,0x00,0x00,0x2a,0x00,0x10,0x00,
0x0c,0x00,0x00,0x00,0x2a,0x00,0x10,0x00,0x09,0x00,0x00,0x00,0x01,0x00,0x00,0x07,
0x42,0x00,0x10,0x00,0x09,0x00,0x00,0x00,0x2a,0x00,0x10,0x00,0x09,0x00,0x00,0x00,
0x3a,0x00,0x10,0x00,0x09,0x00,0x00,0x00,0x00,0x00,0x00,0x08,0x42,0x00,0x10,0x00,
0x09,0x00,0x00,0x00,0x2a,0x00,0x10,0x80,0x41,0x00,0x00,0x00,0x09,0x00,0x00,0x00,
0x01,0x40,0x00,0x00,0x00,0x00,0x80,0x3f,0x38,0x00,0x00,0x07,0x82,0x00,0x10,0x00,
0x07,0x00,0x00,0x00,0x3a,0x00,0x10,0x00,0x07,0x00,0x00,0x00,0x2a,0x00,0x10,0x00,
0x09,0x00,0x00,0x00,0x31,0x00,0x00,0x09,0x42,0x00,0x10,0x00,0x09,0x00,0x00,0x00,
0x3a,0x00,0x10,0x80,0x81,0x00,0x00,0x00,0x07,0x00,0x00,0x00,0x2a,0x00,0x10,0x80,
0x81,0x00,0x00,0x00,0x02,0x00,0x00,0x00,0x37,0x00,0x00,0x09,0x42,0x00,0x10,0x00,
0x02,0x00,0x00,0x00,0x2a,0x00,0x10,0x00,0x09,0x00,0x00,0x00,0x3a,0x00,0x10,0x00,
0x07,0x00,0x00,0x00,0x2a,0x00,0x10,0x00,0x02,0x00,0x00,0x00,0x31,0x00,0x00,0x07,
0x12,0x00,0x10,0x00,0x07,0x00,0x00,0x00,0x0a,0x00,0x10,0x00,0x07,0x00,0x00,0x00,
0x1a,0x00,0x10,0x00,0x07,0x00,0x00,0x00,0x01,0x00,0x00,0x07,0x12,0x00,0x10,0x00,
0x07,0x00,0x00,0x00,0x0a,0x00,0x10,0x00,0x07,0x00,0x00,0x00,0x01,0x40,0x00,0x00,
0x01,0x00,0x00,0x00,0x1e,0x00,0x00,0x07,0x42,0x00,0x10,0x00,0x06,0x00,0x00,0x00,
0x2a,0x00,0x10,0x00,0x06,0x00,0x00,0x00,0x0a,0x00,0x10,0x00,0x07,0x00,0x00,0x00,
0x10,0x00,0x00,0x08,0x12,0x00,0x10,0x00,0x07,0x00,0x00,0x00,0x46,0x02,0x10,0x00,
0x0f,0x00,0x00,0x00,0x46,0x92,0x90,0x00,0x2a,0x00,0x10,0x00,0x06,0x00,0x00,0x00,
0x1d,0x00,0x00,0x07,0x12,0x00,0x10,0x00,0x07,0x00,0x00,0x00,0x0a,0x00,0x10,0x00,
0x07,0x00,0x00,0x00,0x1a,0x00,0x10,0x00,0x07,0x00,0x00,0x00,0x01,0x00,0x00,0x07,
0x12,0x00,0x10,0x00,0x07,0x00,0x00,0x00,0x0a,0x00,0x10,0x00,0x07,0x00,0x00,0x00,
0x01,0x40,0x00,0x00,0x01,0x00,0x00,0x00,0x1e,0x00,0x00,0x07,0x82,0x00,0x10,0x00,
0x06,0x00,0x00,0x00,0x3a,0x00,0x10,0x00,0x06,0x00,0x00,0x00,0x0a,0x00,0x10,0x00,
0x07,0x00,0x00,0x00,0x12,0x00,0x00,0x01,0x36,0x00,0x00,0x05,0x42,0x00,0x10,0x00,
0x02,0x00,0x00,0x00,0x01,0x40,0x00,0x00,0x00,0xe0,0x7f,0x47,0x15,0x00,0x00,0x01,
0x15,0x00,0x00,0x01,0x31,0x00,0x00,0x07,0x12,0x00,0x10,0x00,0x07,0x00,0x00,0x00,
0x2a,0x00,0x10,0x00,0x02,0x00,0x00,0x00,0x01,0x40,0x00,0x00,0x00,0xe0,0x7f,0x47,
0x01,0x00,0x00,0x07,0x82,0x00,0x10,0x00,0x02,0x00,0x00,0x00,0x3a,0x00,0x10,0x00,
0x02,0x00,0x00,0x00,0x0a,0x00,0x10,0x00,0x07,0x00,0x00,0x00,0x1f,0x00,0x04,0x03,
0x3a,0x00,0x10,0x00,0x02,0x00,0x00,0x00,0x10,0x00,0x00,0x08,0x12,0x00,0x10,0x00,
0x07,0x00,0x00,0x00,0x46,0x02,0x10,0x00,0x0f,0x00,0x00,0x00,0x46,0x92,0x90,0x00,
0x2a,0x00,0x10,0x00,0x06,0x00,0x00,0x00,0x10,0x00,0x00,0x08,0x22,0x00,0x10,0x00,
0x07,0x00,0x00,0x00,0x46,0x02,0x10,0x00,0x10,0x00,0x00,0x00,0x46,0x92,0x90,0x00,
0x3a,0x00,0x10,0x00,0x06,0x00,0x00,0x00,0x00,0x00,0x00,0x08,0x82,0x00,0x10,0x00,
0x07,0x00,0x00,0x00,0x1a,0x00,0x10,0x80,0x41,0x00,0x00,0x00,0x07,0x00,0x00,0x00,
0x0a,0x00,0x10,0x00,0x07,0x00,0x00,0x00,0x31,0x00,0x00,0x08,0x42,0x00,0x10,0x00,
0x09,0x00,0x00,0x00,0x01,0x40,0x00,0x00,0x40,0xda,0x7f,0x38,0x3a,0x00,0x10,0x80,
0x81,0x00,0x00,0x00,0x07,0x00,0x00,0x00,0x1f,0x00,0x04,0x03,0x2a,0x00,0x10,0x00,
0x09,0x00,0x00,0x00,0x31,0x00,0x00,0x07,0x42,0x00,0x10,0x00,0x09,0x00,0x00,0x00,
0x01,0x40,0x00,0x00,0x00,0x00,0x00,0x00,0x3a,0x00,0x10,0x00,0x07,0x00,0x00,0x00,
0x31,0x00,0x00,0x07,0x82,0x00,0x10,0x00,0x07,0x00,0x00,0x00,0x3a,0x00,0x10,0x00,
0x07,0x00,0x00,0x00,0x01,0x40,0x00,0x00,0x00,0x00,0x00,0x00,0x1e,0x00,0x00,0x08,
0x82,0x00,0x10,0x00,0x07,0x00,0x00,0x00,0x2a,0x00,0x10,0x80,0x41,0x00,0x00,0x00,
0x09,0x00,0x00,0x00,0x3a,0x00,0x10,0x00,0x07,0x00,0x00,0x00,0x2b,0x00,0x00,0x05,
0x82,0x00,0x10,0x00,0x07,0x00,0x00,0x00,0x3a,0x00,0x10,0x00,0x07,0x00,0x00,0x00,
0x34,0x00,0x00,0x07,0x42,0x00,0x10,0x00,0x09,0x00,0x00,0x00,0x1a,0x00,0x10,0x00,
0x07,0x00,0x00,0x00,0x0a,0x00,0x10,0x00,0x07,0x00,0x00,0x00,0x39,0x00,0x00,0x07,
0x82,0x00,0x10,0x00,0x09,0x00,0x00,0x00,0x2a,0x00,0x10,0x00,0x09,0x00,0x00,0x00,
0x01,0x40,0x00,0x00,0x00,0x00,0x00,0x00,0x33,0x00,0x00,0x07,0x42,0x00,0x10,0x00,
0x0c,0x00,0x00,0x00,0x1a,0x00,0x10,0x00,0x07,0x00,0x00,0x00,0x0a,0x00,0x10,0x00,
0x07,0x00,0x00,0x00,0x0e,0x00,0x00,0x07,0x42,0x00,0x10,0x00,0x09,0x00,0x00,0x00,
0x2a,0x00,0x10,0x00,0x0c,0x00,0x00,0x00,0x2a,0x00,0x10,0x00,0x09,0x00,0x00,0x00,
0x01,0x00,0x00,0x07,0x42,0x00,0x10,0x00,0x09,0x00,0x00,0x00,0x2a,0x00,0x10,0x00,
0x09,0x00,0x00,0x00,0x3a,0x00,0x10,0x00,0x09,0x00,0x00,0x00,0x00,0x00,0x00,0x08,
0x42,0x00,0x10,0x00,0x09,0x00,0x00,0x00,0x2a,0x00,0x10,0x80,0x41,0x00,0x00,0x00,
0x09,0x00,0x00,0x00,0x01,0x40,0x00,0x00,0x00,0x00,0x80,0x3f,0x38,0x00,0x00,0x07,
0x82,0x00,0x10,0x00,0x07,0x00,0x00,0x00,0x3a,0x00,0x10,0x00,0x07,0x00,0x00,0x00,
0x2a,0x00,0x10,0x00,0x09,0x00,0x00,0x00,0x31,0x00,0x00,0x09,0x42,0x00,0x10,0x00,
0x09,0x00,0x00,0x00,0x3a,0x00,0x10,0x80,0x81,0x00,0x00,0x00,0x07,0x00,0x00,0x00,
0x2a,0x00,0x10,0x80,0x81,0x00,0x00,0x00,0x02,0x00,0x00,0x00,0x37,0x00,0x00,0x09,
0x42,0x00,0x10,0x00,0x02,0x00,0x00,0x00,0x2a,0x00,0x10,0x00,0x09,0x00,0x00,0x00,
0x3a,0x00,0x10,0x00,0x07,0x00,0x00,0x00,0x2a,0x00,0x10,0x00,0x02,0x00,0x00,0x00,
0x31,0x00,0x00,0x07,0x12,0x00,0x10,0x00,0x07,0x00,0x00,0x00,0x0a,0x00,0x10,0x00,
0x07,0x00,0x00,0x00,0x1a,0x00,0x10,0x00,0x07,0x00,0x00,0x00,0x01,0x00,0x00,0x07,
0x12,0x00,0x10,0x00,0x07,0x00,0x00,0x00,0x0a,0x00,0x10,0x00,0x07,0x00,0x00,0x00,
0x01,0x40,0x00,0x00,0x01,0x00,0x00,0x00,0x1e,0x00,0x00,0x07,0x42,0x00,0x10,0x00,
0x06,0x00,0x00,0x00,0x2a,0x00,0x10,0x00,0x06,0x00,0x00,0x00,0x0a,0x00,0x10,0x00,
0x07,0x00,0x00,0x00,0x11,0x00,0x00,0x08,0x12,0x00,0x10,0x00,0x07,0x00,0x00,0x00,
0x46,0x0e,0x10,0x00,0x0f,0x00,0x00,0x00,0x46,0x9e,0x90,0x00,0x2a,0x00,0x10,0x00,
0x06,0x00,0x00,0x00,0x1d,0x00,0x00,0x07,0x12,0x00,0x10,0x00,0x07,0x00,0x00,0x00,
0x0a,0x00,0x10,0x00,0x07,0x00,0x00,0x00,0x1a,0x00,0x10,0x00,0x07,0x00,0x00,0x00,
0x01,0x00,0x00,0x07,0x12,0x00,0x10,0x00,0x07,0x00,0x00,0x00,0x0a,0x00,0x10,0x00,
0x07,0x00,0x00,0x00,0x01,0x40,0x00,0x00,0x01,0x00,0x00,0x00,0x1e,0x00,0x00,0x07,
0x82,0x00,0x10,0x00,0x06,0x00,0x00,0x00,0x3a,0x00,0x10,0x00,0x06,0x00,0x00,0x00,
0x0a,0x00,0x10,0x00,0x07,0x00,0x00,0x00,0x12,0x00,0x00,0x01,0x36,0x00,0x00,0x05,
0x42,0x00,0x10,0x00,0x02,0x00,0x00,0x00,0x01,0x40,0x00,0x00,0x00,0xe0,0x7f,0x47,
0x15,0x00,0x00,0x01,0x15,0x00,0x00,0x01,0x31,0x00,0x00,0x07,0x12,0x00,0x10,0x00,
0x07,0x00,0x00,0x00,0x2a,0x00,0x10,0x00,0x02,0x00,0x00,0x00,0x01,0x40,0x00,0x00,
0x00,0xe0,0x7f,0x47,0x01,0x00,0x00,0x07,0x82,0x00,0x10,0x00,0x02,0x00,0x00,0x00,
0x3a,0x00,0x10,0x00,0x02,0x00,0x00,0x00,0x0a,0x00,0x10,0x00,0x07,0x00,0x00,0x00,
0x1f,0x00,0x04,0x03,0x3a,0x00,0x10,0x00,0x02,0x00,0x00,0x00,0x11,0x00,0x00,0x08,
0x12,0x00,0x10,0x00,0x07,0x00,0x00,0x00,0x46,0x0e,0x10,0x00,0x0f,0x00,0x00,0x00,
0x46,0x9e,0x90,0x00,0x2a,0x00,0x10,0x00,0x06,0x00,0x00,0x00,0x11,0x00,0x00,0x08,
0x22,0x00,0x10,0x00,0x07,0x00,0x00,0x00,0x46,0x0e,0x10,0x00,0x10,0x00,0x00,0x00,
0x46,0x9e,0x90,0x00,0x3a,0x00,0x10,0x00,0x06,0x00,0x00,0x00,0x00,0x00,0x00,0x08,
0x82,0x00,0x10,0x00,0x07,0x00,0x00,0x00,0x1a,0x00,0x10,0x80,0x41,0x00,0x00,0x00,
0x07,0x00,0x00,0x00,0x0a,0x00,0x10,0x00,0x07,0x00,0x00,0x00,0x31,0x00,0x00,0x08,
0x42,0x00,0x10,0x00,0x09,0x00,0x00,0x00,0x01,0x40,0x00,0x00,0x40,0xda,0x7f,0x38,
0x3a,0x00,0x10,0x80,0x81,0x00,0x00,0x00,0x07,0x00,0x00,0x00,0x1f,0x00,0x04,0x03,
0x2a,0x00,0x10,0x00,0x09,0x00,0x00,0x00,0x31,0x00,0x00,0x07,0x42,0x00,0x10,0x00,
0x09,0x00,0x00,0x00,0x01,0x40,0x00,0x00,0x00,0x00,0x00,0x00,0x3a,0x00,0x10,0x00,
0x07,0x00,0x00,0x00,0x31,0x00,0x00,0x07,0x82,0x00,0x10,0x00,0x07,0x00,0x00,0x00,
0x3a,0x00,0x10,0x00,0x07,0x00,0x00,0x00,0x01,0x40,0x00,0x00,0x00,0x00,0x00,0x00,
0x1e,0x00,0x00,0x08,0x82,0x00,0x10,0x00,0x07,0x00,0x00,0x00,0x2a,0x00,0x10,0x80,
0x41,0x00,0x00,0x00,0x09,0x00,0x00,0x00,0x3a,0x00,0x10,0x00,0x07,0x00,0x00,0x00,
0x2b,0x00,0x00,0x05,0x82,0x00,0x10,0x00,0x07,0x00,0x00,0x00,0x3a,0x00,0x10,0x00,
0x07,0x00,0x00,0x00,0x34,0x00,0x00,0x07,0x42,0x00,0x10,0x00,0x09,0x00,0x00,0x00,
0x1a,0x00,0x10,0x00,0x07,0x00,0x00,0x00,0x0a,0x00,0x10,0x00,0x07,0x00,0x00,0x00,
0x39,0x00,0x00,0x07,0x82,0x00,0x10,0x00,0x09,0x00,0x00,0x00,0x2a,0x00,0x10,0x00,
0x09,0x00,0x00,0x00,0x01,0x40,0x00,0x00,0x00,0x00,0x00,0x00,0x33,0x00,0x00,0x07,
0x42,0x00,0x10,0x00,0x0c,0x00,0x00,0x00,0x1a,0x00,0x10,0x00,0x07,0x00,0x00,0x00,
0x0a,0x00,0x10,0x00,0x07,0x00,0x00,0x00,0x0e,0x00,0x00,0x07,0x42,0x00,0x10,0x00,
0x09,0x00,0x00,0x00,0x2a,0x00,0x10,0x00,0x0c,0x00,0x00,0x00,0x2a,0x00,0x10,0x00,
0x09,0x00,0x00,0x00,0x01,0x00,0x00,0x07,0x42,0x00,0x10,0x00,0x09,0x00,0x00,0x00,
0x2a,0x00,0x10,0x00,0x09,0x00,0x00,0x00,0x3a,0x00,0x10,0x00,0x09,0x00,0x00,0x00,
0x00,0x00,0x00,0x08,0x42,0x00,0x10,0x00,0x09,0x00,0x00,0x00,0x2a,0x00,0x10,0x80,
0x41,0x00,0x00,0x00,0x09,0x00,0x00,0x00,0x01,0x40,0x00,0x00,0x00,0x00,0x80,0x3f,
0x38,0x00,0x00,0x07,0x82,0x00,0x10,0x00,0x07,0x00,0x00,0x00,0x3a,0x00,0x10,0x00,
0x07,0x00,0x00,0x00,0x2a,0x00,0x10,0x00,0x09,0x00,0x00,0x00,0x31,0x00,0x00,0x09,
0x42,0x00,0x10,0x00,0x09,0x00,0x00,0x00,0x3a,0x00,0x10,0x80,0x81,0x00,0x00,0x00,
0x07,0x00,0x00,0x00,0x2a,0x00,0x10,0x80,0x81,0x00,0x00,0x00,0x02,0x00,0x00,0x00,
0x37,0x00,0x00,0x09,0x42,0x00,0x10,0x00,0x02,0x00,0x00,0x00,0x2a,0x00,0x10,0x00,
0x09,0x00,0x00,0x00,0x3a,0x00,0x10,0x00,0x07,0x00,0x00,0x00,0x2a,0x00,0x10,0x00,
0x02,0x00,0x00,0x00,0x31,0x00,0x00,0x07,0x12,0x00,0x10,0x00,0x07,0x00,0x00,0x00,
0x0a,0x00,0x10,0x00,0x07,0x00,0x00,0x00,0x1a,0x00,0x10,0x00,0x07,0x00,0x00,0x00,
0x01,0x00,0x00,0x07,0x12,0x00,0x10,0x00,0x07,0x00,0x00,0x00,0x0a,0x00,0x10,0x00,
0x07,0x00,0x00,0x00,0x01,0x40,0x00,0x00,0x01,0x00,0x00,0x00,0x1e,0x00,0x00,0x07,
0x42,0x00,0x10,0x00,0x06,0x00,0x00,0x00,0x2a,0x00,0x10,0x00,0x06,0x00,0x00,0x00,
0x0a,0x00,0x10,0x00,0x07,0x00,0x00,0x00,0x20,0x00,0x00,0x0a,0xf2,0x00,0x10,0x00,
0x11,0x00,0x00,0x00,0xa6,0x0a,0x10,0x00,0x06,0x00,0x00,0x00,0x02,0x40,0x00,0x00,
0x00,0x00,0x00,0x00,0x01,0x00,0x00,0x00,0x02,0x00,0x00,0x00,0x03,0x00,0x00,0x00,
0x20,0x00,0x00,0x07,0x12,0x00,0x10,0x00,0x07,0x00,0x00,0x00,0x2a,0x00,0x10,0x00,
0x06,0x00,0x00,0x00,0x01,0x40,0x00,0x00,0x04,0x00,0x00,0x00,0x01,0x00,0x00,0x0a,
0xf2,0x00,0x10,0x00,0x11,0x00,0x00,0x00,0x46,0x0e,0x10,0x00,0x11,0x00,0x00,0x00,
0x02,0x40,0x00,0x00,0x00,0x00,0x80,0x3f,0x00,0x00,0x80,0x3f,0x00,0x00,0x80,0x3f,
0x00,0x00,0x80,0x3f,0x01,0x00,0x00,0x07,0x12,0x00,0x10,0x00,0x07,0x00,0x00,0x00,
0x0a,0x00,0x10,0x00,0x07,0x00,0x00,0x00,0x01,0x40,0x00,0x00,0x00,0x00,0x80,0x3f,
0x11,0x00,0x00,0x07,0x82,0x00,0x10,0x00,0x07,0x00,0x00,0x00,0x46,0x0e,0x10,0x00,
0x11,0x00,0x00,0x00,0x46,0x0e,0x10,0x00,0x0f,0x00,0x00,0x00,0x32,0x00,0x00,0x09,
0x12,0x00,0x10,0x00,0x07,0x00,0x00,0x00,0x0a,0x00,0x10,0x00,0x07,0x00,0x00,0x00,
0x2a,0x00,0x10,0x00,0x0d,0x00,0x00,0x00,0x3a,0x00,0x10,0x00,0x07,0x00,0x00,0x00,
0x1d,0x00,0x00,0x07,0x12,0x00,0x10,0x00,0x07,0x00,0x00,0x00,0x0a,0x00,0x10,0x00,
0x07,0x00,0x00,0x00,0x1a,0x00,0x10,0x00,0x07,0x00,0x00,0x00,0x01,0x00,0x00,0x07,
0x12,0x00,0x10,0x00,0x07,0x00,0x00,0x00,0x0a,0x00,0x10,0x00,0x07,0x00,0x00,0x00,
0x01,0x40,0x00,0x00,0x01,0x00,0x00,0x00,0x1e,0x00,0x00,0x07,0x82,0x00,0x10,0x00,
0x06,0x00,0x00,0x00,0x3a,0x00,0x10,0x00,0x06,0x00,0x00,0x00,0x0a,0x00,0x10,0x00,
0x07,0x00,0x00,0x00,0x12,0x00,0x00,0x01,0x36,0x00,0x00,0x05,0x42,0x00,0x10,0x00,
0x02,0x00,0x00,0x00,0x01,0x40,0x00,0x00,0x00,0xe0,0x7f,0x47,0x15,0x00,0x00,0x01,
0x15,0x00,0x00,0x01,0x31,0x00,0x00,0x07,0x12,0x00,0x10,0x00,0x07,0x00,0x00,0x00,
0x2a,0x00,0x10,0x00,0x02,0x00,0x00,0x00,0x01,0x40,0x00,0x00,0x00,0xe0,0x7f,0x47,
0x01,0x00,0x00,0x07,0x82,0x00,0x10,0x00,0x02,0x00,0x00,0x00,0x3a,0x00,0x10,0x00,
0x02,0x00,0x00,0x00,0x0a,0x00,0x10,0x00,0x07,0x00,0x00,0x00,0x1f,0x00,0x04,0x03,
0x3a,0x00,0x10,0x00,0x02,0x00,0x00,0x00,0x34,0x00,0x00,0x07,0x82,0x00,0x10,0x00,
0x02,0x00,0x00,0x00,0x1a,0x00,0x10,0x00,0x0e,0x00,0x00,0x00,0x0a,0x00,0x10,0x00,
0x0e,0x00,0x00,0x00,0x20,0x00,0x00,0x0a,0xf2,0x00,0x10,0x00,0x0e,0x00,0x00,0x00,
0xa6,0x0a,0x10,0x00,0x06,0x00,0x00,0x00,0x02,0x40,0x00,0x00,0x00,0x00,0x00,0x00,
0x01,0x00,0x00,0x00,0x02,0x00,0x00,0x00,0x03,0x00,0x00,0x00,0x20,0x00,0x00,0x07,
0x42,0x00,0x10,0x00,0x06,0x00,0x00,0x00,0x2a,0x00,0x10,0x00,0x06,0x00,0x00,0x00,
0x01,0x40,0x00,0x00,0x04,0x00,0x00,0x00,0x01,0x00,0x00,0x0a,0xf2,0x00,0x10,0x00,
0x0e,0x00,0x00,0x00,0x46,0x0e,0x10,0x00,0x0e,0x00,0x00,0x00,0x02,0x40,0x00,0x00,
0x00,0x00,0x80,0x3f,0x00,0x00,0x80,0x3f,0x00,0x00,0x80,0x3f,0x00,0x00,0x80,0x3f,
0x01,0x00,0x00,0x07,0x42,0x00,0x10,0x00,0x06,0x00,0x00,0x00,0x2a,0x00,0x10,0x00,
0x06,0x00,0x00,0x00,0x01,0x40,0x00,0x00,0x00,0x00,0x80,0x3f,0x11,0x00,0x00,0x07,
0x12,0x00,0x10,0x00,0x07,0x00,0x00,0x00,0x46,0x0e,0x10,0x00,0x0e,0x00,0x00,0x00,
0x46,0x0e,0x10,0x00,0x0f,0x00,0x00,0x00,0x32,0x00,0x00,0x09,0x42,0x00,0x10,0x00,
0x06,0x00,0x00,0x00,0x2a,0x00,0x10,0x00,0x06,0x00,0x00,0x00,0x2a,0x00,0x10,0x00,
0x0d,0x00,0x00,0x00,0x0a,0x00,0x10,0x00,0x07,0x00,0x00,0x00,0x20,0x00,0x00,0x0a,
0xf2,0x00,0x10,0x00,0x0d,0x00,0x00,0x00,0xf6,0x0f,0x10,0x00,0x06,0x00,0x00,0x00,
0x02,0x40,0x00,0x00,0x00,0x00,0x00,0x00,0x01,0x00,0x00,0x00,0x02,0x00,0x00,0x00,
0x03,0x00,0x00,0x00,0x20,0x00,0x00,0x07,0x82,0x00,0x10,0x00,0x06,0x00,0x00,0x00,
0x3a,0x00,0x10,0x00,0x06,0x00,0x00,0x00,0x01,0x40,0x00,0x00,0x04,0x00,0x00,0x00,
0x01,0x00,0x00,0x0a,0xf2,0x00,0x10,0x00,0x0d,0x00,0x00,0x00,0x46,0x0e,0x10,0x00,
0x0d,0x00,0x00,0x00,0x02,0x40,0x00,0x00,0x00,0x00,0x80,0x3f,0x00,0x00,0x80,0x3f,
0x00,0x00,0x80,0x3f,0x00,0x00,0x80,0x3f,0x01,0x00,0x00,0x07,0x82,0x00,0x10,0x00,
0x06,0x00,0x00,0x00,0x3a,0x00,0x10,0x00,0x06,0x00,0x00,0x00,0x01,0x40,0x00,0x00,
0x00,0x00,0x80,0x3f,0x11,0x00,0x00,0x07,0x12,0x00,0x10,0x00,0x07,0x00,0x00,0x00,
0x46,0x0e,0x10,0x00,0x0d,0x00,0x00,0x00,0x46,0x0e,0x10,0x00,0x10,0x00,0x00,0x00,
0x32,0x00,0x00,0x09,0x82,0x00,0x10,0x00,0x02,0x00,0x00,0x00,0x3a,0x00,0x10,0x00,
0x06,0x00,0x00,0x00,0x3a,0x00,0x10,0x00,0x02,0x00,0x00,0x00,0x0a,0x00,0x10,0x00,
0x07,0x00,0x00,0x00,0x00,0x00,0x00,0x08,0x82,0x00,0x10,0x00,0x06,0x00,0x00,0x00,
0x3a,0x00,0x10,0x80,0x41,0x00,0x00,0x00,0x02,0x00,0x00,0x00,0x2a,0x00,0x10,0x00,
0x06,0x00,0x00,0x00,0x31,0x00,0x00,0x08,0x12,0x00,0x10,0x00,0x07,0x00,0x00,0x00,
0x01,0x40,0x00,0x00,0x40,0xda,0x7f,0x38,0x3a,0x00,0x10,0x80,0x81,0x00,0x00,0x00,
0x06,0x00,0x00,0x00,0x1f,0x00,0x04,0x03,0x0a,0x00,0x10,0x00,0x07,0x00,0x00,0x00,
0x31,0x00,0x00,0x07,0x12,0x00,0x10,0x00,0x07,0x00,0x00,0x00,0x01,0x40,0x00,0x00,
0x00,0x00,0x00,0x00,0x3a,0x00,0x10,0x00,0x06,0x00,0x00,0x00,0x31,0x00,0x00,0x07,
0x82,0x00,0x10,0x00,0x06,0x00,0x00,0x00,0x3a,0x00,0x10,0x00,0x06,0x00,0x00,0x00,
0x01,0x40,0x00,0x00,0x00,0x00,0x00,0x00,0x1e,0x00,0x00,0x08,0x82,0x00,0x10,0x00,
0x06,0x00,0x00,0x00,0x0a,0x00,0x10,0x80,0x41,0x00,0x00,0x00,0x07,0x00,0x00,0x00,
0x3a,0x00,0x10,0x00,0x06,0x00,0x00,0x00,0x2b,0x00,0x00,0x05,0x82,0x00,0x10,0x00,
0x06,0x00,0x00,0x00,0x3a,0x00,0x10,0x00,0x06,0x00,0x00,0x00,0x34,0x00,0x00,0x07,
0x12,0x00,0x10,0x00,0x07,0x00,0x00,0x00,0x3a,0x00,0x10,0x00,0x02,0x00,0x00,0x00,
0x2a,0x00,0x10,0x00,0x06,0x00,0x00,0x00,0x39,0x00,0x00,0x07,0x22,0x00,0x10,0x00,
0x07,0x00,0x00,0x00,0x0a,0x00,0x10,0x00,0x07,0x00,0x00,0x00,0x01,0x40,0x00,0x00,
0x00,0x00,0x00,0x00,0x33,0x00,0x00,0x07,0x82,0x00,0x10,0x00,0x02,0x00,0x00,0x00,
0x3a,0x00,0x10,0x00,0x02,0x00,0x00,0x00,0x2a,0x00,0x10,0x00,0x06,0x00,0x00,0x00,
0x0e,0x00,0x00,0x07,0x82,0x00,0x10,0x00,0x02,0x00,0x00,0x00,0x3a,0x00,0x10,0x00,
0x02,0x00,0x00,0x00,0x0a,0x00,0x10,0x00,0x07,0x00,0x00,0x00,0x01,0x00,0x00,0x07,
0x82,0x00,0x10,0x00,0x02,0x00,0x00,0x00,0x3a,0x00,0x10,0x00,0x02,0x00,0x00,0x00,
0x1a,0x00,0x10,0x00,0x07,0x00,0x00,0x00,0x00,0x00,0x00,0x08,0x82,0x00,0x10,0x00,
0x02,0x00,0x00,0x00,0x3a,0x00,0x10,0x80,0x41,0x00,0x00,0x00,0x02,0x00,0x00,0x00,
0x01,0x40,0x00,0x00,0x00,0x00,0x80,0x3f,0x38,0x00,0x00,0x07,0x82,0x00,0x10,0x00,
0x02,0x00,0x00,0x00,0x3a,0x00,0x10,0x00,0x02,0x00,0x00,0x00,0x3a,0x00,0x10,0x00,
0x06,0x00,0x00,0x00,0x31,0x00,0x00,0x09,0x42,0x00,0x10,0x00,0x06,0x00,0x00,0x00,
0x3a,0x00,0x10,0x80,0x81,0x00,0x00,0x00,0x02,0x00,0x00,0x00,0x2a,0x00,0x10,0x80,
0x81,0x00,0x00,0x00,0x02,0x00,0x00,0x00,0x37,0x00,0x00,0x09,0x42,0x00,0x10,0x00,
0x02,0x00,0x00,0x00,0x2a,0x00,0x10,0x00,0x06,0x00,0x00,0x00,0x3a,0x00,0x10,0x00,
0x02,0x00,0x00,0x00,0x2a,0x00,0x10,0x00,0x02,0x00,0x00,0x00,0x12,0x00,0x00,0x01,
0x36,0x00,0x00,0x05,0x42,0x00,0x10,0x00,0x02,0x00,0x00,0x00,0x01,0x40,0x00,0x00,
0x00,0xe0,0x7f,0x47,0x15,0x00,0x00,0x01,0x15,0x00,0x00,0x01,0x31,0x00,0x00,0x07,
0x82,0x00,0x10,0x00,0x02,0x00,0x00,0x00,0x2a,0x00,0x10,0x00,0x02,0x00,0x00,0x00,
0x01,0x40,0x00,0x00,0x00,0xdf,0x7f,0x47,0x01,0x00,0x00,0x07,0x82,0x00,0x10,0x00,
0x02,0x00,0x00,0x00,0x3a,0x00,0x10,0x00,0x02,0x00,0x00,0x00,0x01,0x40,0x00,0x00,
0x00,0x00,0x80,0x3f,0x38,0x00,0x00,0x07,0x12,0x00,0x10,0x00,0x07,0x00,0x00,0x00,
0x3a,0x00,0x10,0x00,0x02,0x00,0x00,0x00,0x2a,0x00,0x10,0x00,0x02,0x00,0x00,0x00,
0x12,0x00,0x00,0x01,0x36,0x00,0x00,0x05,0x12,0x00,0x10,0x00,0x07,0x00,0x00,0x00,
0x01,0x40,0x00,0x00,0x00,0x00,0x00,0x00,0x15,0x00,0x00,0x01,0x39,0x00,0x00,0x07,
0x42,0x00,0x10,0x00,0x02,0x00,0x00,0x00,0x0a,0x00,0x10,0x00,0x07,0x00,0x00,0x00,
0x01,0x40,0x00,0x00,0x00,0x00,0x00,0x00,0x31,0x00,0x00,0x07,0x82,0x00,0x10,0x00,
0x02,0x00,0x00,0x00,0x01,0x40,0x00,0x00,0x00,0x00,0x00,0x00,0x0a,0x00,0x10,0x00,
0x07,0x00,0x00,0x00,0x31,0x00,0x00,0x07,0x42,0x00,0x10,0x00,0x06,0x00,0x00,0x00,
0x0a,0x00,0x10,0x00,0x07,0x00,0x00,0x00,0x01,0x40,0x00,0x00,0x00,0x00,0x00,0x00,
0x1e,0x00,0x00,0x08,0x82,0x00,0x10,0x00,0x02,0x00,0x00,0x00,0x3a,0x00,0x10,0x80,
0x41,0x00,0x00,0x00,0x02,0x00,0x00,0x00,0x2a,0x00,0x10,0x00,0x06,0x00,0x00,0x00,
0x2b,0x00,0x00,0x05,0x82,0x00,0x10,0x00,0x02,0x00,0x00,0x00,0x3a,0x00,0x10,0x00,
0x02,0x00,0x00,0x00,0x01,0x00,0x00,0x07,0x22,0x00,0x10,0x00,0x07,0x00,0x00,0x00,
0x3a,0x00,0x10,0x00,0x02,0x00,0x00,0x00,0x2a,0x00,0x10,0x00,0x02,0x00,0x00,0x00,
0x00,0x00,0x00,0x07,0xf2,0x00,0x10,0x00,0x09,0x00,0x00,0x00,0x46,0x00,0x10,0x00,
0x09,0x00,0x00,0x00,0x46,0x00,0x10,0x00,0x0c,0x00,0x00,0x00,0x00,0x00,0x00,0x07,
0xf2,0x00,0x10,0x00,0x06,0x00,0x00,0x00,0x46,0x00,0x10,0x00,0x06,0x00,0x00,0x00,
0x46,0x0e,0x10,0x00,0x09,0x00,0x00,0x00,0x00,0x00,0x00,0x07,0xf2,0x00,0x10,0x00,
0x06,0x00,0x00,0x00,0x46,0x00,0x10,0x00,0x07,0x00,0x00,0x00,0x46,0x0e,0x10,0x00,
0x06,0x00,0x00,0x00,0x38,0x00,0x00,0x0a,0xf2,0x00,0x10,0x00,0x06,0x00,0x00,0x00,
0x46,0x0e,0x10,0x00,0x06,0x00,0x00,0x00,0x02,0x40,0x00,0x00,0x00,0x00,0x80,0x3e,
0x00,0x00,0x80,0x3e,0x00,0x00,0x80,0x3e,0x00,0x00,0x80,0x3e,0x36,0x00,0x00,0x06,
0x32,0x30,0x20,0x00,0x00,0x00,0x00,0x00,0x00,0x00,0x00,0x00,0x76,0x0f,0x10,0x00,
0x06,0x00,0x00,0x00,0xa4,0x00,0x00,0x07,0xf2,0xe0,0x11,0x00,0x01,0x00,0x00,0x00,
0x46,0x0e,0x10,0x00,0x05,0x00,0x00,0x00,0x46,0x0e,0x10,0x00,0x06,0x00,0x00,0x00,
0x1e,0x00,0x00,0x0a,0x92,0x00,0x10,0x00,0x04,0x00,0x00,0x00,0x56,0x09,0x10,0x00,
0x04,0x00,0x00,0x00,0x02,0x40,0x00,0x00,0x20,0x00,0x00,0x00,0x00,0x00,0x00,0x00,
0x00,0x00,0x00,0x00,0x20,0x00,0x00,0x00,0x8c,0x00,0x00,0x11,0xf2,0x00,0x10,0x00,
0x05,0x00,0x00,0x00,0x02,0x40,0x00,0x00,0x1a,0x00,0x00,0x00,0x1a,0x00,0x00,0x00,
0x1a,0x00,0x00,0x00,0x1a,0x00,0x00,0x00,0x02,0x40,0x00,0x00,0x06,0x00,0x00,0x00,
0x06,0x00,0x00,0x00,0x06,0x00,0x00,0x00,0x06,0x00,0x00,0x00,0xc6,0x0c,0x10,0x00,
0x00,0x00,0x00,0x00,0x86,0x0d,0x10,0x00,0x04,0x00,0x00,0x00,0x1e,0x00,0x00,0x0a,
0x92,0x00,0x10,0x00,0x03,0x00,0x00,0x00,0x56,0x09,0x10,0x00,0x03,0x00,0x00,0x00,
0x02,0x40,0x00,0x00,0x10,0x00,0x00,0x00,0x00,0x00,0x00,0x00,0x00,0x00,0x00,0x00,
0x10,0x00,0x00,0x00,0x8c,0x00,0x00,0x11,0xf2,0x00,0x10,0x00,0x06,0x00,0x00,0x00,
0x02,0x40,0x00,0x00,0x1b,0x00,0x00,0x00,0x1b,0x00,0x00,0x00,0x1b,0x00,0x00,0x00,
0x1b,0x00,0x00,0x00,0x02,0x40,0x00,0x00,0x05,0x00,0x00,0x00,0x05,0x00,0x00,0x00,
0x05,0x00,0x00,0x00,0x05,0x00,0x00,0x00,0xc6,0x0f,0x10,0x00,0x00,0x00,0x00,0x00,
0x86,0x0a,0x10,0x00,0x03,0x00,0x00,0x00,0x1e,0x00,0x00,0x0a,0xf2,0x00,0x10,0x00,
0x09,0x00,0x00,0x00,0x46,0x04,0x10,0x00,0x05,0x00,0x00,0x00,0x02,0x40,0x00,0x00,
0x00,0x00,0x00,0x00,0x01,0x00,0x00,0x00,0x01,0x00,0x00,0x00,0x00,0x00,0x00,0x00,
0x1e,0x00,0x00,0x0a,0xf2,0x00,0x10,0x00,0x0c,0x00,0x00,0x00,0x46,0x0e,0x10,0x00,
0x05,0x00,0x00,0x00,0x02,0x40,0x00,0x00,0x01,0x00,0x00,0x00,0x01,0x00,0x00,0x00,
0x01,0x00,0x00,0x00,0x01,0x00,0x00,0x00,0x25,0x00,0x00,0x07,0xf2,0x00,0x10,0x00,
0x0d,0x00,0x00,0x00,0x46,0x04,0x10,0x00,0x08,0x00,0x00,0x00,0x46,0x0e,0x10,0x00,
0x05,0x00,0x00,0x00,0x24,0x00,0x00,0x0a,0x32,0x00,0x10,0x00,0x0e,0x00,0x00,0x00,
0x46,0x00,0x10,0x00,0x0d,0x00,0x00,0x00,0x02,0x40,0x00,0x00,0x00,0x00,0x00,0x00,
0x00,0x00,0x00,0x00,0x00,0x00,0x00,0x00,0x00,0x00,0x00,0x00,0x36,0x00,0x00,0x08,
0xc2,0x00,0x10,0x00,0x0e,0x00,0x00,0x00,0x02,0x40,0x00,0x00,0x00,0x00,0x00,0x00,
0x00,0x00,0x00,0x00,0x00,0x00,0x00,0x00,0x00,0x00,0x00,0x00,0x2d,0x00,0x00,0x89,
0xc2,0x00,0x00,0x80,0x43,0x55,0x15,0x00,0xc2,0x00,0x10,0x00,0x02,0x00,0x00,0x00,
0x46,0x0e,0x10,0x00,0x0e,0x00,0x00,0x00,0xe6,0x74,0x10,0x00,0x02,0x00,0x00,0x00,
0x2b,0x00,0x00,0x05,0xf2,0x00,0x10,0x00,0x0e,0x00,0x00,0x00,0x46,0x04,0x10,0x00,
0x0e,0x00,0x00,0x00,0x00,0x00,0x00,0x0a,0xf2,0x00,0x10,0x00,0x0e,0x00,0x00,0x00,
0x46,0x0e,0x10,0x00,0x0e,0x00,0x00,0x00,0x02,0x40,0x00,0x00,0x00,0x00,0x00,0x3f,
0x00,0x00,0x00,0x3f,0x00,0x00,0x00,0x3f,0x00,0x00,0x00,0x3f,0x0e,0x00,0x00,0x07,
0xf2,0x00,0x10,0x00,0x0e,0x00,0x00,0x00,0x46,0x0e,0x10,0x00,0x0e,0x00,0x00,0x00,
0x46,0x04,0x10,0x00,0x0a,0x00,0x00,0x00,0x00,0x00,0x00,0x07,0xf2,0x00,0x10,0x00,
0x0f,0x00,0x00,0x00,0xe6,0x0e,0x10,0x00,0x0b,0x00,0x00,0x00,0xe6,0x0e,0x10,0x00,
0x0e,0x00,0x00,0x00,0x00,0x00,0x00,0x07,0xf2,0x00,0x10,0x00,0x0f,0x00,0x00,0x00,
0xe6,0x0e,0x10,0x00,0x02,0x00,0x00,0x00,0x46,0x0e,0x10,0x00,0x0f,0x00,0x00,0x00,
0x1d,0x00,0x00,0x0a,0xc2,0x00,0x10,0x00,0x02,0x00,0x00,0x00,0xa6,0x0e,0x10,0x00,
0x0f,0x00,0x00,0x00,0x02,0x40,0x00,0x00,0x00,0x00,0x00,0x00,0x00,0x00,0x00,0x00,
0x00,0x00,0x00,0x00,0x00,0x00,0x00,0x00,0x1d,0x00,0x00,0x0a,0x32,0x00,0x10,0x00,
0x05,0x00,0x00,0x00,0x02,0x40,0x00,0x00,0x00,0x00,0x80,0x3f,0x00,0x00,0x80,0x3f,
0x00,0x00,0x00,0x00,0x00,0x00,0x00,0x00,0xe6,0x0a,0x10,0x00,0x0f,0x00,0x00,0x00,
0x01,0x00,0x00,0x07,0xc2,0x00,0x10,0x00,0x02,0x00,0x00,0x00,0xa6,0x0e,0x10,0x00,
0x02,0x00,0x00,0x00,0x06,0x04,0x10,0x00,0x05,0x00,0x00,0x00,0x01,0x00,0x00,0x07,
0x42,0x00,0x10,0x00,0x02,0x00,0x00,0x00,0x3a,0x00,0x10,0x00,0x02,0x00,0x00,0x00,
0x2a,0x00,0x10,0x00,0x02,0x00,0x00,0x00,0x1f,0x00,0x04,0x03,0x2a,0x00,0x10,0x00,
0x02,0x00,0x00,0x00,0x38,0x00,0x00,0x07,0xf2,0x00,0x10,0x00,0x0f,0x00,0x00,0x00,
0xe6,0x0e,0x10,0x00,0x0a,0x00,0x00,0x00,0x46,0x0e,0x10,0x00,0x0f,0x00,0x00,0x00,
0x41,0x00,0x00,0x05,0xf2,0x00,0x10,0x00,0x0f,0x00,0x00,0x00,0x46,0x0e,0x10,0x00,
0x0f,0x00,0x00,0x00,0x1b,0x00,0x00,0x05,0xf2,0x00,0x10,0x00,0x0f,0x00,0x00,0x00,
0x46,0x0e,0x10,0x00,0x0f,0x00,0x00,0x00,0x1e,0x00,0x00,0x0b,0xf2,0x00,0x10,0x00,
0x10,0x00,0x00,0x00,0xe6,0x8e,0x20,0x00,0x00,0x00,0x00,0x00,0x00,0x00,0x00,0x00,
0x02,0x40,0x00,0x00,0xff,0xff,0xff,0xff,0xff,0xff,0xff,0xff,0xff,0xff,0xff,0xff,
0xff,0xff,0xff,0xff,0x25,0x00,0x00,0x07,0xc2,0x00,0x10,0x00,0x02,0x00,0x00,0x00,
0xa6,0x0e,0x10,0x00,0x0f,0x00,0x00,0x00,0xa6,0x0e,0x10,0x00,0x10,0x00,0x00,0x00,
0x24,0x00,0x00,0x0a,0x32,0x00,0x10,0x00,0x11,0x00,0x00,0x00,0xe6,0x0a,0x10,0x00,
0x02,0x00,0x00,0x00,0x02,0x40,0x00,0x00,0x00,0x00,0x00,0x00,0x00,0x00,0x00,0x00,
0x00,0x00,0x00,0x00,0x00,0x00,0x00,0x00,0x36,0x00,0x00,0x08,0xc2,0x00,0x10,0x00,
0x11,0x00,0x00,0x00,0x02,0x40,0x00,0x00,0x00,0x00,0x00,0x00,0x00,0x00,0x00,0x00,
0x00,0x00,0x00,0x00,0x00,0x00,0x00,0x00,0x2d,0x00,0x00,0x89,0xc2,0x00,0x00,0x80,
0x43,0x55,0x15,0x00,0x42,0x00,0x10,0x00,0x02,0x00,0x00,0x00,0x46,0x0e,0x10,0x00,
0x11,0x00,0x00,0x00,0x96,0x7c,0x10,0x00,0x01,0x00,0x00,0x00,0x38,0x00,0x00,0x08,
0x42,0x00,0x10,0x00,0x02,0x00,0x00,0x00,0x2a,0x00,0x10,0x00,0x02,0x00,0x00,0x00,
0x1a,0x80,0x20,0x00,0x00,0x00,0x00,0x00,0x07,0x00,0x00,0x00,0x38,0x00,0x00,0x07,
0x42,0x00,0x10,0x00,0x02,0x00,0x00,0x00,0x2a,0x00,0x10,0x00,0x07,0x00,0x00,0x00,
0x2a,0x00,0x10,0x00,0x02,0x00,0x00,0x00,0x34,0x00,0x00,0x07,0x42,0x00,0x10,0x00,
0x02,0x00,0x00,0x00,0x2a,0x00,0x10,0x00,0x02,0x00,0x00,0x00,0x01,0x40,0x00,0x00,
0x40,0xda,0x7f,0x38,0x1e,0x00,0x00,0x0a,0xf2,0x00,0x10,0x00,0x11,0x00,0x00,0x00,
0xe6,0x0e,0x10,0x00,0x0f,0x00,0x00,0x00,0x02,0x40,0x00,0x00,0xff,0xff,0xff,0xff,
0x00,0x00,0x00,0x00,0x01,0x00,0x00,0x00,0x00,0x00,0x00,0x00,0x25,0x00,0x00,0x07,
0xf2,0x00,0x10,0x00,0x11,0x00,0x00,0x00,0x46,0x0e,0x10,0x00,0x10,0x00,0x00,0x00,
0x46,0x0e,0x10,0x00,0x11,0x00,0x00,0x00,0x24,0x00,0x00,0x0a,0xf2,0x00,0x10,0x00,
0x11,0x00,0x00,0x00,0xe6,0x04,0x10,0x00,0x11,0x00,0x00,0x00,0x02,0x40,0x00,0x00,
0x00,0x00,0x00,0x00,0x00,0x00,0x00,0x00,0x00,0x00,0x00,0x00,0x00,0x00,0x00,0x00,
0x36,0x00,0x00,0x05,0x32,0x00,0x10,0x00,0x12,0x00,0x00,0x00,0xe6,0x0a,0x10,0x00,
0x11,0x00,0x00,0x00,0x36,0x00,0x00,0x08,0xc2,0x00,0x10,0x00,0x12,0x00,0x00,0x00,
0x02,0x40,0x00,0x00,0x00,0x00,0x00,0x00,0x00,0x00,0x00,0x00,0x00,0x00,0x00,0x00,
0x00,0x00,0x00,0x00,0x2d,0x00,0x00,0x89,0xc2,0x00,0x00,0x80,0x43,0x55,0x15,0x00,
0x82,0x00,0x10,0x00,0x02,0x00,0x00,0x00,0x46,0x0e,0x10,0x00,0x12,0x00,0x00,0x00,
0x96,0x73,0x10,0x00,0x01,0x00,0x00,0x00,0x38,0x00,0x00,0x08,0x82,0x00,0x10,0x00,
0x02,0x00,0x00,0x00,0x3a,0x00,0x10,0x00,0x02,0x00,0x00,0x00,0x1a,0x80,0x20,0x00,
0x00,0x00,0x00,0x00,0x07,0x00,0x00,0x00,0x38,0x00,0x00,0x07,0x82,0x00,0x10,0x00,
0x02,0x00,0x00,0x00,0x2a,0x00,0x10,0x00,0x07,0x00,0x00,0x00,0x3a,0x00,0x10,0x00,
0x02,0x00,0x00,0x00,0x34,0x00,0x00,0x07,0x82,0x00,0x10,0x00,0x02,0x00,0x00,0x00,
0x3a,0x00,0x10,0x00,0x02,0x00,0x00,0x00,0x01,0x40,0x00,0x00,0x40,0xda,0x7f,0x38,
0x36,0x00,0x00,0x08,0xc2,0x00,0x10,0x00,0x11,0x00,0x00,0x00,0x02,0x40,0x00,0x00,
0x00,0x00,0x00,0x00,0x00,0x00,0x00,0x00,0x00,0x00,0x00,0x00,0x00,0x00,0x00,0x00,
0x2d,0x00,0x00,0x89,0xc2,0x00,0x00,0x80,0x43,0x55,0x15,0x00,0x12,0x00,0x10,0x00,
0x05,0x00,0x00,0x00,0x46,0x0e,0x10,0x00,0x11,0x00,0x00,0x00,0x46,0x7e,0x10,0x00,
0x01,0x00,0x00,0x00,0x38,0x00,0x00,0x08,0x12,0x00,0x10,0x00,0x05,0x00,0x00,0x00,
0x0a,0x00,0x10,0x00,0x05,0x00,0x00,0x00,0x1a,0x80,0x20,0x00,0x00,0x00,0x00,0x00,
0x07,0x00,0x00,0x00,0x38,0x00,0x00,0x07,0x12,0x00,0x10,0x00,0x05,0x00,0x00,0x00,
0x2a,0x00,0x10,0x00,0x07,0x00,0x00,0x00,0x0a,0x00,0x10,0x00,0x05,0x00,0x00,0x00,
0x34,0x00,0x00,0x07,0x12,0x00,0x10,0x00,0x05,0x00,0x00,0x00,0x0a,0x00,0x10,0x00,
0x05,0x00,0x00,0x00,0x01,0x40,0x00,0x00,0x40,0xda,0x7f,0x38,0x1e,0x00,0x00,0x0a,
0xf2,0x00,0x10,0x00,0x0f,0x00,0x00,0x00,0x46,0x0e,0x10,0x00,0x0f,0x00,0x00,0x00,
0x02,0x40,0x00,0x00,0x00,0x00,0x00,0x00,0xff,0xff,0xff,0xff,0x00,0x00,0x00,0x00,
0x01,0x00,0x00,0x00,0x25,0x00,0x00,0x07,0xf2,0x00,0x10,0x00,0x0f,0x00,0x00,0x00,
0x46,0x0e,0x10,0x00,0x10,0x00,0x00,0x00,0x46,0x0e,0x10,0x00,0x0f,0x00,0x00,0x00,
0x24,0x00,0x00,0x0a,0xf2,0x00,0x10,0x00,0x0f,0x00,0x00,0x00,0xe6,0x04,0x10,0x00,
0x0f,0x00,0x00,0x00,0x02,0x40,0x00,0x00,0x00,0x00,0x00,0x00,0x00,0x00,0x00,0x00,
0x00,0x00,0x00,0x00,0x00,0x00,0x00,0x00,0x36,0x00,0x00,0x05,0x32,0x00,0x10,0x00,
0x10,0x00,0x00,0x00,0xe6,0x0a,0x10,0x00,0x0f,0x00,0x00,0x00,0x36,0x00,0x00,0x08,
0xc2,0x00,0x10,0x00,0x10,0x00,0x00,0x00,0x02,0x40,0x00,0x00,0x00,0x00,0x00,0x00,
0x00,0x00,0x00,0x00,0x00,0x00,0x00,0x00,0x00,0x00,0x00,0x00,0x2d,0x00,0x00,0x89,
0xc2,0x00,0x00,0x80,0x43,0x55,0x15,0x00,0x22,0x00,0x10,0x00,0x05,0x00,0x00,0x00,
0x46,0x0e,0x10,0x00,0x10,0x00,0x00,0x00,0x16,0x7e,0x10,0x00,0x01,0x00,0x00,0x00,
0x38,0x00,0x00,0x08,0x22,0x00,0x10,0x00,0x05,0x00,0x00,0x00,0x1a,0x00,0x10,0x00,
0x05,0x00,0x00,0x00,0x1a,0x80,0x20,0x00,0x00,0x00,0x00,0x00,0x07,0x00,0x00,0x00,
0x38,0x00,0x00,0x07,0x22,0x00,0x10,0x00,0x05,0x00,0x00,0x00,0x2a,0x00,0x10,0x00,
0x07,0x00,0x00,0x00,0x1a,0x00,0x10,0x00,0x05,0x00,0x00,0x00,0x34,0x00,0x00,0x07,
0x22,0x00,0x10,0x00,0x05,0x00,0x00,0x00,0x1a,0x00,0x10,0x00,0x05,0x00,0x00,0x00,
0x01,0x40,0x00,0x00,0x40,0xda,0x7f,0x38,0x36,0x00,0x00,0x08,0xc2,0x00,0x10,0x00,
0x0f,0x00,0x00,0x00,0x02,0x40,0x00,0x00,0x00,0x00,0x00,0x00,0x00,0x00,0x00,0x00,
0x00,0x00,0x00,0x00,0x00,0x00,0x00,0x00,0x2d,0x00,0x00,0x89,0xc2,0x00,0x00,0x80,
0x43,0x55,0x15,0x00,0x12,0x00,0x10,0x00,0x07,0x00,0x00,0x00,0x46,0x0e,0x10,0x00,
0x0f,0x00,0x00,0x00,0x46,0x7e,0x10,0x00,0x01,0x00,0x00,0x00,0x38,0x00,0x00,0x08,
0x12,0x00,0x10,0x00,0x07,0x00,0x00,0x00,0x0a,0x00,0x10,0x00,0x07,0x00,0x00,0x00,
0x1a,0x80,0x20,0x00,0x00,0x00,0x00,0x00,0x07,0x00,0x00,0x00,0x38,0x00,0x00,0x07,
0x12,0x00,0x10,0x00,0x07,0x00,0x00,0x00,0x2a,0x00,0x10,0x00,0x07,0x00,0x00,0x00,
0x0a,0x00,0x10,0x00,0x07,0x00,0x00,0x00,0x34,0x00,0x00,0x07,0x12,0x00,0x10,0x00,
0x07,0x00,0x00,0x00,0x0a,0x00,0x10,0x00,0x07,0x00,0x00,0x00,0x01,0x40,0x00,0x00,
0x40,0xda,0x7f,0x38,0x00,0x00,0x00,0x07,0xf2,0x00,0x10,0x00,0x0e,0x00,0x00,0x00,
0x46,0x04,0x10,0x00,0x0b,0x00,0x00,0x00,0x46,0x0e,0x10,0x00,0x0e,0x00,0x00,0x00,
0x38,0x00,0x00,0x07,0xf2,0x00,0x10,0x00,0x0e,0x00,0x00,0x00,0x46,0x04,0x10,0x00,
0x0a,0x00,0x00,0x00,0x46,0x0e,0x10,0x00,0x0e,0x00,0x00,0x00,0x41,0x00,0x00,0x05,
0xf2,0x00,0x10,0x00,0x0e,0x00,0x00,0x00,0x46,0x0e,0x10,0x00,0x0e,0x00,0x00,0x00,
0x1b,0x00,0x00,0x05,0xf2,0x00,0x10,0x00,0x0e,0x00,0x00,0x00,0x46,0x0e,0x10,0x00,
0x0e,0x00,0x00,0x00,0x25,0x00,0x00,0x07,0xa2,0x00,0x10,0x00,0x07,0x00,0x00,0x00,
0xa6,0x0e,0x10,0x00,0x08,0x00,0x00,0x00,0xa6,0x0e,0x10,0x00,0x0e,0x00,0x00,0x00,
0x24,0x00,0x00,0x0a,0x32,0x00,0x10,0x00,0x0f,0x00,0x00,0x00,0xd6,0x05,0x10,0x00,
0x07,0x00,0x00,0x00,0x02,0x40,0x00,0x00,0x00,0x00,0x00,0x00,0x00,0x00,0x00,0x00,
0x00,0x00,0x00,0x00,0x00,0x00,0x00,0x00,0x36,0x00,0x00,0x08,0xc2,0x00,0x10,0x00,
0x0f,0x00,0x00,0x00,0x02,0x40,0x00,0x00,0x00,0x00,0x00,0x00,0x00,0x00,0x00,0x00,
0x00,0x00,0x00,0x00,0x00,0x00,0x00,0x00,0x2d,0x00,0x00,0x89,0xc2,0x00,0x00,0x80,
0x43,0x55,0x15,0x00,0x22,0x00,0x10,0x00,0x07,0x00,0x00,0x00,0x46,0x0e,0x10,0x00,
0x0f,0x00,0x00,0x00,0x16,0x7e,0x10,0x00,0x00,0x00,0x00,0x00,0x38,0x00,0x00,0x07,
0x22,0x00,0x10,0x00,0x07,0x00,0x00,0x00,0x2a,0x00,0x10,0x00,0x07,0x00,0x00,0x00,
0x1a,0x00,0x10,0x00,0x07,0x00,0x00,0x00,0x34,0x00,0x00,0x07,0x22,0x00,0x10,0x00,
0x07,0x00,0x00,0x00,0x1a,0x00,0x10,0x00,0x07,0x00,0x00,0x00,0x01,0x40,0x00,0x00,
0x40,0xda,0x7f,0x38,0x1e,0x00,0x00,0x0a,0xf2,0x00,0x10,0x00,0x0f,0x00,0x00,0x00,
0xe6,0x0e,0x10,0x00,0x0e,0x00,0x00,0x00,0x02,0x40,0x00,0x00,0xff,0xff,0xff,0xff,
0x00,0x00,0x00,0x00,0x01,0x00,0x00,0x00,0x00,0x00,0x00,0x00,0x25,0x00,0x00,0x07,
0xf2,0x00,0x10,0x00,0x0f,0x00,0x00,0x00,0x46,0x0e,0x10,0x00,0x08,0x00,0x00,0x00,
0x46,0x0e,0x10,0x00,0x0f,0x00,0x00,0x00,0x24,0x00,0x00,0x0a,0xf2,0x00,0x10,0x00,
0x0f,0x00,0x00,0x00,0xe6,0x04,0x10,0x00,0x0f,0x00,0x00,0x00,0x02,0x40,0x00,0x00,
0x00,0x00,0x00,0x00,0x00,0x00,0x00,0x00,0x00,0x00,0x00,0x00,0x00,0x00,0x00,0x00,
0x36,0x00,0x00,0x05,0x32,0x00,0x10,0x00,0x10,0x00,0x00,0x00,0xe6,0x0a,0x10,0x00,
0x0f,0x00,0x00,0x00,0x36,0x00,0x00,0x08,0xc2,0x00,0x10,0x00,0x10,0x00,0x00,0x00,
0x02,0x40,0x00,0x00,0x00,0x00,0x00,0x00,0x00,0x00,0x00,0x00,0x00,0x00,0x00,0x00,
0x00,0x00,0x00,0x00,0x2d,0x00,0x00,0x89,0xc2,0x00,0x00,0x80,0x43,0x55,0x15,0x00,
0x82,0x00,0x10,0x00,0x07,0x00,0x00,0x00,0x46,0x0e,0x10,0x00,0x10,0x00,0x00,0x00,
0x96,0x73,0x10,0x00,0x00,0x00,0x00,0x00,0x38,0x00,0x00,0x07,0x82,0x00,0x10,0x00,
0x07,0x00,0x00,0x00,0x2a,0x00,0x10,0x00,0x07,0x00,0x00,0x00,0x3a,0x00,0x10,0x00,
0x07,0x00,0x00,0x00,0x34,0x00,0x00,0x07,0x82,0x00,0x10,0x00,0x07,0x00,0x00,0x00,
0x3a,0x00,0x10,0x00,0x07,0x00,0x00,0x00,0x01,0x40,0x00,0x00,0x40,0xda,0x7f,0x38,
0x36,0x00,0x00,0x08,0xc2,0x00,0x10,0x00,0x0f,0x00,0x00,0x00,0x02,0x40,0x00,0x00,
0x00,0x00,0x00,0x00,0x00,0x00,0x00,0x00,0x00,0x00,0x00,0x00,0x00,0x00,0x00,0x00,
0x2d,0x00,0x00,0x89,0xc2,0x00,0x00,0x80,0x43,0x55,0x15,0x00,0x12,0x00,0x10,0x00,
0x0d,0x00,0x00,0x00,0x46,0x0e,0x10,0x00,0x0f,0x00,0x00,0x00,0x46,0x7e,0x10,0x00,
0x00,0x00,0x00,0x00,0x38,0x00,0x00,0x07,0x12,0x00,0x10,0x00,0x0d,0x00,0x00,0x00,
0x2a,0x00,0x10,0x00,0x07,0x00,0x00,0x00,0x0a,0x00,0x10,0x00,0x0d,0x00,0x00,0x00,
0x34,0x00,0x00,0x07,0x12,0x00,0x10,0x00,0x0d,0x00,0x00,0x00,0x0a,0x00,0x10,0x00,
0x0d,0x00,0x00,0x00,0x01,0x40,0x00,0x00,0x40,0xda,0x7f,0x38,0x1e,0x00,0x00,0x0a,
0xf2,0x00,0x10,0x00,0x0e,0x00,0x00,0x00,0x46,0x0e,0x10,0x00,0x0e,0x00,0x00,0x00,
0x02,0x40,0x00,0x00,0x00,0x00,0x00,0x00,0xff,0xff,0xff,0xff,0x00,0x00,0x00,0x00,
0x01,0x00,0x00,0x00,0x25,0x00,0x00,0x07,0xf2,0x00,0x10,0x00,0x0e,0x00,0x00,0x00,
0x46,0x0e,0x10,0x00,0x08,0x00,0x00,0x00,0x46,0x0e,0x10,0x00,0x0e,0x00,0x00,0x00,
0x24,0x00,0x00,0x0a,0xf2,0x00,0x10,0x00,0x0e,0x00,0x00,0x00,0xe6,0x04,0x10,0x00,
0x0e,0x00,0x00,0x00,0x02,0x40,0x00,0x00,0x00,0x00,0x00,0x00,0x00,0x00,0x00,0x00,
0x00,0x00,0x00,0x00,0x00,0x00,0x00,0x00,0x36,0x00,0x00,0x05,0x32,0x00,0x10,0x00,
0x0f,0x00,0x00,0x00,0xe6,0x0a,0x10,0x00,0x0e,0x00,0x00,0x00,0x36,0x00,0x00,0x08,
0xc2,0x00,0x10,0x00,0x0f,0x00,0x00,0x00,0x02,0x40,0x00,0x00,0x00,0x00,0x00,0x00,
0x00,0x00,0x00,0x00,0x00,0x00,0x00,0x00,0x00,0x00,0x00,0x00,0x2d,0x00,0x00,0x89,
0xc2,0x00,0x00,0x80,0x43,0x55,0x15,0x00,0x22,0x00,0x10,0x00,0x0d,0x00,0x00,0x00,
0x46,0x0e,0x10,0x00,0x0f,0x00,0x00,0x00,0x16,0x7e,0x10,0x00,0x00,0x00,0x00,0x00,
0x38,0x00,0x00,0x07,0x22,0x00,0x10,0x00,0x0d,0x00,0x00,0x00,0x2a,0x00,0x10,0x00,
0x07,0x00,0x00,0x00,0x1a,0x00,0x10,0x00,0x0d,0x00,0x00,0x00,0x34,0x00,0x00,0x07,
0x22,0x00,0x10,0x00,0x0d,0x00,0x00,0x00,0x1a,0x00,0x10,0x00,0x0d,0x00,0x00,0x00,
0x01,0x40,0x00,0x00,0x40,0xda,0x7f,0x38,0x36,0x00,0x00,0x08,0xc2,0x00,0x10,0x00,
0x0e,0x00,0x00,0x00,0x02,0x40,0x00,0x00,0x00,0x00,0x00,0x00,0x00,0x00,0x00,0x00,
0x00,0x00,0x00,0x00,0x00,0x00,0x00,0x00,0x2d,0x00,0x00,0x89,0xc2,0x00,0x00,0x80,
0x43,0x55,0x15,0x00,0x12,0x00,0x10,0x00,0x0e,0x00,0x00,0x00,0x46,0x0e,0x10,0x00,
0x0e,0x00,0x00,0x00,0x46,0x7e,0x10,0x00,0x00,0x00,0x00,0x00,0x38,0x00,0x00,0x07,
0x12,0x00,0x10,0x00,0x0e,0x00,0x00,0x00,0x2a,0x00,0x10,0x00,0x07,0x00,0x00,0x00,
0x0a,0x00,0x10,0x00,0x0e,0x00,0x00,0x00,0x34,0x00,0x00,0x07,0x12,0x00,0x10,0x00,
0x0e,0x00,0x00,0x00,0x0a,0x00,0x10,0x00,0x0e,0x00,0x00,0x00,0x01,0x40,0x00,0x00,
0x40,0xda,0x7f,0x38,0x33,0x00,0x00,0x07,0x22,0x00,0x10,0x00,0x0e,0x00,0x00,0x00,
0x1a,0x00,0x10,0x00,0x07,0x00,0x00,0x00,0x1a,0x00,0x10,0x00,0x0d,0x00,0x00,0x00,
0x34,0x00,0x00,0x07,0x22,0x00,0x10,0x00,0x07,0x00,0x00,0x00,0x1a,0x00,0x10,0x00,
0x07,0x00,0x00,0x00,0x1a,0x00,0x10,0x00,0x0d,0x00,0x00,0x00,0x33,0x00,0x00,0x07,
0x22,0x00,0x10,0x00,0x0d,0x00,0x00,0x00,0x3a,0x00,0x10,0x00,0x07,0x00,0x00,0x00,
0x0a,0x00,0x10,0x00,0x0e,0x00,0x00,0x00,0x34,0x00,0x00,0x07,0x82,0x00,0x10,0x00,
0x07,0x00,0x00,0x00,0x3a,0x00,0x10,0x00,0x07,0x00,0x00,0x00,0x0a,0x00,0x10,0x00,
0x0e,0x00,0x00,0x00,0x34,0x00,0x00,0x07,0x12,0x00,0x10,0x00,0x0e,0x00,0x00,0x00,
0x0a,0x00,0x10,0x00,0x0d,0x00,0x00,0x00,0x1a,0x00,0x10,0x00,0x0e,0x00,0x00,0x00,
0x34,0x00,0x00,0x07,0x42,0x00,0x10,0x00,0x0e,0x00,0x00,0x00,0x1a,0x00,0x10,0x00,
0x07,0x00,0x00,0x00,0x1a,0x00,0x10,0x00,0x0d,0x00,0x00,0x00,0x34,0x00,0x00,0x07,
0x82,0x00,0x10,0x00,0x0e,0x00,0x00,0x00,0x3a,0x00,0x10,0x00,0x07,0x00,0x00,0x00,
0x0a,0x00,0x10,0x00,0x0e,0x00,0x00,0x00,0x34,0x00,0x00,0x07,0x12,0x00,0x10,0x00,
0x0f,0x00,0x00,0x00,0x3a,0x00,0x10,0x00,0x0e,0x00,0x00,0x00,0x2a,0x00,0x10,0x00,
0x0e,0x00,0x00,0x00,0x33,0x00,0x00,0x07,0x22,0x00,0x10,0x00,0x0f,0x00,0x00,0x00,
0x2a,0x00,0x10,0x00,0x02,0x00,0x00,0x00,0x1a,0x00,0x10,0x00,0x05,0x00,0x00,0x00,
0x34,0x00,0x00,0x07,0x42,0x00,0x10,0x00,0x02,0x00,0x00,0x00,0x2a,0x00,0x10,0x00,
0x02,0x00,0x00,0x00,0x1a,0x00,0x10,0x00,0x05,0x00,0x00,0x00,0x33,0x00,0x00,0x07,
0x22,0x00,0x10,0x00,0x05,0x00,0x00,0x00,0x3a,0x00,0x10,0x00,0x02,0x00,0x00,0x00,
0x0a,0x00,0x10,0x00,0x07,0x00,0x00,0x00,0x34,0x00,0x00,0x07,0x82,0x00,0x10,0x00,
0x02,0x00,0x00,0x00,0x3a,0x00,0x10,0x00,0x02,0x00,0x00,0x00,0x0a,0x00,0x10,0x00,
0x07,0x00,0x00,0x00,0x34,0x00,0x00,0x07,0x12,0x00,0x10,0x00,0x07,0x00,0x00,0x00,
0x0a,0x00,0x10,0x00,0x05,0x00,0x00,0x00,0x1a,0x00,0x10,0x00,0x0f,0x00,0x00,0x00,
0x34,0x00,0x00,0x07,0x42,0x00,0x10,0x00,0x0f,0x00,0x00,0x00,0x2a,0x00,0x10,0x00,
0x02,0x00,0x00,0x00,0x1a,0x00,0x10,0x00,0x05,0x00,0x00,0x00,0x34,0x00,0x00,0x07,
0x82,0x00,0x10,0x00,0x0f,0x00,0x00,0x00,0x3a,0x00,0x10,0x00,0x02,0x00,0x00,0x00,
0x0a,0x00,0x10,0x00,0x07,0x00,0x00,0x00,0x33,0x00,0x00,0x07,0x12,0x00,0x10,0x00,
0x0d,0x00,0x00,0x00,0x0a,0x00,0x10,0x00,0x0d,0x00,0x00,0x00,0x1a,0x00,0x10,0x00,
0x0e,0x00,0x00,0x00,0x33,0x00,0x00,0x07,0x22,0x00,0x10,0x00,0x07,0x00,0x00,0x00,
0x1a,0x00,0x10,0x00,0x07,0x00,0x00,0x00,0x1a,0x00,0x10,0x00,0x0d,0x00,0x00,0x00,
0x33,0x00,0x00,0x07,0x12,0x00,0x10,0x00,0x10,0x00,0x00,0x00,0x1a,0x00,0x10,0x00,
0x07,0x00,0x00,0x00,0x0a,0x00,0x10,0x00,0x0d,0x00,0x00,0x00,0x34,0x00,0x00,0x07,
0x22,0x00,0x10,0x00,0x07,0x00,0x00,0x00,0x1a,0x00,0x10,0x00,0x07,0x00,0x00,0x00,
0x0a,0x00,0x10,0x00,0x0d,0x00,0x00,0x00,0x33,0x00,0x00,0x07,0x82,0x00,0x10,0x00,
0x07,0x00,0x00,0x00,0x3a,0x00,0x10,0x00,0x07,0x00,0x00,0x00,0x0a,0x00,0x10,0x00,
0x0e,0x00,0x00,0x00,0x33,0x00,0x00,0x07,0x22,0x00,0x10,0x00,0x10,0x00,0x00,0x00,
0x3a,0x00,0x10,0x00,0x07,0x00,0x00,0x00,0x1a,0x00,0x10,0x00,0x07,0x00,0x00,0x00,
0x34,0x00,0x00,0x07,0x22,0x00,0x10,0x00,0x07,0x00,0x00,0x00,0x3a,0x00,0x10,0x00,
0x07,0x00,0x00,0x00,0x1a,0x00,0x10,0x00,0x07,0x00,0x00,0x00,0x33,0x00,0x00,0x07,
0x82,0x00,0x10,0x00,0x07,0x00,0x00,0x00,0x3a,0x00,0x10,0x00,0x0e,0x00,0x00,0x00,
0x2a,0x00,0x10,0x00,0x0e,0x00,0x00,0x00,0x33,0x00,0x00,0x07,0x42,0x00,0x10,0x00,
0x10,0x00,0x00,0x00,0x3a,0x00,0x10,0x00,0x07,0x00,0x00,0x00,0x1a,0x00,0x10,0x00,
0x07,0x00,0x00,0x00,0x34,0x00,0x00,0x07,0x82,0x00,0x10,0x00,0x10,0x00,0x00,0x00,
0x3a,0x00,0x10,0x00,0x07,0x00,0x00,0x00,0x1a,0x00,0x10,0x00,0x07,0x00,0x00,0x00,
0x33,0x00,0x00,0x07,0x12,0x00,0x10,0x00,0x05,0x00,0x00,0x00,0x0a,0x00,0x10,0x00,
0x05,0x00,0x00,0x00,0x1a,0x00,0x10,0x00,0x0f,0x00,0x00,0x00,0x33,0x00,0x00,0x07,
0x42,0x00,0x10,0x00,0x02,0x00,0x00,0x00,0x2a,0x00,0x10,0x00,0x02,0x00,0x00,0x00,
0x1a,0x00,0x10,0x00,0x05,0x00,0x00,0x00,0x33,0x00,0x00,0x07,0x12,0x00,0x10,0x00,
0x0e,0x00,0x00,0x00,0x2a,0x00,0x10,0x00,0x02,0x00,0x00,0x00,0x0a,0x00,0x10,0x00,
0x05,0x00,0x00,0x00,0x34,0x00,0x00,0x07,0x42,0x00,0x10,0x00,0x02,0x00,0x00,0x00,
0x2a,0x00,0x10,0x00,0x02,0x00,0x00,0x00,0x0a,0x00,0x10,0x00,0x05,0x00,0x00,0x00,
0x33,0x00,0x00,0x07,0x82,0x00,0x10,0x00,0x02,0x00,0x00,0x00,0x3a,0x00,0x10,0x00,
0x02,0x00,0x00,0x00,0x0a,0x00,0x10,0x00,0x07,0x00,0x00,0x00,0x33,0x00,0x00,0x07,
0x22,0x00,0x10,0x00,0x0e,0x00,0x00,0x00,0x3a,0x00,0x10,0x00,0x02,0x00,0x00,0x00,
0x2a,0x00,0x10,0x00,0x02,0x00,0x00,0x00,0x34,0x00,0x00,0x07,0x42,0x00,0x10,0x00,
0x02,0x00,0x00,0x00,0x3a,0x00,0x10,0x00,0x02,0x00,0x00,0x00,0x2a,0x00,0x10,0x00,
0x02,0x00,0x00,0x00,0x33,0x00,0x00,0x07,0x82,0x00,0x10,0x00,0x02,0x00,0x00,0x00,
0x3a,0x00,0x10,0x00,0x0f,0x00,0x00,0x00,0x2a,0x00,0x10,0x00,0x0f,0x00,0x00,0x00,
0x33,0x00,0x00,0x07,0x42,0x00,0x10,0x00,0x0e,0x00,0x00,0x00,0x3a,0x00,0x10,0x00,
0x02,0x00,0x00,0x00,0x2a,0x00,0x10,0x00,0x02,0x00,0x00,0x00,0x34,0x00,0x00,0x07,
0x82,0x00,0x10,0x00,0x0e,0x00,0x00,0x00,0x3a,0x00,0x10,0x00,0x02,0x00,0x00,0x00,
0x2a,0x00,0x10,0x00,0x02,0x00,0x00,0x00,0x00,0x00,0x00,0x08,0x42,0x00,0x10,0x00,
0x02,0x00,0x00,0x00,0x0a,0x00,0x10,0x80,0x41,0x00,0x00,0x00,0x0e,0x00,0x00,0x00,
0x0a,0x00,0x10,0x00,0x10,0x00,0x00,0x00,0x31,0x00,0x00,0x08,0x82,0x00,0x10,0x00,
0x02,0x00,0x00,0x00,0x01,0x40,0x00,0x00,0x40,0xda,0x7f,0x38,0x2a,0x00,0x10,0x80,
0x81,0x00,0x00,0x00,0x02,0x00,0x00,0x00,0x1f,0x00,0x04,0x03,0x3a,0x00,0x10,0x00,
0x02,0x00,0x00,0x00,0x31,0x00,0x00,0x07,0x82,0x00,0x10,0x00,0x02,0x00,0x00,0x00,
0x01,0x40,0x00,0x00,0x00,0x00,0x00,0x00,0x2a,0x00,0x10,0x00,0x02,0x00,0x00,0x00,
0x31,0x00,0x00,0x07,0x42,0x00,0x10,0x00,0x02,0x00,0x00,0x00,0x2a,0x00,0x10,0x00,
0x02,0x00,0x00,0x00,0x01,0x40,0x00,0x00,0x00,0x00,0x00,0x00,0x1e,0x00,0x00,0x08,
0x42,0x00,0x10,0x00,0x02,0x00,0x00,0x00,0x3a,0x00,0x10,0x80,0x41,0x00,0x00,0x00,
0x02,0x00,0x00,0x00,0x2a,0x00,0x10,0x00,0x02,0x00,0x00,0x00,0x2b,0x00,0x00,0x05,
0x42,0x00,0x10,0x00,0x02,0x00,0x00,0x00,0x2a,0x00,0x10,0x00,0x02,0x00,0x00,0x00,
0x34,0x00,0x00,0x07,0x82,0x00,0x10,0x00,0x02,0x00,0x00,0x00,0x0a,0x00,0x10,0x00,
0x0e,0x00,0x00,0x00,0x0a,0x00,0x10,0x00,0x10,0x00,0x00,0x00,0x33,0x00,0x00,0x07,
0x12,0x00,0x10,0x00,0x05,0x00,0x00,0x00,0x0a,0x00,0x10,0x00,0x0e,0x00,0x00,0x00,
0x0a,0x00,0x10,0x00,0x10,0x00,0x00,0x00,0x0e,0x00,0x00,0x07,0x82,0x00,0x10,0x00,
0x02,0x00,0x00,0x00,0x0a,0x00,0x10,0x00,0x05,0x00,0x00,0x00,0x3a,0x00,0x10,0x00,
0x02,0x00,0x00,0x00,0x00,0x00,0x00,0x08,0x82,0x00,0x10,0x00,0x02,0x00,0x00,0x00,
0x3a,0x00,0x10,0x80,0x41,0x00,0x00,0x00,0x02,0x00,0x00,0x00,0x01,0x40,0x00,0x00,
0x00,0x00,0x80,0x3f,0x38,0x00,0x00,0x07,0x42,0x00,0x10,0x00,0x02,0x00,0x00,0x00,
0x3a,0x00,0x10,0x00,0x02,0x00,0x00,0x00,0x2a,0x00,0x10,0x00,0x02,0x00,0x00,0x00,
0x31,0x00,0x00,0x08,0x82,0x00,0x10,0x00,0x02,0x00,0x00,0x00,0x2a,0x00,0x10,0x80,
0x81,0x00,0x00,0x00,0x02,0x00,0x00,0x00,0x01,0x40,0x00,0x00,0x00,0xdf,0x7f,0x47,
0x37,0x00,0x00,0x09,0x42,0x00,0x10,0x00,0x02,0x00,0x00,0x00,0x3a,0x00,0x10,0x00,
0x02,0x00,0x00,0x00,0x2a,0x00,0x10,0x00,0x02,0x00,0x00,0x00,0x01,0x40,0x00,0x00,
0x00,0xdf,0x7f,0x47,0x31,0x00,0x00,0x07,0x82,0x00,0x10,0x00,0x02,0x00,0x00,0x00,
0x0a,0x00,0x10,0x00,0x10,0x00,0x00,0x00,0x0a,0x00,0x10,0x00,0x0e,0x00,0x00,0x00,
0x01,0x00,0x00,0x07,0x12,0x00,0x10,0x00,0x05,0x00,0x00,0x00,0x3a,0x00,0x10,0x00,
0x02,0x00,0x00,0x00,0x01,0x40,0x00,0x00,0x01,0x00,0x00,0x00,0x0f,0x00,0x00,0x08,
0x82,0x00,0x10,0x00,0x02,0x00,0x00,0x00,0x46,0x00,0x10,0x00,0x10,0x00,0x00,0x00,
0x46,0x90,0x90,0x00,0x0a,0x00,0x10,0x00,0x05,0x00,0x00,0x00,0x1d,0x00,0x00,0x07,
0x82,0x00,0x10,0x00,0x02,0x00,0x00,0x00,0x3a,0x00,0x10,0x00,0x02,0x00,0x00,0x00,
0x0a,0x00,0x10,0x00,0x0e,0x00,0x00,0x00,0x01,0x00,0x00,0x07,0x22,0x00,0x10,0x00,
0x05,0x00,0x00,0x00,0x3a,0x00,0x10,0x00,0x02,0x00,0x00,0x00,0x01,0x40,0x00,0x00,
0x01,0x00,0x00,0x00,0x12,0x00,0x00,0x01,0x36,0x00,0x00,0x08,0x32,0x00,0x10,0x00,
0x05,0x00,0x00,0x00,0x02,0x40,0x00,0x00,0x00,0x00,0x00,0x00,0x00,0x00,0x00,0x00,
0x00,0x00,0x00,0x00,0x00,0x00,0x00,0x00,0x36,0x00,0x00,0x05,0x42,0x00,0x10,0x00,
0x02,0x00,0x00,0x00,0x01,0x40,0x00,0x00,0x00,0xe0,0x7f,0x47,0x15,0x00,0x00,0x01,
0x31,0x00,0x00,0x07,0x82,0x00,0x10,0x00,0x02,0x00,0x00,0x00,0x2a,0x00,0x10,0x00,
0x02,0x00,0x00,0x00,0x01,0x40,0x00,0x00,0x00,0xe0,0x7f,0x47,0x1f,0x00,0x04,0x03,
0x3a,0x00,0x10,0x00,0x02,0x00,0x00,0x00,0x0f,0x00,0x00,0x08,0x12,0x00,0x10,0x00,
0x07,0x00,0x00,0x00,0x46,0x00,0x10,0x00,0x10,0x00,0x00,0x00,0x46,0x90,0x90,0x00,
0x0a,0x00,0x10,0x00,0x05,0x00,0x00,0x00,0x0f,0x00,0x00,0x08,0x22,0x00,0x10,0x00,
0x07,0x00,0x00,0x00,0x46,0x00,0x10,0x00,0x0e,0x00,0x00,0x00,0x46,0x90,0x90,0x00,
0x1a,0x00,0x10,0x00,0x05,0x00,0x00,0x00,0x00,0x00,0x00,0x08,0x82,0x00,0x10,0x00,
0x07,0x00,0x00,0x00,0x1a,0x00,0x10,0x80,0x41,0x00,0x00,0x00,0x07,0x00,0x00,0x00,
0x0a,0x00,0x10,0x00,0x07,0x00,0x00,0x00,0x31,0x00,0x00,0x08,0x12,0x00,0x10,0x00,
0x0d,0x00,0x00,0x00,0x01,0x40,0x00,0x00,0x40,0xda,0x7f,0x38,0x3a,0x00,0x10,0x80,
0x81,0x00,0x00,0x00,0x07,0x00,0x00,0x00,0x1f,0x00,0x04,0x03,0x0a,0x00,0x10,0x00,
0x0d,0x00,0x00,0x00,0x31,0x00,0x00,0x07,0x12,0x00,0x10,0x00,0x0d,0x00,0x00,0x00,
0x01,0x40,0x00,0x00,0x00,0x00,0x00,0x00,0x3a,0x00,0x10,0x00,0x07,0x00,0x00,0x00,
0x31,0x00,0x00,0x07,0x82,0x00,0x10,0x00,0x07,0x00,0x00,0x00,0x3a,0x00,0x10,0x00,
0x07,0x00,0x00,0x00,0x01,0x40,0x00,0x00,0x00,0x00,0x00,0x00,0x1e,0x00,0x00,0x08,
0x82,0x00,0x10,0x00,0x07,0x00,0x00,0x00,0x0a,0x00,0x10,0x80,0x41,0x00,0x00,0x00,
0x0d,0x00,0x00,0x00,0x3a,0x00,0x10,0x00,0x07,0x00,0x00,0x00,0x2b,0x00,0x00,0x05,
0x82,0x00,0x10,0x00,0x07,0x00,0x00,0x00,0x3a,0x00,0x10,0x00,0x07,0x00,0x00,0x00,
0x34,0x00,0x00,0x07,0x12,0x00,0x10,0x00,0x0d,0x00,0x00,0x00,0x1a,0x00,0x10,0x00,
0x07,0x00,0x00,0x00,0x0a,0x00,0x10,0x00,0x07,0x00,0x00,0x00,0x39,0x00,0x00,0x07,
0x22,0x00,0x10,0x00,0x0d,0x00,0x00,0x00,0x0a,0x00,0x10,0x00,0x0d,0x00,0x00,0x00,
0x01,0x40,0x00,0x00,0x00,0x00,0x00,0x00,0x33,0x00,0x00,0x07,0x22,0x00,0x10,0x00,
0x0f,0x00,0x00,0x00,0x1a,0x00,0x10,0x00,0x07,0x00,0x00,0x00,0x0a,0x00,0x10,0x00,
0x07,0x00,0x00,0x00,0x0e,0x00,0x00,0x07,0x12,0x00,0x10,0x00,0x0d,0x00,0x00,0x00,
0x1a,0x00,0x10,0x00,0x0f,0x00,0x00,0x00,0x0a,0x00,0x10,0x00,0x0d,0x00,0x00,0x00,
0x01,0x00,0x00,0x07,0x12,0x00,0x10,0x00,0x0d,0x00,0x00,0x00,0x0a,0x00,0x10,0x00,
0x0d,0x00,0x00,0x00,0x1a,0x00,0x10,0x00,0x0d,0x00,0x00,0x00,0x00,0x00,0x00,0x08,
0x12,0x00,0x10,0x00,0x0d,0x00,0x00,0x00,0x0a,0x00,0x10,0x80,0x41,0x00,0x00,0x00,
0x0d,0x00,0x00,0x00,0x01,0x40,0x00,0x00,0x00,0x00,0x80,0x3f,0x38,0x00,0x00,0x07,
0x82,0x00,0x10,0x00,0x07,0x00,0x00,0x00,0x3a,0x00,0x10,0x00,0x07,0x00,0x00,0x00,
0x0a,0x00,0x10,0x00,0x0d,0x00,0x00,0x00,0x31,0x00,0x00,0x09,0x12,0x00,0x10,0x00,
0x0d,0x00,0x00,0x00,0x3a,0x00,0x10,0x80,0x81,0x00,0x00,0x00,0x07,0x00,0x00,0x00,
0x2a,0x00,0x10,0x80,0x81,0x00,0x00,0x00,0x02,0x00,0x00,0x00,0x37,0x00,0x00,0x09,
0x42,0x00,0x10,0x00,0x02,0x00,0x00,0x00,0x0a,0x00,0x10,0x00,0x0d,0x00,0x00,0x00,
0x3a,0x00,0x10,0x00,0x07,0x00,0x00,0x00,0x2a,0x00,0x10,0x00,0x02,0x00,0x00,0x00,
0x31,0x00,0x00,0x07,0x12,0x00,0x10,0x00,0x07,0x00,0x00,0x00,0x0a,0x00,0x10,0x00,
0x07,0x00,0x00,0x00,0x1a,0x00,0x10,0x00,0x07,0x00,0x00,0x00,0x01,0x00,0x00,0x07,
0x12,0x00,0x10,0x00,0x07,0x00,0x00,0x00,0x0a,0x00,0x10,0x00,0x07,0x00,0x00,0x00,
0x01,0x40,0x00,0x00,0x01,0x00,0x00,0x00,0x1e,0x00,0x00,0x07,0x12,0x00,0x10,0x00,
0x05,0x00,0x00,0x00,0x0a,0x00,0x10,0x00,0x05,0x00,0x00,0x00,0x0a,0x00,0x10,0x00,
0x07,0x00,0x00,0x00,0x10,0x00,0x00,0x08,0x12,0x00,0x10,0x00,0x07,0x00,0x00,0x00,
0x46,0x02,0x10,0x00,0x10,0x00,0x00,0x00,0x46,0x92,0x90,0x00,0x0a,0x00,0x10,0x00,
0x05,0x00,0x00,0x00,0x1d,0x00,0x00,0x07,0x12,0x00,0x10,0x00,0x07,0x00,0x00,0x00,
0x0a,0x00,0x10,0x00,0x07,0x00,0x00,0x00,0x1a,0x00,0x10,0x00,0x07,0x00,0x00,0x00,
0x01,0x00,0x00,0x07,0x12,0x00,0x10,0x00,0x07,0x00,0x00,0x00,0x0a,0x00,0x10,0x00,
0x07,0x00,0x00,0x00,0x01,0x40,0x00,0x00,0x01,0x00,0x00,0x00,0x1e,0x00,0x00,0x07,
0x22,0x00,0x10,0x00,0x05,0x00,0x00,0x00,0x1a,0x00,0x10,0x00,0x05,0x00,0x00,0x00,
0x0a,0x00,0x10,0x00,0x07,0x00,0x00,0x00,0x12,0x00,0x00,0x01,0x36,0x00,0x00,0x05,
0x42,0x00,0x10,0x00,0x02,0x00,0x00,0x00,0x01,0x40,0x00,0x00,0x00,0xe0,0x7f,0x47,
0x15,0x00,0x00,0x01,0x15,0x00,0x00,0x01,0x31,0x00,0x00,0x07,0x12,0x00,0x10,0x00,
0x07,0x00,0x00,0x00,0x2a,0x00,0x10,0x00,0x02,0x00,0x00,0x00,0x01,0x40,0x00,0x00,
0x00,0xe0,0x7f,0x47,0x01,0x00,0x00,0x07,0x82,0x00,0x10,0x00,0x02,0x00,0x00,0x00,
0x3a,0x00,0x10,0x00,0x02,0x00,0x00,0x00,0x0a,0x00,0x10,0x00,0x07,0x00,0x00,0x00,
0x1f,0x00,0x04,0x03,0x3a,0x00,0x10,0x00,0x02,0x00,0x00,0x00,0x10,0x00,0x00,0x08,
0x12,0x00,0x10,0x00,0x07,0x00,0x00,0x00,0x46,0x02,0x10,0x00,0x10,0x00,0x00,0x00,
0x46,0x92,0x90,0x00,0x0a,0x00,0x10,0x00,0x05,0x00,0x00,0x00,0x10,0x00,0x00,0x08,
0x22,0x00,0x10,0x00,0x07,0x00,0x00,0x00,0x46,0x02,0x10,0x00,0x0e,0x00,0x00,0x00,
0x46,0x92,0x90,0x00,0x1a,0x00,0x10,0x00,0x05,0x00,0x00,0x00,0x00,0x00,0x00,0x08,
0x82,0x00,0x10,0x00,0x07,0x00,0x00,0x00,0x1a,0x00,0x10,0x80,0x41,0x00,0x00,0x00,
0x07,0x00,0x00,0x00,0x0a,0x00,0x10,0x00,0x07,0x00,0x00,0x00,0x31,0x00,0x00,0x08,
0x12,0x00,0x10,0x00,0x0d,0x00,0x00,0x00,0x01,0x40,0x00,0x00,0x40,0xda,0x7f,0x38,
0x3a,0x00,0x10,0x80,0x81,0x00,0x00,0x00,0x07,0x00,0x00,0x00,0x1f,0x00,0x04,0x03,
0x0a,0x00,0x10,0x00,0x0d,0x00,0x00,0x00,0x31,0x00,0x00,0x07,0x12,0x00,0x10,0x00,
0x0d,0x00,0x00,0x00,0x01,0x40,0x00,0x00,0x00,0x00,0x00,0x00,0x3a,0x00,0x10,0x00,
0x07,0x00,0x00,0x00,0x31,0x00,0x00,0x07,0x82,0x00,0x10,0x00,0x07,0x00,0x00,0x00,
0x3a,0x00,0x10,0x00,0x07,0x00,0x00,0x00,0x01,0x40,0x00,0x00,0x00,0x00,0x00,0x00,
0x1e,0x00,0x00,0x08,0x82,0x00,0x10,0x00,0x07,0x00,0x00,0x00,0x0a,0x00,0x10,0x80,
0x41,0x00,0x00,0x00,0x0d,0x00,0x00,0x00,0x3a,0x00,0x10,0x00,0x07,0x00,0x00,0x00,
0x2b,0x00,0x00,0x05,0x82,0x00,0x10,0x00,0x07,0x00,0x00,0x00,0x3a,0x00,0x10,0x00,
0x07,0x00,0x00,0x00,0x34,0x00,0x00,0x07,0x12,0x00,0x10,0x00,0x0d,0x00,0x00,0x00,
0x1a,0x00,0x10,0x00,0x07,0x00,0x00,0x00,0x0a,0x00,0x10,0x00,0x07,0x00,0x00,0x00,
0x39,0x00,0x00,0x07,0x22,0x00,0x10,0x00,0x0d,0x00,0x00,0x00,0x0a,0x00,0x10,0x00,
0x0d,0x00,0x00,0x00,0x01,0x40,0x00,0x00,0x00,0x00,0x00,0x00,0x33,0x00,0x00,0x07,
0x22,0x00,0x10,0x00,0x0f,0x00,0x00,0x00,0x1a,0x00,0x10,0x00,0x07,0x00,0x00,0x00,
0x0a,0x00,0x10,0x00,0x07,0x00,0x00,0x00,0x0e,0x00,0x00,0x07,0x12,0x00,0x10,0x00,
0x0d,0x00,0x00,0x00,0x1a,0x00,0x10,0x00,0x0f,0x00,0x00,0x00,0x0a,0x00,0x10,0x00,
0x0d,0x00,0x00,0x00,0x01,0x00,0x00,0x07,0x12,0x00,0x10,0x00,0x0d,0x00,0x00,0x00,
0x0a,0x00,0x10,0x00,0x0d,0x00,0x00,0x00,0x1a,0x00,0x10,0x00,0x0d,0x00,0x00,0x00,
0x00,0x00,0x00,0x08,0x12,0x00,0x10,0x00,0x0d,0x00,0x00,0x00,0x0a,0x00,0x10,0x80,
0x41,0x00,0x00,0x00,0x0d,0x00,0x00,0x00,0x01,0x40,0x00,0x00,0x00,0x00,0x80,0x3f,
0x38,0x00,0x00,0x07,0x82,0x00,0x10,0x00,0x07,0x00,0x00,0x00,0x3a,0x00,0x10,0x00,
0x07,0x00,0x00,0x00,0x0a,0x00,0x10,0x00,0x0d,0x00,0x00,0x00,0x31,0x00,0x00,0x09,
0x12,0x00,0x10,0x00,0x0d,0x00,0x00,0x00,0x3a,0x00,0x10,0x80,0x81,0x00,0x00,0x00,
0x07,0x00,0x00,0x00,0x2a,0x00,0x10,0x80,0x81,0x00,0x00,0x00,0x02,0x00,0x00,0x00,
0x37,0x00,0x00,0x09,0x42,0x00,0x10,0x00,0x02,0x00,0x00,0x00,0x0a,0x00,0x10,0x00,
0x0d,0x00,0x00,0x00,0x3a,0x00,0x10,0x00,0x07,0x00,0x00,0x00,0x2a,0x00,0x10,0x00,
0x02,0x00,0x00,0x00,0x31,0x00,0x00,0x07,0x12,0x00,0x10,0x00,0x07,0x00,0x00,0x00,
0x0a,0x00,0x10,0x00,0x07,0x00,0x00,0x00,0x1a,0x00,0x10,0x00,0x07,0x00,0x00,0x00,
0x01,0x00,0x00,0x07,0x12,0x00,0x10,0x00,0x07,0x00,0x00,0x00,0x0a,0x00,0x10,0x00,
0x07,0x00,0x00,0x00,0x01,0x40,0x00,0x00,0x01,0x00,0x00,0x00,0x1e,0x00,0x00,0x07,
0x12,0x00,0x10,0x00,0x05,0x00,0x00,0x00,0x0a,0x00,0x10,0x00,0x05,0x00,0x00,0x00,
0x0a,0x00,0x10,0x00,0x07,0x00,0x00,0x00,0x11,0x00,0x00,0x08,0x12,0x00,0x10,0x00,
0x07,0x00,0x00,0x00,0x46,0x0e,0x10,0x00,0x10,0x00,0x00,0x00,0x46,0x9e,0x90,0x00,
0x0a,0x00,0x10,0x00,0x05,0x00,0x00,0x00,0x1d,0x00,0x00,0x07,0x12,0x00,0x10,0x00,
0x07,0x00,0x00,0x00,0x0a,0x00,0x10,0x00,0x07,0x00,0x00,0x00,0x1a,0x00,0x10,0x00,
0x07,0x00,0x00,0x00,0x01,0x00,0x00,0x07,0x12,0x00,0x10,0x00,0x07,0x00,0x00,0x00,
0x0a,0x00,0x10,0x00,0x07,0x00,0x00,0x00,0x01,0x40,0x00,0x00,0x01,0x00,0x00,0x00,
0x1e,0x00,0x00,0x07,0x22,0x00,0x10,0x00,0x05,0x00,0x00,0x00,0x1a,0x00,0x10,0x00,
0x05,0x00,0x00,0x00,0x0a,0x00,0x10,0x00,0x07,0x00,0x00,0x00,0x12,0x00,0x00,0x01,
0x36,0x00,0x00,0x05,0x42,0x00,0x10,0x00,0x02,0x00,0x00,0x00,0x01,0x40,0x00,0x00,
0x00,0xe0,0x7f,0x47,0x15,0x00,0x00,0x01,0x15,0x00,0x00,0x01,0x31,0x00,0x00,0x07,
0x12,0x00,0x10,0x00,0x07,0x00,0x00,0x00,0x2a,0x00,0x10,0x00,0x02,0x00,0x00,0x00,
0x01,0x40,0x00,0x00,0x00,0xe0,0x7f,0x47,0x01,0x00,0x00,0x07,0x82,0x00,0x10,0x00,
0x02,0x00,0x00,0x00,0x3a,0x00,0x10,0x00,0x02,0x00,0x00,0x00,0x0a,0x00,0x10,0x00,
0x07,0x00,0x00,0x00,0x1f,0x00,0x04,0x03,0x3a,0x00,0x10,0x00,0x02,0x00,0x00,0x00,
0x11,0x00,0x00,0x08,0x12,0x00,0x10,0x00,0x07,0x00,0x00,0x00,0x46,0x0e,0x10,0x00,
0x10,0x00,0x00,0x00,0x46,0x9e,0x90,0x00,0x0a,0x00,0x10,0x00,0x05,0x00,0x00,0x00,
0x11,0x00,0x00,0x08,0x22,0x00,0x10,0x00,0x07,0x00,0x00,0x00,0x46,0x0e,0x10,0x00,
0x0e,0x00,0x00,0x00,0x46,0x9e,0x90,0x00,0x1a,0x00,0x10,0x00,0x05,0x00,0x00,0x00,
0x00,0x00,0x00,0x08,0x82,0x00,0x10,0x00,0x07,0x00,0x00,0x00,0x1a,0x00,0x10,0x80,
0x41,0x00,0x00,0x00,0x07,0x00,0x00,0x00,0x0a,0x00,0x10,0x00,0x07,0x00,0x00,0x00,
0x31,0x00,0x00,0x08,0x12,0x00,0x10,0x00,0x0d,0x00,0x00,0x00,0x01,0x40,0x00,0x00,
0x40,0xda,0x7f,0x38,0x3a,0x00,0x10,0x80,0x81,0x00,0x00,0x00,0x07,0x00,0x00,0x00,
0x1f,0x00,0x04,0x03,0x0a,0x00,0x10,0x00,0x0d,0x00,0x00,0x00,0x31,0x00,0x00,0x07,
0x12,0x00,0x10,0x00,0x0d,0x00,0x00,0x00,0x01,0x40,0x00,0x00,0x00,0x00,0x00,0x00,
0x3a,0x00,0x10,0x00,0x07,0x00,0x00,0x00,0x31,0x00,0x00,0x07,0x82,0x00,0x10,0x00,
0x07,0x00,0x00,0x00,0x3a,0x00,0x10,0x00,0x07,0x00,0x00,0x00,0x01,0x40,0x00,0x00,
0x00,0x00,0x00,0x00,0x1e,0x00,0x00,0x08,0x82,0x00,0x10,0x00,0x07,0x00,0x00,0x00,
0x0a,0x00,0x10,0x80,0x41,0x00,0x00,0x00,0x0d,0x00,0x00,0x00,0x3a,0x00,0x10,0x00,
0x07,0x00,0x00,0x00,0x2b,0x00,0x00,0x05,0x82,0x00,0x10,0x00,0x07,0x00,0x00,0x00,
0x3a,0x00,0x10,0x00,0x07,0x00,0x00,0x00,0x34,0x00,0x00,0x07,0x12,0x00,0x10,0x00,
0x0d,0x00,0x00,0x00,0x1a,0x00,0x10,0x00,0x07,0x00,0x00,0x00,0x0a,0x00,0x10,0x00,
0x07,0x00,0x00,0x00,0x39,0x00,0x00,0x07,0x22,0x00,0x10,0x00,0x0d,0x00,0x00,0x00,
0x0a,0x00,0x10,0x00,0x0d,0x00,0x00,0x00,0x01,0x40,0x00,0x00,0x00,0x00,0x00,0x00,
0x33,0x00,0x00,0x07,0x22,0x00,0x10,0x00,0x0f,0x00,0x00,0x00,0x1a,0x00,0x10,0x00,
0x07,0x00,0x00,0x00,0x0a,0x00,0x10,0x00,0x07,0x00,0x00,0x00,0x0e,0x00,0x00,0x07,
0x12,0x00,0x10,0x00,0x0d,0x00,0x00,0x00,0x1a,0x00,0x10,0x00,0x0f,0x00,0x00,0x00,
0x0a,0x00,0x10,0x00,0x0d,0x00,0x00,0x00,0x01,0x00,0x00,0x07,0x12,0x00,0x10,0x00,
0x0d,0x00,0x00,0x00,0x0a,0x00,0x10,0x00,0x0d,0x00,0x00,0x00,0x1a,0x00,0x10,0x00,
0x0d,0x00,0x00,0x00,0x00,0x00,0x00,0x08,0x12,0x00,0x10,0x00,0x0d,0x00,0x00,0x00,
0x0a,0x00,0x10,0x80,0x41,0x00,0x00,0x00,0x0d,0x00,0x00,0x00,0x01,0x40,0x00,0x00,
0x00,0x00,0x80,0x3f,0x38,0x00,0x00,0x07,0x82,0x00,0x10,0x00,0x07,0x00,0x00,0x00,
0x3a,0x00,0x10,0x00,0x07,0x00,0x00,0x00,0x0a,0x00,0x10,0x00,0x0d,0x00,0x00,0x00,
0x31,0x00,0x00,0x09,0x12,0x00,0x10,0x00,0x0d,0x00,0x00,0x00,0x3a,0x00,0x10,0x80,
0x81,0x00,0x00,0x00,0x07,0x00,0x00,0x00,0x2a,0x00,0x10,0x80,0x81,0x00,0x00,0x00,
0x02,0x00,0x00,0x00,0x37,0x00,0x00,0x09,0x42,0x00,0x10,0x00,0x02,0x00,0x00,0x00,
0x0a,0x00,0x10,0x00,0x0d,0x00,0x00,0x00,0x3a,0x00,0x10,0x00,0x07,0x00,0x00,0x00,
0x2a,0x00,0x10,0x00,0x02,0x00,0x00,0x00,0x31,0x00,0x00,0x07,0x12,0x00,0x10,0x00,
0x07,0x00,0x00,0x00,0x0a,0x00,0x10,0x00,0x07,0x00,0x00,0x00,0x1a,0x00,0x10,0x00,
0x07,0x00,0x00,0x00,0x01,0x00,0x00,0x07,0x12,0x00,0x10,0x00,0x07,0x00,0x00,0x00,
0x0a,0x00,0x10,0x00,0x07,0x00,0x00,0x00,0x01,0x40,0x00,0x00,0x01,0x00,0x00,0x00,
0x1e,0x00,0x00,0x07,0x12,0x00,0x10,0x00,0x05,0x00,0x00,0x00,0x0a,0x00,0x10,0x00,
0x05,0x00,0x00,0x00,0x0a,0x00,0x10,0x00,0x07,0x00,0x00,0x00,0x20,0x00,0x00,0x0a,
0xf2,0x00,0x10,0x00,0x11,0x00,0x00,0x00,0x06,0x00,0x10,0x00,0x05,0x00,0x00,0x00,
0x02,0x40,0x00,0x00,0x00,0x00,0x00,0x00,0x01,0x00,0x00,0x00,0x02,0x00,0x00,0x00,
0x03,0x00,0x00,0x00,0x20,0x00,0x00,0x07,0x12,0x00,0x10,0x00,0x07,0x00,0x00,0x00,
0x0a,0x00,0x10,0x00,0x05,0x00,0x00,0x00,0x01,0x40,0x00,0x00,0x04,0x00,0x00,0x00,
0x01,0x00,0x00,0x0a,0xf2,0x00,0x10,0x00,0x11,0x00,0x00,0x00,0x46,0x0e,0x10,0x00,
0x11,0x00,0x00,0x00,0x02,0x40,0x00,0x00,0x00,0x00,0x80,0x3f,0x00,0x00,0x80,0x3f,
0x00,0x00,0x80,0x3f,0x00,0x00,0x80,0x3f,0x01,0x00,0x00,0x07,0x12,0x00,0x10,0x00,
0x07,0x00,0x00,0x00,0x0a,0x00,0x10,0x00,0x07,0x00,0x00,0x00,0x01,0x40,0x00,0x00,
0x00,0x00,0x80,0x3f,0x11,0x00,0x00,0x07,0x82,0x00,0x10,0x00,0x07,0x00,0x00,0x00,
0x46,0x0e,0x10,0x00,0x11,0x00,0x00,0x00,0x46,0x0e,0x10,0x00,0x10,0x00,0x00,0x00,
0x32,0x00,0x00,0x09,0x12,0x00,0x10,0x00,0x07,0x00,0x00,0x00,0x0a,0x00,0x10,0x00,
0x07,0x00,0x00,0x00,0x0a,0x00,0x10,0x00,0x0f,0x00,0x00,0x00,0x3a,0x00,0x10,0x00,
0x07,0x00,0x00,0x00,0x1d,0x00,0x00,0x07,0x12,0x00,0x10,0x00,0x07,0x00,0x00,0x00,
0x0a,0x00,0x10,0x00,0x07,0x00,0x00,0x00,0x1a,0x00,0x10,0x00,0x07,0x00,0x00,0x00,
0x01,0x00,0x00,0x07,0x12,0x00,0x10,0x00,0x07,0x00,0x00,0x00,0x0a,0x00,0x10,0x00,
0x07,0x00,0x00,0x00,0x01,0x40,0x00,0x00,0x01,0x00,0x00,0x00,0x1e,0x00,0x00,0x07,
0x22,0x00,0x10,0x00,0x05,0x00,0x00,0x00,0x1a,0x00,0x10,0x00,0x05,0x00,0x00,0x00,
0x0a,0x00,0x10,0x00,0x07,0x00,0x00,0x00,0x12,0x00,0x00,0x01,0x36,0x00,0x00,0x05,
0x42,0x00,0x10,0x00,0x02,0x00,0x00,0x00,0x01,0x40,0x00,0x00,0x00,0xe0,0x7f,0x47,
0x15,0x00,0x00,0x01,0x15,0x00,0x00,0x01,0x31,0x00,0x00,0x07,0x12,0x00,0x10,0x00,
0x07,0x00,0x00,0x00,0x2a,0x00,0x10,0x00,0x02,0x00,0x00,0x00,0x01,0x40,0x00,0x00,
0x00,0xe0,0x7f,0x47,0x01,0x00,0x00,0x07,0x82,0x00,0x10,0x00,0x02,0x00,0x00,0x00,
0x3a,0x00,0x10,0x00,0x02,0x00,0x00,0x00,0x0a,0x00,0x10,0x00,0x07,0x00,0x00,0x00,
0x1f,0x00,0x04,0x03,0x3a,0x00,0x10,0x00,0x02,0x00,0x00,0x00,0x34,0x00,0x00,0x07,
0x82,0x00,0x10,0x00,0x02,0x00,0x00,0x00,0x3a,0x00,0x10,0x00,0x0f,0x00,0x00,0x00,
0x2a,0x00,0x10,0x00,0x0f,0x00,0x00,0x00,0x20,0x00,0x00,0x0a,0xf2,0x00,0x10,0x00,
0x11,0x00,0x00,0x00,0x06,0x00,0x10,0x00,0x05,0x00,0x00,0x00,0x02,0x40,0x00,0x00,
0x00,0x00,0x00,0x00,0x01,0x00,0x00,0x00,0x02,0x00,0x00,0x00,0x03,0x00,0x00,0x00,
0x20,0x00,0x00,0x07,0x12,0x00,0x10,0x00,0x05,0x00,0x00,0x00,0x0a,0x00,0x10,0x00,
0x05,0x00,0x00,0x00,0x01,0x40,0x00,0x00,0x04,0x00,0x00,0x00,0x01,0x00,0x00,0x0a,
0xf2,0x00,0x10,0x00,0x11,0x00,0x00,0x00,0x46,0x0e,0x10,0x00,0x11,0x00,0x00,0x00,
0x02,0x40,0x00,0x00,0x00,0x00,0x80,0x3f,0x00,0x00,0x80,0x3f,0x00,0x00,0x80,0x3f,
0x00,0x00,0x80,0x3f,0x01,0x00,0x00,0x07,0x12,0x00,0x10,0x00,0x05,0x00,0x00,0x00,
0x0a,0x00,0x10,0x00,0x05,0x00,0x00,0x00,0x01,0x40,0x00,0x00,0x00,0x00,0x80,0x3f,
0x11,0x00,0x00,0x07,0x12,0x00,0x10,0x00,0x07,0x00,0x00,0x00,0x46,0x0e,0x10,0x00,
0x11,0x00,0x00,0x00,0x46,0x0e,0x10,0x00,0x10,0x00,0x00,0x00,0x32,0x00,0x00,0x09,
0x12,0x00,0x10,0x00,0x05,0x00,0x00,0x00,0x0a,0x00,0x10,0x00,0x05,0x00,0x00,0x00,
0x0a,0x00,0x10,0x00,0x0f,0x00,0x00,0x00,0x0a,0x00,0x10,0x00,0x07,0x00,0x00,0x00,
0x20,0x00,0x00,0x0a,0xf2,0x00,0x10,0x00,0x0f,0x00,0x00,0x00,0x56,0x05,0x10,0x00,
0x05,0x00,0x00,0x00,0x02,0x40,0x00,0x00,0x00,0x00,0x00,0x00,0x01,0x00,0x00,0x00,
0x02,0x00,0x00,0x00,0x03,0x00,0x00,0x00,0x20,0x00,0x00,0x07,0x22,0x00,0x10,0x00,
0x05,0x00,0x00,0x00,0x1a,0x00,0x10,0x00,0x05,0x00,0x00,0x00,0x01,0x40,0x00,0x00,
0x04,0x00,0x00,0x00,0x01,0x00,0x00,0x0a,0xf2,0x00,0x10,0x00,0x0f,0x00,0x00,0x00,
0x46,0x0e,0x10,0x00,0x0f,0x00,0x00,0x00,0x02,0x40,0x00,0x00,0x00,0x00,0x80,0x3f,
0x00,0x00,0x80,0x3f,0x00,0x00,0x80,0x3f,0x00,0x00,0x80,0x3f,0x01,0x00,0x00,0x07,
0x22,0x00,0x10,0x00,0x05,0x00,0x00,0x00,0x1a,0x00,0x10,0x00,0x05,0x00,0x00,0x00,
0x01,0x40,0x00,0x00,0x00,0x00,0x80,0x3f,0x11,0x00,0x00,0x07,0x12,0x00,0x10,0x00,
0x07,0x00,0x00,0x00,0x46,0x0e,0x10,0x00,0x0f,0x00,0x00,0x00,0x46,0x0e,0x10,0x00,
0x0e,0x00,0x00,0x00,0x32,0x00,0x00,0x09,0x82,0x00,0x10,0x00,0x02,0x00,0x00,0x00,
0x1a,0x00,0x10,0x00,0x05,0x00,0x00,0x00,0x3a,0x00,0x10,0x00,0x02,0x00,0x00,0x00,
0x0a,0x00,0x10,0x00,0x07,0x00,0x00,0x00,0x00,0x00,0x00,0x08,0x22,0x00,0x10,0x00,
0x05,0x00,0x00,0x00,0x3a,0x00,0x10,0x80,0x41,0x00,0x00,0x00,0x02,0x00,0x00,0x00,
0x0a,0x00,0x10,0x00,0x05,0x00,0x00,0x00,0x31,0x00,0x00,0x08,0x12,0x00,0x10,0x00,
0x07,0x00,0x00,0x00,0x01,0x40,0x00,0x00,0x40,0xda,0x7f,0x38,0x1a,0x00,0x10,0x80,
0x81,0x00,0x00,0x00,0x05,0x00,0x00,0x00,0x1f,0x00,0x04,0x03,0x0a,0x00,0x10,0x00,
0x07,0x00,0x00,0x00,0x31,0x00,0x00,0x07,0x12,0x00,0x10,0x00,0x07,0x00,0x00,0x00,
0x01,0x40,0x00,0x00,0x00,0x00,0x00,0x00,0x1a,0x00,0x10,0x00,0x05,0x00,0x00,0x00,
0x31,0x00,0x00,0x07,0x22,0x00,0x10,0x00,0x05,0x00,0x00,0x00,0x1a,0x00,0x10,0x00,
0x05,0x00,0x00,0x00,0x01,0x40,0x00,0x00,0x00,0x00,0x00,0x00,0x1e,0x00,0x00,0x08,
0x22,0x00,0x10,0x00,0x05,0x00,0x00,0x00,0x0a,0x00,0x10,0x80,0x41,0x00,0x00,0x00,
0x07,0x00,0x00,0x00,0x1a,0x00,0x10,0x00,0x05,0x00,0x00,0x00,0x2b,0x00,0x00,0x05,
0x22,0x00,0x10,0x00,0x05,0x00,0x00,0x00,0x1a,0x00,0x10,0x00,0x05,0x00,0x00,0x00,
0x34,0x00,0x00,0x07,0x12,0x00,0x10,0x00,0x07,0x00,0x00,0x00,0x3a,0x00,0x10,0x00,
0x02,0x00,0x00,0x00,0x0a,0x00,0x10,0x00,0x05,0x00,0x00,0x00,0x39,0x00,0x00,0x07,
0x22,0x00,0x10,0x00,0x07,0x00,0x00,0x00,0x0a,0x00,0x10,0x00,0x07,0x00,0x00,0x00,
0x01,0x40,0x00,0x00,0x00,0x00,0x00,0x00,0x33,0x00,0x00,0x07,0x82,0x00,0x10,0x00,
0x02,0x00,0x00,0x00,0x3a,0x00,0x10,0x00,0x02,0x00,0x00,0x00,0x0a,0x00,0x10,0x00,
0x05,0x00,0x00,0x00,0x0e,0x00,0x00,0x07,0x82,0x00,0x10,0x00,0x02,0x00,0x00,0x00,
0x3a,0x00,0x10,0x00,0x02,0x00,0x00,0x00,0x0a,0x00,0x10,0x00,0x07,0x00,0x00,0x00,
0x01,0x00,0x00,0x07,0x82,0x00,0x10,0x00,0x02,0x00,0x00,0x00,0x3a,0x00,0x10,0x00,
0x02,0x00,0x00,0x00,0x1a,0x00,0x10,0x00,0x07,0x00,0x00,0x00,0x00,0x00,0x00,0x08,
0x82,0x00,0x10,0x00,0x02,0x00,0x00,0x00,0x3a,0x00,0x10,0x80,0x41,0x00,0x00,0x00,
0x02,0x00,0x00,0x00,0x01,0x40,0x00,0x00,0x00,0x00,0x80,0x3f,0x38,0x00,0x00,0x07,
0x82,0x00,0x10,0x00,0x02,0x00,0x00,0x00,0x3a,0x00,0x10,0x00,0x02,0x00,0x00,0x00,
0x1a,0x00,0x10,0x00,0x05,0x00,0x00,0x00,0x31,0x00,0x00,0x09,0x12,0x00,0x10,0x00,
0x05,0x00,0x00,0x00,0x3a,0x00,0x10,0x80,0x81,0x00,0x00,0x00,0x02,0x00,0x00,0x00,
0x2a,0x00,0x10,0x80,0x81,0x00,0x00,0x00,0x02,0x00,0x00,0x00,0x37,0x00,0x00,0x09,
0x42,0x00,0x10,0x00,0x02,0x00,0x00,0x00,0x0a,0x00,0x10,0x00,0x05,0x00,0x00,0x00,
0x3a,0x00,0x10,0x00,0x02,0x00,0x00,0x00,0x2a,0x00,0x10,0x00,0x02,0x00,0x00,0x00,
0x12,0x00,0x00,0x01,0x36,0x00,0x00,0x05,0x42,0x00,0x10,0x00,0x02,0x00,0x00,0x00,
0x01,0x40,0x00,0x00,0x00,0xe0,0x7f,0x47,0x15,0x00,0x00,0x01,0x15,0x00,0x00,0x01,
0x31,0x00,0x00,0x07,0x82,0x00,0x10,0x00,0x02,0x00,0x00,0x00,0x2a,0x00,0x10,0x00,
0x02,0x00,0x00,0x00,0x01,0x40,0x00,0x00,0x00,0xdf,0x7f,0x47,0x01,0x00,0x00,0x07,
0x82,0x00,0x10,0x00,0x02,0x00,0x00,0x00,0x3a,0x00,0x10,0x00,0x02,0x00,0x00,0x00,
0x01,0x40,0x00,0x00,0x00,0x00,0x80,0x3f,0x38,0x00,0x00,0x07,0x12,0x00,0x10,0x00,
0x05,0x00,0x00,0x00,0x3a,0x00,0x10,0x00,0x02,0x00,0x00,0x00,0x2a,0x00,0x10,0x00,
0x02,0x00,0x00,0x00,0x12,0x00,0x00,0x01,0x36,0x00,0x00,0x05,0x12,0x00,0x10,0x00,
0x05,0x00,0x00,0x00,0x01,0x40,0x00,0x00,0x00,0x00,0x00,0x00,0x15,0x00,0x00,0x01,
0x39,0x00,0x00,0x07,0x42,0x00,0x10,0x00,0x02,0x00,0x00,0x00,0x0a,0x00,0x10,0x00,
0x05,0x00,0x00,0x00,0x01,0x40,0x00,0x00,0x00,0x00,0x00,0x00,0x31,0x00,0x00,0x07,
0x82,0x00,0x10,0x00,0x02,0x00,0x00,0x00,0x01,0x40,0x00,0x00,0x00,0x00,0x00,0x00,
0x0a,0x00,0x10,0x00,0x05,0x00,0x00,0x00,0x31,0x00,0x00,0x07,0x12,0x00,0x10,0x00,
0x07,0x00,0x00,0x00,0x0a,0x00,0x10,0x00,0x05,0x00,0x00,0x00,0x01,0x40,0x00,0x00,
0x00,0x00,0x00,0x00,0x1e,0x00,0x00,0x08,0x82,0x00,0x10,0x00,0x02,0x00,0x00,0x00,
0x3a,0x00,0x10,0x80,0x41,0x00,0x00,0x00,0x02,0x00,0x00,0x00,0x0a,0x00,0x10,0x00,
0x07,0x00,0x00,0x00,0x2b,0x00,0x00,0x05,0x82,0x00,0x10,0x00,0x02,0x00,0x00,0x00,
0x3a,0x00,0x10,0x00,0x02,0x00,0x00,0x00,0x01,0x00,0x00,0x07,0x22,0x00,0x10,0x00,
0x05,0x00,0x00,0x00,0x3a,0x00,0x10,0x00,0x02,0x00,0x00,0x00,0x2a,0x00,0x10,0x00,
0x02,0x00,0x00,0x00,0x25,0x00,0x00,0x07,0xf2,0x00,0x10,0x00,0x09,0x00,0x00,0x00,
0x46,0x0e,0x10,0x00,0x08,0x00,0x00,0x00,0x46,0x0e,0x10,0x00,0x09,0x00,0x00,0x00,
0x24,0x00,0x00,0x0a,0xf2,0x00,0x10,0x00,0x09,0x00,0x00,0x00,0xe6,0x04,0x10,0x00,
0x09,0x00,0x00,0x00,0x02,0x40,0x00,0x00,0x00,0x00,0x00,0x00,0x00,0x00,0x00,0x00,
0x00,0x00,0x00,0x00,0x00,0x00,0x00,0x00,0x36,0x00,0x00,0x05,0x32,0x00,0x10,0x00,
0x0e,0x00,0x00,0x00,0xe6,0x0a,0x10,0x00,0x09,0x00,0x00,0x00,0x36,0x00,0x00,0x08,
0xc2,0x00,0x10,0x00,0x0e,0x00,0x00,0x00,0x02,0x40,0x00,0x00,0x00,0x00,0x00,0x00,
0x00,0x00,0x00,0x00,0x00,0x00,0x00,0x00,0x00,0x00,0x00,0x00,0x2d,0x00,0x00,0x89,
0xc2,0x00,0x00,0x80,0x43,0x55,0x15,0x00,0xc2,0x00,0x10,0x00,0x02,0x00,0x00,0x00,
0x46,0x0e,0x10,0x00,0x0e,0x00,0x00,0x00,0xe6,0x74,0x10,0x00,0x02,0x00,0x00,0x00,
0x2b,0x00,0x00,0x05,0xf2,0x00,0x10,0x00,0x0e,0x00,0x00,0x00,0xe6,0x04,0x10,0x00,
0x09,0x00,0x00,0x00,0x00,0x00,0x00,0x0a,0xf2,0x00,0x10,0x00,0x0e,0x00,0x00,0x00,
0x46,0x0e,0x10,0x00,0x0e,0x00,0x00,0x00,0x02,0x40,0x00,0x00,0x00,0x00,0x00,0x3f,
0x00,0x00,0x00,0x3f,0x00,0x00,0x00,0x3f,0x00,0x00,0x00,0x3f,0x0e,0x00,0x00,0x07,
0xf2,0x00,0x10,0x00,0x0e,0x00,0x00,0x00,0x46,0x0e,0x10,0x00,0x0e,0x00,0x00,0x00,
0x46,0x04,0x10,0x00,0x0a,0x00,0x00,0x00,0x00,0x00,0x00,0x07,0xf2,0x00,0x10,0x00,
0x0f,0x00,0x00,0x00,0xe6,0x0e,0x10,0x00,0x0b,0x00,0x00,0x00,0x46,0x0e,0x10,0x00,
0x0e,0x00,0x00,0x00,0x00,0x00,0x00,0x07,0xf2,0x00,0x10,0x00,0x10,0x00,0x00,0x00,
0xe6,0x0e,0x10,0x00,0x02,0x00,0x00,0x00,0x46,0x04,0x10,0x00,0x0f,0x00,0x00,0x00,
0x1d,0x00,0x00,0x0a,0xc2,0x00,0x10,0x00,0x02,0x00,0x00,0x00,0xa6,0x0e,0x10,0x00,
0x10,0x00,0x00,0x00,0x02,0x40,0x00,0x00,0x00,0x00,0x00,0x00,0x00,0x00,0x00,0x00,
0x00,0x00,0x00,0x00,0x00,0x00,0x00,0x00,0x1d,0x00,0x00,0x0a,0x32,0x00,0x10,0x00,
0x07,0x00,0x00,0x00,0x02,0x40,0x00,0x00,0x00,0x00,0x80,0x3f,0x00,0x00,0x80,0x3f,
0x00,0x00,0x00,0x00,0x00,0x00,0x00,0x00,0xe6,0x0a,0x10,0x00,0x10,0x00,0x00,0x00,
0x01,0x00,0x00,0x07,0xc2,0x00,0x10,0x00,0x02,0x00,0x00,0x00,0xa6,0x0e,0x10,0x00,
0x02,0x00,0x00,0x00,0x06,0x04,0x10,0x00,0x07,0x00,0x00,0x00,0x01,0x00,0x00,0x07,
0x42,0x00,0x10,0x00,0x02,0x00,0x00,0x00,0x3a,0x00,0x10,0x00,0x02,0x00,0x00,0x00,
0x2a,0x00,0x10,0x00,0x02,0x00,0x00,0x00,0x1f,0x00,0x04,0x03,0x2a,0x00,0x10,0x00,
0x02,0x00,0x00,0x00,0x38,0x00,0x00,0x07,0xf2,0x00,0x10,0x00,0x10,0x00,0x00,0x00,
0xe6,0x0e,0x10,0x00,0x0a,0x00,0x00,0x00,0x46,0x0e,0x10,0x00,0x10,0x00,0x00,0x00,
0x41,0x00,0x00,0x05,0xf2,0x00,0x10,0x00,0x10,0x00,0x00,0x00,0x46,0x0e,0x10,0x00,
0x10,0x00,0x00,0x00,0x1b,0x00,0x00,0x05,0xf2,0x00,0x10,0x00,0x10,0x00,0x00,0x00,
0x46,0x0e,0x10,0x00,0x10,0x00,0x00,0x00,0x1e,0x00,0x00,0x0b,0xf2,0x00,0x10,0x00,
0x11,0x00,0x00,0x00,0xe6,0x8e,0x20,0x00,0x00,0x00,0x00,0x00,0x00,0x00,0x00,0x00,
0x02,0x40,0x00,0x00,0xff,0xff,0xff,0xff,0xff,0xff,0xff,0xff,0xff,0xff,0xff,0xff,
0xff,0xff,0xff,0xff,0x25,0x00,0x00,0x07,0xc2,0x00,0x10,0x00,0x02,0x00,0x00,0x00,
0xa6,0x0e,0x10,0x00,0x10,0x00,0x00,0x00,0xa6,0x0e,0x10,0x00,0x11,0x00,0x00,0x00,
0x24,0x00,0x00,0x0a,0x32,0x00,0x10,0x00,0x12,0x00,0x00,0x00,0xe6,0x0a,0x10,0x00,
0x02,0x00,0x00,0x00,0x02,0x40,0x00,0x00,0x00,0x00,0x00,0x00,0x00,0x00,0x00,0x00,
0x00,0x00,0x00,0x00,0x00,0x00,0x00,0x00,0x36,0x00,0x00,0x08,0xc2,0x00,0x10,0x00,
0x12,0x00,0x00,0x00,0x02,0x40,0x00,0x00,0x00,0x00,0x00,0x00,0x00,0x00,0x00,0x00,
0x00,0x00,0x00,0x00,0x00,0x00,0x00,0x00,0x2d,0x00,0x00,0x89,0xc2,0x00,0x00,0x80,
0x43,0x55,0x15,0x00,0x42,0x00,0x10,0x00,0x02,0x00,0x00,0x00,0x46,0x0e,0x10,0x00,
0x12,0x00,0x00,0x00,0x96,0x7c,0x10,0x00,0x01,0x00,0x00,0x00,0x38,0x00,0x00,0x08,
0x42,0x00,0x10,0x00,0x02,0x00,0x00,0x00,0x2a,0x00,0x10,0x00,0x02,0x00,0x00,0x00,
0x1a,0x80,0x20,0x00,0x00,0x00,0x00,0x00,0x07,0x00,0x00,0x00,0x38,0x00,0x00,0x07,
0x42,0x00,0x10,0x00,0x02,0x00,0x00,0x00,0x2a,0x00,0x10,0x00,0x07,0x00,0x00,0x00,
0x2a,0x00,0x10,0x00,0x02,0x00,0x00,0x00,0x34,0x00,0x00,0x07,0x42,0x00,0x10,0x00,
0x02,0x00,0x00,0x00,0x2a,0x00,0x10,0x00,0x02,0x00,0x00,0x00,0x01,0x40,0x00,0x00,
0x40,0xda,0x7f,0x38,0x1e,0x00,0x00,0x0a,0xf2,0x00,0x10,0x00,0x12,0x00,0x00,0x00,
0xe6,0x0e,0x10,0x00,0x10,0x00,0x00,0x00,0x02,0x40,0x00,0x00,0xff,0xff,0xff,0xff,
0x00,0x00,0x00,0x00,0x01,0x00,0x00,0x00,0x00,0x00,0x00,0x00,0x25,0x00,0x00,0x07,
0xf2,0x00,0x10,0x00,0x12,0x00,0x00,0x00,0x46,0x0e,0x10,0x00,0x11,0x00,0x00,0x00,
0x46,0x0e,0x10,0x00,0x12,0x00,0x00,0x00,0x24,0x00,0x00,0x0a,0xf2,0x00,0x10,0x00,
0x12,0x00,0x00,0x00,0xe6,0x04,0x10,0x00,0x12,0x00,0x00,0x00,0x02,0x40,0x00,0x00,
0x00,0x00,0x00,0x00,0x00,0x00,0x00,0x00,0x00,0x00,0x00,0x00,0x00,0x00,0x00,0x00,
0x36,0x00,0x00,0x05,0x32,0x00,0x10,0x00,0x13,0x00,0x00,0x00,0xe6,0x0a,0x10,0x00,
0x12,0x00,0x00,0x00,0x36,0x00,0x00,0x08,0xc2,0x00,0x10,0x00,0x13,0x00,0x00,0x00,
0x02,0x40,0x00,0x00,0x00,0x00,0x00,0x00,0x00,0x00,0x00,0x00,0x00,0x00,0x00,0x00,
0x00,0x00,0x00,0x00,0x2d,0x00,0x00,0x89,0xc2,0x00,0x00,0x80,0x43,0x55,0x15,0x00,
0x82,0x00,0x10,0x00,0x02,0x00,0x00,0x00,0x46,0x0e,0x10,0x00,0x13,0x00,0x00,0x00,
0x96,0x73,0x10,0x00,0x01,0x00,0x00,0x00,0x38,0x00,0x00,0x08,0x82,0x00,0x10,0x00,
0x02,0x00,0x00,0x00,0x3a,0x00,0x10,0x00,0x02,0x00,0x00,0x00,0x1a,0x80,0x20,0x00,
0x00,0x00,0x00,0x00,0x07,0x00,0x00,0x00,0x38,0x00,0x00,0x07,0x82,0x00,0x10,0x00,
0x02,0x00,0x00,0x00,0x2a,0x00,0x10,0x00,0x07,0x00,0x00,0x00,0x3a,0x00,0x10,0x00,
0x02,0x00,0x00,0x00,0x34,0x00,0x00,0x07,0x82,0x00,0x10,0x00,0x02,0x00,0x00,0x00,
0x3a,0x00,0x10,0x00,0x02,0x00,0x00,0x00,0x01,0x40,0x00,0x00,0x40,0xda,0x7f,0x38,
0x36,0x00,0x00,0x08,0xc2,0x00,0x10,0x00,0x12,0x00,0x00,0x00,0x02,0x40,0x00,0x00,
0x00,0x00,0x00,0x00,0x00,0x00,0x00,0x00,0x00,0x00,0x00,0x00,0x00,0x00,0x00,0x00,
0x2d,0x00,0x00,0x89,0xc2,0x00,0x00,0x80,0x43,0x55,0x15,0x00,0x12,0x00,0x10,0x00,
0x07,0x00,0x00,0x00,0x46,0x0e,0x10,0x00,0x12,0x00,0x00,0x00,0x46,0x7e,0x10,0x00,
0x01,0x00,0x00,0x00,0x38,0x00,0x00,0x08,0x12,0x00,0x10,0x00,0x07,0x00,0x00,0x00,
0x0a,0x00,0x10,0x00,0x07,0x00,0x00,0x00,0x1a,0x80,0x20,0x00,0x00,0x00,0x00,0x00,
0x07,0x00,0x00,0x00,0x38,0x00,0x00,0x07,0x12,0x00,0x10,0x00,0x07,0x00,0x00,0x00,
0x2a,0x00,0x10,0x00,0x07,0x00,0x00,0x00,0x0a,0x00,0x10,0x00,0x07,0x00,0x00,0x00,
0x34,0x00,0x00,0x07,0x12,0x00,0x10,0x00,0x07,0x00,0x00,0x00,0x0a,0x00,0x10,0x00,
0x07,0x00,0x00,0x00,0x01,0x40,0x00,0x00,0x40,0xda,0x7f,0x38,0x1e,0x00,0x00,0x0a,
0xf2,0x00,0x10,0x00,0x10,0x00,0x00,0x00,0x46,0x0e,0x10,0x00,0x10,0x00,0x00,0x00,
0x02,0x40,0x00,0x00,0x00,0x00,0x00,0x00,0xff,0xff,0xff,0xff,0x00,0x00,0x00,0x00,
0x01,0x00,0x00,0x00,0x25,0x00,0x00,0x07,0xf2,0x00,0x10,0x00,0x10,0x00,0x00,0x00,
0x46,0x0e,0x10,0x00,0x11,0x00,0x00,0x00,0x46,0x0e,0x10,0x00,0x10,0x00,0x00,0x00,
0x24,0x00,0x00,0x0a,0xf2,0x00,0x10,0x00,0x10,0x00,0x00,0x00,0xe6,0x04,0x10,0x00,
0x10,0x00,0x00,0x00,0x02,0x40,0x00,0x00,0x00,0x00,0x00,0x00,0x00,0x00,0x00,0x00,
0x00,0x00,0x00,0x00,0x00,0x00,0x00,0x00,0x36,0x00,0x00,0x05,0x32,0x00,0x10,0x00,
0x11,0x00,0x00,0x00,0xe6,0x0a,0x10,0x00,0x10,0x00,0x00,0x00,0x36,0x00,0x00,0x08,
0xc2,0x00,0x10,0x00,0x11,0x00,0x00,0x00,0x02,0x40,0x00,0x00,0x00,0x00,0x00,0x00,
0x00,0x00,0x00,0x00,0x00,0x00,0x00,0x00,0x00,0x00,0x00,0x00,0x2d,0x00,0x00,0x89,
0xc2,0x00,0x00,0x80,0x43,0x55,0x15,0x00,0x22,0x00,0x10,0x00,0x07,0x00,0x00,0x00,
0x46,0x0e,0x10,0x00,0x11,0x00,0x00,0x00,0x16,0x7e,0x10,0x00,0x01,0x00,0x00,0x00,
0x38,0x00,0x00,0x08,0x22,0x00,0x10,0x00,0x07,0x00,0x00,0x00,0x1a,0x00,0x10,0x00,
0x07,0x00,0x00,0x00,0x1a,0x80,0x20,0x00,0x00,0x00,0x00,0x00,0x07,0x00,0x00,0x00,
0x38,0x00,0x00,0x07,0x22,0x00,0x10,0x00,0x07,0x00,0x00,0x00,0x2a,0x00,0x10,0x00,
0x07,0x00,0x00,0x00,0x1a,0x00,0x10,0x00,0x07,0x00,0x00,0x00,0x34,0x00,0x00,0x07,
0x22,0x00,0x10,0x00,0x07,0x00,0x00,0x00,0x1a,0x00,0x10,0x00,0x07,0x00,0x00,0x00,
0x01,0x40,0x00,0x00,0x40,0xda,0x7f,0x38,0x36,0x00,0x00,0x08,0xc2,0x00,0x10,0x00,
0x10,0x00,0x00,0x00,0x02,0x40,0x00,0x00,0x00,0x00,0x00,0x00,0x00,0x00,0x00,0x00,
0x00,0x00,0x00,0x00,0x00,0x00,0x00,0x00,0x2d,0x00,0x00,0x89,0xc2,0x00,0x00,0x80,
0x43,0x55,0x15,0x00,0x82,0x00,0x10,0x00,0x07,0x00,0x00,0x00,0x46,0x0e,0x10,0x00,
0x10,0x00,0x00,0x00,0x96,0x73,0x10,0x00,0x01,0x00,0x00,0x00,0x38,0x00,0x00,0x08,
0x82,0x00,0x10,0x00,0x07,0x00,0x00,0x00,0x3a,0x00,0x10,0x00,0x07,0x00,0x00,0x00,
0x1a,0x80,0x20,0x00,0x00,0x00,0x00,0x00,0x07,0x00,0x00,0x00,0x38,0x00,0x00,0x07,
0x82,0x00,0x10,0x00,0x07,0x00,0x00,0x00,0x2a,0x00,0x10,0x00,0x07,0x00,0x00,0x00,
0x3a,0x00,0x10,0x00,0x07,0x00,0x00,0x00,0x34,0x00,0x00,0x07,0x82,0x00,0x10,0x00,
0x07,0x00,0x00,0x00,0x3a,0x00,0x10,0x00,0x07,0x00,0x00,0x00,0x01,0x40,0x00,0x00,
0x40,0xda,0x7f,0x38,0x00,0x00,0x00,0x07,0xf2,0x00,0x10,0x00,0x10,0x00,0x00,0x00,
0x46,0x04,0x10,0x00,0x0b,0x00,0x00,0x00,0x46,0x04,0x10,0x00,0x0e,0x00,0x00,0x00,
0x38,0x00,0x00,0x07,0xf2,0x00,0x10,0x00,0x10,0x00,0x00,0x00,0x46,0x04,0x10,0x00,
0x0a,0x00,0x00,0x00,0x46,0x0e,0x10,0x00,0x10,0x00,0x00,0x00,0x41,0x00,0x00,0x05,
0xf2,0x00,0x10,0x00,0x10,0x00,0x00,0x00,0x46,0x0e,0x10,0x00,0x10,0x00,0x00,0x00,
0x1b,0x00,0x00,0x05,0xf2,0x00,0x10,0x00,0x10,0x00,0x00,0x00,0x46,0x0e,0x10,0x00,
0x10,0x00,0x00,0x00,0x25,0x00,0x00,0x07,0x32,0x00,0x10,0x00,0x0d,0x00,0x00,0x00,
0xe6,0x0a,0x10,0x00,0x08,0x00,0x00,0x00,0xe6,0x0a,0x10,0x00,0x10,0x00,0x00,0x00,
0x24,0x00,0x00,0x0a,0x32,0x00,0x10,0x00,0x11,0x00,0x00,0x00,0x46,0x00,0x10,0x00,
0x0d,0x00,0x00,0x00,0x02,0x40,0x00,0x00,0x00,0x00,0x00,0x00,0x00,0x00,0x00,0x00,
0x00,0x00,0x00,0x00,0x00,0x00,0x00,0x00,0x36,0x00,0x00,0x08,0xc2,0x00,0x10,0x00,
0x11,0x00,0x00,0x00,0x02,0x40,0x00,0x00,0x00,0x00,0x00,0x00,0x00,0x00,0x00,0x00,
0x00,0x00,0x00,0x00,0x00,0x00,0x00,0x00,0x2d,0x00,0x00,0x89,0xc2,0x00,0x00,0x80,
0x43,0x55,0x15,0x00,0x12,0x00,0x10,0x00,0x0d,0x00,0x00,0x00,0x46,0x0e,0x10,0x00,
0x11,0x00,0x00,0x00,0x46,0x7e,0x10,0x00,0x00,0x00,0x00,0x00,0x38,0x00,0x00,0x07,
0x12,0x00,0x10,0x00,0x0d,0x00,0x00,0x00,0x2a,0x00,0x10,0x00,0x07,0x00,0x00,0x00,
0x0a,0x00,0x10,0x00,0x0d,0x00,0x00,0x00,0x34,0x00,0x00,0x07,0x12,0x00,0x10,0x00,
0x0d,0x00,0x00,0x00,0x0a,0x00,0x10,0x00,0x0d,0x00,0x00,0x00,0x01,0x40,0x00,0x00,
0x40,0xda,0x7f,0x38,0x1e,0x00,0x00,0x0a,0xf2,0x00,0x10,0x00,0x11,0x00,0x00,0x00,
0xe6,0x0e,0x10,0x00,0x10,0x00,0x00,0x00,0x02,0x40,0x00,0x00,0xff,0xff,0xff,0xff,
0x00,0x00,0x00,0x00,0x01,0x00,0x00,0x00,0x00,0x00,0x00,0x00,0x25,0x00,0x00,0x07,
0xf2,0x00,0x10,0x00,0x11,0x00,0x00,0x00,0x46,0x0e,0x10,0x00,0x08,0x00,0x00,0x00,
0x46,0x0e,0x10,0x00,0x11,0x00,0x00,0x00,0x24,0x00,0x00,0x0a,0xf2,0x00,0x10,0x00,
0x11,0x00,0x00,0x00,0xe6,0x04,0x10,0x00,0x11,0x00,0x00,0x00,0x02,0x40,0x00,0x00,
0x00,0x00,0x00,0x00,0x00,0x00,0x00,0x00,0x00,0x00,0x00,0x00,0x00,0x00,0x00,0x00,
0x36,0x00,0x00,0x05,0x32,0x00,0x10,0x00,0x12,0x00,0x00,0x00,0xe6,0x0a,0x10,0x00,
0x11,0x00,0x00,0x00,0x36,0x00,0x00,0x08,0xc2,0x00,0x10,0x00,0x12,0x00,0x00,0x00,
0x02,0x40,0x00,0x00,0x00,0x00,0x00,0x00,0x00,0x00,0x00,0x00,0x00,0x00,0x00,0x00,
0x00,0x00,0x00,0x00,0x2d,0x00,0x00,0x89,0xc2,0x00,0x00,0x80,0x43,0x55,0x15,0x00,
0x22,0x00,0x10,0x00,0x0d,0x00,0x00,0x00,0x46,0x0e,0x10,0x00,0x12,0x00,0x00,0x00,
0x16,0x7e,0x10,0x00,0x00,0x00,0x00,0x00,0x38,0x00,0x00,0x07,0x22,0x00,0x10,0x00,
0x0d,0x00,0x00,0x00,0x2a,0x00,0x10,0x00,0x07,0x00,0x00,0x00,0x1a,0x00,0x10,0x00,
0x0d,0x00,0x00,0x00,0x34,0x00,0x00,0x07,0x22,0x00,0x10,0x00,0x0d,0x00,0x00,0x00,
0x1a,0x00,0x10,0x00,0x0d,0x00,0x00,0x00,0x01,0x40,0x00,0x00,0x40,0xda,0x7f,0x38,
0x36,0x00,0x00,0x08,0xc2,0x00,0x10,0x00,0x11,0x00,0x00,0x00,0x02,0x40,0x00,0x00,
0x00,0x00,0x00,0x00,0x00,0x00,0x00,0x00,0x00,0x00,0x00,0x00,0x00,0x00,0x00,0x00,
0x2d,0x00,0x00,0x89,0xc2,0x00,0x00,0x80,0x43,0x55,0x15,0x00,0x12,0x00,0x10,0x00,
0x0e,0x00,0x00,0x00,0x46,0x0e,0x10,0x00,0x11,0x00,0x00,0x00,0x46,0x7e,0x10,0x00,
0x00,0x00,0x00,0x00,0x38,0x00,0x00,0x07,0x12,0x00,0x10,0x00,0x0e,0x00,0x00,0x00,
0x2a,0x00,0x10,0x00,0x07,0x00,0x00,0x00,0x0a,0x00,0x10,0x00,0x0e,0x00,0x00,0x00,
0x34,0x00,0x00,0x07,0x12,0x00,0x10,0x00,0x0e,0x00,0x00,0x00,0x0a,0x00,0x10,0x00,
0x0e,0x00,0x00,0x00,0x01,0x40,0x00,0x00,0x40,0xda,0x7f,0x38,0x1e,0x00,0x00,0x0a,
0xf2,0x00,0x10,0x00,0x10,0x00,0x00,0x00,0x46,0x0e,0x10,0x00,0x10,0x00,0x00,0x00,
0x02,0x40,0x00,0x00,0x00,0x00,0x00,0x00,0xff,0xff,0xff,0xff,0x00,0x00,0x00,0x00,
0x01,0x00,0x00,0x00,0x25,0x00,0x00,0x07,0xf2,0x00,0x10,0x00,0x10,0x00,0x00,0x00,
0x46,0x0e,0x10,0x00,0x08,0x00,0x00,0x00,0x46,0x0e,0x10,0x00,0x10,0x00,0x00,0x00,
0x24,0x00,0x00,0x0a,0xf2,0x00,0x10,0x00,0x10,0x00,0x00,0x00,0xe6,0x04,0x10,0x00,
0x10,0x00,0x00,0x00,0x02,0x40,0x00,0x00,0x00,0x00,0x00,0x00,0x00,0x00,0x00,0x00,
0x00,0x00,0x00,0x00,0x00,0x00,0x00,0x00,0x36,0x00,0x00,0x05,0x32,0x00,0x10,0x00,
0x11,0x00,0x00,0x00,0xe6,0x0a,0x10,0x00,0x10,0x00,0x00,0x00,0x36,0x00,0x00,0x08,
0xc2,0x00,0x10,0x00,0x11,0x00,0x00,0x00,0x02,0x40,0x00,0x00,0x00,0x00,0x00,0x00,
0x00,0x00,0x00,0x00,0x00,0x00,0x00,0x00,0x00,0x00,0x00,0x00,0x2d,0x00,0x00,0x89,
0xc2,0x00,0x00,0x80,0x43,0x55,0x15,0x00,0x22,0x00,0x10,0x00,0x0e,0x00,0x00,0x00,
0x46,0x0e,0x10,0x00,0x11,0x00,0x00,0x00,0x16,0x7e,0x10,0x00,0x00,0x00,0x00,0x00,
0x38,0x00,0x00,0x07,0x22,0x00,0x10,0x00,0x0e,0x00,0x00,0x00,0x2a,0x00,0x10,0x00,
0x07,0x00,0x00,0x00,0x1a,0x00,0x10,0x00,0x0e,0x00,0x00,0x00,0x34,0x00,0x00,0x07,
0x22,0x00,0x10,0x00,0x0e,0x00,0x00,0x00,0x1a,0x00,0x10,0x00,0x0e,0x00,0x00,0x00,
0x01,0x40,0x00,0x00,0x40,0xda,0x7f,0x38,0x36,0x00,0x00,0x08,0xc2,0x00,0x10,0x00,
0x10,0x00,0x00,0x00,0x02,0x40,0x00,0x00,0x00,0x00,0x00,0x00,0x00,0x00,0x00,0x00,
0x00,0x00,0x00,0x00,0x00,0x00,0x00,0x00,0x2d,0x00,0x00,0x89,0xc2,0x00,0x00,0x80,
0x43,0x55,0x15,0x00,0x12,0x00,0x10,0x00,0x0f,0x00,0x00,0x00,0x46,0x0e,0x10,0x00,
0x10,0x00,0x00,0x00,0x46,0x7e,0x10,0x00,0x00,0x00,0x00,0x00,0x38,0x00,0x00,0x07,
0x12,0x00,0x10,0x00,0x0f,0x00,0x00,0x00,0x2a,0x00,0x10,0x00,0x07,0x00,0x00,0x00,
0x0a,0x00,0x10,0x00,0x0f,0x00,0x00,0x00,0x34,0x00,0x00,0x07,0x12,0x00,0x10,0x00,
0x0f,0x00,0x00,0x00,0x0a,0x00,0x10,0x00,0x0f,0x00,0x00,0x00,0x01,0x40,0x00,0x00,
0x40,0xda,0x7f,0x38,0x33,0x00,0x00,0x07,0x22,0x00,0x10,0x00,0x0f,0x00,0x00,0x00,
0x0a,0x00,0x10,0x00,0x0d,0x00,0x00,0x00,0x1a,0x00,0x10,0x00,0x0e,0x00,0x00,0x00,
0x34,0x00,0x00,0x07,0x12,0x00,0x10,0x00,0x0d,0x00,0x00,0x00,0x0a,0x00,0x10,0x00,
0x0d,0x00,0x00,0x00,0x1a,0x00,0x10,0x00,0x0e,0x00,0x00,0x00,0x33,0x00,0x00,0x07,
0x22,0x00,0x10,0x00,0x0e,0x00,0x00,0x00,0x1a,0x00,0x10,0x00,0x0d,0x00,0x00,0x00,
0x0a,0x00,0x10,0x00,0x0f,0x00,0x00,0x00,0x34,0x00,0x00,0x07,0x22,0x00,0x10,0x00,
0x0d,0x00,0x00,0x00,0x1a,0x00,0x10,0x00,0x0d,0x00,0x00,0x00,0x0a,0x00,0x10,0x00,
0x0f,0x00,0x00,0x00,0x34,0x00,0x00,0x07,0x12,0x00,0x10,0x00,0x0f,0x00,0x00,0x00,
0x0a,0x00,0x10,0x00,0x0e,0x00,0x00,0x00,0x1a,0x00,0x10,0x00,0x0f,0x00,0x00,0x00,
0x34,0x00,0x00,0x07,0x12,0x00,0x10,0x00,0x10,0x00,0x00,0x00,0x0a,0x00,0x10,0x00,
0x0d,0x00,0x00,0x00,0x1a,0x00,0x10,0x00,0x0e,0x00,0x00,0x00,0x34,0x00,0x00,0x07,
0x22,0x00,0x10,0x00,0x10,0x00,0x00,0x00,0x1a,0x00,0x10,0x00,0x0d,0x00,0x00,0x00,
0x0a,0x00,0x10,0x00,0x0f,0x00,0x00,0x00,0x34,0x00,0x00,0x07,0x42,0x00,0x10,0x00,
0x10,0x00,0x00,0x00,0x1a,0x00,0x10,0x00,0x10,0x00,0x00,0x00,0x0a,0x00,0x10,0x00,
0x10,0x00,0x00,0x00,0x33,0x00,0x00,0x07,0x82,0x00,0x10,0x00,0x10,0x00,0x00,0x00,
0x2a,0x00,0x10,0x00,0x02,0x00,0x00,0x00,0x1a,0x00,0x10,0x00,0x07,0x00,0x00,0x00,
0x34,0x00,0x00,0x07,0x42,0x00,0x10,0x00,0x02,0x00,0x00,0x00,0x2a,0x00,0x10,0x00,
0x02,0x00,0x00,0x00,0x1a,0x00,0x10,0x00,0x07,0x00,0x00,0x00,0x33,0x00,0x00,0x07,
0x22,0x00,0x10,0x00,0x07,0x00,0x00,0x00,0x3a,0x00,0x10,0x00,0x02,0x00,0x00,0x00,
0x3a,0x00,0x10,0x00,0x07,0x00,0x00,0x00,0x34,0x00,0x00,0x07,0x82,0x00,0x10,0x00,
0x02,0x00,0x00,0x00,0x3a,0x00,0x10,0x00,0x02,0x00,0x00,0x00,0x3a,0x00,0x10,0x00,
0x07,0x00,0x00,0x00,0x34,0x00,0x00,0x07,0x82,0x00,0x10,0x00,0x07,0x00,0x00,0x00,
0x0a,0x00,0x10,0x00,0x07,0x00,0x00,0x00,0x3a,0x00,0x10,0x00,0x10,0x00,0x00,0x00,
0x34,0x00,0x00,0x07,0x32,0x00,0x10,0x00,0x11,0x00,0x00,0x00,0xe6,0x0a,0x10,0x00,
0x02,0x00,0x00,0x00,0xd6,0x05,0x10,0x00,0x07,0x00,0x00,0x00,0x33,0x00,0x00,0x07,
0x12,0x00,0x10,0x00,0x0e,0x00,0x00,0x00,0x0a,0x00,0x10,0x00,0x0e,0x00,0x00,0x00,
0x1a,0x00,0x10,0x00,0x0f,0x00,0x00,0x00,0x33,0x00,0x00,0x07,0x12,0x00,0x10,0x00,
0x0d,0x00,0x00,0x00,0x0a,0x00,0x10,0x00,0x0d,0x00,0x00,0x00,0x1a,0x00,0x10,0x00,
0x0e,0x00,0x00,0x00,0x33,0x00,0x00,0x07,0x12,0x00,0x10,0x00,0x12,0x00,0x00,0x00,
0x0a,0x00,0x10,0x00,0x0d,0x00,0x00,0x00,0x0a,0x00,0x10,0x00,0x0e,0x00,0x00,0x00,
0x34,0x00,0x00,0x07,0x12,0x00,0x10,0x00,0x0d,0x00,0x00,0x00,0x0a,0x00,0x10,0x00,
0x0d,0x00,0x00,0x00,0x0a,0x00,0x10,0x00,0x0e,0x00,0x00,0x00,0x33,0x00,0x00,0x07,
0x22,0x00,0x10,0x00,0x0d,0x00,0x00,0x00,0x1a,0x00,0x10,0x00,0x0d,0x00,0x00,0x00,
0x0a,0x00,0x10,0x00,0x0f,0x00,0x00,0x00,0x33,0x00,0x00,0x07,0x22,0x00,0x10,0x00,
0x12,0x00,0x00,0x00,0x1a,0x00,0x10,0x00,0x0d,0x00,0x00,0x00,0x0a,0x00,0x10,0x00,
0x0d,0x00,0x00,0x00,0x34,0x00,0x00,0x07,0x12,0x00,0x10,0x00,0x0d,0x00,0x00,0x00,
0x1a,0x00,0x10,0x00,0x0d,0x00,0x00,0x00,0x0a,0x00,0x10,0x00,0x0d,0x00,0x00,0x00,
0x33,0x00,0x00,0x07,0x22,0x00,0x10,0x00,0x0d,0x00,0x00,0x00,0x1a,0x00,0x10,0x00,
0x10,0x00,0x00,0x00,0x0a,0x00,0x10,0x00,0x10,0x00,0x00,0x00,0x33,0x00,0x00,0x07,
0x42,0x00,0x10,0x00,0x12,0x00,0x00,0x00,0x1a,0x00,0x10,0x00,0x0d,0x00,0x00,0x00,
0x0a,0x00,0x10,0x00,0x0d,0x00,0x00,0x00,0x34,0x00,0x00,0x07,0x82,0x00,0x10,0x00,
0x12,0x00,0x00,0x00,0x1a,0x00,0x10,0x00,0x0d,0x00,0x00,0x00,0x0a,0x00,0x10,0x00,
0x0d,0x00,0x00,0x00,0x33,0x00,0x00,0x07,0x12,0x00,0x10,0x00,0x07,0x00,0x00,0x00,
0x0a,0x00,0x10,0x00,0x07,0x00,0x00,0x00,0x3a,0x00,0x10,0x00,0x10,0x00,0x00,0x00,
0x33,0x00,0x00,0x07,0xc2,0x00,0x10,0x00,0x02,0x00,0x00,0x00,0xa6,0x0e,0x10,0x00,
0x02,0x00,0x00,0x00,0x56,0x0d,0x10,0x00,0x07,0x00,0x00,0x00,0x33,0x00,0x00,0x07,
0x12,0x00,0x10,0x00,0x13,0x00,0x00,0x00,0x2a,0x00,0x10,0x00,0x02,0x00,0x00,0x00,
0x0a,0x00,0x10,0x00,0x07,0x00,0x00,0x00,0x34,0x00,0x00,0x07,0x42,0x00,0x10,0x00,
0x02,0x00,0x00,0x00,0x2a,0x00,0x10,0x00,0x02,0x00,0x00,0x00,0x0a,0x00,0x10,0x00,
0x07,0x00,0x00,0x00,0x33,0x00,0x00,0x07,0x22,0x00,0x10,0x00,0x13,0x00,0x00,0x00,
0x3a,0x00,0x10,0x00,0x02,0x00,0x00,0x00,0x2a,0x00,0x10,0x00,0x02,0x00,0x00,0x00,
0x34,0x00,0x00,0x07,0x42,0x00,0x10,0x00,0x02,0x00,0x00,0x00,0x3a,0x00,0x10,0x00,
0x02,0x00,0x00,0x00,0x2a,0x00,0x10,0x00,0x02,0x00,0x00,0x00,0x33,0x00,0x00,0x07,
0x82,0x00,0x10,0x00,0x02,0x00,0x00,0x00,0x1a,0x00,0x10,0x00,0x11,0x00,0x00,0x00,
0x0a,0x00,0x10,0x00,0x11,0x00,0x00,0x00,0x33,0x00,0x00,0x07,0x42,0x00,0x10,0x00,
0x13,0x00,0x00,0x00,0x3a,0x00,0x10,0x00,0x02,0x00,0x00,0x00,0x2a,0x00,0x10,0x00,
0x02,0x00,0x00,0x00,0x34,0x00,0x00,0x07,0x82,0x00,0x10,0x00,0x13,0x00,0x00,0x00,
0x3a,0x00,0x10,0x00,0x02,0x00,0x00,0x00,0x2a,0x00,0x10,0x00,0x02,0x00,0x00,0x00,
0x00,0x00,0x00,0x08,0x42,0x00,0x10,0x00,0x02,0x00,0x00,0x00,0x0a,0x00,0x10,0x00,
0x12,0x00,0x00,0x00,0x0a,0x00,0x10,0x80,0x41,0x00,0x00,0x00,0x13,0x00,0x00,0x00,
0x31,0x00,0x00,0x08,0x82,0x00,0x10,0x00,0x02,0x00,0x00,0x00,0x01,0x40,0x00,0x00,
0x40,0xda,0x7f,0x38,0x2a,0x00,0x10,0x80,0x81,0x00,0x00,0x00,0x02,0x00,0x00,0x00,
0x1f,0x00,0x04,0x03,0x3a,0x00,0x10,0x00,0x02,0x00,0x00,0x00,0x31,0x00,0x00,0x07,
0x82,0x00,0x10,0x00,0x02,0x00,0x00,0x00,0x01,0x40,0x00,0x00,0x00,0x00,0x00,0x00,
0x2a,0x00,0x10,0x00,0x02,0x00,0x00,0x00,0x31,0x00,0x00,0x07,0x42,0x00,0x10,0x00,
0x02,0x00,0x00,0x00,0x2a,0x00,0x10,0x00,0x02,0x00,0x00,0x00,0x01,0x40,0x00,0x00,
0x00,0x00,0x00,0x00,0x1e,0x00,0x00,0x08,0x42,0x00,0x10,0x00,0x02,0x00,0x00,0x00,
0x3a,0x00,0x10,0x80,0x41,0x00,0x00,0x00,0x02,0x00,0x00,0x00,0x2a,0x00,0x10,0x00,
0x02,0x00,0x00,0x00,0x2b,0x00,0x00,0x05,0x42,0x00,0x10,0x00,0x02,0x00,0x00,0x00,
0x2a,0x00,0x10,0x00,0x02,0x00,0x00,0x00,0x34,0x00,0x00,0x07,0x82,0x00,0x10,0x00,
0x02,0x00,0x00,0x00,0x0a,0x00,0x10,0x00,0x12,0x00,0x00,0x00,0x0a,0x00,0x10,0x00,
0x13,0x00,0x00,0x00,0x33,0x00,0x00,0x07,0x12,0x00,0x10,0x00,0x07,0x00,0x00,0x00,
0x0a,0x00,0x10,0x00,0x12,0x00,0x00,0x00,0x0a,0x00,0x10,0x00,0x13,0x00,0x00,0x00,
0x0e,0x00,0x00,0x07,0x82,0x00,0x10,0x00,0x02,0x00,0x00,0x00,0x0a,0x00,0x10,0x00,
0x07,0x00,0x00,0x00,0x3a,0x00,0x10,0x00,0x02,0x00,0x00,0x00,0x00,0x00,0x00,0x08,
0x82,0x00,0x10,0x00,0x02,0x00,0x00,0x00,0x3a,0x00,0x10,0x80,0x41,0x00,0x00,0x00,
0x02,0x00,0x00,0x00,0x01,0x40,0x00,0x00,0x00,0x00,0x80,0x3f,0x38,0x00,0x00,0x07,
0x42,0x00,0x10,0x00,0x02,0x00,0x00,0x00,0x3a,0x00,0x10,0x00,0x02,0x00,0x00,0x00,
0x2a,0x00,0x10,0x00,0x02,0x00,0x00,0x00,0x31,0x00,0x00,0x08,0x82,0x00,0x10,0x00,
0x02,0x00,0x00,0x00,0x2a,0x00,0x10,0x80,0x81,0x00,0x00,0x00,0x02,0x00,0x00,0x00,
0x01,0x40,0x00,0x00,0x00,0xdf,0x7f,0x47,0x37,0x00,0x00,0x09,0x42,0x00,0x10,0x00,
0x02,0x00,0x00,0x00,0x3a,0x00,0x10,0x00,0x02,0x00,0x00,0x00,0x2a,0x00,0x10,0x00,
0x02,0x00,0x00,0x00,0x01,0x40,0x00,0x00,0x00,0xdf,0x7f,0x47,0x31,0x00,0x00,0x07,
0x82,0x00,0x10,0x00,0x02,0x00,0x00,0x00,0x0a,0x00,0x10,0x00,0x12,0x00,0x00,0x00,
0x0a,0x00,0x10,0x00,0x13,0x00,0x00,0x00,0x01,0x00,0x00,0x07,0x12,0x00,0x10,0x00,
0x07,0x00,0x00,0x00,0x3a,0x00,0x10,0x00,0x02,0x00,0x00,0x00,0x01,0x40,0x00,0x00,
0x01,0x00,0x00,0x00,0x0f,0x00,0x00,0x08,0x82,0x00,0x10,0x00,0x02,0x00,0x00,0x00,
0x46,0x00,0x10,0x00,0x12,0x00,0x00,0x00,0x46,0x90,0x90,0x00,0x0a,0x00,0x10,0x00,
0x07,0x00,0x00,0x00,0x1d,0x00,0x00,0x07,0x82,0x00,0x10,0x00,0x02,0x00,0x00,0x00,
0x3a,0x00,0x10,0x00,0x02,0x00,0x00,0x00,0x0a,0x00,0x10,0x00,0x13,0x00,0x00,0x00,
0x01,0x00,0x00,0x07,0x22,0x00,0x10,0x00,0x07,0x00,0x00,0x00,0x3a,0x00,0x10,0x00,
0x02,0x00,0x00,0x00,0x01,0x40,0x00,0x00,0x01,0x00,0x00,0x00,0x12,0x00,0x00,0x01,
0x36,0x00,0x00,0x08,0x32,0x00,0x10,0x00,0x07,0x00,0x00,0x00,0x02,0x40,0x00,0x00,
0x00,0x00,0x00,0x00,0x00,0x00,0x00,0x00,0x00,0x00,0x00,0x00,0x00,0x00,0x00,0x00,
0x36,0x00,0x00,0x05,0x42,0x00,0x10,0x00,0x02,0x00,0x00,0x00,0x01,0x40,0x00,0x00,
0x00,0xe0,0x7f,0x47,0x15,0x00,0x00,0x01,0x31,0x00,0x00,0x07,0x82,0x00,0x10,0x00,
0x02,0x00,0x00,0x00,0x2a,0x00,0x10,0x00,0x02,0x00,0x00,0x00,0x01,0x40,0x00,0x00,
0x00,0xe0,0x7f,0x47,0x1f,0x00,0x04,0x03,0x3a,0x00,0x10,0x00,0x02,0x00,0x00,0x00,
0x0f,0x00,0x00,0x08,0x82,0x00,0x10,0x00,0x07,0x00,0x00,0x00,0x46,0x00,0x10,0x00,
0x12,0x00,0x00,0x00,0x46,0x90,0x90,0x00,0x0a,0x00,0x10,0x00,0x07,0x00,0x00,0x00,
0x0f,0x00,0x00,0x08,0x12,0x00,0x10,0x00,0x0d,0x00,0x00,0x00,0x46,0x00,0x10,0x00,
0x13,0x00,0x00,0x00,0x46,0x90,0x90,0x00,0x1a,0x00,0x10,0x00,0x07,0x00,0x00,0x00,
0x00,0x00,0x00,0x08,0x22,0x00,0x10,0x00,0x0d,0x00,0x00,0x00,0x3a,0x00,0x10,0x00,
0x07,0x00,0x00,0x00,0x0a,0x00,0x10,0x80,0x41,0x00,0x00,0x00,0x0d,0x00,0x00,0x00,
0x31,0x00,0x00,0x08,0x12,0x00,0x10,0x00,0x0e,0x00,0x00,0x00,0x01,0x40,0x00,0x00,
0x40,0xda,0x7f,0x38,0x1a,0x00,0x10,0x80,0x81,0x00,0x00,0x00,0x0d,0x00,0x00,0x00,
0x1f,0x00,0x04,0x03,0x0a,0x00,0x10,0x00,0x0e,0x00,0x00,0x00,0x31,0x00,0x00,0x07,
0x12,0x00,0x10,0x00,0x0e,0x00,0x00,0x00,0x01,0x40,0x00,0x00,0x00,0x00,0x00,0x00,
0x1a,0x00,0x10,0x00,0x0d,0x00,0x00,0x00,0x31,0x00,0x00,0x07,0x22,0x00,0x10,0x00,
0x0d,0x00,0x00,0x00,0x1a,0x00,0x10,0x00,0x0d,0x00,0x00,0x00,0x01,0x40,0x00,0x00,
0x00,0x00,0x00,0x00,0x1e,0x00,0x00,0x08,0x22,0x00,0x10,0x00,0x0d,0x00,0x00,0x00,
0x0a,0x00,0x10,0x80,0x41,0x00,0x00,0x00,0x0e,0x00,0x00,0x00,0x1a,0x00,0x10,0x00,
0x0d,0x00,0x00,0x00,0x2b,0x00,0x00,0x05,0x22,0x00,0x10,0x00,0x0d,0x00,0x00,0x00,
0x1a,0x00,0x10,0x00,0x0d,0x00,0x00,0x00,0x34,0x00,0x00,0x07,0x12,0x00,0x10,0x00,
0x0e,0x00,0x00,0x00,0x3a,0x00,0x10,0x00,0x07,0x00,0x00,0x00,0x0a,0x00,0x10,0x00,
0x0d,0x00,0x00,0x00,0x39,0x00,0x00,0x07,0x22,0x00,0x10,0x00,0x0e,0x00,0x00,0x00,
0x0a,0x00,0x10,0x00,0x0e,0x00,0x00,0x00,0x01,0x40,0x00,0x00,0x00,0x00,0x00,0x00,
0x33,0x00,0x00,0x07,0x12,0x00,0x10,0x00,0x0f,0x00,0x00,0x00,0x3a,0x00,0x10,0x00,
0x07,0x00,0x00,0x00,0x0a,0x00,0x10,0x00,0x0d,0x00,0x00,0x00,0x0e,0x00,0x00,0x07,
0x12,0x00,0x10,0x00,0x0e,0x00,0x00,0x00,0x0a,0x00,0x10,0x00,0x0f,0x00,0x00,0x00,
0x0a,0x00,0x10,0x00,0x0e,0x00,0x00,0x00,0x01,0x00,0x00,0x07,0x12,0x00,0x10,0x00,
0x0e,0x00,0x00,0x00,0x0a,0x00,0x10,0x00,0x0e,0x00,0x00,0x00,0x1a,0x00,0x10,0x00,
0x0e,0x00,0x00,0x00,0x00,0x00,0x00,0x08,0x12,0x00,0x10,0x00,0x0e,0x00,0x00,0x00,
0x0a,0x00,0x10,0x80,0x41,0x00,0x00,0x00,0x0e,0x00,0x00,0x00,0x01,0x40,0x00,0x00,
0x00,0x00,0x80,0x3f,0x38,0x00,0x00,0x07,0x22,0x00,0x10,0x00,0x0d,0x00,0x00,0x00,
0x1a,0x00,0x10,0x00,0x0d,0x00,0x00,0x00,0x0a,0x00,0x10,0x00,0x0e,0x00,0x00,0x00,
0x31,0x00,0x00,0x09,0x12,0x00,0x10,0x00,0x0e,0x00,0x00,0x00,0x1a,0x00,0x10,0x80,
0x81,0x00,0x00,0x00,0x0d,0x00,0x00,0x00,0x2a,0x00,0x10,0x80,0x81,0x00,0x00,0x00,
0x02,0x00,0x00,0x00,0x37,0x00,0x00,0x09,0x42,0x00,0x10,0x00,0x02,0x00,0x00,0x00,
0x0a,0x00,0x10,0x00,0x0e,0x00,0x00,0x00,0x1a,0x00,0x10,0x00,0x0d,0x00,0x00,0x00,
0x2a,0x00,0x10,0x00,0x02,0x00,0x00,0x00,0x31,0x00,0x00,0x07,0x82,0x00,0x10,0x00,
0x07,0x00,0x00,0x00,0x3a,0x00,0x10,0x00,0x07,0x00,0x00,0x00,0x0a,0x00,0x10,0x00,
0x0d,0x00,0x00,0x00,0x01,0x00,0x00,0x07,0x82,0x00,0x10,0x00,0x07,0x00,0x00,0x00,
0x3a,0x00,0x10,0x00,0x07,0x00,0x00,0x00,0x01,0x40,0x00,0x00,0x01,0x00,0x00,0x00,
0x1e,0x00,0x00,0x07,0x12,0x00,0x10,0x00,0x07,0x00,0x00,0x00,0x3a,0x00,0x10,0x00,
0x07,0x00,0x00,0x00,0x0a,0x00,0x10,0x00,0x07,0x00,0x00,0x00,0x10,0x00,0x00,0x08,
0x82,0x00,0x10,0x00,0x07,0x00,0x00,0x00,0x46,0x02,0x10,0x00,0x12,0x00,0x00,0x00,
0x46,0x92,0x90,0x00,0x0a,0x00,0x10,0x00,0x07,0x00,0x00,0x00,0x1d,0x00,0x00,0x07,
0x82,0x00,0x10,0x00,0x07,0x00,0x00,0x00,0x3a,0x00,0x10,0x00,0x07,0x00,0x00,0x00,
0x0a,0x00,0x10,0x00,0x0d,0x00,0x00,0x00,0x01,0x00,0x00,0x07,0x82,0x00,0x10,0x00,
0x07,0x00,0x00,0x00,0x3a,0x00,0x10,0x00,0x07,0x00,0x00,0x00,0x01,0x40,0x00,0x00,
0x01,0x00,0x00,0x00,0x1e,0x00,0x00,0x07,0x22,0x00,0x10,0x00,0x07,0x00,0x00,0x00,
0x3a,0x00,0x10,0x00,0x07,0x00,0x00,0x00,0x1a,0x00,0x10,0x00,0x07,0x00,0x00,0x00,
0x12,0x00,0x00,0x01,0x36,0x00,0x00,0x05,0x42,0x00,0x10,0x00,0x02,0x00,0x00,0x00,
0x01,0x40,0x00,0x00,0x00,0xe0,0x7f,0x47,0x15,0x00,0x00,0x01,0x15,0x00,0x00,0x01,
0x31,0x00,0x00,0x07,0x82,0x00,0x10,0x00,0x07,0x00,0x00,0x00,0x2a,0x00,0x10,0x00,
0x02,0x00,0x00,0x00,0x01,0x40,0x00,0x00,0x00,0xe0,0x7f,0x47,0x01,0x00,0x00,0x07,
0x82,0x00,0x10,0x00,0x02,0x00,0x00,0x00,0x3a,0x00,0x10,0x00,0x02,0x00,0x00,0x00,
0x3a,0x00,0x10,0x00,0x07,0x00,0x00,0x00,0x1f,0x00,0x04,0x03,0x3a,0x00,0x10,0x00,
0x02,0x00,0x00,0x00,0x10,0x00,0x00,0x08,0x82,0x00,0x10,0x00,0x07,0x00,0x00,0x00,
0x46,0x02,0x10,0x00,0x12,0x00,0x00,0x00,0x46,0x92,0x90,0x00,0x0a,0x00,0x10,0x00,
0x07,0x00,0x00,0x00,0x10,0x00,0x00,0x08,0x12,0x00,0x10,0x00,0x0d,0x00,0x00,0x00,
0x46,0x02,0x10,0x00,0x13,0x00,0x00,0x00,0x46,0x92,0x90,0x00,0x1a,0x00,0x10,0x00,
0x07,0x00,0x00,0x00,0x00,0x00,0x00,0x08,0x22,0x00,0x10,0x00,0x0d,0x00,0x00,0x00,
0x3a,0x00,0x10,0x00,0x07,0x00,0x00,0x00,0x0a,0x00,0x10,0x80,0x41,0x00,0x00,0x00,
0x0d,0x00,0x00,0x00,0x31,0x00,0x00,0x08,0x12,0x00,0x10,0x00,0x0e,0x00,0x00,0x00,
0x01,0x40,0x00,0x00,0x40,0xda,0x7f,0x38,0x1a,0x00,0x10,0x80,0x81,0x00,0x00,0x00,
0x0d,0x00,0x00,0x00,0x1f,0x00,0x04,0x03,0x0a,0x00,0x10,0x00,0x0e,0x00,0x00,0x00,
0x31,0x00,0x00,0x07,0x12,0x00,0x10,0x00,0x0e,0x00,0x00,0x00,0x01,0x40,0x00,0x00,
0x00,0x00,0x00,0x00,0x1a,0x00,0x10,0x00,0x0d,0x00,0x00,0x00,0x31,0x00,0x00,0x07,
0x22,0x00,0x10,0x00,0x0d,0x00,0x00,0x00,0x1a,0x00,0x10,0x00,0x0d,0x00,0x00,0x00,
0x01,0x40,0x00,0x00,0x00,0x00,0x00,0x00,0x1e,0x00,0x00,0x08,0x22,0x00,0x10,0x00,
0x0d,0x00,0x00,0x00,0x0a,0x00,0x10,0x80,0x41,0x00,0x00,0x00,0x0e,0x00,0x00,0x00,
0x1a,0x00,0x10,0x00,0x0d,0x00,0x00,0x00,0x2b,0x00,0x00,0x05,0x22,0x00,0x10,0x00,
0x0d,0x00,0x00,0x00,0x1a,0x00,0x10,0x00,0x0d,0x00,0x00,0x00,0x34,0x00,0x00,0x07,
0x12,0x00,0x10,0x00,0x0e,0x00,0x00,0x00,0x3a,0x00,0x10,0x00,0x07,0x00,0x00,0x00,
0x0a,0x00,0x10,0x00,0x0d,0x00,0x00,0x00,0x39,0x00,0x00,0x07,0x22,0x00,0x10,0x00,
0x0e,0x00,0x00,0x00,0x0a,0x00,0x10,0x00,0x0e,0x00,0x00,0x00,0x01,0x40,0x00,0x00,
0x00,0x00,0x00,0x00,0x33,0x00,0x00,0x07,0x12,0x00,0x10,0x00,0x0f,0x00,0x00,0x00,
0x3a,0x00,0x10,0x00,0x07,0x00,0x00,0x00,0x0a,0x00,0x10,0x00,0x0d,0x00,0x00,0x00,
0x0e,0x00,0x00,0x07,0x12,0x00,0x10,0x00,0x0e,0x00,0x00,0x00,0x0a,0x00,0x10,0x00,
0x0f,0x00,0x00,0x00,0x0a,0x00,0x10,0x00,0x0e,0x00,0x00,0x00,0x01,0x00,0x00,0x07,
0x12,0x00,0x10,0x00,0x0e,0x00,0x00,0x00,0x0a,0x00,0x10,0x00,0x0e,0x00,0x00,0x00,
0x1a,0x00,0x10,0x00,0x0e,0x00,0x00,0x00,0x00,0x00,0x00,0x08,0x12,0x00,0x10,0x00,
0x0e,0x00,0x00,0x00,0x0a,0x00,0x10,0x80,0x41,0x00,0x00,0x00,0x0e,0x00,0x00,0x00,
0x01,0x40,0x00,0x00,0x00,0x00,0x80,0x3f,0x38,0x00,0x00,0x07,0x22,0x00,0x10,0x00,
0x0d,0x00,0x00,0x00,0x1a,0x00,0x10,0x00,0x0d,0x00,0x00,0x00,0x0a,0x00,0x10,0x00,
0x0e,0x00,0x00,0x00,0x31,0x00,0x00,0x09,0x12,0x00,0x10,0x00,0x0e,0x00,0x00,0x00,
0x1a,0x00,0x10,0x80,0x81,0x00,0x00,0x00,0x0d,0x00,0x00,0x00,0x2a,0x00,0x10,0x80,
0x81,0x00,0x00,0x00,0x02,0x00,0x00,0x00,0x37,0x00,0x00,0x09,0x42,0x00,0x10,0x00,
0x02,0x00,0x00,0x00,0x0a,0x00,0x10,0x00,0x0e,0x00,0x00,0x00,0x1a,0x00,0x10,0x00,
0x0d,0x00,0x00,0x00,0x2a,0x00,0x10,0x00,0x02,0x00,0x00,0x00,0x31,0x00,0x00,0x07,
0x82,0x00,0x10,0x00,0x07,0x00,0x00,0x00,0x3a,0x00,0x10,0x00,0x07,0x00,0x00,0x00,
0x0a,0x00,0x10,0x00,0x0d,0x00,0x00,0x00,0x01,0x00,0x00,0x07,0x82,0x00,0x10,0x00,
0x07,0x00,0x00,0x00,0x3a,0x00,0x10,0x00,0x07,0x00,0x00,0x00,0x01,0x40,0x00,0x00,
0x01,0x00,0x00,0x00,0x1e,0x00,0x00,0x07,0x12,0x00,0x10,0x00,0x07,0x00,0x00,0x00,
0x3a,0x00,0x10,0x00,0x07,0x00,0x00,0x00,0x0a,0x00,0x10,0x00,0x07,0x00,0x00,0x00,
0x11,0x00,0x00,0x08,0x82,0x00,0x10,0x00,0x07,0x00,0x00,0x00,0x46,0x0e,0x10,0x00,
0x12,0x00,0x00,0x00,0x46,0x9e,0x90,0x00,0x0a,0x00,0x10,0x00,0x07,0x00,0x00,0x00,
0x1d,0x00,0x00,0x07,0x82,0x00,0x10,0x00,0x07,0x00,0x00,0x00,0x3a,0x00,0x10,0x00,
0x07,0x00,0x00,0x00,0x0a,0x00,0x10,0x00,0x0d,0x00,0x00,0x00,0x01,0x00,0x00,0x07,
0x82,0x00,0x10,0x00,0x07,0x00,0x00,0x00,0x3a,0x00,0x10,0x00,0x07,0x00,0x00,0x00,
0x01,0x40,0x00,0x00,0x01,0x00,0x00,0x00,0x1e,0x00,0x00,0x07,0x22,0x00,0x10,0x00,
0x07,0x00,0x00,0x00,0x3a,0x00,0x10,0x00,0x07,0x00,0x00,0x00,0x1a,0x00,0x10,0x00,
0x07,0x00,0x00,0x00,0x12,0x00,0x00,0x01,0x36,0x00,0x00,0x05,0x42,0x00,0x10,0x00,
0x02,0x00,0x00,0x00,0x01,0x40,0x00,0x00,0x00,0xe0,0x7f,0x47,0x15,0x00,0x00,0x01,
0x15,0x00,0x00,0x01,0x31,0x00,0x00,0x07,0x82,0x00,0x10,0x00,0x07,0x00,0x00,0x00,
0x2a,0x00,0x10,0x00,0x02,0x00,0x00,0x00,0x01,0x40,0x00,0x00,0x00,0xe0,0x7f,0x47,
0x01,0x00,0x00,0x07,0x82,0x00,0x10,0x00,0x02,0x00,0x00,0x00,0x3a,0x00,0x10,0x00,
0x02,0x00,0x00,0x00,0x3a,0x00,0x10,0x00,0x07,0x00,0x00,0x00,0x1f,0x00,0x04,0x03,
0x3a,0x00,0x10,0x00,0x02,0x00,0x00,0x00,0x11,0x00,0x00,0x08,0x82,0x00,0x10,0x00,
0x07,0x00,0x00,0x00,0x46,0x0e,0x10,0x00,0x12,0x00,0x00,0x00,0x46,0x9e,0x90,0x00,
0x0a,0x00,0x10,0x00,0x07,0x00,0x00,0x00,0x11,0x00,0x00,0x08,0x12,0x00,0x10,0x00,
0x0d,0x00,0x00,0x00,0x46,0x0e,0x10,0x00,0x13,0x00,0x00,0x00,0x46,0x9e,0x90,0x00,
0x1a,0x00,0x10,0x00,0x07,0x00,0x00,0x00,0x00,0x00,0x00,0x08,0x22,0x00,0x10,0x00,
0x0d,0x00,0x00,0x00,0x3a,0x00,0x10,0x00,0x07,0x00,0x00,0x00,0x0a,0x00,0x10,0x80,
0x41,0x00,0x00,0x00,0x0d,0x00,0x00,0x00,0x31,0x00,0x00,0x08,0x12,0x00,0x10,0x00,
0x0e,0x00,0x00,0x00,0x01,0x40,0x00,0x00,0x40,0xda,0x7f,0x38,0x1a,0x00,0x10,0x80,
0x81,0x00,0x00,0x00,0x0d,0x00,0x00,0x00,0x1f,0x00,0x04,0x03,0x0a,0x00,0x10,0x00,
0x0e,0x00,0x00,0x00,0x31,0x00,0x00,0x07,0x12,0x00,0x10,0x00,0x0e,0x00,0x00,0x00,
0x01,0x40,0x00,0x00,0x00,0x00,0x00,0x00,0x1a,0x00,0x10,0x00,0x0d,0x00,0x00,0x00,
0x31,0x00,0x00,0x07,0x22,0x00,0x10,0x00,0x0d,0x00,0x00,0x00,0x1a,0x00,0x10,0x00,
0x0d,0x00,0x00,0x00,0x01,0x40,0x00,0x00,0x00,0x00,0x00,0x00,0x1e,0x00,0x00,0x08,
0x22,0x00,0x10,0x00,0x0d,0x00,0x00,0x00,0x0a,0x00,0x10,0x80,0x41,0x00,0x00,0x00,
0x0e,0x00,0x00,0x00,0x1a,0x00,0x10,0x00,0x0d,0x00,0x00,0x00,0x2b,0x00,0x00,0x05,
0x22,0x00,0x10,0x00,0x0d,0x00,0x00,0x00,0x1a,0x00,0x10,0x00,0x0d,0x00,0x00,0x00,
0x34,0x00,0x00,0x07,0x12,0x00,0x10,0x00,0x0e,0x00,0x00,0x00,0x3a,0x00,0x10,0x00,
0x07,0x00,0x00,0x00,0x0a,0x00,0x10,0x00,0x0d,0x00,0x00,0x00,0x39,0x00,0x00,0x07,
0x22,0x00,0x10,0x00,0x0e,0x00,0x00,0x00,0x0a,0x00,0x10,0x00,0x0e,0x00,0x00,0x00,
0x01,0x40,0x00,0x00,0x00,0x00,0x00,0x00,0x33,0x00,0x00,0x07,0x12,0x00,0x10,0x00,
0x0f,0x00,0x00,0x00,0x3a,0x00,0x10,0x00,0x07,0x00,0x00,0x00,0x0a,0x00,0x10,0x00,
0x0d,0x00,0x00,0x00,0x0e,0x00,0x00,0x07,0x12,0x00,0x10,0x00,0x0e,0x00,0x00,0x00,
0x0a,0x00,0x10,0x00,0x0f,0x00,0x00,0x00,0x0a,0x00,0x10,0x00,0x0e,0x00,0x00,0x00,
0x01,0x00,0x00,0x07,0x12,0x00,0x10,0x00,0x0e,0x00,0x00,0x00,0x0a,0x00,0x10,0x00,
0x0e,0x00,0x00,0x00,0x1a,0x00,0x10,0x00,0x0e,0x00,0x00,0x00,0x00,0x00,0x00,0x08,
0x12,0x00,0x10,0x00,0x0e,0x00,0x00,0x00,0x0a,0x00,0x10,0x80,0x41,0x00,0x00,0x00,
0x0e,0x00,0x00,0x00,0x01,0x40,0x00,0x00,0x00,0x00,0x80,0x3f,0x38,0x00,0x00,0x07,
0x22,0x00,0x10,0x00,0x0d,0x00,0x00,0x00,0x1a,0x00,0x10,0x00,0x0d,0x00,0x00,0x00,
0x0a,0x00,0x10,0x00,0x0e,0x00,0x00,0x00,0x31,0x00,0x00,0x09,0x12,0x00,0x10,0x00,
0x0e,0x00,0x00,0x00,0x1a,0x00,0x10,0x80,0x81,0x00,0x00,0x00,0x0d,0x00,0x00,0x00,
0x2a,0x00,0x10,0x80,0x81,0x00,0x00,0x00,0x02,0x00,0x00,0x00,0x37,0x00,0x00,0x09,
0x42,0x00,0x10,0x00,0x02,0x00,0x00,0x00,0x0a,0x00,0x10,0x00,0x0e,0x00,0x00,0x00,
0x1a,0x00,0x10,0x00,0x0d,0x00,0x00,0x00,0x2a,0x00,0x10,0x00,0x02,0x00,0x00,0x00,
0x31,0x00,0x00,0x07,0x82,0x00,0x10,0x00,0x07,0x00,0x00,0x00,0x3a,0x00,0x10,0x00,
0x07,0x00,0x00,0x00,0x0a,0x00,0x10,0x00,0x0d,0x00,0x00,0x00,0x01,0x00,0x00,0x07,
0x82,0x00,0x10,0x00,0x07,0x00,0x00,0x00,0x3a,0x00,0x10,0x00,0x07,0x00,0x00,0x00,
0x01,0x40,0x00,0x00,0x01,0x00,0x00,0x00,0x1e,0x00,0x00,0x07,0x12,0x00,0x10,0x00,
0x07,0x00,0x00,0x00,0x3a,0x00,0x10,0x00,0x07,0x00,0x00,0x00,0x0a,0x00,0x10,0x00,
0x07,0x00,0x00,0x00,0x20,0x00,0x00,0x0a,0xf2,0x00,0x10,0x00,0x14,0x00,0x00,0x00,
0x06,0x00,0x10,0x00,0x07,0x00,0x00,0x00,0x02,0x40,0x00,0x00,0x00,0x00,0x00,0x00,
0x01,0x00,0x00,0x00,0x02,0x00,0x00,0x00,0x03,0x00,0x00,0x00,0x20,0x00,0x00,0x07,
0x82,0x00,0x10,0x00,0x07,0x00,0x00,0x00,0x0a,0x00,0x10,0x00,0x07,0x00,0x00,0x00,
0x01,0x40,0x00,0x00,0x04,0x00,0x00,0x00,0x01,0x00,0x00,0x0a,0xf2,0x00,0x10,0x00,
0x14,0x00,0x00,0x00,0x46,0x0e,0x10,0x00,0x14,0x00,0x00,0x00,0x02,0x40,0x00,0x00,
0x00,0x00,0x80,0x3f,0x00,0x00,0x80,0x3f,0x00,0x00,0x80,0x3f,0x00,0x00,0x80,0x3f,
0x01,0x00,0x00,0x07,0x82,0x00,0x10,0x00,0x07,0x00,0x00,0x00,0x3a,0x00,0x10,0x00,
0x07,0x00,0x00,0x00,0x01,0x40,0x00,0x00,0x00,0x00,0x80,0x3f,0x11,0x00,0x00,0x07,
0x22,0x00,0x10,0x00,0x0d,0x00,0x00,0x00,0x46,0x0e,0x10,0x00,0x14,0x00,0x00,0x00,
0x46,0x0e,0x10,0x00,0x12,0x00,0x00,0x00,0x32,0x00,0x00,0x09,0x82,0x00,0x10,0x00,
0x07,0x00,0x00,0x00,0x3a,0x00,0x10,0x00,0x07,0x00,0x00,0x00,0x2a,0x00,0x10,0x00,
0x10,0x00,0x00,0x00,0x1a,0x00,0x10,0x00,0x0d,0x00,0x00,0x00,0x1d,0x00,0x00,0x07,
0x82,0x00,0x10,0x00,0x07,0x00,0x00,0x00,0x3a,0x00,0x10,0x00,0x07,0x00,0x00,0x00,
0x0a,0x00,0x10,0x00,0x0d,0x00,0x00,0x00,0x01,0x00,0x00,0x07,0x82,0x00,0x10,0x00,
0x07,0x00,0x00,0x00,0x3a,0x00,0x10,0x00,0x07,0x00,0x00,0x00,0x01,0x40,0x00,0x00,
0x01,0x00,0x00,0x00,0x1e,0x00,0x00,0x07,0x22,0x00,0x10,0x00,0x07,0x00,0x00,0x00,
0x3a,0x00,0x10,0x00,0x07,0x00,0x00,0x00,0x1a,0x00,0x10,0x00,0x07,0x00,0x00,0x00,
0x12,0x00,0x00,0x01,0x36,0x00,0x00,0x05,0x42,0x00,0x10,0x00,0x02,0x00,0x00,0x00,
0x01,0x40,0x00,0x00,0x00,0xe0,0x7f,0x47,0x15,0x00,0x00,0x01,0x15,0x00,0x00,0x01,
0x31,0x00,0x00,0x07,0x82,0x00,0x10,0x00,0x07,0x00,0x00,0x00,0x2a,0x00,0x10,0x00,
0x02,0x00,0x00,0x00,0x01,0x40,0x00,0x00,0x00,0xe0,0x7f,0x47,0x01,0x00,0x00,0x07,
0x82,0x00,0x10,0x00,0x02,0x00,0x00,0x00,0x3a,0x00,0x10,0x00,0x02,0x00,0x00,0x00,
0x3a,0x00,0x10,0x00,0x07,0x00,0x00,0x00,0x1f,0x00,0x04,0x03,0x3a,0x00,0x10,0x00,
0x02,0x00,0x00,0x00,0x34,0x00,0x00,0x07,0x82,0x00,0x10,0x00,0x02,0x00,0x00,0x00,
0x1a,0x00,0x10,0x00,0x11,0x00,0x00,0x00,0x0a,0x00,0x10,0x00,0x11,0x00,0x00,0x00,
0x20,0x00,0x00,0x0a,0xf2,0x00,0x10,0x00,0x11,0x00,0x00,0x00,0x06,0x00,0x10,0x00,
0x07,0x00,0x00,0x00,0x02,0x40,0x00,0x00,0x00,0x00,0x00,0x00,0x01,0x00,0x00,0x00,
0x02,0x00,0x00,0x00,0x03,0x00,0x00,0x00,0x20,0x00,0x00,0x07,0x12,0x00,0x10,0x00,
0x07,0x00,0x00,0x00,0x0a,0x00,0x10,0x00,0x07,0x00,0x00,0x00,0x01,0x40,0x00,0x00,
0x04,0x00,0x00,0x00,0x01,0x00,0x00,0x0a,0xf2,0x00,0x10,0x00,0x11,0x00,0x00,0x00,
0x46,0x0e,0x10,0x00,0x11,0x00,0x00,0x00,0x02,0x40,0x00,0x00,0x00,0x00,0x80,0x3f,
0x00,0x00,0x80,0x3f,0x00,0x00,0x80,0x3f,0x00,0x00,0x80,0x3f,0x01,0x00,0x00,0x07,
0x12,0x00,0x10,0x00,0x07,0x00,0x00,0x00,0x0a,0x00,0x10,0x00,0x07,0x00,0x00,0x00,
0x01,0x40,0x00,0x00,0x00,0x00,0x80,0x3f,0x11,0x00,0x00,0x07,0x82,0x00,0x10,0x00,
0x07,0x00,0x00,0x00,0x46,0x0e,0x10,0x00,0x11,0x00,0x00,0x00,0x46,0x0e,0x10,0x00,
0x12,0x00,0x00,0x00,0x32,0x00,0x00,0x09,0x12,0x00,0x10,0x00,0x07,0x00,0x00,0x00,
0x0a,0x00,0x10,0x00,0x07,0x00,0x00,0x00,0x2a,0x00,0x10,0x00,0x10,0x00,0x00,0x00,
0x3a,0x00,0x10,0x00,0x07,0x00,0x00,0x00,0x20,0x00,0x00,0x0a,0xf2,0x00,0x10,0x00,
0x10,0x00,0x00,0x00,0x56,0x05,0x10,0x00,0x07,0x00,0x00,0x00,0x02,0x40,0x00,0x00,
0x00,0x00,0x00,0x00,0x01,0x00,0x00,0x00,0x02,0x00,0x00,0x00,0x03,0x00,0x00,0x00,
0x20,0x00,0x00,0x07,0x22,0x00,0x10,0x00,0x07,0x00,0x00,0x00,0x1a,0x00,0x10,0x00,
0x07,0x00,0x00,0x00,0x01,0x40,0x00,0x00,0x04,0x00,0x00,0x00,0x01,0x00,0x00,0x0a,
0xf2,0x00,0x10,0x00,0x10,0x00,0x00,0x00,0x46,0x0e,0x10,0x00,0x10,0x00,0x00,0x00,
0x02,0x40,0x00,0x00,0x00,0x00,0x80,0x3f,0x00,0x00,0x80,0x3f,0x00,0x00,0x80,0x3f,
0x00,0x00,0x80,0x3f,0x01,0x00,0x00,0x07,0x22,0x00,0x10,0x00,0x07,0x00,0x00,0x00,
0x1a,0x00,0x10,0x00,0x07,0x00,0x00,0x00,0x01,0x40,0x00,0x00,0x00,0x00,0x80,0x3f,
0x11,0x00,0x00,0x07,0x82,0x00,0x10,0x00,0x07,0x00,0x00,0x00,0x46,0x0e,0x10,0x00,
0x10,0x00,0x00,0x00,0x46,0x0e,0x10,0x00,0x13,0x00,0x00,0x00,0x32,0x00,0x00,0x09,
0x82,0x00,0x10,0x00,0x02,0x00,0x00,0x00,0x1a,0x00,0x10,0x00,0x07,0x00,0x00,0x00,
0x3a,0x00,0x10,0x00,0x02,0x00,0x00,0x00,0x3a,0x00,0x10,0x00,0x07,0x00,0x00,0x00,
0x00,0x00,0x00,0x08,0x22,0x00,0x10,0x00,0x07,0x00,0x00,0x00,0x3a,0x00,0x10,0x80,
0x41,0x00,0x00,0x00,0x02,0x00,0x00,0x00,0x0a,0x00,0x10,0x00,0x07,0x00,0x00,0x00,
0x31,0x00,0x00,0x08,0x82,0x00,0x10,0x00,0x07,0x00,0x00,0x00,0x01,0x40,0x00,0x00,
0x40,0xda,0x7f,0x38,0x1a,0x00,0x10,0x80,0x81,0x00,0x00,0x00,0x07,0x00,0x00,0x00,
0x1f,0x00,0x04,0x03,0x3a,0x00,0x10,0x00,0x07,0x00,0x00,0x00,0x31,0x00,0x00,0x07,
0x82,0x00,0x10,0x00,0x07,0x00,0x00,0x00,0x01,0x40,0x00,0x00,0x00,0x00,0x00,0x00,
0x1a,0x00,0x10,0x00,0x07,0x00,0x00,0x00,0x31,0x00,0x00,0x07,0x22,0x00,0x10,0x00,
0x07,0x00,0x00,0x00,0x1a,0x00,0x10,0x00,0x07,0x00,0x00,0x00,0x01,0x40,0x00,0x00,
0x00,0x00,0x00,0x00,0x1e,0x00,0x00,0x08,0x22,0x00,0x10,0x00,0x07,0x00,0x00,0x00,
0x3a,0x00,0x10,0x80,0x41,0x00,0x00,0x00,0x07,0x00,0x00,0x00,0x1a,0x00,0x10,0x00,
0x07,0x00,0x00,0x00,0x2b,0x00,0x00,0x05,0x22,0x00,0x10,0x00,0x07,0x00,0x00,0x00,
0x1a,0x00,0x10,0x00,0x07,0x00,0x00,0x00,0x34,0x00,0x00,0x07,0x82,0x00,0x10,0x00,
0x07,0x00,0x00,0x00,0x3a,0x00,0x10,0x00,0x02,0x00,0x00,0x00,0x0a,0x00,0x10,0x00,
0x07,0x00,0x00,0x00,0x39,0x00,0x00,0x07,0x12,0x00,0x10,0x00,0x0d,0x00,0x00,0x00,
0x3a,0x00,0x10,0x00,0x07,0x00,0x00,0x00,0x01,0x40,0x00,0x00,0x00,0x00,0x00,0x00,
0x33,0x00,0x00,0x07,0x82,0x00,0x10,0x00,0x02,0x00,0x00,0x00,0x3a,0x00,0x10,0x00,
0x02,0x00,0x00,0x00,0x0a,0x00,0x10,0x00,0x07,0x00,0x00,0x00,0x0e,0x00,0x00,0x07,
0x82,0x00,0x10,0x00,0x02,0x00,0x00,0x00,0x3a,0x00,0x10,0x00,0x02,0x00,0x00,0x00,
0x3a,0x00,0x10,0x00,0x07,0x00,0x00,0x00,0x01,0x00,0x00,0x07,0x82,0x00,0x10,0x00,
0x02,0x00,0x00,0x00,0x3a,0x00,0x10,0x00,0x02,0x00,0x00,0x00,0x0a,0x00,0x10,0x00,
0x0d,0x00,0x00,0x00,0x00,0x00,0x00,0x08,0x82,0x00,0x10,0x00,0x02,0x00,0x00,0x00,
0x3a,0x00,0x10,0x80,0x41,0x00,0x00,0x00,0x02,0x00,0x00,0x00,0x01,0x40,0x00,0x00,
0x00,0x00,0x80,0x3f,0x38,0x00,0x00,0x07,0x82,0x00,0x10,0x00,0x02,0x00,0x00,0x00,
0x3a,0x00,0x10,0x00,0x02,0x00,0x00,0x00,0x1a,0x00,0x10,0x00,0x07,0x00,0x00,0x00,
0x31,0x00,0x00,0x09,0x12,0x00,0x10,0x00,0x07,0x00,0x00,0x00,0x3a,0x00,0x10,0x80,
0x81,0x00,0x00,0x00,0x02,0x00,0x00,0x00,0x2a,0x00,0x10,0x80,0x81,0x00,0x00,0x00,
0x02,0x00,0x00,0x00,0x37,0x00,0x00,0x09,0x42,0x00,0x10,0x00,0x02,0x00,0x00,0x00,
0x0a,0x00,0x10,0x00,0x07,0x00,0x00,0x00,0x3a,0x00,0x10,0x00,0x02,0x00,0x00,0x00,
0x2a,0x00,0x10,0x00,0x02,0x00,0x00,0x00,0x12,0x00,0x00,0x01,0x36,0x00,0x00,0x05,
0x42,0x00,0x10,0x00,0x02,0x00,0x00,0x00,0x01,0x40,0x00,0x00,0x00,0xe0,0x7f,0x47,
0x15,0x00,0x00,0x01,0x15,0x00,0x00,0x01,0x31,0x00,0x00,0x07,0x82,0x00,0x10,0x00,
0x02,0x00,0x00,0x00,0x2a,0x00,0x10,0x00,0x02,0x00,0x00,0x00,0x01,0x40,0x00,0x00,
0x00,0xdf,0x7f,0x47,0x01,0x00,0x00,0x07,0x82,0x00,0x10,0x00,0x02,0x00,0x00,0x00,
0x3a,0x00,0x10,0x00,0x02,0x00,0x00,0x00,0x01,0x40,0x00,0x00,0x00,0x00,0x80,0x3f,
0x38,0x00,0x00,0x07,0x12,0x00,0x10,0x00,0x07,0x00,0x00,0x00,0x3a,0x00,0x10,0x00,
0x02,0x00,0x00,0x00,0x2a,0x00,0x10,0x00,0x02,0x00,0x00,0x00,0x12,0x00,0x00,0x01,
0x36,0x00,0x00,0x05,0x12,0x00,0x10,0x00,0x07,0x00,0x00,0x00,0x01,0x40,0x00,0x00,
0x00,0x00,0x00,0x00,0x15,0x00,0x00,0x01,0x39,0x00,0x00,0x07,0x42,0x00,0x10,0x00,
0x02,0x00,0x00,0x00,0x0a,0x00,0x10,0x00,0x07,0x00,0x00,0x00,0x01,0x40,0x00,0x00,
0x00,0x00,0x00,0x00,0x31,0x00,0x00,0x07,0x82,0x00,0x10,0x00,0x02,0x00,0x00,0x00,
0x01,0x40,0x00,0x00,0x00,0x00,0x00,0x00,0x0a,0x00,0x10,0x00,0x07,0x00,0x00,0x00,
0x31,0x00,0x00,0x07,0x82,0x00,0x10,0x00,0x07,0x00,0x00,0x00,0x0a,0x00,0x10,0x00,
0x07,0x00,0x00,0x00,0x01,0x40,0x00,0x00,0x00,0x00,0x00,0x00,0x1e,0x00,0x00,0x08,
0x82,0x00,0x10,0x00,0x02,0x00,0x00,0x00,0x3a,0x00,0x10,0x80,0x41,0x00,0x00,0x00,
0x02,0x00,0x00,0x00,0x3a,0x00,0x10,0x00,0x07,0x00,0x00,0x00,0x2b,0x00,0x00,0x05,
0x82,0x00,0x10,0x00,0x02,0x00,0x00,0x00,0x3a,0x00,0x10,0x00,0x02,0x00,0x00,0x00,
0x01,0x00,0x00,0x07,0x22,0x00,0x10,0x00,0x07,0x00,0x00,0x00,0x3a,0x00,0x10,0x00,
0x02,0x00,0x00,0x00,0x2a,0x00,0x10,0x00,0x02,0x00,0x00,0x00,0x36,0x00,0x00,0x08,
0xc2,0x00,0x10,0x00,0x09,0x00,0x00,0x00,0x02,0x40,0x00,0x00,0x00,0x00,0x00,0x00,
0x00,0x00,0x00,0x00,0x00,0x00,0x00,0x00,0x00,0x00,0x00,0x00,0x2d,0x00,0x00,0x89,
0xc2,0x00,0x00,0x80,0x43,0x55,0x15,0x00,0xc2,0x00,0x10,0x00,0x02,0x00,0x00,0x00,
0x46,0x0e,0x10,0x00,0x09,0x00,0x00,0x00,0xe6,0x74,0x10,0x00,0x02,0x00,0x00,0x00,
0x00,0x00,0x00,0x07,0xf2,0x00,0x10,0x00,0x09,0x00,0x00,0x00,0xe6,0x0e,0x10,0x00,
0x02,0x00,0x00,0x00,0xe6,0x0e,0x10,0x00,0x0f,0x00,0x00,0x00,0x1d,0x00,0x00,0x0a,
0xc2,0x00,0x10,0x00,0x02,0x00,0x00,0x00,0xa6,0x0e,0x10,0x00,0x09,0x00,0x00,0x00,
0x02,0x40,0x00,0x00,0x00,0x00,0x00,0x00,0x00,0x00,0x00,0x00,0x00,0x00,0x00,0x00,
0x00,0x00,0x00,0x00,0x1d,0x00,0x00,0x0a,0x32,0x00,0x10,0x00,0x0d,0x00,0x00,0x00,
0x02,0x40,0x00,0x00,0x00,0x00,0x80,0x3f,0x00,0x00,0x80,0x3f,0x00,0x00,0x00,0x00,
0x00,0x00,0x00,0x00,0xe6,0x0a,0x10,0x00,0x09,0x00,0x00,0x00,0x01,0x00,0x00,0x07,
0xc2,0x00,0x10,0x00,0x02,0x00,0x00,0x00,0xa6,0x0e,0x10,0x00,0x02,0x00,0x00,0x00,
0x06,0x04,0x10,0x00,0x0d,0x00,0x00,0x00,0x01,0x00,0x00,0x07,0x42,0x00,0x10,0x00,
0x02,0x00,0x00,0x00,0x3a,0x00,0x10,0x00,0x02,0x00,0x00,0x00,0x2a,0x00,0x10,0x00,
0x02,0x00,0x00,0x00,0x1f,0x00,0x04,0x03,0x2a,0x00,0x10,0x00,0x02,0x00,0x00,0x00,
0x38,0x00,0x00,0x07,0xf2,0x00,0x10,0x00,0x09,0x00,0x00,0x00,0xe6,0x0e,0x10,0x00,
0x0a,0x00,0x00,0x00,0x46,0x0e,0x10,0x00,0x09,0x00,0x00,0x00,0x41,0x00,0x00,0x05,
0xf2,0x00,0x10,0x00,0x09,0x00,0x00,0x00,0x46,0x0e,0x10,0x00,0x09,0x00,0x00,0x00,
0x1b,0x00,0x00,0x05,0xf2,0x00,0x10,0x00,0x09,0x00,0x00,0x00,0x46,0x0e,0x10,0x00,
0x09,0x00,0x00,0x00,0x1e,0x00,0x00,0x0b,0xf2,0x00,0x10,0x00,0x0f,0x00,0x00,0x00,
0xe6,0x8e,0x20,0x00,0x00,0x00,0x00,0x00,0x00,0x00,0x00,0x00,0x02,0x40,0x00,0x00,
0xff,0xff,0xff,0xff,0xff,0xff,0xff,0xff,0xff,0xff,0xff,0xff,0xff,0xff,0xff,0xff,
0x25,0x00,0x00,0x07,0xc2,0x00,0x10,0x00,0x02,0x00,0x00,0x00,0xa6,0x0e,0x10,0x00,
0x09,0x00,0x00,0x00,0xa6,0x0e,0x10,0x00,0x0f,0x00,0x00,0x00,0x24,0x00,0x00,0x0a,
0x32,0x00,0x10,0x00,0x10,0x00,0x00,0x00,0xe6,0x0a,0x10,0x00,0x02,0x00,0x00,0x00,
0x02,0x40,0x00,0x00,0x00,0x00,0x00,0x00,0x00,0x00,0x00,0x00,0x00,0x00,0x00,0x00,
0x00,0x00,0x00,0x00,0x36,0x00,0x00,0x08,0xc2,0x00,0x10,0x00,0x10,0x00,0x00,0x00,
0x02,0x40,0x00,0x00,0x00,0x00,0x00,0x00,0x00,0x00,0x00,0x00,0x00,0x00,0x00,0x00,
0x00,0x00,0x00,0x00,0x2d,0x00,0x00,0x89,0xc2,0x00,0x00,0x80,0x43,0x55,0x15,0x00,
0x42,0x00,0x10,0x00,0x02,0x00,0x00,0x00,0x46,0x0e,0x10,0x00,0x10,0x00,0x00,0x00,
0x96,0x7c,0x10,0x00,0x01,0x00,0x00,0x00,0x38,0x00,0x00,0x08,0x42,0x00,0x10,0x00,
0x02,0x00,0x00,0x00,0x2a,0x00,0x10,0x00,0x02,0x00,0x00,0x00,0x1a,0x80,0x20,0x00,
0x00,0x00,0x00,0x00,0x07,0x00,0x00,0x00,0x38,0x00,0x00,0x07,0x42,0x00,0x10,0x00,
0x02,0x00,0x00,0x00,0x2a,0x00,0x10,0x00,0x07,0x00,0x00,0x00,0x2a,0x00,0x10,0x00,
0x02,0x00,0x00,0x00,0x34,0x00,0x00,0x07,0x42,0x00,0x10,0x00,0x02,0x00,0x00,0x00,
0x2a,0x00,0x10,0x00,0x02,0x00,0x00,0x00,0x01,0x40,0x00,0x00,0x40,0xda,0x7f,0x38,
0x1e,0x00,0x00,0x0a,0xf2,0x00,0x10,0x00,0x10,0x00,0x00,0x00,0xe6,0x0e,0x10,0x00,
0x09,0x00,0x00,0x00,0x02,0x40,0x00,0x00,0xff,0xff,0xff,0xff,0x00,0x00,0x00,0x00,
0x01,0x00,0x00,0x00,0x00,0x00,0x00,0x00,0x25,0x00,0x00,0x07,0xf2,0x00,0x10,0x00,
0x10,0x00,0x00,0x00,0x46,0x0e,0x10,0x00,0x0f,0x00,0x00,0x00,0x46,0x0e,0x10,0x00,
0x10,0x00,0x00,0x00,0x24,0x00,0x00,0x0a,0xf2,0x00,0x10,0x00,0x10,0x00,0x00,0x00,
0xe6,0x04,0x10,0x00,0x10,0x00,0x00,0x00,0x02,0x40,0x00,0x00,0x00,0x00,0x00,0x00,
0x00,0x00,0x00,0x00,0x00,0x00,0x00,0x00,0x00,0x00,0x00,0x00,0x36,0x00,0x00,0x05,
0x32,0x00,0x10,0x00,0x11,0x00,0x00,0x00,0xe6,0x0a,0x10,0x00,0x10,0x00,0x00,0x00,
0x36,0x00,0x00,0x08,0xc2,0x00,0x10,0x00,0x11,0x00,0x00,0x00,0x02,0x40,0x00,0x00,
0x00,0x00,0x00,0x00,0x00,0x00,0x00,0x00,0x00,0x00,0x00,0x00,0x00,0x00,0x00,0x00,
0x2d,0x00,0x00,0x89,0xc2,0x00,0x00,0x80,0x43,0x55,0x15,0x00,0x82,0x00,0x10,0x00,
0x02,0x00,0x00,0x00,0x46,0x0e,0x10,0x00,0x11,0x00,0x00,0x00,0x96,0x73,0x10,0x00,
0x01,0x00,0x00,0x00,0x38,0x00,0x00,0x08,0x82,0x00,0x10,0x00,0x02,0x00,0x00,0x00,
0x3a,0x00,0x10,0x00,0x02,0x00,0x00,0x00,0x1a,0x80,0x20,0x00,0x00,0x00,0x00,0x00,
0x07,0x00,0x00,0x00,0x38,0x00,0x00,0x07,0x82,0x00,0x10,0x00,0x02,0x00,0x00,0x00,
0x2a,0x00,0x10,0x00,0x07,0x00,0x00,0x00,0x3a,0x00,0x10,0x00,0x02,0x00,0x00,0x00,
0x34,0x00,0x00,0x07,0x82,0x00,0x10,0x00,0x02,0x00,0x00,0x00,0x3a,0x00,0x10,0x00,
0x02,0x00,0x00,0x00,0x01,0x40,0x00,0x00,0x40,0xda,0x7f,0x38,0x36,0x00,0x00,0x08,
0xc2,0x00,0x10,0x00,0x10,0x00,0x00,0x00,0x02,0x40,0x00,0x00,0x00,0x00,0x00,0x00,
0x00,0x00,0x00,0x00,0x00,0x00,0x00,0x00,0x00,0x00,0x00,0x00,0x2d,0x00,0x00,0x89,
0xc2,0x00,0x00,0x80,0x43,0x55,0x15,0x00,0x82,0x00,0x10,0x00,0x07,0x00,0x00,0x00,
0x46,0x0e,0x10,0x00,0x10,0x00,0x00,0x00,0x96,0x73,0x10,0x00,0x01,0x00,0x00,0x00,
0x38,0x00,0x00,0x08,0x82,0x00,0x10,0x00,0x07,0x00,0x00,0x00,0x3a,0x00,0x10,0x00,
0x07,0x00,0x00,0x00,0x1a,0x80,0x20,0x00,0x00,0x00,0x00,0x00,0x07,0x00,0x00,0x00,
0x38,0x00,0x00,0x07,0x82,0x00,0x10,0x00,0x07,0x00,0x00,0x00,0x2a,0x00,0x10,0x00,
0x07,0x00,0x00,0x00,0x3a,0x00,0x10,0x00,0x07,0x00,0x00,0x00,0x34,0x00,0x00,0x07,
0x82,0x00,0x10,0x00,0x07,0x00,0x00,0x00,0x3a,0x00,0x10,0x00,0x07,0x00,0x00,0x00,
0x01,0x40,0x00,0x00,0x40,0xda,0x7f,0x38,0x1e,0x00,0x00,0x0a,0xf2,0x00,0x10,0x00,
0x09,0x00,0x00,0x00,0x46,0x0e,0x10,0x00,0x09,0x00,0x00,0x00,0x02,0x40,0x00,0x00,
0x00,0x00,0x00,0x00,0xff,0xff,0xff,0xff,0x00,0x00,0x00,0x00,0x01,0x00,0x00,0x00,
0x25,0x00,0x00,0x07,0xf2,0x00,0x10,0x00,0x09,0x00,0x00,0x00,0x46,0x0e,0x10,0x00,
0x0f,0x00,0x00,0x00,0x46,0x0e,0x10,0x00,0x09,0x00,0x00,0x00,0x24,0x00,0x00,0x0a,
0xf2,0x00,0x10,0x00,0x09,0x00,0x00,0x00,0xe6,0x04,0x10,0x00,0x09,0x00,0x00,0x00,
0x02,0x40,0x00,0x00,0x00,0x00,0x00,0x00,0x00,0x00,0x00,0x00,0x00,0x00,0x00,0x00,
0x00,0x00,0x00,0x00,0x36,0x00,0x00,0x05,0x32,0x00,0x10,0x00,0x0f,0x00,0x00,0x00,
0xe6,0x0a,0x10,0x00,0x09,0x00,0x00,0x00,0x36,0x00,0x00,0x08,0xc2,0x00,0x10,0x00,
0x0f,0x00,0x00,0x00,0x02,0x40,0x00,0x00,0x00,0x00,0x00,0x00,0x00,0x00,0x00,0x00,
0x00,0x00,0x00,0x00,0x00,0x00,0x00,0x00,0x2d,0x00,0x00,0x89,0xc2,0x00,0x00,0x80,
0x43,0x55,0x15,0x00,0x12,0x00,0x10,0x00,0x0d,0x00,0x00,0x00,0x46,0x0e,0x10,0x00,
0x0f,0x00,0x00,0x00,0x46,0x7e,0x10,0x00,0x01,0x00,0x00,0x00,0x38,0x00,0x00,0x08,
0x12,0x00,0x10,0x00,0x0d,0x00,0x00,0x00,0x0a,0x00,0x10,0x00,0x0d,0x00,0x00,0x00,
0x1a,0x80,0x20,0x00,0x00,0x00,0x00,0x00,0x07,0x00,0x00,0x00,0x38,0x00,0x00,0x07,
0x12,0x00,0x10,0x00,0x0d,0x00,0x00,0x00,0x2a,0x00,0x10,0x00,0x07,0x00,0x00,0x00,
0x0a,0x00,0x10,0x00,0x0d,0x00,0x00,0x00,0x34,0x00,0x00,0x07,0x12,0x00,0x10,0x00,
0x0d,0x00,0x00,0x00,0x0a,0x00,0x10,0x00,0x0d,0x00,0x00,0x00,0x01,0x40,0x00,0x00,
0x40,0xda,0x7f,0x38,0x36,0x00,0x00,0x08,0xc2,0x00,0x10,0x00,0x09,0x00,0x00,0x00,
0x02,0x40,0x00,0x00,0x00,0x00,0x00,0x00,0x00,0x00,0x00,0x00,0x00,0x00,0x00,0x00,
0x00,0x00,0x00,0x00,0x2d,0x00,0x00,0x89,0xc2,0x00,0x00,0x80,0x43,0x55,0x15,0x00,
0x12,0x00,0x10,0x00,0x09,0x00,0x00,0x00,0x46,0x0e,0x10,0x00,0x09,0x00,0x00,0x00,
0x46,0x7e,0x10,0x00,0x01,0x00,0x00,0x00,0x38,0x00,0x00,0x08,0x12,0x00,0x10,0x00,
0x09,0x00,0x00,0x00,0x0a,0x00,0x10,0x00,0x09,0x00,0x00,0x00,0x1a,0x80,0x20,0x00,
0x00,0x00,0x00,0x00,0x07,0x00,0x00,0x00,0x38,0x00,0x00,0x07,0x12,0x00,0x10,0x00,
0x09,0x00,0x00,0x00,0x2a,0x00,0x10,0x00,0x07,0x00,0x00,0x00,0x0a,0x00,0x10,0x00,
0x09,0x00,0x00,0x00,0x34,0x00,0x00,0x07,0x12,0x00,0x10,0x00,0x09,0x00,0x00,0x00,
0x0a,0x00,0x10,0x00,0x09,0x00,0x00,0x00,0x01,0x40,0x00,0x00,0x40,0xda,0x7f,0x38,
0x00,0x00,0x00,0x07,0xf2,0x00,0x10,0x00,0x0e,0x00,0x00,0x00,0x46,0x04,0x10,0x00,
0x0b,0x00,0x00,0x00,0xe6,0x0e,0x10,0x00,0x0e,0x00,0x00,0x00,0x38,0x00,0x00,0x07,
0xf2,0x00,0x10,0x00,0x0e,0x00,0x00,0x00,0x46,0x04,0x10,0x00,0x0a,0x00,0x00,0x00,
0x46,0x0e,0x10,0x00,0x0e,0x00,0x00,0x00,0x41,0x00,0x00,0x05,0xf2,0x00,0x10,0x00,
0x0e,0x00,0x00,0x00,0x46,0x0e,0x10,0x00,0x0e,0x00,0x00,0x00,0x1b,0x00,0x00,0x05,
0xf2,0x00,0x10,0x00,0x0e,0x00,0x00,0x00,0x46,0x0e,0x10,0x00,0x0e,0x00,0x00,0x00,
0x25,0x00,0x00,0x07,0x62,0x00,0x10,0x00,0x09,0x00,0x00,0x00,0xa6,0x0b,0x10,0x00,
0x08,0x00,0x00,0x00,0xa6,0x0b,0x10,0x00,0x0e,0x00,0x00,0x00,0x24,0x00,0x00,0x0a,
0x32,0x00,0x10,0x00,0x0f,0x00,0x00,0x00,0x96,0x05,0x10,0x00,0x09,0x00,0x00,0x00,
0x02,0x40,0x00,0x00,0x00,0x00,0x00,0x00,0x00,0x00,0x00,0x00,0x00,0x00,0x00,0x00,
0x00,0x00,0x00,0x00,0x36,0x00,0x00,0x08,0xc2,0x00,0x10,0x00,0x0f,0x00,0x00,0x00,
0x02,0x40,0x00,0x00,0x00,0x00,0x00,0x00,0x00,0x00,0x00,0x00,0x00,0x00,0x00,0x00,
0x00,0x00,0x00,0x00,0x2d,0x00,0x00,0x89,0xc2,0x00,0x00,0x80,0x43,0x55,0x15,0x00,
0x22,0x00,0x10,0x00,0x09,0x00,0x00,0x00,0x46,0x0e,0x10,0x00,0x0f,0x00,0x00,0x00,
0x16,0x7e,0x10,0x00,0x00,0x00,0x00,0x00,0x38,0x00,0x00,0x07,0x22,0x00,0x10,0x00,
0x09,0x00,0x00,0x00,0x2a,0x00,0x10,0x00,0x07,0x00,0x00,0x00,0x1a,0x00,0x10,0x00,
0x09,0x00,0x00,0x00,0x34,0x00,0x00,0x07,0x22,0x00,0x10,0x00,0x09,0x00,0x00,0x00,
0x1a,0x00,0x10,0x00,0x09,0x00,0x00,0x00,0x01,0x40,0x00,0x00,0x40,0xda,0x7f,0x38,
0x1e,0x00,0x00,0x0a,0xf2,0x00,0x10,0x00,0x0f,0x00,0x00,0x00,0xe6,0x0e,0x10,0x00,
0x0e,0x00,0x00,0x00,0x02,0x40,0x00,0x00,0xff,0xff,0xff,0xff,0x00,0x00,0x00,0x00,
0x01,0x00,0x00,0x00,0x00,0x00,0x00,0x00,0x25,0x00,0x00,0x07,0xf2,0x00,0x10,0x00,
0x0f,0x00,0x00,0x00,0x46,0x0e,0x10,0x00,0x08,0x00,0x00,0x00,0x46,0x0e,0x10,0x00,
0x0f,0x00,0x00,0x00,0x24,0x00,0x00,0x0a,0xf2,0x00,0x10,0x00,0x0f,0x00,0x00,0x00,
0xe6,0x04,0x10,0x00,0x0f,0x00,0x00,0x00,0x02,0x40,0x00,0x00,0x00,0x00,0x00,0x00,
0x00,0x00,0x00,0x00,0x00,0x00,0x00,0x00,0x00,0x00,0x00,0x00,0x36,0x00,0x00,0x05,
0x32,0x00,0x10,0x00,0x10,0x00,0x00,0x00,0xe6,0x0a,0x10,0x00,0x0f,0x00,0x00,0x00,
0x36,0x00,0x00,0x08,0xc2,0x00,0x10,0x00,0x10,0x00,0x00,0x00,0x02,0x40,0x00,0x00,
0x00,0x00,0x00,0x00,0x00,0x00,0x00,0x00,0x00,0x00,0x00,0x00,0x00,0x00,0x00,0x00,
0x2d,0x00,0x00,0x89,0xc2,0x00,0x00,0x80,0x43,0x55,0x15,0x00,0x42,0x00,0x10,0x00,
0x09,0x00,0x00,0x00,0x46,0x0e,0x10,0x00,0x10,0x00,0x00,0x00,0x96,0x7c,0x10,0x00,
0x00,0x00,0x00,0x00,0x38,0x00,0x00,0x07,0x42,0x00,0x10,0x00,0x09,0x00,0x00,0x00,
0x2a,0x00,0x10,0x00,0x07,0x00,0x00,0x00,0x2a,0x00,0x10,0x00,0x09,0x00,0x00,0x00,
0x34,0x00,0x00,0x07,0x42,0x00,0x10,0x00,0x09,0x00,0x00,0x00,0x2a,0x00,0x10,0x00,
0x09,0x00,0x00,0x00,0x01,0x40,0x00,0x00,0x40,0xda,0x7f,0x38,0x36,0x00,0x00,0x08,
0xc2,0x00,0x10,0x00,0x0f,0x00,0x00,0x00,0x02,0x40,0x00,0x00,0x00,0x00,0x00,0x00,
0x00,0x00,0x00,0x00,0x00,0x00,0x00,0x00,0x00,0x00,0x00,0x00,0x2d,0x00,0x00,0x89,
0xc2,0x00,0x00,0x80,0x43,0x55,0x15,0x00,0x82,0x00,0x10,0x00,0x09,0x00,0x00,0x00,
0x46,0x0e,0x10,0x00,0x0f,0x00,0x00,0x00,0x96,0x73,0x10,0x00,0x00,0x00,0x00,0x00,
0x38,0x00,0x00,0x07,0x82,0x00,0x10,0x00,0x09,0x00,0x00,0x00,0x2a,0x00,0x10,0x00,
0x07,0x00,0x00,0x00,0x3a,0x00,0x10,0x00,0x09,0x00,0x00,0x00,0x34,0x00,0x00,0x07,
0x82,0x00,0x10,0x00,0x09,0x00,0x00,0x00,0x3a,0x00,0x10,0x00,0x09,0x00,0x00,0x00,
0x01,0x40,0x00,0x00,0x40,0xda,0x7f,0x38,0x1e,0x00,0x00,0x0a,0xf2,0x00,0x10,0x00,
0x0e,0x00,0x00,0x00,0x46,0x0e,0x10,0x00,0x0e,0x00,0x00,0x00,0x02,0x40,0x00,0x00,
0x00,0x00,0x00,0x00,0xff,0xff,0xff,0xff,0x00,0x00,0x00,0x00,0x01,0x00,0x00,0x00,
0x25,0x00,0x00,0x07,0xf2,0x00,0x10,0x00,0x0e,0x00,0x00,0x00,0x46,0x0e,0x10,0x00,
0x08,0x00,0x00,0x00,0x46,0x0e,0x10,0x00,0x0e,0x00,0x00,0x00,0x24,0x00,0x00,0x0a,
0xf2,0x00,0x10,0x00,0x0e,0x00,0x00,0x00,0xe6,0x04,0x10,0x00,0x0e,0x00,0x00,0x00,
0x02,0x40,0x00,0x00,0x00,0x00,0x00,0x00,0x00,0x00,0x00,0x00,0x00,0x00,0x00,0x00,
0x00,0x00,0x00,0x00,0x36,0x00,0x00,0x05,0x32,0x00,0x10,0x00,0x0f,0x00,0x00,0x00,
0xe6,0x0a,0x10,0x00,0x0e,0x00,0x00,0x00,0x36,0x00,0x00,0x08,0xc2,0x00,0x10,0x00,
0x0f,0x00,0x00,0x00,0x02,0x40,0x00,0x00,0x00,0x00,0x00,0x00,0x00,0x00,0x00,0x00,
0x00,0x00,0x00,0x00,0x00,0x00,0x00,0x00,0x2d,0x00,0x00,0x89,0xc2,0x00,0x00,0x80,
0x43,0x55,0x15,0x00,0x22,0x00,0x10,0x00,0x0d,0x00,0x00,0x00,0x46,0x0e,0x10,0x00,
0x0f,0x00,0x00,0x00,0x16,0x7e,0x10,0x00,0x00,0x00,0x00,0x00,0x38,0x00,0x00,0x07,
0x22,0x00,0x10,0x00,0x0d,0x00,0x00,0x00,0x2a,0x00,0x10,0x00,0x07,0x00,0x00,0x00,
0x1a,0x00,0x10,0x00,0x0d,0x00,0x00,0x00,0x34,0x00,0x00,0x07,0x22,0x00,0x10,0x00,
0x0d,0x00,0x00,0x00,0x1a,0x00,0x10,0x00,0x0d,0x00,0x00,0x00,0x01,0x40,0x00,0x00,
0x40,0xda,0x7f,0x38,0x36,0x00,0x00,0x08,0xc2,0x00,0x10,0x00,0x0e,0x00,0x00,0x00,
0x02,0x40,0x00,0x00,0x00,0x00,0x00,0x00,0x00,0x00,0x00,0x00,0x00,0x00,0x00,0x00,
0x00,0x00,0x00,0x00,0x2d,0x00,0x00,0x89,0xc2,0x00,0x00,0x80,0x43,0x55,0x15,0x00,
0x12,0x00,0x10,0x00,0x0e,0x00,0x00,0x00,0x46,0x0e,0x10,0x00,0x0e,0x00,0x00,0x00,
0x46,0x7e,0x10,0x00,0x00,0x00,0x00,0x00,0x38,0x00,0x00,0x07,0x12,0x00,0x10,0x00,
0x0e,0x00,0x00,0x00,0x2a,0x00,0x10,0x00,0x07,0x00,0x00,0x00,0x0a,0x00,0x10,0x00,
0x0e,0x00,0x00,0x00,0x34,0x00,0x00,0x07,0x12,0x00,0x10,0x00,0x0e,0x00,0x00,0x00,
0x0a,0x00,0x10,0x00,0x0e,0x00,0x00,0x00,0x01,0x40,0x00,0x00,0x40,0xda,0x7f,0x38,
0x33,0x00,0x00,0x07,0x22,0x00,0x10,0x00,0x0e,0x00,0x00,0x00,0x1a,0x00,0x10,0x00,
0x09,0x00,0x00,0x00,0x1a,0x00,0x10,0x00,0x0d,0x00,0x00,0x00,0x34,0x00,0x00,0x07,
0x22,0x00,0x10,0x00,0x09,0x00,0x00,0x00,0x1a,0x00,0x10,0x00,0x09,0x00,0x00,0x00,
0x1a,0x00,0x10,0x00,0x0d,0x00,0x00,0x00,0x33,0x00,0x00,0x07,0x22,0x00,0x10,0x00,
0x0d,0x00,0x00,0x00,0x2a,0x00,0x10,0x00,0x09,0x00,0x00,0x00,0x0a,0x00,0x10,0x00,
0x0e,0x00,0x00,0x00,0x34,0x00,0x00,0x07,0x42,0x00,0x10,0x00,0x09,0x00,0x00,0x00,
0x2a,0x00,0x10,0x00,0x09,0x00,0x00,0x00,0x0a,0x00,0x10,0x00,0x0e,0x00,0x00,0x00,
0x34,0x00,0x00,0x07,0x12,0x00,0x10,0x00,0x0e,0x00,0x00,0x00,0x3a,0x00,0x10,0x00,
0x09,0x00,0x00,0x00,0x1a,0x00,0x10,0x00,0x0e,0x00,0x00,0x00,0x34,0x00,0x00,0x07,
0x42,0x00,0x10,0x00,0x0e,0x00,0x00,0x00,0x1a,0x00,0x10,0x00,0x09,0x00,0x00,0x00,
0x1a,0x00,0x10,0x00,0x0d,0x00,0x00,0x00,0x34,0x00,0x00,0x07,0x82,0x00,0x10,0x00,
0x0e,0x00,0x00,0x00,0x2a,0x00,0x10,0x00,0x09,0x00,0x00,0x00,0x0a,0x00,0x10,0x00,
0x0e,0x00,0x00,0x00,0x34,0x00,0x00,0x07,0x12,0x00,0x10,0x00,0x0f,0x00,0x00,0x00,
0x3a,0x00,0x10,0x00,0x0e,0x00,0x00,0x00,0x2a,0x00,0x10,0x00,0x0e,0x00,0x00,0x00,
0x33,0x00,0x00,0x07,0x22,0x00,0x10,0x00,0x0f,0x00,0x00,0x00,0x2a,0x00,0x10,0x00,
0x02,0x00,0x00,0x00,0x0a,0x00,0x10,0x00,0x0d,0x00,0x00,0x00,0x34,0x00,0x00,0x07,
0x42,0x00,0x10,0x00,0x02,0x00,0x00,0x00,0x2a,0x00,0x10,0x00,0x02,0x00,0x00,0x00,
0x0a,0x00,0x10,0x00,0x0d,0x00,0x00,0x00,0x33,0x00,0x00,0x07,0x12,0x00,0x10,0x00,
0x0d,0x00,0x00,0x00,0x3a,0x00,0x10,0x00,0x02,0x00,0x00,0x00,0x0a,0x00,0x10,0x00,
0x09,0x00,0x00,0x00,0x34,0x00,0x00,0x07,0x82,0x00,0x10,0x00,0x02,0x00,0x00,0x00,
0x3a,0x00,0x10,0x00,0x02,0x00,0x00,0x00,0x0a,0x00,0x10,0x00,0x09,0x00,0x00,0x00,
0x34,0x00,0x00,0x07,0x12,0x00,0x10,0x00,0x09,0x00,0x00,0x00,0x3a,0x00,0x10,0x00,
0x07,0x00,0x00,0x00,0x1a,0x00,0x10,0x00,0x0f,0x00,0x00,0x00,0x34,0x00,0x00,0x07,
0x42,0x00,0x10,0x00,0x0f,0x00,0x00,0x00,0x2a,0x00,0x10,0x00,0x02,0x00,0x00,0x00,
0x0a,0x00,0x10,0x00,0x0d,0x00,0x00,0x00,0x34,0x00,0x00,0x07,0x82,0x00,0x10,0x00,
0x0f,0x00,0x00,0x00,0x3a,0x00,0x10,0x00,0x02,0x00,0x00,0x00,0x0a,0x00,0x10,0x00,
0x09,0x00,0x00,0x00,0x33,0x00,0x00,0x07,0xc2,0x00,0x10,0x00,0x09,0x00,0x00,0x00,
0xa6,0x0e,0x10,0x00,0x09,0x00,0x00,0x00,0x06,0x04,0x10,0x00,0x0e,0x00,0x00,0x00,
0x33,0x00,0x00,0x07,0x22,0x00,0x10,0x00,0x09,0x00,0x00,0x00,0x1a,0x00,0x10,0x00,
0x09,0x00,0x00,0x00,0x1a,0x00,0x10,0x00,0x0d,0x00,0x00,0x00,0x33,0x00,0x00,0x07,
0x12,0x00,0x10,0x00,0x10,0x00,0x00,0x00,0x1a,0x00,0x10,0x00,0x09,0x00,0x00,0x00,
0x3a,0x00,0x10,0x00,0x09,0x00,0x00,0x00,0x34,0x00,0x00,0x07,0x22,0x00,0x10,0x00,
0x09,0x00,0x00,0x00,0x1a,0x00,0x10,0x00,0x09,0x00,0x00,0x00,0x3a,0x00,0x10,0x00,
0x09,0x00,0x00,0x00,0x33,0x00,0x00,0x07,0x22,0x00,0x10,0x00,0x10,0x00,0x00,0x00,
0x2a,0x00,0x10,0x00,0x09,0x00,0x00,0x00,0x1a,0x00,0x10,0x00,0x09,0x00,0x00,0x00,
0x34,0x00,0x00,0x07,0x22,0x00,0x10,0x00,0x09,0x00,0x00,0x00,0x2a,0x00,0x10,0x00,
0x09,0x00,0x00,0x00,0x1a,0x00,0x10,0x00,0x09,0x00,0x00,0x00,0x33,0x00,0x00,0x07,
0x42,0x00,0x10,0x00,0x09,0x00,0x00,0x00,0x3a,0x00,0x10,0x00,0x0e,0x00,0x00,0x00,
0x2a,0x00,0x10,0x00,0x0e,0x00,0x00,0x00,0x33,0x00,0x00,0x07,0x42,0x00,0x10,0x00,
0x10,0x00,0x00,0x00,0x2a,0x00,0x10,0x00,0x09,0x00,0x00,0x00,0x1a,0x00,0x10,0x00,
0x09,0x00,0x00,0x00,0x34,0x00,0x00,0x07,0x82,0x00,0x10,0x00,0x10,0x00,0x00,0x00,
0x2a,0x00,0x10,0x00,0x09,0x00,0x00,0x00,0x1a,0x00,0x10,0x00,0x09,0x00,0x00,0x00,
0x33,0x00,0x00,0x07,0x82,0x00,0x10,0x00,0x07,0x00,0x00,0x00,0x3a,0x00,0x10,0x00,
0x07,0x00,0x00,0x00,0x1a,0x00,0x10,0x00,0x0f,0x00,0x00,0x00,0x33,0x00,0x00,0x07,
0x42,0x00,0x10,0x00,0x02,0x00,0x00,0x00,0x2a,0x00,0x10,0x00,0x02,0x00,0x00,0x00,
0x0a,0x00,0x10,0x00,0x0d,0x00,0x00,0x00,0x33,0x00,0x00,0x07,0x12,0x00,0x10,0x00,
0x0e,0x00,0x00,0x00,0x2a,0x00,0x10,0x00,0x02,0x00,0x00,0x00,0x3a,0x00,0x10,0x00,
0x07,0x00,0x00,0x00,0x34,0x00,0x00,0x07,0x42,0x00,0x10,0x00,0x02,0x00,0x00,0x00,
0x2a,0x00,0x10,0x00,0x02,0x00,0x00,0x00,0x3a,0x00,0x10,0x00,0x07,0x00,0x00,0x00,
0x33,0x00,0x00,0x07,0x82,0x00,0x10,0x00,0x02,0x00,0x00,0x00,0x3a,0x00,0x10,0x00,
0x02,0x00,0x00,0x00,0x0a,0x00,0x10,0x00,0x09,0x00,0x00,0x00,0x33,0x00,0x00,0x07,
0x22,0x00,0x10,0x00,0x0e,0x00,0x00,0x00,0x3a,0x00,0x10,0x00,0x02,0x00,0x00,0x00,
0x2a,0x00,0x10,0x00,0x02,0x00,0x00,0x00,0x34,0x00,0x00,0x07,0x42,0x00,0x10,0x00,
0x02,0x00,0x00,0x00,0x3a,0x00,0x10,0x00,0x02,0x00,0x00,0x00,0x2a,0x00,0x10,0x00,
0x02,0x00,0x00,0x00,0x33,0x00,0x00,0x07,0x82,0x00,0x10,0x00,0x02,0x00,0x00,0x00,
0x3a,0x00,0x10,0x00,0x0f,0x00,0x00,0x00,0x2a,0x00,0x10,0x00,0x0f,0x00,0x00,0x00,
0x33,0x00,0x00,0x07,0x42,0x00,0x10,0x00,0x0e,0x00,0x00,0x00,0x3a,0x00,0x10,0x00,
0x02,0x00,0x00,0x00,0x2a,0x00,0x10,0x00,0x02,0x00,0x00,0x00,0x34,0x00,0x00,0x07,
0x82,0x00,0x10,0x00,0x0e,0x00,0x00,0x00,0x3a,0x00,0x10,0x00,0x02,0x00,0x00,0x00,
0x2a,0x00,0x10,0x00,0x02,0x00,0x00,0x00,0x00,0x00,0x00,0x08,0x42,0x00,0x10,0x00,
0x02,0x00,0x00,0x00,0x0a,0x00,0x10,0x80,0x41,0x00,0x00,0x00,0x0e,0x00,0x00,0x00,
0x0a,0x00,0x10,0x00,0x10,0x00,0x00,0x00,0x31,0x00,0x00,0x08,0x82,0x00,0x10,0x00,
0x02,0x00,0x00,0x00,0x01,0x40,0x00,0x00,0x40,0xda,0x7f,0x38,0x2a,0x00,0x10,0x80,
0x81,0x00,0x00,0x00,0x02,0x00,0x00,0x00,0x1f,0x00,0x04,0x03,0x3a,0x00,0x10,0x00,
0x02,0x00,0x00,0x00,0x31,0x00,0x00,0x07,0x82,0x00,0x10,0x00,0x02,0x00,0x00,0x00,
0x01,0x40,0x00,0x00,0x00,0x00,0x00,0x00,0x2a,0x00,0x10,0x00,0x02,0x00,0x00,0x00,
0x31,0x00,0x00,0x07,0x42,0x00,0x10,0x00,0x02,0x00,0x00,0x00,0x2a,0x00,0x10,0x00,
0x02,0x00,0x00,0x00,0x01,0x40,0x00,0x00,0x00,0x00,0x00,0x00,0x1e,0x00,0x00,0x08,
0x42,0x00,0x10,0x00,0x02,0x00,0x00,0x00,0x3a,0x00,0x10,0x80,0x41,0x00,0x00,0x00,
0x02,0x00,0x00,0x00,0x2a,0x00,0x10,0x00,0x02,0x00,0x00,0x00,0x2b,0x00,0x00,0x05,
0x42,0x00,0x10,0x00,0x02,0x00,0x00,0x00,0x2a,0x00,0x10,0x00,0x02,0x00,0x00,0x00,
0x34,0x00,0x00,0x07,0x82,0x00,0x10,0x00,0x02,0x00,0x00,0x00,0x0a,0x00,0x10,0x00,
0x0e,0x00,0x00,0x00,0x0a,0x00,0x10,0x00,0x10,0x00,0x00,0x00,0x33,0x00,0x00,0x07,
0x82,0x00,0x10,0x00,0x07,0x00,0x00,0x00,0x0a,0x00,0x10,0x00,0x0e,0x00,0x00,0x00,
0x0a,0x00,0x10,0x00,0x10,0x00,0x00,0x00,0x0e,0x00,0x00,0x07,0x82,0x00,0x10,0x00,
0x02,0x00,0x00,0x00,0x3a,0x00,0x10,0x00,0x07,0x00,0x00,0x00,0x3a,0x00,0x10,0x00,
0x02,0x00,0x00,0x00,0x00,0x00,0x00,0x08,0x82,0x00,0x10,0x00,0x02,0x00,0x00,0x00,
0x3a,0x00,0x10,0x80,0x41,0x00,0x00,0x00,0x02,0x00,0x00,0x00,0x01,0x40,0x00,0x00,
0x00,0x00,0x80,0x3f,0x38,0x00,0x00,0x07,0x42,0x00,0x10,0x00,0x02,0x00,0x00,0x00,
0x3a,0x00,0x10,0x00,0x02,0x00,0x00,0x00,0x2a,0x00,0x10,0x00,0x02,0x00,0x00,0x00,
0x31,0x00,0x00,0x08,0x82,0x00,0x10,0x00,0x02,0x00,0x00,0x00,0x2a,0x00,0x10,0x80,
0x81,0x00,0x00,0x00,0x02,0x00,0x00,0x00,0x01,0x40,0x00,0x00,0x00,0xdf,0x7f,0x47,
0x37,0x00,0x00,0x09,0x42,0x00,0x10,0x00,0x02,0x00,0x00,0x00,0x3a,0x00,0x10,0x00,
0x02,0x00,0x00,0x00,0x2a,0x00,0x10,0x00,0x02,0x00,0x00,0x00,0x01,0x40,0x00,0x00,
0x00,0xdf,0x7f,0x47,0x31,0x00,0x00,0x07,0x82,0x00,0x10,0x00,0x02,0x00,0x00,0x00,
0x0a,0x00,0x10,0x00,0x10,0x00,0x00,0x00,0x0a,0x00,0x10,0x00,0x0e,0x00,0x00,0x00,
0x01,0x00,0x00,0x07,0x12,0x00,0x10,0x00,0x09,0x00,0x00,0x00,0x3a,0x00,0x10,0x00,
0x02,0x00,0x00,0x00,0x01,0x40,0x00,0x00,0x01,0x00,0x00,0x00,0x0f,0x00,0x00,0x08,
0x82,0x00,0x10,0x00,0x02,0x00,0x00,0x00,0x46,0x00,0x10,0x00,0x10,0x00,0x00,0x00,
0x46,0x90,0x90,0x00,0x0a,0x00,0x10,0x00,0x09,0x00,0x00,0x00,0x1d,0x00,0x00,0x07,
0x82,0x00,0x10,0x00,0x02,0x00,0x00,0x00,0x3a,0x00,0x10,0x00,0x02,0x00,0x00,0x00,
0x0a,0x00,0x10,0x00,0x0e,0x00,0x00,0x00,0x01,0x00,0x00,0x07,0x22,0x00,0x10,0x00,
0x09,0x00,0x00,0x00,0x3a,0x00,0x10,0x00,0x02,0x00,0x00,0x00,0x01,0x40,0x00,0x00,
0x01,0x00,0x00,0x00,0x12,0x00,0x00,0x01,0x36,0x00,0x00,0x08,0x32,0x00,0x10,0x00,
0x09,0x00,0x00,0x00,0x02,0x40,0x00,0x00,0x00,0x00,0x00,0x00,0x00,0x00,0x00,0x00,
0x00,0x00,0x00,0x00,0x00,0x00,0x00,0x00,0x36,0x00,0x00,0x05,0x42,0x00,0x10,0x00,
0x02,0x00,0x00,0x00,0x01,0x40,0x00,0x00,0x00,0xe0,0x7f,0x47,0x15,0x00,0x00,0x01,
0x31,0x00,0x00,0x07,0x82,0x00,0x10,0x00,0x02,0x00,0x00,0x00,0x2a,0x00,0x10,0x00,
0x02,0x00,0x00,0x00,0x01,0x40,0x00,0x00,0x00,0xe0,0x7f,0x47,0x1f,0x00,0x04,0x03,
0x3a,0x00,0x10,0x00,0x02,0x00,0x00,0x00,0x0f,0x00,0x00,0x08,0x82,0x00,0x10,0x00,
0x07,0x00,0x00,0x00,0x46,0x00,0x10,0x00,0x10,0x00,0x00,0x00,0x46,0x90,0x90,0x00,
0x0a,0x00,0x10,0x00,0x09,0x00,0x00,0x00,0x0f,0x00,0x00,0x08,0x42,0x00,0x10,0x00,
0x09,0x00,0x00,0x00,0x46,0x00,0x10,0x00,0x0e,0x00,0x00,0x00,0x46,0x90,0x90,0x00,
0x1a,0x00,0x10,0x00,0x09,0x00,0x00,0x00,0x00,0x00,0x00,0x08,0x82,0x00,0x10,0x00,
0x09,0x00,0x00,0x00,0x3a,0x00,0x10,0x00,0x07,0x00,0x00,0x00,0x2a,0x00,0x10,0x80,
0x41,0x00,0x00,0x00,0x09,0x00,0x00,0x00,0x31,0x00,0x00,0x08,0x12,0x00,0x10,0x00,
0x0d,0x00,0x00,0x00,0x01,0x40,0x00,0x00,0x40,0xda,0x7f,0x38,0x3a,0x00,0x10,0x80,
0x81,0x00,0x00,0x00,0x09,0x00,0x00,0x00,0x1f,0x00,0x04,0x03,0x0a,0x00,0x10,0x00,
0x0d,0x00,0x00,0x00,0x31,0x00,0x00,0x07,0x12,0x00,0x10,0x00,0x0d,0x00,0x00,0x00,
0x01,0x40,0x00,0x00,0x00,0x00,0x00,0x00,0x3a,0x00,0x10,0x00,0x09,0x00,0x00,0x00,
0x31,0x00,0x00,0x07,0x82,0x00,0x10,0x00,0x09,0x00,0x00,0x00,0x3a,0x00,0x10,0x00,
0x09,0x00,0x00,0x00,0x01,0x40,0x00,0x00,0x00,0x00,0x00,0x00,0x1e,0x00,0x00,0x08,
0x82,0x00,0x10,0x00,0x09,0x00,0x00,0x00,0x0a,0x00,0x10,0x80,0x41,0x00,0x00,0x00,
0x0d,0x00,0x00,0x00,0x3a,0x00,0x10,0x00,0x09,0x00,0x00,0x00,0x2b,0x00,0x00,0x05,
0x82,0x00,0x10,0x00,0x09,0x00,0x00,0x00,0x3a,0x00,0x10,0x00,0x09,0x00,0x00,0x00,
0x34,0x00,0x00,0x07,0x12,0x00,0x10,0x00,0x0d,0x00,0x00,0x00,0x3a,0x00,0x10,0x00,
0x07,0x00,0x00,0x00,0x2a,0x00,0x10,0x00,0x09,0x00,0x00,0x00,0x39,0x00,0x00,0x07,
0x22,0x00,0x10,0x00,0x0d,0x00,0x00,0x00,0x0a,0x00,0x10,0x00,0x0d,0x00,0x00,0x00,
0x01,0x40,0x00,0x00,0x00,0x00,0x00,0x00,0x33,0x00,0x00,0x07,0x22,0x00,0x10,0x00,
0x0f,0x00,0x00,0x00,0x3a,0x00,0x10,0x00,0x07,0x00,0x00,0x00,0x2a,0x00,0x10,0x00,
0x09,0x00,0x00,0x00,0x0e,0x00,0x00,0x07,0x12,0x00,0x10,0x00,0x0d,0x00,0x00,0x00,
0x1a,0x00,0x10,0x00,0x0f,0x00,0x00,0x00,0x0a,0x00,0x10,0x00,0x0d,0x00,0x00,0x00,
0x01,0x00,0x00,0x07,0x12,0x00,0x10,0x00,0x0d,0x00,0x00,0x00,0x0a,0x00,0x10,0x00,
0x0d,0x00,0x00,0x00,0x1a,0x00,0x10,0x00,0x0d,0x00,0x00,0x00,0x00,0x00,0x00,0x08,
0x12,0x00,0x10,0x00,0x0d,0x00,0x00,0x00,0x0a,0x00,0x10,0x80,0x41,0x00,0x00,0x00,
0x0d,0x00,0x00,0x00,0x01,0x40,0x00,0x00,0x00,0x00,0x80,0x3f,0x38,0x00,0x00,0x07,
0x82,0x00,0x10,0x00,0x09,0x00,0x00,0x00,0x3a,0x00,0x10,0x00,0x09,0x00,0x00,0x00,
0x0a,0x00,0x10,0x00,0x0d,0x00,0x00,0x00,0x31,0x00,0x00,0x09,0x12,0x00,0x10,0x00,
0x0d,0x00,0x00,0x00,0x3a,0x00,0x10,0x80,0x81,0x00,0x00,0x00,0x09,0x00,0x00,0x00,
0x2a,0x00,0x10,0x80,0x81,0x00,0x00,0x00,0x02,0x00,0x00,0x00,0x37,0x00,0x00,0x09,
0x42,0x00,0x10,0x00,0x02,0x00,0x00,0x00,0x0a,0x00,0x10,0x00,0x0d,0x00,0x00,0x00,
0x3a,0x00,0x10,0x00,0x09,0x00,0x00,0x00,0x2a,0x00,0x10,0x00,0x02,0x00,0x00,0x00,
0x31,0x00,0x00,0x07,0x82,0x00,0x10,0x00,0x07,0x00,0x00,0x00,0x3a,0x00,0x10,0x00,
0x07,0x00,0x00,0x00,0x2a,0x00,0x10,0x00,0x09,0x00,0x00,0x00,0x01,0x00,0x00,0x07,
0x82,0x00,0x10,0x00,0x07,0x00,0x00,0x00,0x3a,0x00,0x10,0x00,0x07,0x00,0x00,0x00,
0x01,0x40,0x00,0x00,0x01,0x00,0x00,0x00,0x1e,0x00,0x00,0x07,0x12,0x00,0x10,0x00,
0x09,0x00,0x00,0x00,0x3a,0x00,0x10,0x00,0x07,0x00,0x00,0x00,0x0a,0x00,0x10,0x00,
0x09,0x00,0x00,0x00,0x10,0x00,0x00,0x08,0x82,0x00,0x10,0x00,0x07,0x00,0x00,0x00,
0x46,0x02,0x10,0x00,0x10,0x00,0x00,0x00,0x46,0x92,0x90,0x00,0x0a,0x00,0x10,0x00,
0x09,0x00,0x00,0x00,0x1d,0x00,0x00,0x07,0x82,0x00,0x10,0x00,0x07,0x00,0x00,0x00,
0x3a,0x00,0x10,0x00,0x07,0x00,0x00,0x00,0x2a,0x00,0x10,0x00,0x09,0x00,0x00,0x00,
0x01,0x00,0x00,0x07,0x82,0x00,0x10,0x00,0x07,0x00,0x00,0x00,0x3a,0x00,0x10,0x00,
0x07,0x00,0x00,0x00,0x01,0x40,0x00,0x00,0x01,0x00,0x00,0x00,0x1e,0x00,0x00,0x07,
0x22,0x00,0x10,0x00,0x09,0x00,0x00,0x00,0x3a,0x00,0x10,0x00,0x07,0x00,0x00,0x00,
0x1a,0x00,0x10,0x00,0x09,0x00,0x00,0x00,0x12,0x00,0x00,0x01,0x36,0x00,0x00,0x05,
0x42,0x00,0x10,0x00,0x02,0x00,0x00,0x00,0x01,0x40,0x00,0x00,0x00,0xe0,0x7f,0x47,
0x15,0x00,0x00,0x01,0x15,0x00,0x00,0x01,0x31,0x00,0x00,0x07,0x82,0x00,0x10,0x00,
0x07,0x00,0x00,0x00,0x2a,0x00,0x10,0x00,0x02,0x00,0x00,0x00,0x01,0x40,0x00,0x00,
0x00,0xe0,0x7f,0x47,0x01,0x00,0x00,0x07,0x82,0x00,0x10,0x00,0x02,0x00,0x00,0x00,
0x3a,0x00,0x10,0x00,0x02,0x00,0x00,0x00,0x3a,0x00,0x10,0x00,0x07,0x00,0x00,0x00,
0x1f,0x00,0x04,0x03,0x3a,0x00,0x10,0x00,0x02,0x00,0x00,0x00,0x10,0x00,0x00,0x08,
0x82,0x00,0x10,0x00,0x07,0x00,0x00,0x00,0x46,0x02,0x10,0x00,0x10,0x00,0x00,0x00,
0x46,0x92,0x90,0x00,0x0a,0x00,0x10,0x00,0x09,0x00,0x00,0x00,0x10,0x00,0x00,0x08,
0x42,0x00,0x10,0x00,0x09,0x00,0x00,0x00,0x46,0x02,0x10,0x00,0x0e,0x00,0x00,0x00,
0x46,0x92,0x90,0x00,0x1a,0x00,0x10,0x00,0x09,0x00,0x00,0x00,0x00,0x00,0x00,0x08,
0x82,0x00,0x10,0x00,0x09,0x00,0x00,0x00,0x3a,0x00,0x10,0x00,0x07,0x00,0x00,0x00,
0x2a,0x00,0x10,0x80,0x41,0x00,0x00,0x00,0x09,0x00,0x00,0x00,0x31,0x00,0x00,0x08,
0x12,0x00,0x10,0x00,0x0d,0x00,0x00,0x00,0x01,0x40,0x00,0x00,0x40,0xda,0x7f,0x38,
0x3a,0x00,0x10,0x80,0x81,0x00,0x00,0x00,0x09,0x00,0x00,0x00,0x1f,0x00,0x04,0x03,
0x0a,0x00,0x10,0x00,0x0d,0x00,0x00,0x00,0x31,0x00,0x00,0x07,0x12,0x00,0x10,0x00,
0x0d,0x00,0x00,0x00,0x01,0x40,0x00,0x00,0x00,0x00,0x00,0x00,0x3a,0x00,0x10,0x00,
0x09,0x00,0x00,0x00,0x31,0x00,0x00,0x07,0x82,0x00,0x10,0x00,0x09,0x00,0x00,0x00,
0x3a,0x00,0x10,0x00,0x09,0x00,0x00,0x00,0x01,0x40,0x00,0x00,0x00,0x00,0x00,0x00,
0x1e,0x00,0x00,0x08,0x82,0x00,0x10,0x00,0x09,0x00,0x00,0x00,0x0a,0x00,0x10,0x80,
0x41,0x00,0x00,0x00,0x0d,0x00,0x00,0x00,0x3a,0x00,0x10,0x00,0x09,0x00,0x00,0x00,
0x2b,0x00,0x00,0x05,0x82,0x00,0x10,0x00,0x09,0x00,0x00,0x00,0x3a,0x00,0x10,0x00,
0x09,0x00,0x00,0x00,0x34,0x00,0x00,0x07,0x12,0x00,0x10,0x00,0x0d,0x00,0x00,0x00,
0x3a,0x00,0x10,0x00,0x07,0x00,0x00,0x00,0x2a,0x00,0x10,0x00,0x09,0x00,0x00,0x00,
0x39,0x00,0x00,0x07,0x22,0x00,0x10,0x00,0x0d,0x00,0x00,0x00,0x0a,0x00,0x10,0x00,
0x0d,0x00,0x00,0x00,0x01,0x40,0x00,0x00,0x00,0x00,0x00,0x00,0x33,0x00,0x00,0x07,
0x22,0x00,0x10,0x00,0x0f,0x00,0x00,0x00,0x3a,0x00,0x10,0x00,0x07,0x00,0x00,0x00,
0x2a,0x00,0x10,0x00,0x09,0x00,0x00,0x00,0x0e,0x00,0x00,0x07,0x12,0x00,0x10,0x00,
0x0d,0x00,0x00,0x00,0x1a,0x00,0x10,0x00,0x0f,0x00,0x00,0x00,0x0a,0x00,0x10,0x00,
0x0d,0x00,0x00,0x00,0x01,0x00,0x00,0x07,0x12,0x00,0x10,0x00,0x0d,0x00,0x00,0x00,
0x0a,0x00,0x10,0x00,0x0d,0x00,0x00,0x00,0x1a,0x00,0x10,0x00,0x0d,0x00,0x00,0x00,
0x00,0x00,0x00,0x08,0x12,0x00,0x10,0x00,0x0d,0x00,0x00,0x00,0x0a,0x00,0x10,0x80,
0x41,0x00,0x00,0x00,0x0d,0x00,0x00,0x00,0x01,0x40,0x00,0x00,0x00,0x00,0x80,0x3f,
0x38,0x00,0x00,0x07,0x82,0x00,0x10,0x00,0x09,0x00,0x00,0x00,0x3a,0x00,0x10,0x00,
0x09,0x00,0x00,0x00,0x0a,0x00,0x10,0x00,0x0d,0x00,0x00,0x00,0x31,0x00,0x00,0x09,
0x12,0x00,0x10,0x00,0x0d,0x00,0x00,0x00,0x3a,0x00,0x10,0x80,0x81,0x00,0x00,0x00,
0x09,0x00,0x00,0x00,0x2a,0x00,0x10,0x80,0x81,0x00,0x00,0x00,0x02,0x00,0x00,0x00,
0x37,0x00,0x00,0x09,0x42,0x00,0x10,0x00,0x02,0x00,0x00,0x00,0x0a,0x00,0x10,0x00,
0x0d,0x00,0x00,0x00,0x3a,0x00,0x10,0x00,0x09,0x00,0x00,0x00,0x2a,0x00,0x10,0x00,
0x02,0x00,0x00,0x00,0x31,0x00,0x00,0x07,0x82,0x00,0x10,0x00,0x07,0x00,0x00,0x00,
0x3a,0x00,0x10,0x00,0x07,0x00,0x00,0x00,0x2a,0x00,0x10,0x00,0x09,0x00,0x00,0x00,
0x01,0x00,0x00,0x07,0x82,0x00,0x10,0x00,0x07,0x00,0x00,0x00,0x3a,0x00,0x10,0x00,
0x07,0x00,0x00,0x00,0x01,0x40,0x00,0x00,0x01,0x00,0x00,0x00,0x1e,0x00,0x00,0x07,
0x12,0x00,0x10,0x00,0x09,0x00,0x00,0x00,0x3a,0x00,0x10,0x00,0x07,0x00,0x00,0x00,
0x0a,0x00,0x10,0x00,0x09,0x00,0x00,0x00,0x11,0x00,0x00,0x08,0x82,0x00,0x10,0x00,
0x07,0x00,0x00,0x00,0x46,0x0e,0x10,0x00,0x10,0x00,0x00,0x00,0x46,0x9e,0x90,0x00,
0x0a,0x00,0x10,0x00,0x09,0x00,0x00,0x00,0x1d,0x00,0x00,0x07,0x82,0x00,0x10,0x00,
0x07,0x00,0x00,0x00,0x3a,0x00,0x10,0x00,0x07,0x00,0x00,0x00,0x2a,0x00,0x10,0x00,
0x09,0x00,0x00,0x00,0x01,0x00,0x00,0x07,0x82,0x00,0x10,0x00,0x07,0x00,0x00,0x00,
0x3a,0x00,0x10,0x00,0x07,0x00,0x00,0x00,0x01,0x40,0x00,0x00,0x01,0x00,0x00,0x00,
0x1e,0x00,0x00,0x07,0x22,0x00,0x10,0x00,0x09,0x00,0x00,0x00,0x3a,0x00,0x10,0x00,
0x07,0x00,0x00,0x00,0x1a,0x00,0x10,0x00,0x09,0x00,0x00,0x00,0x12,0x00,0x00,0x01,
0x36,0x00,0x00,0x05,0x42,0x00,0x10,0x00,0x02,0x00,0x00,0x00,0x01,0x40,0x00,0x00,
0x00,0xe0,0x7f,0x47,0x15,0x00,0x00,0x01,0x15,0x00,0x00,0x01,0x31,0x00,0x00,0x07,
0x82,0x00,0x10,0x00,0x07,0x00,0x00,0x00,0x2a,0x00,0x10,0x00,0x02,0x00,0x00,0x00,
0x01,0x40,0x00,0x00,0x00,0xe0,0x7f,0x47,0x01,0x00,0x00,0x07,0x82,0x00,0x10,0x00,
0x02,0x00,0x00,0x00,0x3a,0x00,0x10,0x00,0x02,0x00,0x00,0x00,0x3a,0x00,0x10,0x00,
0x07,0x00,0x00,0x00,0x1f,0x00,0x04,0x03,0x3a,0x00,0x10,0x00,0x02,0x00,0x00,0x00,
0x11,0x00,0x00,0x08,0x82,0x00,0x10,0x00,0x07,0x00,0x00,0x00,0x46,0x0e,0x10,0x00,
0x10,0x00,0x00,0x00,0x46,0x9e,0x90,0x00,0x0a,0x00,0x10,0x00,0x09,0x00,0x00,0x00,
0x11,0x00,0x00,0x08,0x42,0x00,0x10,0x00,0x09,0x00,0x00,0x00,0x46,0x0e,0x10,0x00,
0x0e,0x00,0x00,0x00,0x46,0x9e,0x90,0x00,0x1a,0x00,0x10,0x00,0x09,0x00,0x00,0x00,
0x00,0x00,0x00,0x08,0x82,0x00,0x10,0x00,0x09,0x00,0x00,0x00,0x3a,0x00,0x10,0x00,
0x07,0x00,0x00,0x00,0x2a,0x00,0x10,0x80,0x41,0x00,0x00,0x00,0x09,0x00,0x00,0x00,
0x31,0x00,0x00,0x08,0x12,0x00,0x10,0x00,0x0d,0x00,0x00,0x00,0x01,0x40,0x00,0x00,
0x40,0xda,0x7f,0x38,0x3a,0x00,0x10,0x80,0x81,0x00,0x00,0x00,0x09,0x00,0x00,0x00,
0x1f,0x00,0x04,0x03,0x0a,0x00,0x10,0x00,0x0d,0x00,0x00,0x00,0x31,0x00,0x00,0x07,
0x12,0x00,0x10,0x00,0x0d,0x00,0x00,0x00,0x01,0x40,0x00,0x00,0x00,0x00,0x00,0x00,
0x3a,0x00,0x10,0x00,0x09,0x00,0x00,0x00,0x31,0x00,0x00,0x07,0x82,0x00,0x10,0x00,
0x09,0x00,0x00,0x00,0x3a,0x00,0x10,0x00,0x09,0x00,0x00,0x00,0x01,0x40,0x00,0x00,
0x00,0x00,0x00,0x00,0x1e,0x00,0x00,0x08,0x82,0x00,0x10,0x00,0x09,0x00,0x00,0x00,
0x0a,0x00,0x10,0x80,0x41,0x00,0x00,0x00,0x0d,0x00,0x00,0x00,0x3a,0x00,0x10,0x00,
0x09,0x00,0x00,0x00,0x2b,0x00,0x00,0x05,0x82,0x00,0x10,0x00,0x09,0x00,0x00,0x00,
0x3a,0x00,0x10,0x00,0x09,0x00,0x00,0x00,0x34,0x00,0x00,0x07,0x12,0x00,0x10,0x00,
0x0d,0x00,0x00,0x00,0x3a,0x00,0x10,0x00,0x07,0x00,0x00,0x00,0x2a,0x00,0x10,0x00,
0x09,0x00,0x00,0x00,0x39,0x00,0x00,0x07,0x22,0x00,0x10,0x00,0x0d,0x00,0x00,0x00,
0x0a,0x00,0x10,0x00,0x0d,0x00,0x00,0x00,0x01,0x40,0x00,0x00,0x00,0x00,0x00,0x00,
0x33,0x00,0x00,0x07,0x22,0x00,0x10,0x00,0x0f,0x00,0x00,0x00,0x3a,0x00,0x10,0x00,
0x07,0x00,0x00,0x00,0x2a,0x00,0x10,0x00,0x09,0x00,0x00,0x00,0x0e,0x00,0x00,0x07,
0x12,0x00,0x10,0x00,0x0d,0x00,0x00,0x00,0x1a,0x00,0x10,0x00,0x0f,0x00,0x00,0x00,
0x0a,0x00,0x10,0x00,0x0d,0x00,0x00,0x00,0x01,0x00,0x00,0x07,0x12,0x00,0x10,0x00,
0x0d,0x00,0x00,0x00,0x0a,0x00,0x10,0x00,0x0d,0x00,0x00,0x00,0x1a,0x00,0x10,0x00,
0x0d,0x00,0x00,0x00,0x00,0x00,0x00,0x08,0x12,0x00,0x10,0x00,0x0d,0x00,0x00,0x00,
0x0a,0x00,0x10,0x80,0x41,0x00,0x00,0x00,0x0d,0x00,0x00,0x00,0x01,0x40,0x00,0x00,
0x00,0x00,0x80,0x3f,0x38,0x00,0x00,0x07,0x82,0x00,0x10,0x00,0x09,0x00,0x00,0x00,
0x3a,0x00,0x10,0x00,0x09,0x00,0x00,0x00,0x0a,0x00,0x10,0x00,0x0d,0x00,0x00,0x00,
0x31,0x00,0x00,0x09,0x12,0x00,0x10,0x00,0x0d,0x00,0x00,0x00,0x3a,0x00,0x10,0x80,
0x81,0x00,0x00,0x00,0x09,0x00,0x00,0x00,0x2a,0x00,0x10,0x80,0x81,0x00,0x00,0x00,
0x02,0x00,0x00,0x00,0x37,0x00,0x00,0x09,0x42,0x00,0x10,0x00,0x02,0x00,0x00,0x00,
0x0a,0x00,0x10,0x00,0x0d,0x00,0x00,0x00,0x3a,0x00,0x10,0x00,0x09,0x00,0x00,0x00,
0x2a,0x00,0x10,0x00,0x02,0x00,0x00,0x00,0x31,0x00,0x00,0x07,0x82,0x00,0x10,0x00,
0x07,0x00,0x00,0x00,0x3a,0x00,0x10,0x00,0x07,0x00,0x00,0x00,0x2a,0x00,0x10,0x00,
0x09,0x00,0x00,0x00,0x01,0x00,0x00,0x07,0x82,0x00,0x10,0x00,0x07,0x00,0x00,0x00,
0x3a,0x00,0x10,0x00,0x07,0x00,0x00,0x00,0x01,0x40,0x00,0x00,0x01,0x00,0x00,0x00,
0x1e,0x00,0x00,0x07,0x12,0x00,0x10,0x00,0x09,0x00,0x00,0x00,0x3a,0x00,0x10,0x00,
0x07,0x00,0x00,0x00,0x0a,0x00,0x10,0x00,0x09,0x00,0x00,0x00,0x20,0x00,0x00,0x0a,
0xf2,0x00,0x10,0x00,0x11,0x00,0x00,0x00,0x06,0x00,0x10,0x00,0x09,0x00,0x00,0x00,
0x02,0x40,0x00,0x00,0x00,0x00,0x00,0x00,0x01,0x00,0x00,0x00,0x02,0x00,0x00,0x00,
0x03,0x00,0x00,0x00,0x20,0x00,0x00,0x07,0x82,0x00,0x10,0x00,0x07,0x00,0x00,0x00,
0x0a,0x00,0x10,0x00,0x09,0x00,0x00,0x00,0x01,0x40,0x00,0x00,0x04,0x00,0x00,0x00,
0x01,0x00,0x00,0x0a,0xf2,0x00,0x10,0x00,0x11,0x00,0x00,0x00,0x46,0x0e,0x10,0x00,
0x11,0x00,0x00,0x00,0x02,0x40,0x00,0x00,0x00,0x00,0x80,0x3f,0x00,0x00,0x80,0x3f,
0x00,0x00,0x80,0x3f,0x00,0x00,0x80,0x3f,0x01,0x00,0x00,0x07,0x82,0x00,0x10,0x00,
0x07,0x00,0x00,0x00,0x3a,0x00,0x10,0x00,0x07,0x00,0x00,0x00,0x01,0x40,0x00,0x00,
0x00,0x00,0x80,0x3f,0x11,0x00,0x00,0x07,0x82,0x00,0x10,0x00,0x09,0x00,0x00,0x00,
0x46,0x0e,0x10,0x00,0x11,0x00,0x00,0x00,0x46,0x0e,0x10,0x00,0x10,0x00,0x00,0x00,
0x32,0x00,0x00,0x09,0x82,0x00,0x10,0x00,0x07,0x00,0x00,0x00,0x3a,0x00,0x10,0x00,
0x07,0x00,0x00,0x00,0x0a,0x00,0x10,0x00,0x0f,0x00,0x00,0x00,0x3a,0x00,0x10,0x00,
0x09,0x00,0x00,0x00,0x1d,0x00,0x00,0x07,0x82,0x00,0x10,0x00,0x07,0x00,0x00,0x00,
0x3a,0x00,0x10,0x00,0x07,0x00,0x00,0x00,0x2a,0x00,0x10,0x00,0x09,0x00,0x00,0x00,
0x01,0x00,0x00,0x07,0x82,0x00,0x10,0x00,0x07,0x00,0x00,0x00,0x3a,0x00,0x10,0x00,
0x07,0x00,0x00,0x00,0x01,0x40,0x00,0x00,0x01,0x00,0x00,0x00,0x1e,0x00,0x00,0x07,
0x22,0x00,0x10,0x00,0x09,0x00,0x00,0x00,0x3a,0x00,0x10,0x00,0x07,0x00,0x00,0x00,
0x1a,0x00,0x10,0x00,0x09,0x00,0x00,0x00,0x12,0x00,0x00,0x01,0x36,0x00,0x00,0x05,
0x42,0x00,0x10,0x00,0x02,0x00,0x00,0x00,0x01,0x40,0x00,0x00,0x00,0xe0,0x7f,0x47,
0x15,0x00,0x00,0x01,0x15,0x00,0x00,0x01,0x31,0x00,0x00,0x07,0x82,0x00,0x10,0x00,
0x07,0x00,0x00,0x00,0x2a,0x00,0x10,0x00,0x02,0x00,0x00,0x00,0x01,0x40,0x00,0x00,
0x00,0xe0,0x7f,0x47,0x01,0x00,0x00,0x07,0x82,0x00,0x10,0x00,0x02,0x00,0x00,0x00,
0x3a,0x00,0x10,0x00,0x02,0x00,0x00,0x00,0x3a,0x00,0x10,0x00,0x07,0x00,0x00,0x00,
0x1f,0x00,0x04,0x03,0x3a,0x00,0x10,0x00,0x02,0x00,0x00,0x00,0x34,0x00,0x00,0x07,
0x82,0x00,0x10,0x00,0x02,0x00,0x00,0x00,0x3a,0x00,0x10,0x00,0x0f,0x00,0x00,0x00,
0x2a,0x00,0x10,0x00,0x0f,0x00,0x00,0x00,0x20,0x00,0x00,0x0a,0xf2,0x00,0x10,0x00,
0x11,0x00,0x00,0x00,0x06,0x00,0x10,0x00,0x09,0x00,0x00,0x00,0x02,0x40,0x00,0x00,
0x00,0x00,0x00,0x00,0x01,0x00,0x00,0x00,0x02,0x00,0x00,0x00,0x03,0x00,0x00,0x00,
0x20,0x00,0x00,0x07,0x82,0x00,0x10,0x00,0x07,0x00,0x00,0x00,0x0a,0x00,0x10,0x00,
0x09,0x00,0x00,0x00,0x01,0x40,0x00,0x00,0x04,0x00,0x00,0x00,0x01,0x00,0x00,0x0a,
0xf2,0x00,0x10,0x00,0x11,0x00,0x00,0x00,0x46,0x0e,0x10,0x00,0x11,0x00,0x00,0x00,
0x02,0x40,0x00,0x00,0x00,0x00,0x80,0x3f,0x00,0x00,0x80,0x3f,0x00,0x00,0x80,0x3f,
0x00,0x00,0x80,0x3f,0x01,0x00,0x00,0x07,0x82,0x00,0x10,0x00,0x07,0x00,0x00,0x00,
0x3a,0x00,0x10,0x00,0x07,0x00,0x00,0x00,0x01,0x40,0x00,0x00,0x00,0x00,0x80,0x3f,
0x11,0x00,0x00,0x07,0x12,0x00,0x10,0x00,0x09,0x00,0x00,0x00,0x46,0x0e,0x10,0x00,
0x11,0x00,0x00,0x00,0x46,0x0e,0x10,0x00,0x10,0x00,0x00,0x00,0x32,0x00,0x00,0x09,
0x82,0x00,0x10,0x00,0x07,0x00,0x00,0x00,0x3a,0x00,0x10,0x00,0x07,0x00,0x00,0x00,
0x0a,0x00,0x10,0x00,0x0f,0x00,0x00,0x00,0x0a,0x00,0x10,0x00,0x09,0x00,0x00,0x00,
0x20,0x00,0x00,0x0a,0xf2,0x00,0x10,0x00,0x0f,0x00,0x00,0x00,0x56,0x05,0x10,0x00,
0x09,0x00,0x00,0x00,0x02,0x40,0x00,0x00,0x00,0x00,0x00,0x00,0x01,0x00,0x00,0x00,
0x02,0x00,0x00,0x00,0x03,0x00,0x00,0x00,0x20,0x00,0x00,0x07,0x12,0x00,0x10,0x00,
0x09,0x00,0x00,0x00,0x1a,0x00,0x10,0x00,0x09,0x00,0x00,0x00,0x01,0x40,0x00,0x00,
0x04,0x00,0x00,0x00,0x01,0x00,0x00,0x0a,0xf2,0x00,0x10,0x00,0x0f,0x00,0x00,0x00,
0x46,0x0e,0x10,0x00,0x0f,0x00,0x00,0x00,0x02,0x40,0x00,0x00,0x00,0x00,0x80,0x3f,
0x00,0x00,0x80,0x3f,0x00,0x00,0x80,0x3f,0x00,0x00,0x80,0x3f,0x01,0x00,0x00,0x07,
0x12,0x00,0x10,0x00,0x09,0x00,0x00,0x00,0x0a,0x00,0x10,0x00,0x09,0x00,0x00,0x00,
0x01,0x40,0x00,0x00,0x00,0x00,0x80,0x3f,0x11,0x00,0x00,0x07,0x22,0x00,0x10,0x00,
0x09,0x00,0x00,0x00,0x46,0x0e,0x10,0x00,0x0f,0x00,0x00,0x00,0x46,0x0e,0x10,0x00,
0x0e,0x00,0x00,0x00,0x32,0x00,0x00,0x09,0x82,0x00,0x10,0x00,0x02,0x00,0x00,0x00,
0x0a,0x00,0x10,0x00,0x09,0x00,0x00,0x00,0x3a,0x00,0x10,0x00,0x02,0x00,0x00,0x00,
0x1a,0x00,0x10,0x00,0x09,0x00,0x00,0x00,0x00,0x00,0x00,0x08,0x12,0x00,0x10,0x00,
0x09,0x00,0x00,0x00,0x3a,0x00,0x10,0x80,0x41,0x00,0x00,0x00,0x02,0x00,0x00,0x00,
0x3a,0x00,0x10,0x00,0x07,0x00,0x00,0x00,0x31,0x00,0x00,0x08,0x22,0x00,0x10,0x00,
0x09,0x00,0x00,0x00,0x01,0x40,0x00,0x00,0x40,0xda,0x7f,0x38,0x0a,0x00,0x10,0x80,
0x81,0x00,0x00,0x00,0x09,0x00,0x00,0x00,0x1f,0x00,0x04,0x03,0x1a,0x00,0x10,0x00,
0x09,0x00,0x00,0x00,0x31,0x00,0x00,0x07,0x22,0x00,0x10,0x00,0x09,0x00,0x00,0x00,
0x01,0x40,0x00,0x00,0x00,0x00,0x00,0x00,0x0a,0x00,0x10,0x00,0x09,0x00,0x00,0x00,
0x31,0x00,0x00,0x07,0x12,0x00,0x10,0x00,0x09,0x00,0x00,0x00,0x0a,0x00,0x10,0x00,
0x09,0x00,0x00,0x00,0x01,0x40,0x00,0x00,0x00,0x00,0x00,0x00,0x1e,0x00,0x00,0x08,
0x12,0x00,0x10,0x00,0x09,0x00,0x00,0x00,0x1a,0x00,0x10,0x80,0x41,0x00,0x00,0x00,
0x09,0x00,0x00,0x00,0x0a,0x00,0x10,0x00,0x09,0x00,0x00,0x00,0x2b,0x00,0x00,0x05,
0x12,0x00,0x10,0x00,0x09,0x00,0x00,0x00,0x0a,0x00,0x10,0x00,0x09,0x00,0x00,0x00,
0x34,0x00,0x00,0x07,0x22,0x00,0x10,0x00,0x09,0x00,0x00,0x00,0x3a,0x00,0x10,0x00,
0x02,0x00,0x00,0x00,0x3a,0x00,0x10,0x00,0x07,0x00,0x00,0x00,0x39,0x00,0x00,0x07,
0x42,0x00,0x10,0x00,0x09,0x00,0x00,0x00,0x1a,0x00,0x10,0x00,0x09,0x00,0x00,0x00,
0x01,0x40,0x00,0x00,0x00,0x00,0x00,0x00,0x33,0x00,0x00,0x07,0x82,0x00,0x10,0x00,
0x02,0x00,0x00,0x00,0x3a,0x00,0x10,0x00,0x02,0x00,0x00,0x00,0x3a,0x00,0x10,0x00,
0x07,0x00,0x00,0x00,0x0e,0x00,0x00,0x07,0x82,0x00,0x10,0x00,0x02,0x00,0x00,0x00,
0x3a,0x00,0x10,0x00,0x02,0x00,0x00,0x00,0x1a,0x00,0x10,0x00,0x09,0x00,0x00,0x00,
0x01,0x00,0x00,0x07,0x82,0x00,0x10,0x00,0x02,0x00,0x00,0x00,0x3a,0x00,0x10,0x00,
0x02,0x00,0x00,0x00,0x2a,0x00,0x10,0x00,0x09,0x00,0x00,0x00,0x00,0x00,0x00,0x08,
0x82,0x00,0x10,0x00,0x02,0x00,0x00,0x00,0x3a,0x00,0x10,0x80,0x41,0x00,0x00,0x00,
0x02,0x00,0x00,0x00,0x01,0x40,0x00,0x00,0x00,0x00,0x80,0x3f,0x38,0x00,0x00,0x07,
0x82,0x00,0x10,0x00,0x02,0x00,0x00,0x00,0x3a,0x00,0x10,0x00,0x02,0x00,0x00,0x00,
0x0a,0x00,0x10,0x00,0x09,0x00,0x00,0x00,0x31,0x00,0x00,0x09,0x82,0x00,0x10,0x00,
0x07,0x00,0x00,0x00,0x3a,0x00,0x10,0x80,0x81,0x00,0x00,0x00,0x02,0x00,0x00,0x00,
0x2a,0x00,0x10,0x80,0x81,0x00,0x00,0x00,0x02,0x00,0x00,0x00,0x37,0x00,0x00,0x09,
0x42,0x00,0x10,0x00,0x02,0x00,0x00,0x00,0x3a,0x00,0x10,0x00,0x07,0x00,0x00,0x00,
0x3a,0x00,0x10,0x00,0x02,0x00,0x00,0x00,0x2a,0x00,0x10,0x00,0x02,0x00,0x00,0x00,
0x12,0x00,0x00,0x01,0x36,0x00,0x00,0x05,0x42,0x00,0x10,0x00,0x02,0x00,0x00,0x00,
0x01,0x40,0x00,0x00,0x00,0xe0,0x7f,0x47,0x15,0x00,0x00,0x01,0x15,0x00,0x00,0x01,
0x31,0x00,0x00,0x07,0x82,0x00,0x10,0x00,0x02,0x00,0x00,0x00,0x2a,0x00,0x10,0x00,
0x02,0x00,0x00,0x00,0x01,0x40,0x00,0x00,0x00,0xdf,0x7f,0x47,0x01,0x00,0x00,0x07,
0x82,0x00,0x10,0x00,0x02,0x00,0x00,0x00,0x3a,0x00,0x10,0x00,0x02,0x00,0x00,0x00,
0x01,0x40,0x00,0x00,0x00,0x00,0x80,0x3f,0x38,0x00,0x00,0x07,0x12,0x00,0x10,0x00,
0x09,0x00,0x00,0x00,0x3a,0x00,0x10,0x00,0x02,0x00,0x00,0x00,0x2a,0x00,0x10,0x00,
0x02,0x00,0x00,0x00,0x12,0x00,0x00,0x01,0x36,0x00,0x00,0x05,0x12,0x00,0x10,0x00,
0x09,0x00,0x00,0x00,0x01,0x40,0x00,0x00,0x00,0x00,0x00,0x00,0x15,0x00,0x00,0x01,
0x39,0x00,0x00,0x07,0x42,0x00,0x10,0x00,0x02,0x00,0x00,0x00,0x0a,0x00,0x10,0x00,
0x09,0x00,0x00,0x00,0x01,0x40,0x00,0x00,0x00,0x00,0x00,0x00,0x31,0x00,0x00,0x07,
0x82,0x00,0x10,0x00,0x02,0x00,0x00,0x00,0x01,0x40,0x00,0x00,0x00,0x00,0x00,0x00,
0x0a,0x00,0x10,0x00,0x09,0x00,0x00,0x00,0x31,0x00,0x00,0x07,0x82,0x00,0x10,0x00,
0x07,0x00,0x00,0x00,0x0a,0x00,0x10,0x00,0x09,0x00,0x00,0x00,0x01,0x40,0x00,0x00,
0x00,0x00,0x00,0x00,0x1e,0x00,0x00,0x08,0x82,0x00,0x10,0x00,0x02,0x00,0x00,0x00,
0x3a,0x00,0x10,0x80,0x41,0x00,0x00,0x00,0x02,0x00,0x00,0x00,0x3a,0x00,0x10,0x00,
0x07,0x00,0x00,0x00,0x2b,0x00,0x00,0x05,0x82,0x00,0x10,0x00,0x02,0x00,0x00,0x00,
0x3a,0x00,0x10,0x00,0x02,0x00,0x00,0x00,0x01,0x00,0x00,0x07,0x22,0x00,0x10,0x00,
0x09,0x00,0x00,0x00,0x3a,0x00,0x10,0x00,0x02,0x00,0x00,0x00,0x2a,0x00,0x10,0x00,
0x02,0x00,0x00,0x00,0x25,0x00,0x00,0x07,0xf2,0x00,0x10,0x00,0x0c,0x00,0x00,0x00,
0x46,0x04,0x10,0x00,0x08,0x00,0x00,0x00,0x46,0x0e,0x10,0x00,0x0c,0x00,0x00,0x00,
0x24,0x00,0x00,0x0a,0x32,0x00,0x10,0x00,0x0e,0x00,0x00,0x00,0x46,0x00,0x10,0x00,
0x0c,0x00,0x00,0x00,0x02,0x40,0x00,0x00,0x00,0x00,0x00,0x00,0x00,0x00,0x00,0x00,
0x00,0x00,0x00,0x00,0x00,0x00,0x00,0x00,0x36,0x00,0x00,0x08,0xc2,0x00,0x10,0x00,
0x0e,0x00,0x00,0x00,0x02,0x40,0x00,0x00,0x00,0x00,0x00,0x00,0x00,0x00,0x00,0x00,
0x00,0x00,0x00,0x00,0x00,0x00,0x00,0x00,0x2d,0x00,0x00,0x89,0xc2,0x00,0x00,0x80,
0x43,0x55,0x15,0x00,0xc2,0x00,0x10,0x00,0x02,0x00,0x00,0x00,0x46,0x0e,0x10,0x00,
0x0e,0x00,0x00,0x00,0xe6,0x74,0x10,0x00,0x02,0x00,0x00,0x00,0x2b,0x00,0x00,0x05,
0xf2,0x00,0x10,0x00,0x0e,0x00,0x00,0x00,0x46,0x04,0x10,0x00,0x0e,0x00,0x00,0x00,
0x00,0x00,0x00,0x0a,0xf2,0x00,0x10,0x00,0x0e,0x00,0x00,0x00,0x46,0x0e,0x10,0x00,
0x0e,0x00,0x00,0x00,0x02,0x40,0x00,0x00,0x00,0x00,0x00,0x3f,0x00,0x00,0x00,0x3f,
0x00,0x00,0x00,0x3f,0x00,0x00,0x00,0x3f,0x0e,0x00,0x00,0x07,0xf2,0x00,0x10,0x00,
0x0e,0x00,0x00,0x00,0x46,0x0e,0x10,0x00,0x0e,0x00,0x00,0x00,0x46,0x04,0x10,0x00,
0x0a,0x00,0x00,0x00,0x00,0x00,0x00,0x07,0xf2,0x00,0x10,0x00,0x0f,0x00,0x00,0x00,
0xe6,0x0e,0x10,0x00,0x0b,0x00,0x00,0x00,0xe6,0x0e,0x10,0x00,0x0e,0x00,0x00,0x00,
0x00,0x00,0x00,0x07,0xf2,0x00,0x10,0x00,0x0f,0x00,0x00,0x00,0xe6,0x0e,0x10,0x00,
0x02,0x00,0x00,0x00,0x46,0x0e,0x10,0x00,0x0f,0x00,0x00,0x00,0x1d,0x00,0x00,0x0a,
0xc2,0x00,0x10,0x00,0x02,0x00,0x00,0x00,0xa6,0x0e,0x10,0x00,0x0f,0x00,0x00,0x00,
0x02,0x40,0x00,0x00,0x00,0x00,0x00,0x00,0x00,0x00,0x00,0x00,0x00,0x00,0x00,0x00,
0x00,0x00,0x00,0x00,0x1d,0x00,0x00,0x0a,0xc2,0x00,0x10,0x00,0x09,0x00,0x00,0x00,
0x02,0x40,0x00,0x00,0x00,0x00,0x00,0x00,0x00,0x00,0x00,0x00,0x00,0x00,0x80,0x3f,
0x00,0x00,0x80,0x3f,0xa6,0x0e,0x10,0x00,0x0f,0x00,0x00,0x00,0x01,0x00,0x00,0x07,
0xc2,0x00,0x10,0x00,0x02,0x00,0x00,0x00,0xa6,0x0e,0x10,0x00,0x02,0x00,0x00,0x00,
0xa6,0x0e,0x10,0x00,0x09,0x00,0x00,0x00,0x01,0x00,0x00,0x07,0x42,0x00,0x10,0x00,
0x02,0x00,0x00,0x00,0x3a,0x00,0x10,0x00,0x02,0x00,0x00,0x00,0x2a,0x00,0x10,0x00,
0x02,0x00,0x00,0x00,0x1f,0x00,0x04,0x03,0x2a,0x00,0x10,0x00,0x02,0x00,0x00,0x00,
0x38,0x00,0x00,0x07,0xf2,0x00,0x10,0x00,0x0f,0x00,0x00,0x00,0xe6,0x0e,0x10,0x00,
0x0a,0x00,0x00,0x00,0x46,0x0e,0x10,0x00,0x0f,0x00,0x00,0x00,0x41,0x00,0x00,0x05,
0xf2,0x00,0x10,0x00,0x0f,0x00,0x00,0x00,0x46,0x0e,0x10,0x00,0x0f,0x00,0x00,0x00,
0x1b,0x00,0x00,0x05,0xf2,0x00,0x10,0x00,0x0f,0x00,0x00,0x00,0x46,0x0e,0x10,0x00,
0x0f,0x00,0x00,0x00,0x1e,0x00,0x00,0x0b,0xf2,0x00,0x10,0x00,0x10,0x00,0x00,0x00,
0xe6,0x8e,0x20,0x00,0x00,0x00,0x00,0x00,0x00,0x00,0x00,0x00,0x02,0x40,0x00,0x00,
0xff,0xff,0xff,0xff,0xff,0xff,0xff,0xff,0xff,0xff,0xff,0xff,0xff,0xff,0xff,0xff,
0x25,0x00,0x00,0x07,0xc2,0x00,0x10,0x00,0x02,0x00,0x00,0x00,0xa6,0x0e,0x10,0x00,
0x0f,0x00,0x00,0x00,0xa6,0x0e,0x10,0x00,0x10,0x00,0x00,0x00,0x24,0x00,0x00,0x0a,
0x32,0x00,0x10,0x00,0x11,0x00,0x00,0x00,0xe6,0x0a,0x10,0x00,0x02,0x00,0x00,0x00,
0x02,0x40,0x00,0x00,0x00,0x00,0x00,0x00,0x00,0x00,0x00,0x00,0x00,0x00,0x00,0x00,
0x00,0x00,0x00,0x00,0x36,0x00,0x00,0x08,0xc2,0x00,0x10,0x00,0x11,0x00,0x00,0x00,
0x02,0x40,0x00,0x00,0x00,0x00,0x00,0x00,0x00,0x00,0x00,0x00,0x00,0x00,0x00,0x00,
0x00,0x00,0x00,0x00,0x2d,0x00,0x00,0x89,0xc2,0x00,0x00,0x80,0x43,0x55,0x15,0x00,
0x42,0x00,0x10,0x00,0x02,0x00,0x00,0x00,0x46,0x0e,0x10,0x00,0x11,0x00,0x00,0x00,
0x96,0x7c,0x10,0x00,0x01,0x00,0x00,0x00,0x38,0x00,0x00,0x08,0x42,0x00,0x10,0x00,
0x02,0x00,0x00,0x00,0x2a,0x00,0x10,0x00,0x02,0x00,0x00,0x00,0x1a,0x80,0x20,0x00,
0x00,0x00,0x00,0x00,0x07,0x00,0x00,0x00,0x38,0x00,0x00,0x07,0x42,0x00,0x10,0x00,
0x02,0x00,0x00,0x00,0x2a,0x00,0x10,0x00,0x07,0x00,0x00,0x00,0x2a,0x00,0x10,0x00,
0x02,0x00,0x00,0x00,0x34,0x00,0x00,0x07,0x42,0x00,0x10,0x00,0x02,0x00,0x00,0x00,
0x2a,0x00,0x10,0x00,0x02,0x00,0x00,0x00,0x01,0x40,0x00,0x00,0x40,0xda,0x7f,0x38,
0x1e,0x00,0x00,0x0a,0xf2,0x00,0x10,0x00,0x11,0x00,0x00,0x00,0xe6,0x0e,0x10,0x00,
0x0f,0x00,0x00,0x00,0x02,0x40,0x00,0x00,0xff,0xff,0xff,0xff,0x00,0x00,0x00,0x00,
0x01,0x00,0x00,0x00,0x00,0x00,0x00,0x00,0x25,0x00,0x00,0x07,0xf2,0x00,0x10,0x00,
0x11,0x00,0x00,0x00,0x46,0x0e,0x10,0x00,0x10,0x00,0x00,0x00,0x46,0x0e,0x10,0x00,
0x11,0x00,0x00,0x00,0x24,0x00,0x00,0x0a,0xf2,0x00,0x10,0x00,0x11,0x00,0x00,0x00,
0xe6,0x04,0x10,0x00,0x11,0x00,0x00,0x00,0x02,0x40,0x00,0x00,0x00,0x00,0x00,0x00,
0x00,0x00,0x00,0x00,0x00,0x00,0x00,0x00,0x00,0x00,0x00,0x00,0x36,0x00,0x00,0x05,
0x32,0x00,0x10,0x00,0x12,0x00,0x00,0x00,0xe6,0x0a,0x10,0x00,0x11,0x00,0x00,0x00,
0x36,0x00,0x00,0x08,0xc2,0x00,0x10,0x00,0x12,0x00,0x00,0x00,0x02,0x40,0x00,0x00,
0x00,0x00,0x00,0x00,0x00,0x00,0x00,0x00,0x00,0x00,0x00,0x00,0x00,0x00,0x00,0x00,
0x2d,0x00,0x00,0x89,0xc2,0x00,0x00,0x80,0x43,0x55,0x15,0x00,0x82,0x00,0x10,0x00,
0x02,0x00,0x00,0x00,0x46,0x0e,0x10,0x00,0x12,0x00,0x00,0x00,0x96,0x73,0x10,0x00,
0x01,0x00,0x00,0x00,0x38,0x00,0x00,0x08,0x82,0x00,0x10,0x00,0x02,0x00,0x00,0x00,
0x3a,0x00,0x10,0x00,0x02,0x00,0x00,0x00,0x1a,0x80,0x20,0x00,0x00,0x00,0x00,0x00,
0x07,0x00,0x00,0x00,0x38,0x00,0x00,0x07,0x82,0x00,0x10,0x00,0x02,0x00,0x00,0x00,
0x2a,0x00,0x10,0x00,0x07,0x00,0x00,0x00,0x3a,0x00,0x10,0x00,0x02,0x00,0x00,0x00,
0x34,0x00,0x00,0x07,0x82,0x00,0x10,0x00,0x02,0x00,0x00,0x00,0x3a,0x00,0x10,0x00,
0x02,0x00,0x00,0x00,0x01,0x40,0x00,0x00,0x40,0xda,0x7f,0x38,0x36,0x00,0x00,0x08,
0xc2,0x00,0x10,0x00,0x11,0x00,0x00,0x00,0x02,0x40,0x00,0x00,0x00,0x00,0x00,0x00,
0x00,0x00,0x00,0x00,0x00,0x00,0x00,0x00,0x00,0x00,0x00,0x00,0x2d,0x00,0x00,0x89,
0xc2,0x00,0x00,0x80,0x43,0x55,0x15,0x00,0x82,0x00,0x10,0x00,0x07,0x00,0x00,0x00,
0x46,0x0e,0x10,0x00,0x11,0x00,0x00,0x00,0x96,0x73,0x10,0x00,0x01,0x00,0x00,0x00,
0x38,0x00,0x00,0x08,0x82,0x00,0x10,0x00,0x07,0x00,0x00,0x00,0x3a,0x00,0x10,0x00,
0x07,0x00,0x00,0x00,0x1a,0x80,0x20,0x00,0x00,0x00,0x00,0x00,0x07,0x00,0x00,0x00,
0x38,0x00,0x00,0x07,0x82,0x00,0x10,0x00,0x07,0x00,0x00,0x00,0x2a,0x00,0x10,0x00,
0x07,0x00,0x00,0x00,0x3a,0x00,0x10,0x00,0x07,0x00,0x00,0x00,0x34,0x00,0x00,0x07,
0x82,0x00,0x10,0x00,0x07,0x00,0x00,0x00,0x3a,0x00,0x10,0x00,0x07,0x00,0x00,0x00,
0x01,0x40,0x00,0x00,0x40,0xda,0x7f,0x38,0x1e,0x00,0x00,0x0a,0xf2,0x00,0x10,0x00,
0x0f,0x00,0x00,0x00,0x46,0x0e,0x10,0x00,0x0f,0x00,0x00,0x00,0x02,0x40,0x00,0x00,
0x00,0x00,0x00,0x00,0xff,0xff,0xff,0xff,0x00,0x00,0x00,0x00,0x01,0x00,0x00,0x00,
0x25,0x00,0x00,0x07,0xf2,0x00,0x10,0x00,0x0f,0x00,0x00,0x00,0x46,0x0e,0x10,0x00,
0x10,0x00,0x00,0x00,0x46,0x0e,0x10,0x00,0x0f,0x00,0x00,0x00,0x24,0x00,0x00,0x0a,
0xf2,0x00,0x10,0x00,0x0f,0x00,0x00,0x00,0xe6,0x04,0x10,0x00,0x0f,0x00,0x00,0x00,
0x02,0x40,0x00,0x00,0x00,0x00,0x00,0x00,0x00,0x00,0x00,0x00,0x00,0x00,0x00,0x00,
0x00,0x00,0x00,0x00,0x36,0x00,0x00,0x05,0x32,0x00,0x10,0x00,0x10,0x00,0x00,0x00,
0xe6,0x0a,0x10,0x00,0x0f,0x00,0x00,0x00,0x36,0x00,0x00,0x08,0xc2,0x00,0x10,0x00,
0x10,0x00,0x00,0x00,0x02,0x40,0x00,0x00,0x00,0x00,0x00,0x00,0x00,0x00,0x00,0x00,
0x00,0x00,0x00,0x00,0x00,0x00,0x00,0x00,0x2d,0x00,0x00,0x89,0xc2,0x00,0x00,0x80,
0x43,0x55,0x15,0x00,0x42,0x00,0x10,0x00,0x09,0x00,0x00,0x00,0x46,0x0e,0x10,0x00,
0x10,0x00,0x00,0x00,0x96,0x7c,0x10,0x00,0x01,0x00,0x00,0x00,0x38,0x00,0x00,0x08,
0x42,0x00,0x10,0x00,0x09,0x00,0x00,0x00,0x2a,0x00,0x10,0x00,0x09,0x00,0x00,0x00,
0x1a,0x80,0x20,0x00,0x00,0x00,0x00,0x00,0x07,0x00,0x00,0x00,0x38,0x00,0x00,0x07,
0x42,0x00,0x10,0x00,0x09,0x00,0x00,0x00,0x2a,0x00,0x10,0x00,0x07,0x00,0x00,0x00,
0x2a,0x00,0x10,0x00,0x09,0x00,0x00,0x00,0x34,0x00,0x00,0x07,0x42,0x00,0x10,0x00,
0x09,0x00,0x00,0x00,0x2a,0x00,0x10,0x00,0x09,0x00,0x00,0x00,0x01,0x40,0x00,0x00,
0x40,0xda,0x7f,0x38,0x36,0x00,0x00,0x08,0xc2,0x00,0x10,0x00,0x0f,0x00,0x00,0x00,
0x02,0x40,0x00,0x00,0x00,0x00,0x00,0x00,0x00,0x00,0x00,0x00,0x00,0x00,0x00,0x00,
0x00,0x00,0x00,0x00,0x2d,0x00,0x00,0x89,0xc2,0x00,0x00,0x80,0x43,0x55,0x15,0x00,
0x82,0x00,0x10,0x00,0x09,0x00,0x00,0x00,0x46,0x0e,0x10,0x00,0x0f,0x00,0x00,0x00,
0x96,0x73,0x10,0x00,0x01,0x00,0x00,0x00,0x38,0x00,0x00,0x08,0x82,0x00,0x10,0x00,
0x09,0x00,0x00,0x00,0x3a,0x00,0x10,0x00,0x09,0x00,0x00,0x00,0x1a,0x80,0x20,0x00,
0x00,0x00,0x00,0x00,0x07,0x00,0x00,0x00,0x38,0x00,0x00,0x07,0x82,0x00,0x10,0x00,
0x09,0x00,0x00,0x00,0x2a,0x00,0x10,0x00,0x07,0x00,0x00,0x00,0x3a,0x00,0x10,0x00,
0x09,0x00,0x00,0x00,0x34,0x00,0x00,0x07,0x82,0x00,0x10,0x00,0x09,0x00,0x00,0x00,
0x3a,0x00,0x10,0x00,0x09,0x00,0x00,0x00,0x01,0x40,0x00,0x00,0x40,0xda,0x7f,0x38,
0x00,0x00,0x00,0x07,0xf2,0x00,0x10,0x00,0x0e,0x00,0x00,0x00,0x46,0x04,0x10,0x00,
0x0b,0x00,0x00,0x00,0x46,0x0e,0x10,0x00,0x0e,0x00,0x00,0x00,0x38,0x00,0x00,0x07,
0xf2,0x00,0x10,0x00,0x0e,0x00,0x00,0x00,0x46,0x04,0x10,0x00,0x0a,0x00,0x00,0x00,
0x46,0x0e,0x10,0x00,0x0e,0x00,0x00,0x00,0x41,0x00,0x00,0x05,0xf2,0x00,0x10,0x00,
0x0e,0x00,0x00,0x00,0x46,0x0e,0x10,0x00,0x0e,0x00,0x00,0x00,0x1b,0x00,0x00,0x05,
0xf2,0x00,0x10,0x00,0x0e,0x00,0x00,0x00,0x46,0x0e,0x10,0x00,0x0e,0x00,0x00,0x00,
0x25,0x00,0x00,0x07,0x32,0x00,0x10,0x00,0x0c,0x00,0x00,0x00,0xe6,0x0a,0x10,0x00,
0x08,0x00,0x00,0x00,0xe6,0x0a,0x10,0x00,0x0e,0x00,0x00,0x00,0x24,0x00,0x00,0x0a,
0x32,0x00,0x10,0x00,0x0f,0x00,0x00,0x00,0x46,0x00,0x10,0x00,0x0c,0x00,0x00,0x00,
0x02,0x40,0x00,0x00,0x00,0x00,0x00,0x00,0x00,0x00,0x00,0x00,0x00,0x00,0x00,0x00,
0x00,0x00,0x00,0x00,0x36,0x00,0x00,0x08,0xc2,0x00,0x10,0x00,0x0f,0x00,0x00,0x00,
0x02,0x40,0x00,0x00,0x00,0x00,0x00,0x00,0x00,0x00,0x00,0x00,0x00,0x00,0x00,0x00,
0x00,0x00,0x00,0x00,0x2d,0x00,0x00,0x89,0xc2,0x00,0x00,0x80,0x43,0x55,0x15,0x00,
0x12,0x00,0x10,0x00,0x0c,0x00,0x00,0x00,0x46,0x0e,0x10,0x00,0x0f,0x00,0x00,0x00,
0x46,0x7e,0x10,0x00,0x00,0x00,0x00,0x00,0x38,0x00,0x00,0x07,0x12,0x00,0x10,0x00,
0x0c,0x00,0x00,0x00,0x2a,0x00,0x10,0x00,0x07,0x00,0x00,0x00,0x0a,0x00,0x10,0x00,
0x0c,0x00,0x00,0x00,0x34,0x00,0x00,0x07,0x12,0x00,0x10,0x00,0x0c,0x00,0x00,0x00,
0x0a,0x00,0x10,0x00,0x0c,0x00,0x00,0x00,0x01,0x40,0x00,0x00,0x40,0xda,0x7f,0x38,
0x1e,0x00,0x00,0x0a,0xf2,0x00,0x10,0x00,0x0f,0x00,0x00,0x00,0xe6,0x0e,0x10,0x00,
0x0e,0x00,0x00,0x00,0x02,0x40,0x00,0x00,0xff,0xff,0xff,0xff,0x00,0x00,0x00,0x00,
0x01,0x00,0x00,0x00,0x00,0x00,0x00,0x00,0x25,0x00,0x00,0x07,0xf2,0x00,0x10,0x00,
0x0f,0x00,0x00,0x00,0x46,0x0e,0x10,0x00,0x08,0x00,0x00,0x00,0x46,0x0e,0x10,0x00,
0x0f,0x00,0x00,0x00,0x24,0x00,0x00,0x0a,0xf2,0x00,0x10,0x00,0x0f,0x00,0x00,0x00,
0xe6,0x04,0x10,0x00,0x0f,0x00,0x00,0x00,0x02,0x40,0x00,0x00,0x00,0x00,0x00,0x00,
0x00,0x00,0x00,0x00,0x00,0x00,0x00,0x00,0x00,0x00,0x00,0x00,0x36,0x00,0x00,0x05,
0x32,0x00,0x10,0x00,0x10,0x00,0x00,0x00,0xe6,0x0a,0x10,0x00,0x0f,0x00,0x00,0x00,
0x36,0x00,0x00,0x08,0xc2,0x00,0x10,0x00,0x10,0x00,0x00,0x00,0x02,0x40,0x00,0x00,
0x00,0x00,0x00,0x00,0x00,0x00,0x00,0x00,0x00,0x00,0x00,0x00,0x00,0x00,0x00,0x00,
0x2d,0x00,0x00,0x89,0xc2,0x00,0x00,0x80,0x43,0x55,0x15,0x00,0x22,0x00,0x10,0x00,
0x0c,0x00,0x00,0x00,0x46,0x0e,0x10,0x00,0x10,0x00,0x00,0x00,0x16,0x7e,0x10,0x00,
0x00,0x00,0x00,0x00,0x38,0x00,0x00,0x07,0x22,0x00,0x10,0x00,0x0c,0x00,0x00,0x00,
0x2a,0x00,0x10,0x00,0x07,0x00,0x00,0x00,0x1a,0x00,0x10,0x00,0x0c,0x00,0x00,0x00,
0x34,0x00,0x00,0x07,0x22,0x00,0x10,0x00,0x0c,0x00,0x00,0x00,0x1a,0x00,0x10,0x00,
0x0c,0x00,0x00,0x00,0x01,0x40,0x00,0x00,0x40,0xda,0x7f,0x38,0x36,0x00,0x00,0x08,
0xc2,0x00,0x10,0x00,0x0f,0x00,0x00,0x00,0x02,0x40,0x00,0x00,0x00,0x00,0x00,0x00,
0x00,0x00,0x00,0x00,0x00,0x00,0x00,0x00,0x00,0x00,0x00,0x00,0x2d,0x00,0x00,0x89,
0xc2,0x00,0x00,0x80,0x43,0x55,0x15,0x00,0x12,0x00,0x10,0x00,0x0d,0x00,0x00,0x00,
0x46,0x0e,0x10,0x00,0x0f,0x00,0x00,0x00,0x46,0x7e,0x10,0x00,0x00,0x00,0x00,0x00,
0x38,0x00,0x00,0x07,0x12,0x00,0x10,0x00,0x0d,0x00,0x00,0x00,0x2a,0x00,0x10,0x00,
0x07,0x00,0x00,0x00,0x0a,0x00,0x10,0x00,0x0d,0x00,0x00,0x00,0x34,0x00,0x00,0x07,
0x12,0x00,0x10,0x00,0x0d,0x00,0x00,0x00,0x0a,0x00,0x10,0x00,0x0d,0x00,0x00,0x00,
0x01,0x40,0x00,0x00,0x40,0xda,0x7f,0x38,0x1e,0x00,0x00,0x0a,0xf2,0x00,0x10,0x00,
0x0e,0x00,0x00,0x00,0x46,0x0e,0x10,0x00,0x0e,0x00,0x00,0x00,0x02,0x40,0x00,0x00,
0x00,0x00,0x00,0x00,0xff,0xff,0xff,0xff,0x00,0x00,0x00,0x00,0x01,0x00,0x00,0x00,
0x25,0x00,0x00,0x07,0xf2,0x00,0x10,0x00,0x0e,0x00,0x00,0x00,0x46,0x0e,0x10,0x00,
0x08,0x00,0x00,0x00,0x46,0x0e,0x10,0x00,0x0e,0x00,0x00,0x00,0x24,0x00,0x00,0x0a,
0xf2,0x00,0x10,0x00,0x0e,0x00,0x00,0x00,0xe6,0x04,0x10,0x00,0x0e,0x00,0x00,0x00,
0x02,0x40,0x00,0x00,0x00,0x00,0x00,0x00,0x00,0x00,0x00,0x00,0x00,0x00,0x00,0x00,
0x00,0x00,0x00,0x00,0x36,0x00,0x00,0x05,0x32,0x00,0x10,0x00,0x0f,0x00,0x00,0x00,
0xe6,0x0a,0x10,0x00,0x0e,0x00,0x00,0x00,0x36,0x00,0x00,0x08,0xc2,0x00,0x10,0x00,
0x0f,0x00,0x00,0x00,0x02,0x40,0x00,0x00,0x00,0x00,0x00,0x00,0x00,0x00,0x00,0x00,
0x00,0x00,0x00,0x00,0x00,0x00,0x00,0x00,0x2d,0x00,0x00,0x89,0xc2,0x00,0x00,0x80,
0x43,0x55,0x15,0x00,0x22,0x00,0x10,0x00,0x0d,0x00,0x00,0x00,0x46,0x0e,0x10,0x00,
0x0f,0x00,0x00,0x00,0x16,0x7e,0x10,0x00,0x00,0x00,0x00,0x00,0x38,0x00,0x00,0x07,
0x22,0x00,0x10,0x00,0x0d,0x00,0x00,0x00,0x2a,0x00,0x10,0x00,0x07,0x00,0x00,0x00,
0x1a,0x00,0x10,0x00,0x0d,0x00,0x00,0x00,0x34,0x00,0x00,0x07,0x22,0x00,0x10,0x00,
0x0d,0x00,0x00,0x00,0x1a,0x00,0x10,0x00,0x0d,0x00,0x00,0x00,0x01,0x40,0x00,0x00,
0x40,0xda,0x7f,0x38,0x36,0x00,0x00,0x08,0xc2,0x00,0x10,0x00,0x0e,0x00,0x00,0x00,
0x02,0x40,0x00,0x00,0x00,0x00,0x00,0x00,0x00,0x00,0x00,0x00,0x00,0x00,0x00,0x00,
0x00,0x00,0x00,0x00,0x2d,0x00,0x00,0x89,0xc2,0x00,0x00,0x80,0x43,0x55,0x15,0x00,
0x12,0x00,0x10,0x00,0x0e,0x00,0x00,0x00,0x46,0x0e,0x10,0x00,0x0e,0x00,0x00,0x00,
0x46,0x7e,0x10,0x00,0x00,0x00,0x00,0x00,0x38,0x00,0x00,0x07,0x12,0x00,0x10,0x00,
0x0e,0x00,0x00,0x00,0x2a,0x00,0x10,0x00,0x07,0x00,0x00,0x00,0x0a,0x00,0x10,0x00,
0x0e,0x00,0x00,0x00,0x34,0x00,0x00,0x07,0x12,0x00,0x10,0x00,0x0e,0x00,0x00,0x00,
0x0a,0x00,0x10,0x00,0x0e,0x00,0x00,0x00,0x01,0x40,0x00,0x00,0x40,0xda,0x7f,0x38,
0x33,0x00,0x00,0x07,0x22,0x00,0x10,0x00,0x0e,0x00,0x00,0x00,0x0a,0x00,0x10,0x00,
0x0c,0x00,0x00,0x00,0x1a,0x00,0x10,0x00,0x0d,0x00,0x00,0x00,0x34,0x00,0x00,0x07,
0x12,0x00,0x10,0x00,0x0c,0x00,0x00,0x00,0x0a,0x00,0x10,0x00,0x0c,0x00,0x00,0x00,
0x1a,0x00,0x10,0x00,0x0d,0x00,0x00,0x00,0x33,0x00,0x00,0x07,0x22,0x00,0x10,0x00,
0x0d,0x00,0x00,0x00,0x1a,0x00,0x10,0x00,0x0c,0x00,0x00,0x00,0x0a,0x00,0x10,0x00,
0x0e,0x00,0x00,0x00,0x34,0x00,0x00,0x07,0x22,0x00,0x10,0x00,0x0c,0x00,0x00,0x00,
0x1a,0x00,0x10,0x00,0x0c,0x00,0x00,0x00,0x0a,0x00,0x10,0x00,0x0e,0x00,0x00,0x00,
0x34,0x00,0x00,0x07,0x12,0x00,0x10,0x00,0x0e,0x00,0x00,0x00,0x0a,0x00,0x10,0x00,
0x0d,0x00,0x00,0x00,0x1a,0x00,0x10,0x00,0x0e,0x00,0x00,0x00,0x34,0x00,0x00,0x07,
0x42,0x00,0x10,0x00,0x0e,0x00,0x00,0x00,0x0a,0x00,0x10,0x00,0x0c,0x00,0x00,0x00,
0x1a,0x00,0x10,0x00,0x0d,0x00,0x00,0x00,0x34,0x00,0x00,0x07,0x82,0x00,0x10,0x00,
0x0e,0x00,0x00,0x00,0x1a,0x00,0x10,0x00,0x0c,0x00,0x00,0x00,0x0a,0x00,0x10,0x00,
0x0e,0x00,0x00,0x00,0x34,0x00,0x00,0x07,0x12,0x00,0x10,0x00,0x0f,0x00,0x00,0x00,
0x3a,0x00,0x10,0x00,0x0e,0x00,0x00,0x00,0x2a,0x00,0x10,0x00,0x0e,0x00,0x00,0x00,
0x33,0x00,0x00,0x07,0x22,0x00,0x10,0x00,0x0f,0x00,0x00,0x00,0x2a,0x00,0x10,0x00,
0x02,0x00,0x00,0x00,0x2a,0x00,0x10,0x00,0x09,0x00,0x00,0x00,0x34,0x00,0x00,0x07,
0x42,0x00,0x10,0x00,0x02,0x00,0x00,0x00,0x2a,0x00,0x10,0x00,0x02,0x00,0x00,0x00,
0x2a,0x00,0x10,0x00,0x09,0x00,0x00,0x00,0x33,0x00,0x00,0x07,0x42,0x00,0x10,0x00,
0x09,0x00,0x00,0x00,0x3a,0x00,0x10,0x00,0x02,0x00,0x00,0x00,0x3a,0x00,0x10,0x00,
0x09,0x00,0x00,0x00,0x34,0x00,0x00,0x07,0x82,0x00,0x10,0x00,0x02,0x00,0x00,0x00,
0x3a,0x00,0x10,0x00,0x02,0x00,0x00,0x00,0x3a,0x00,0x10,0x00,0x09,0x00,0x00,0x00,
0x34,0x00,0x00,0x07,0x82,0x00,0x10,0x00,0x09,0x00,0x00,0x00,0x3a,0x00,0x10,0x00,
0x07,0x00,0x00,0x00,0x1a,0x00,0x10,0x00,0x0f,0x00,0x00,0x00,0x34,0x00,0x00,0x07,
0xc2,0x00,0x10,0x00,0x0f,0x00,0x00,0x00,0xa6,0x0e,0x10,0x00,0x02,0x00,0x00,0x00,
0xa6,0x0e,0x10,0x00,0x09,0x00,0x00,0x00,0x33,0x00,0x00,0x07,0x12,0x00,0x10,0x00,
0x0d,0x00,0x00,0x00,0x0a,0x00,0x10,0x00,0x0d,0x00,0x00,0x00,0x1a,0x00,0x10,0x00,
0x0e,0x00,0x00,0x00,0x33,0x00,0x00,0x07,0x12,0x00,0x10,0x00,0x0c,0x00,0x00,0x00,
0x0a,0x00,0x10,0x00,0x0c,0x00,0x00,0x00,0x1a,0x00,0x10,0x00,0x0d,0x00,0x00,0x00,
0x33,0x00,0x00,0x07,0x12,0x00,0x10,0x00,0x10,0x00,0x00,0x00,0x0a,0x00,0x10,0x00,
0x0c,0x00,0x00,0x00,0x0a,0x00,0x10,0x00,0x0d,0x00,0x00,0x00,0x34,0x00,0x00,0x07,
0x12,0x00,0x10,0x00,0x0c,0x00,0x00,0x00,0x0a,0x00,0x10,0x00,0x0c,0x00,0x00,0x00,
0x0a,0x00,0x10,0x00,0x0d,0x00,0x00,0x00,0x33,0x00,0x00,0x07,0x22,0x00,0x10,0x00,
0x0c,0x00,0x00,0x00,0x1a,0x00,0x10,0x00,0x0c,0x00,0x00,0x00,0x0a,0x00,0x10,0x00,
0x0e,0x00,0x00,0x00,0x33,0x00,0x00,0x07,0x22,0x00,0x10,0x00,0x10,0x00,0x00,0x00,
0x1a,0x00,0x10,0x00,0x0c,0x00,0x00,0x00,0x0a,0x00,0x10,0x00,0x0c,0x00,0x00,0x00,
0x34,0x00,0x00,0x07,0x12,0x00,0x10,0x00,0x0c,0x00,0x00,0x00,0x1a,0x00,0x10,0x00,
0x0c,0x00,0x00,0x00,0x0a,0x00,0x10,0x00,0x0c,0x00,0x00,0x00,0x33,0x00,0x00,0x07,
0x22,0x00,0x10,0x00,0x0c,0x00,0x00,0x00,0x3a,0x00,0x10,0x00,0x0e,0x00,0x00,0x00,
0x2a,0x00,0x10,0x00,0x0e,0x00,0x00,0x00,0x33,0x00,0x00,0x07,0x42,0x00,0x10,0x00,
0x10,0x00,0x00,0x00,0x1a,0x00,0x10,0x00,0x0c,0x00,0x00,0x00,0x0a,0x00,0x10,0x00,
0x0c,0x00,0x00,0x00,0x34,0x00,0x00,0x07,0x82,0x00,0x10,0x00,0x10,0x00,0x00,0x00,
0x1a,0x00,0x10,0x00,0x0c,0x00,0x00,0x00,0x0a,0x00,0x10,0x00,0x0c,0x00,0x00,0x00,
0x33,0x00,0x00,0x07,0x82,0x00,0x10,0x00,0x07,0x00,0x00,0x00,0x3a,0x00,0x10,0x00,
0x07,0x00,0x00,0x00,0x1a,0x00,0x10,0x00,0x0f,0x00,0x00,0x00,0x33,0x00,0x00,0x07,
0xc2,0x00,0x10,0x00,0x02,0x00,0x00,0x00,0xa6,0x0e,0x10,0x00,0x02,0x00,0x00,0x00,
0xa6,0x0e,0x10,0x00,0x09,0x00,0x00,0x00,0x33,0x00,0x00,0x07,0x12,0x00,0x10,0x00,
0x0e,0x00,0x00,0x00,0x2a,0x00,0x10,0x00,0x02,0x00,0x00,0x00,0x3a,0x00,0x10,0x00,
0x07,0x00,0x00,0x00,0x34,0x00,0x00,0x07,0x42,0x00,0x10,0x00,0x02,0x00,0x00,0x00,
0x2a,0x00,0x10,0x00,0x02,0x00,0x00,0x00,0x3a,0x00,0x10,0x00,0x07,0x00,0x00,0x00,
0x33,0x00,0x00,0x07,0x22,0x00,0x10,0x00,0x0e,0x00,0x00,0x00,0x3a,0x00,0x10,0x00,
0x02,0x00,0x00,0x00,0x2a,0x00,0x10,0x00,0x02,0x00,0x00,0x00,0x34,0x00,0x00,0x07,
0x42,0x00,0x10,0x00,0x02,0x00,0x00,0x00,0x3a,0x00,0x10,0x00,0x02,0x00,0x00,0x00,
0x2a,0x00,0x10,0x00,0x02,0x00,0x00,0x00,0x33,0x00,0x00,0x07,0x82,0x00,0x10,0x00,
0x02,0x00,0x00,0x00,0x3a,0x00,0x10,0x00,0x0f,0x00,0x00,0x00,0x2a,0x00,0x10,0x00,
0x0f,0x00,0x00,0x00,0x33,0x00,0x00,0x07,0x42,0x00,0x10,0x00,0x0e,0x00,0x00,0x00,
0x3a,0x00,0x10,0x00,0x02,0x00,0x00,0x00,0x2a,0x00,0x10,0x00,0x02,0x00,0x00,0x00,
0x34,0x00,0x00,0x07,0x82,0x00,0x10,0x00,0x0e,0x00,0x00,0x00,0x3a,0x00,0x10,0x00,
0x02,0x00,0x00,0x00,0x2a,0x00,0x10,0x00,0x02,0x00,0x00,0x00,0x00,0x00,0x00,0x08,
0x42,0x00,0x10,0x00,0x02,0x00,0x00,0x00,0x0a,0x00,0x10,0x80,0x41,0x00,0x00,0x00,
0x0e,0x00,0x00,0x00,0x0a,0x00,0x10,0x00,0x10,0x00,0x00,0x00,0x31,0x00,0x00,0x08,
0x82,0x00,0x10,0x00,0x02,0x00,0x00,0x00,0x01,0x40,0x00,0x00,0x40,0xda,0x7f,0x38,
0x2a,0x00,0x10,0x80,0x81,0x00,0x00,0x00,0x02,0x00,0x00,0x00,0x1f,0x00,0x04,0x03,
0x3a,0x00,0x10,0x00,0x02,0x00,0x00,0x00,0x31,0x00,0x00,0x07,0x82,0x00,0x10,0x00,
0x02,0x00,0x00,0x00,0x01,0x40,0x00,0x00,0x00,0x00,0x00,0x00,0x2a,0x00,0x10,0x00,
0x02,0x00,0x00,0x00,0x31,0x00,0x00,0x07,0x42,0x00,0x10,0x00,0x02,0x00,0x00,0x00,
0x2a,0x00,0x10,0x00,0x02,0x00,0x00,0x00,0x01,0x40,0x00,0x00,0x00,0x00,0x00,0x00,
0x1e,0x00,0x00,0x08,0x42,0x00,0x10,0x00,0x02,0x00,0x00,0x00,0x3a,0x00,0x10,0x80,
0x41,0x00,0x00,0x00,0x02,0x00,0x00,0x00,0x2a,0x00,0x10,0x00,0x02,0x00,0x00,0x00,
0x2b,0x00,0x00,0x05,0x42,0x00,0x10,0x00,0x02,0x00,0x00,0x00,0x2a,0x00,0x10,0x00,
0x02,0x00,0x00,0x00,0x34,0x00,0x00,0x07,0x82,0x00,0x10,0x00,0x02,0x00,0x00,0x00,
0x0a,0x00,0x10,0x00,0x0e,0x00,0x00,0x00,0x0a,0x00,0x10,0x00,0x10,0x00,0x00,0x00,
0x33,0x00,0x00,0x07,0x82,0x00,0x10,0x00,0x07,0x00,0x00,0x00,0x0a,0x00,0x10,0x00,
0x0e,0x00,0x00,0x00,0x0a,0x00,0x10,0x00,0x10,0x00,0x00,0x00,0x0e,0x00,0x00,0x07,
0x82,0x00,0x10,0x00,0x02,0x00,0x00,0x00,0x3a,0x00,0x10,0x00,0x07,0x00,0x00,0x00,
0x3a,0x00,0x10,0x00,0x02,0x00,0x00,0x00,0x00,0x00,0x00,0x08,0x82,0x00,0x10,0x00,
0x02,0x00,0x00,0x00,0x3a,0x00,0x10,0x80,0x41,0x00,0x00,0x00,0x02,0x00,0x00,0x00,
0x01,0x40,0x00,0x00,0x00,0x00,0x80,0x3f,0x38,0x00,0x00,0x07,0x42,0x00,0x10,0x00,
0x02,0x00,0x00,0x00,0x3a,0x00,0x10,0x00,0x02,0x00,0x00,0x00,0x2a,0x00,0x10,0x00,
0x02,0x00,0x00,0x00,0x31,0x00,0x00,0x08,0x82,0x00,0x10,0x00,0x02,0x00,0x00,0x00,
0x2a,0x00,0x10,0x80,0x81,0x00,0x00,0x00,0x02,0x00,0x00,0x00,0x01,0x40,0x00,0x00,
0x00,0xdf,0x7f,0x47,0x37,0x00,0x00,0x09,0x42,0x00,0x10,0x00,0x02,0x00,0x00,0x00,
0x3a,0x00,0x10,0x00,0x02,0x00,0x00,0x00,0x2a,0x00,0x10,0x00,0x02,0x00,0x00,0x00,
0x01,0x40,0x00,0x00,0x00,0xdf,0x7f,0x47,0x31,0x00,0x00,0x07,0x82,0x00,0x10,0x00,
0x02,0x00,0x00,0x00,0x0a,0x00,0x10,0x00,0x10,0x00,0x00,0x00,0x0a,0x00,0x10,0x00,
0x0e,0x00,0x00,0x00,0x01,0x00,0x00,0x07,0x42,0x00,0x10,0x00,0x09,0x00,0x00,0x00,
0x3a,0x00,0x10,0x00,0x02,0x00,0x00,0x00,0x01,0x40,0x00,0x00,0x01,0x00,0x00,0x00,
0x0f,0x00,0x00,0x08,0x82,0x00,0x10,0x00,0x02,0x00,0x00,0x00,0x46,0x00,0x10,0x00,
0x10,0x00,0x00,0x00,0x46,0x90,0x90,0x00,0x2a,0x00,0x10,0x00,0x09,0x00,0x00,0x00,
0x1d,0x00,0x00,0x07,0x82,0x00,0x10,0x00,0x02,0x00,0x00,0x00,0x3a,0x00,0x10,0x00,
0x02,0x00,0x00,0x00,0x0a,0x00,0x10,0x00,0x0e,0x00,0x00,0x00,0x01,0x00,0x00,0x07,
0x82,0x00,0x10,0x00,0x09,0x00,0x00,0x00,0x3a,0x00,0x10,0x00,0x02,0x00,0x00,0x00,
0x01,0x40,0x00,0x00,0x01,0x00,0x00,0x00,0x12,0x00,0x00,0x01,0x36,0x00,0x00,0x08,
0xc2,0x00,0x10,0x00,0x09,0x00,0x00,0x00,0x02,0x40,0x00,0x00,0x00,0x00,0x00,0x00,
0x00,0x00,0x00,0x00,0x00,0x00,0x00,0x00,0x00,0x00,0x00,0x00,0x36,0x00,0x00,0x05,
0x42,0x00,0x10,0x00,0x02,0x00,0x00,0x00,0x01,0x40,0x00,0x00,0x00,0xe0,0x7f,0x47,
0x15,0x00,0x00,0x01,0x31,0x00,0x00,0x07,0x82,0x00,0x10,0x00,0x02,0x00,0x00,0x00,
0x2a,0x00,0x10,0x00,0x02,0x00,0x00,0x00,0x01,0x40,0x00,0x00,0x00,0xe0,0x7f,0x47,
0x1f,0x00,0x04,0x03,0x3a,0x00,0x10,0x00,0x02,0x00,0x00,0x00,0x0f,0x00,0x00,0x08,
0x82,0x00,0x10,0x00,0x07,0x00,0x00,0x00,0x46,0x00,0x10,0x00,0x10,0x00,0x00,0x00,
0x46,0x90,0x90,0x00,0x2a,0x00,0x10,0x00,0x09,0x00,0x00,0x00,0x0f,0x00,0x00,0x08,
0x12,0x00,0x10,0x00,0x0c,0x00,0x00,0x00,0x46,0x00,0x10,0x00,0x0e,0x00,0x00,0x00,
0x46,0x90,0x90,0x00,0x3a,0x00,0x10,0x00,0x09,0x00,0x00,0x00,0x00,0x00,0x00,0x08,
0x22,0x00,0x10,0x00,0x0c,0x00,0x00,0x00,0x3a,0x00,0x10,0x00,0x07,0x00,0x00,0x00,
0x0a,0x00,0x10,0x80,0x41,0x00,0x00,0x00,0x0c,0x00,0x00,0x00,0x31,0x00,0x00,0x08,
0x12,0x00,0x10,0x00,0x0d,0x00,0x00,0x00,0x01,0x40,0x00,0x00,0x40,0xda,0x7f,0x38,
0x1a,0x00,0x10,0x80,0x81,0x00,0x00,0x00,0x0c,0x00,0x00,0x00,0x1f,0x00,0x04,0x03,
0x0a,0x00,0x10,0x00,0x0d,0x00,0x00,0x00,0x31,0x00,0x00,0x07,0x12,0x00,0x10,0x00,
0x0d,0x00,0x00,0x00,0x01,0x40,0x00,0x00,0x00,0x00,0x00,0x00,0x1a,0x00,0x10,0x00,
0x0c,0x00,0x00,0x00,0x31,0x00,0x00,0x07,0x22,0x00,0x10,0x00,0x0c,0x00,0x00,0x00,
0x1a,0x00,0x10,0x00,0x0c,0x00,0x00,0x00,0x01,0x40,0x00,0x00,0x00,0x00,0x00,0x00,
0x1e,0x00,0x00,0x08,0x22,0x00,0x10,0x00,0x0c,0x00,0x00,0x00,0x0a,0x00,0x10,0x80,
0x41,0x00,0x00,0x00,0x0d,0x00,0x00,0x00,0x1a,0x00,0x10,0x00,0x0c,0x00,0x00,0x00,
0x2b,0x00,0x00,0x05,0x22,0x00,0x10,0x00,0x0c,0x00,0x00,0x00,0x1a,0x00,0x10,0x00,
0x0c,0x00,0x00,0x00,0x34,0x00,0x00,0x07,0x12,0x00,0x10,0x00,0x0d,0x00,0x00,0x00,
0x3a,0x00,0x10,0x00,0x07,0x00,0x00,0x00,0x0a,0x00,0x10,0x00,0x0c,0x00,0x00,0x00,
0x39,0x00,0x00,0x07,0x22,0x00,0x10,0x00,0x0d,0x00,0x00,0x00,0x0a,0x00,0x10,0x00,
0x0d,0x00,0x00,0x00,0x01,0x40,0x00,0x00,0x00,0x00,0x00,0x00,0x33,0x00,0x00,0x07,
0x22,0x00,0x10,0x00,0x0f,0x00,0x00,0x00,0x3a,0x00,0x10,0x00,0x07,0x00,0x00,0x00,
0x0a,0x00,0x10,0x00,0x0c,0x00,0x00,0x00,0x0e,0x00,0x00,0x07,0x12,0x00,0x10,0x00,
0x0d,0x00,0x00,0x00,0x1a,0x00,0x10,0x00,0x0f,0x00,0x00,0x00,0x0a,0x00,0x10,0x00,
0x0d,0x00,0x00,0x00,0x01,0x00,0x00,0x07,0x12,0x00,0x10,0x00,0x0d,0x00,0x00,0x00,
0x0a,0x00,0x10,0x00,0x0d,0x00,0x00,0x00,0x1a,0x00,0x10,0x00,0x0d,0x00,0x00,0x00,
0x00,0x00,0x00,0x08,0x12,0x00,0x10,0x00,0x0d,0x00,0x00,0x00,0x0a,0x00,0x10,0x80,
0x41,0x00,0x00,0x00,0x0d,0x00,0x00,0x00,0x01,0x40,0x00,0x00,0x00,0x00,0x80,0x3f,
0x38,0x00,0x00,0x07,0x22,0x00,0x10,0x00,0x0c,0x00,0x00,0x00,0x1a,0x00,0x10,0x00,
0x0c,0x00,0x00,0x00,0x0a,0x00,0x10,0x00,0x0d,0x00,0x00,0x00,0x31,0x00,0x00,0x09,
0x12,0x00,0x10,0x00,0x0d,0x00,0x00,0x00,0x1a,0x00,0x10,0x80,0x81,0x00,0x00,0x00,
0x0c,0x00,0x00,0x00,0x2a,0x00,0x10,0x80,0x81,0x00,0x00,0x00,0x02,0x00,0x00,0x00,
0x37,0x00,0x00,0x09,0x42,0x00,0x10,0x00,0x02,0x00,0x00,0x00,0x0a,0x00,0x10,0x00,
0x0d,0x00,0x00,0x00,0x1a,0x00,0x10,0x00,0x0c,0x00,0x00,0x00,0x2a,0x00,0x10,0x00,
0x02,0x00,0x00,0x00,0x31,0x00,0x00,0x07,0x82,0x00,0x10,0x00,0x07,0x00,0x00,0x00,
0x3a,0x00,0x10,0x00,0x07,0x00,0x00,0x00,0x0a,0x00,0x10,0x00,0x0c,0x00,0x00,0x00,
0x01,0x00,0x00,0x07,0x82,0x00,0x10,0x00,0x07,0x00,0x00,0x00,0x3a,0x00,0x10,0x00,
0x07,0x00,0x00,0x00,0x01,0x40,0x00,0x00,0x01,0x00,0x00,0x00,0x1e,0x00,0x00,0x07,
0x42,0x00,0x10,0x00,0x09,0x00,0x00,0x00,0x3a,0x00,0x10,0x00,0x07,0x00,0x00,0x00,
0x2a,0x00,0x10,0x00,0x09,0x00,0x00,0x00,0x10,0x00,0x00,0x08,0x82,0x00,0x10,0x00,
0x07,0x00,0x00,0x00,0x46,0x02,0x10,0x00,0x10,0x00,0x00,0x00,0x46,0x92,0x90,0x00,
0x2a,0x00,0x10,0x00,0x09,0x00,0x00,0x00,0x1d,0x00,0x00,0x07,0x82,0x00,0x10,0x00,
0x07,0x00,0x00,0x00,0x3a,0x00,0x10,0x00,0x07,0x00,0x00,0x00,0x0a,0x00,0x10,0x00,
0x0c,0x00,0x00,0x00,0x01,0x00,0x00,0x07,0x82,0x00,0x10,0x00,0x07,0x00,0x00,0x00,
0x3a,0x00,0x10,0x00,0x07,0x00,0x00,0x00,0x01,0x40,0x00,0x00,0x01,0x00,0x00,0x00,
0x1e,0x00,0x00,0x07,0x82,0x00,0x10,0x00,0x09,0x00,0x00,0x00,0x3a,0x00,0x10,0x00,
0x07,0x00,0x00,0x00,0x3a,0x00,0x10,0x00,0x09,0x00,0x00,0x00,0x12,0x00,0x00,0x01,
0x36,0x00,0x00,0x05,0x42,0x00,0x10,0x00,0x02,0x00,0x00,0x00,0x01,0x40,0x00,0x00,
0x00,0xe0,0x7f,0x47,0x15,0x00,0x00,0x01,0x15,0x00,0x00,0x01,0x31,0x00,0x00,0x07,
0x82,0x00,0x10,0x00,0x07,0x00,0x00,0x00,0x2a,0x00,0x10,0x00,0x02,0x00,0x00,0x00,
0x01,0x40,0x00,0x00,0x00,0xe0,0x7f,0x47,0x01,0x00,0x00,0x07,0x82,0x00,0x10,0x00,
0x02,0x00,0x00,0x00,0x3a,0x00,0x10,0x00,0x02,0x00,0x00,0x00,0x3a,0x00,0x10,0x00,
0x07,0x00,0x00,0x00,0x1f,0x00,0x04,0x03,0x3a,0x00,0x10,0x00,0x02,0x00,0x00,0x00,
0x10,0x00,0x00,0x08,0x82,0x00,0x10,0x00,0x07,0x00,0x00,0x00,0x46,0x02,0x10,0x00,
0x10,0x00,0x00,0x00,0x46,0x92,0x90,0x00,0x2a,0x00,0x10,0x00,0x09,0x00,0x00,0x00,
0x10,0x00,0x00,0x08,0x12,0x00,0x10,0x00,0x0c,0x00,0x00,0x00,0x46,0x02,0x10,0x00,
0x0e,0x00,0x00,0x00,0x46,0x92,0x90,0x00,0x3a,0x00,0x10,0x00,0x09,0x00,0x00,0x00,
0x00,0x00,0x00,0x08,0x22,0x00,0x10,0x00,0x0c,0x00,0x00,0x00,0x3a,0x00,0x10,0x00,
0x07,0x00,0x00,0x00,0x0a,0x00,0x10,0x80,0x41,0x00,0x00,0x00,0x0c,0x00,0x00,0x00,
0x31,0x00,0x00,0x08,0x12,0x00,0x10,0x00,0x0d,0x00,0x00,0x00,0x01,0x40,0x00,0x00,
0x40,0xda,0x7f,0x38,0x1a,0x00,0x10,0x80,0x81,0x00,0x00,0x00,0x0c,0x00,0x00,0x00,
0x1f,0x00,0x04,0x03,0x0a,0x00,0x10,0x00,0x0d,0x00,0x00,0x00,0x31,0x00,0x00,0x07,
0x12,0x00,0x10,0x00,0x0d,0x00,0x00,0x00,0x01,0x40,0x00,0x00,0x00,0x00,0x00,0x00,
0x1a,0x00,0x10,0x00,0x0c,0x00,0x00,0x00,0x31,0x00,0x00,0x07,0x22,0x00,0x10,0x00,
0x0c,0x00,0x00,0x00,0x1a,0x00,0x10,0x00,0x0c,0x00,0x00,0x00,0x01,0x40,0x00,0x00,
0x00,0x00,0x00,0x00,0x1e,0x00,0x00,0x08,0x22,0x00,0x10,0x00,0x0c,0x00,0x00,0x00,
0x0a,0x00,0x10,0x80,0x41,0x00,0x00,0x00,0x0d,0x00,0x00,0x00,0x1a,0x00,0x10,0x00,
0x0c,0x00,0x00,0x00,0x2b,0x00,0x00,0x05,0x22,0x00,0x10,0x00,0x0c,0x00,0x00,0x00,
0x1a,0x00,0x10,0x00,0x0c,0x00,0x00,0x00,0x34,0x00,0x00,0x07,0x12,0x00,0x10,0x00,
0x0d,0x00,0x00,0x00,0x3a,0x00,0x10,0x00,0x07,0x00,0x00,0x00,0x0a,0x00,0x10,0x00,
0x0c,0x00,0x00,0x00,0x39,0x00,0x00,0x07,0x22,0x00,0x10,0x00,0x0d,0x00,0x00,0x00,
0x0a,0x00,0x10,0x00,0x0d,0x00,0x00,0x00,0x01,0x40,0x00,0x00,0x00,0x00,0x00,0x00,
0x33,0x00,0x00,0x07,0x22,0x00,0x10,0x00,0x0f,0x00,0x00,0x00,0x3a,0x00,0x10,0x00,
0x07,0x00,0x00,0x00,0x0a,0x00,0x10,0x00,0x0c,0x00,0x00,0x00,0x0e,0x00,0x00,0x07,
0x12,0x00,0x10,0x00,0x0d,0x00,0x00,0x00,0x1a,0x00,0x10,0x00,0x0f,0x00,0x00,0x00,
0x0a,0x00,0x10,0x00,0x0d,0x00,0x00,0x00,0x01,0x00,0x00,0x07,0x12,0x00,0x10,0x00,
0x0d,0x00,0x00,0x00,0x0a,0x00,0x10,0x00,0x0d,0x00,0x00,0x00,0x1a,0x00,0x10,0x00,
0x0d,0x00,0x00,0x00,0x00,0x00,0x00,0x08,0x12,0x00,0x10,0x00,0x0d,0x00,0x00,0x00,
0x0a,0x00,0x10,0x80,0x41,0x00,0x00,0x00,0x0d,0x00,0x00,0x00,0x01,0x40,0x00,0x00,
0x00,0x00,0x80,0x3f,0x38,0x00,0x00,0x07,0x22,0x00,0x10,0x00,0x0c,0x00,0x00,0x00,
0x1a,0x00,0x10,0x00,0x0c,0x00,0x00,0x00,0x0a,0x00,0x10,0x00,0x0d,0x00,0x00,0x00,
0x31,0x00,0x00,0x09,0x12,0x00,0x10,0x00,0x0d,0x00,0x00,0x00,0x1a,0x00,0x10,0x80,
0x81,0x00,0x00,0x00,0x0c,0x00,0x00,0x00,0x2a,0x00,0x10,0x80,0x81,0x00,0x00,0x00,
0x02,0x00,0x00,0x00,0x37,0x00,0x00,0x09,0x42,0x00,0x10,0x00,0x02,0x00,0x00,0x00,
0x0a,0x00,0x10,0x00,0x0d,0x00,0x00,0x00,0x1a,0x00,0x10,0x00,0x0c,0x00,0x00,0x00,
0x2a,0x00,0x10,0x00,0x02,0x00,0x00,0x00,0x31,0x00,0x00,0x07,0x82,0x00,0x10,0x00,
0x07,0x00,0x00,0x00,0x3a,0x00,0x10,0x00,0x07,0x00,0x00,0x00,0x0a,0x00,0x10,0x00,
0x0c,0x00,0x00,0x00,0x01,0x00,0x00,0x07,0x82,0x00,0x10,0x00,0x07,0x00,0x00,0x00,
0x3a,0x00,0x10,0x00,0x07,0x00,0x00,0x00,0x01,0x40,0x00,0x00,0x01,0x00,0x00,0x00,
0x1e,0x00,0x00,0x07,0x42,0x00,0x10,0x00,0x09,0x00,0x00,0x00,0x3a,0x00,0x10,0x00,
0x07,0x00,0x00,0x00,0x2a,0x00,0x10,0x00,0x09,0x00,0x00,0x00,0x11,0x00,0x00,0x08,
0x82,0x00,0x10,0x00,0x07,0x00,0x00,0x00,0x46,0x0e,0x10,0x00,0x10,0x00,0x00,0x00,
0x46,0x9e,0x90,0x00,0x2a,0x00,0x10,0x00,0x09,0x00,0x00,0x00,0x1d,0x00,0x00,0x07,
0x82,0x00,0x10,0x00,0x07,0x00,0x00,0x00,0x3a,0x00,0x10,0x00,0x07,0x00,0x00,0x00,
0x0a,0x00,0x10,0x00,0x0c,0x00,0x00,0x00,0x01,0x00,0x00,0x07,0x82,0x00,0x10,0x00,
0x07,0x00,0x00,0x00,0x3a,0x00,0x10,0x00,0x07,0x00,0x00,0x00,0x01,0x40,0x00,0x00,
0x01,0x00,0x00,0x00,0x1e,0x00,0x00,0x07,0x82,0x00,0x10,0x00,0x09,0x00,0x00,0x00,
0x3a,0x00,0x10,0x00,0x07,0x00,0x00,0x00,0x3a,0x00,0x10,0x00,0x09,0x00,0x00,0x00,
0x12,0x00,0x00,0x01,0x36,0x00,0x00,0x05,0x42,0x00,0x10,0x00,0x02,0x00,0x00,0x00,
0x01,0x40,0x00,0x00,0x00,0xe0,0x7f,0x47,0x15,0x00,0x00,0x01,0x15,0x00,0x00,0x01,
0x31,0x00,0x00,0x07,0x82,0x00,0x10,0x00,0x07,0x00,0x00,0x00,0x2a,0x00,0x10,0x00,
0x02,0x00,0x00,0x00,0x01,0x40,0x00,0x00,0x00,0xe0,0x7f,0x47,0x01,0x00,0x00,0x07,
0x82,0x00,0x10,0x00,0x02,0x00,0x00,0x00,0x3a,0x00,0x10,0x00,0x02,0x00,0x00,0x00,
0x3a,0x00,0x10,0x00,0x07,0x00,0x00,0x00,0x1f,0x00,0x04,0x03,0x3a,0x00,0x10,0x00,
0x02,0x00,0x00,0x00,0x11,0x00,0x00,0x08,0x82,0x00,0x10,0x00,0x07,0x00,0x00,0x00,
0x46,0x0e,0x10,0x00,0x10,0x00,0x00,0x00,0x46,0x9e,0x90,0x00,0x2a,0x00,0x10,0x00,
0x09,0x00,0x00,0x00,0x11,0x00,0x00,0x08,0x12,0x00,0x10,0x00,0x0c,0x00,0x00,0x00,
0x46,0x0e,0x10,0x00,0x0e,0x00,0x00,0x00,0x46,0x9e,0x90,0x00,0x3a,0x00,0x10,0x00,
0x09,0x00,0x00,0x00,0x00,0x00,0x00,0x08,0x22,0x00,0x10,0x00,0x0c,0x00,0x00,0x00,
0x3a,0x00,0x10,0x00,0x07,0x00,0x00,0x00,0x0a,0x00,0x10,0x80,0x41,0x00,0x00,0x00,
0x0c,0x00,0x00,0x00,0x31,0x00,0x00,0x08,0x12,0x00,0x10,0x00,0x0d,0x00,0x00,0x00,
0x01,0x40,0x00,0x00,0x40,0xda,0x7f,0x38,0x1a,0x00,0x10,0x80,0x81,0x00,0x00,0x00,
0x0c,0x00,0x00,0x00,0x1f,0x00,0x04,0x03,0x0a,0x00,0x10,0x00,0x0d,0x00,0x00,0x00,
0x31,0x00,0x00,0x07,0x12,0x00,0x10,0x00,0x0d,0x00,0x00,0x00,0x01,0x40,0x00,0x00,
0x00,0x00,0x00,0x00,0x1a,0x00,0x10,0x00,0x0c,0x00,0x00,0x00,0x31,0x00,0x00,0x07,
0x22,0x00,0x10,0x00,0x0c,0x00,0x00,0x00,0x1a,0x00,0x10,0x00,0x0c,0x00,0x00,0x00,
0x01,0x40,0x00,0x00,0x00,0x00,0x00,0x00,0x1e,0x00,0x00,0x08,0x22,0x00,0x10,0x00,
0x0c,0x00,0x00,0x00,0x0a,0x00,0x10,0x80,0x41,0x00,0x00,0x00,0x0d,0x00,0x00,0x00,
0x1a,0x00,0x10,0x00,0x0c,0x00,0x00,0x00,0x2b,0x00,0x00,0x05,0x22,0x00,0x10,0x00,
0x0c,0x00,0x00,0x00,0x1a,0x00,0x10,0x00,0x0c,0x00,0x00,0x00,0x34,0x00,0x00,0x07,
0x12,0x00,0x10,0x00,0x0d,0x00,0x00,0x00,0x3a,0x00,0x10,0x00,0x07,0x00,0x00,0x00,
0x0a,0x00,0x10,0x00,0x0c,0x00,0x00,0x00,0x39,0x00,0x00,0x07,0x22,0x00,0x10,0x00,
0x0d,0x00,0x00,0x00,0x0a,0x00,0x10,0x00,0x0d,0x00,0x00,0x00,0x01,0x40,0x00,0x00,
0x00,0x00,0x00,0x00,0x33,0x00,0x00,0x07,0x22,0x00,0x10,0x00,0x0f,0x00,0x00,0x00,
0x3a,0x00,0x10,0x00,0x07,0x00,0x00,0x00,0x0a,0x00,0x10,0x00,0x0c,0x00,0x00,0x00,
0x0e,0x00,0x00,0x07,0x12,0x00,0x10,0x00,0x0d,0x00,0x00,0x00,0x1a,0x00,0x10,0x00,
0x0f,0x00,0x00,0x00,0x0a,0x00,0x10,0x00,0x0d,0x00,0x00,0x00,0x01,0x00,0x00,0x07,
0x12,0x00,0x10,0x00,0x0d,0x00,0x00,0x00,0x0a,0x00,0x10,0x00,0x0d,0x00,0x00,0x00,
0x1a,0x00,0x10,0x00,0x0d,0x00,0x00,0x00,0x00,0x00,0x00,0x08,0x12,0x00,0x10,0x00,
0x0d,0x00,0x00,0x00,0x0a,0x00,0x10,0x80,0x41,0x00,0x00,0x00,0x0d,0x00,0x00,0x00,
0x01,0x40,0x00,0x00,0x00,0x00,0x80,0x3f,0x38,0x00,0x00,0x07,0x22,0x00,0x10,0x00,
0x0c,0x00,0x00,0x00,0x1a,0x00,0x10,0x00,0x0c,0x00,0x00,0x00,0x0a,0x00,0x10,0x00,
0x0d,0x00,0x00,0x00,0x31,0x00,0x00,0x09,0x12,0x00,0x10,0x00,0x0d,0x00,0x00,0x00,
0x1a,0x00,0x10,0x80,0x81,0x00,0x00,0x00,0x0c,0x00,0x00,0x00,0x2a,0x00,0x10,0x80,
0x81,0x00,0x00,0x00,0x02,0x00,0x00,0x00,0x37,0x00,0x00,0x09,0x42,0x00,0x10,0x00,
0x02,0x00,0x00,0x00,0x0a,0x00,0x10,0x00,0x0d,0x00,0x00,0x00,0x1a,0x00,0x10,0x00,
0x0c,0x00,0x00,0x00,0x2a,0x00,0x10,0x00,0x02,0x00,0x00,0x00,0x31,0x00,0x00,0x07,
0x82,0x00,0x10,0x00,0x07,0x00,0x00,0x00,0x3a,0x00,0x10,0x00,0x07,0x00,0x00,0x00,
0x0a,0x00,0x10,0x00,0x0c,0x00,0x00,0x00,0x01,0x00,0x00,0x07,0x82,0x00,0x10,0x00,
0x07,0x00,0x00,0x00,0x3a,0x00,0x10,0x00,0x07,0x00,0x00,0x00,0x01,0x40,0x00,0x00,
0x01,0x00,0x00,0x00,0x1e,0x00,0x00,0x07,0x42,0x00,0x10,0x00,0x09,0x00,0x00,0x00,
0x3a,0x00,0x10,0x00,0x07,0x00,0x00,0x00,0x2a,0x00,0x10,0x00,0x09,0x00,0x00,0x00,
0x20,0x00,0x00,0x0a,0xf2,0x00,0x10,0x00,0x11,0x00,0x00,0x00,0xa6,0x0a,0x10,0x00,
0x09,0x00,0x00,0x00,0x02,0x40,0x00,0x00,0x00,0x00,0x00,0x00,0x01,0x00,0x00,0x00,
0x02,0x00,0x00,0x00,0x03,0x00,0x00,0x00,0x20,0x00,0x00,0x07,0x82,0x00,0x10,0x00,
0x07,0x00,0x00,0x00,0x2a,0x00,0x10,0x00,0x09,0x00,0x00,0x00,0x01,0x40,0x00,0x00,
0x04,0x00,0x00,0x00,0x01,0x00,0x00,0x0a,0xf2,0x00,0x10,0x00,0x11,0x00,0x00,0x00,
0x46,0x0e,0x10,0x00,0x11,0x00,0x00,0x00,0x02,0x40,0x00,0x00,0x00,0x00,0x80,0x3f,
0x00,0x00,0x80,0x3f,0x00,0x00,0x80,0x3f,0x00,0x00,0x80,0x3f,0x01,0x00,0x00,0x07,
0x82,0x00,0x10,0x00,0x07,0x00,0x00,0x00,0x3a,0x00,0x10,0x00,0x07,0x00,0x00,0x00,
0x01,0x40,0x00,0x00,0x00,0x00,0x80,0x3f,0x11,0x00,0x00,0x07,0x22,0x00,0x10,0x00,
0x0c,0x00,0x00,0x00,0x46,0x0e,0x10,0x00,0x11,0x00,0x00,0x00,0x46,0x0e,0x10,0x00,
0x10,0x00,0x00,0x00,0x32,0x00,0x00,0x09,0x82,0x00,0x10,0x00,0x07,0x00,0x00,0x00,
0x3a,0x00,0x10,0x00,0x07,0x00,0x00,0x00,0x0a,0x00,0x10,0x00,0x0f,0x00,0x00,0x00,
0x1a,0x00,0x10,0x00,0x0c,0x00,0x00,0x00,0x1d,0x00,0x00,0x07,0x82,0x00,0x10,0x00,
0x07,0x00,0x00,0x00,0x3a,0x00,0x10,0x00,0x07,0x00,0x00,0x00,0x0a,0x00,0x10,0x00,
0x0c,0x00,0x00,0x00,0x01,0x00,0x00,0x07,0x82,0x00,0x10,0x00,0x07,0x00,0x00,0x00,
0x3a,0x00,0x10,0x00,0x07,0x00,0x00,0x00,0x01,0x40,0x00,0x00,0x01,0x00,0x00,0x00,
0x1e,0x00,0x00,0x07,0x82,0x00,0x10,0x00,0x09,0x00,0x00,0x00,0x3a,0x00,0x10,0x00,
0x07,0x00,0x00,0x00,0x3a,0x00,0x10,0x00,0x09,0x00,0x00,0x00,0x12,0x00,0x00,0x01,
0x36,0x00,0x00,0x05,0x42,0x00,0x10,0x00,0x02,0x00,0x00,0x00,0x01,0x40,0x00,0x00,
0x00,0xe0,0x7f,0x47,0x15,0x00,0x00,0x01,0x15,0x00,0x00,0x01,0x31,0x00,0x00,0x07,
0x82,0x00,0x10,0x00,0x07,0x00,0x00,0x00,0x2a,0x00,0x10,0x00,0x02,0x00,0x00,0x00,
0x01,0x40,0x00,0x00,0x00,0xe0,0x7f,0x47,0x01,0x00,0x00,0x07,0x82,0x00,0x10,0x00,
0x02,0x00,0x00,0x00,0x3a,0x00,0x10,0x00,0x02,0x00,0x00,0x00,0x3a,0x00,0x10,0x00,
0x07,0x00,0x00,0x00,0x1f,0x00,0x04,0x03,0x3a,0x00,0x10,0x00,0x02,0x00,0x00,0x00,
0x34,0x00,0x00,0x07,0x82,0x00,0x10,0x00,0x02,0x00,0x00,0x00,0x3a,0x00,0x10,0x00,
0x0f,0x00,0x00,0x00,0x2a,0x00,0x10,0x00,0x0f,0x00,0x00,0x00,0x20,0x00,0x00,0x0a,
0xf2,0x00,0x10,0x00,0x11,0x00,0x00,0x00,0xa6,0x0a,0x10,0x00,0x09,0x00,0x00,0x00,
0x02,0x40,0x00,0x00,0x00,0x00,0x00,0x00,0x01,0x00,0x00,0x00,0x02,0x00,0x00,0x00,
0x03,0x00,0x00,0x00,0x20,0x00,0x00,0x07,0x82,0x00,0x10,0x00,0x07,0x00,0x00,0x00,
0x2a,0x00,0x10,0x00,0x09,0x00,0x00,0x00,0x01,0x40,0x00,0x00,0x04,0x00,0x00,0x00,
0x01,0x00,0x00,0x0a,0xf2,0x00,0x10,0x00,0x11,0x00,0x00,0x00,0x46,0x0e,0x10,0x00,
0x11,0x00,0x00,0x00,0x02,0x40,0x00,0x00,0x00,0x00,0x80,0x3f,0x00,0x00,0x80,0x3f,
0x00,0x00,0x80,0x3f,0x00,0x00,0x80,0x3f,0x01,0x00,0x00,0x07,0x82,0x00,0x10,0x00,
0x07,0x00,0x00,0x00,0x3a,0x00,0x10,0x00,0x07,0x00,0x00,0x00,0x01,0x40,0x00,0x00,
0x00,0x00,0x80,0x3f,0x11,0x00,0x00,0x07,0x42,0x00,0x10,0x00,0x09,0x00,0x00,0x00,
0x46,0x0e,0x10,0x00,0x11,0x00,0x00,0x00,0x46,0x0e,0x10,0x00,0x10,0x00,0x00,0x00,
0x32,0x00,0x00,0x09,0x82,0x00,0x10,0x00,0x07,0x00,0x00,0x00,0x3a,0x00,0x10,0x00,
0x07,0x00,0x00,0x00,0x0a,0x00,0x10,0x00,0x0f,0x00,0x00,0x00,0x2a,0x00,0x10,0x00,
0x09,0x00,0x00,0x00,0x20,0x00,0x00,0x0a,0xf2,0x00,0x10,0x00,0x0f,0x00,0x00,0x00,
0xf6,0x0f,0x10,0x00,0x09,0x00,0x00,0x00,0x02,0x40,0x00,0x00,0x00,0x00,0x00,0x00,
0x01,0x00,0x00,0x00,0x02,0x00,0x00,0x00,0x03,0x00,0x00,0x00,0x20,0x00,0x00,0x07,
0x42,0x00,0x10,0x00,0x09,0x00,0x00,0x00,0x3a,0x00,0x10,0x00,0x09,0x00,0x00,0x00,
0x01,0x40,0x00,0x00,0x04,0x00,0x00,0x00,0x01,0x00,0x00,0x0a,0xf2,0x00,0x10,0x00,
0x0f,0x00,0x00,0x00,0x46,0x0e,0x10,0x00,0x0f,0x00,0x00,0x00,0x02,0x40,0x00,0x00,
0x00,0x00,0x80,0x3f,0x00,0x00,0x80,0x3f,0x00,0x00,0x80,0x3f,0x00,0x00,0x80,0x3f,
0x01,0x00,0x00,0x07,0x42,0x00,0x10,0x00,0x09,0x00,0x00,0x00,0x2a,0x00,0x10,0x00,
0x09,0x00,0x00,0x00,0x01,0x40,0x00,0x00,0x00,0x00,0x80,0x3f,0x11,0x00,0x00,0x07,
0x82,0x00,0x10,0x00,0x09,0x00,0x00,0x00,0x46,0x0e,0x10,0x00,0x0f,0x00,0x00,0x00,
0x46,0x0e,0x10,0x00,0x0e,0x00,0x00,0x00,0x32,0x00,0x00,0x09,0x82,0x00,0x10,0x00,
0x02,0x00,0x00,0x00,0x2a,0x00,0x10,0x00,0x09,0x00,0x00,0x00,0x3a,0x00,0x10,0x00,
0x02,0x00,0x00,0x00,0x3a,0x00,0x10,0x00,0x09,0x00,0x00,0x00,0x00,0x00,0x00,0x08,
0x42,0x00,0x10,0x00,0x09,0x00,0x00,0x00,0x3a,0x00,0x10,0x80,0x41,0x00,0x00,0x00,
0x02,0x00,0x00,0x00,0x3a,0x00,0x10,0x00,0x07,0x00,0x00,0x00,0x31,0x00,0x00,0x08,
0x82,0x00,0x10,0x00,0x09,0x00,0x00,0x00,0x01,0x40,0x00,0x00,0x40,0xda,0x7f,0x38,
0x2a,0x00,0x10,0x80,0x81,0x00,0x00,0x00,0x09,0x00,0x00,0x00,0x1f,0x00,0x04,0x03,
0x3a,0x00,0x10,0x00,0x09,0x00,0x00,0x00,0x31,0x00,0x00,0x07,0x82,0x00,0x10,0x00,
0x09,0x00,0x00,0x00,0x01,0x40,0x00,0x00,0x00,0x00,0x00,0x00,0x2a,0x00,0x10,0x00,
0x09,0x00,0x00,0x00,0x31,0x00,0x00,0x07,0x42,0x00,0x10,0x00,0x09,0x00,0x00,0x00,
0x2a,0x00,0x10,0x00,0x09,0x00,0x00,0x00,0x01,0x40,0x00,0x00,0x00,0x00,0x00,0x00,
0x1e,0x00,0x00,0x08,0x42,0x00,0x10,0x00,0x09,0x00,0x00,0x00,0x3a,0x00,0x10,0x80,
0x41,0x00,0x00,0x00,0x09,0x00,0x00,0x00,0x2a,0x00,0x10,0x00,0x09,0x00,0x00,0x00,
0x2b,0x00,0x00,0x05,0x42,0x00,0x10,0x00,0x09,0x00,0x00,0x00,0x2a,0x00,0x10,0x00,
0x09,0x00,0x00,0x00,0x34,0x00,0x00,0x07,0x82,0x00,0x10,0x00,0x09,0x00,0x00,0x00,
0x3a,0x00,0x10,0x00,0x02,0x00,0x00,0x00,0x3a,0x00,0x10,0x00,0x07,0x00,0x00,0x00,
0x39,0x00,0x00,0x07,0x12,0x00,0x10,0x00,0x0c,0x00,0x00,0x00,0x3a,0x00,0x10,0x00,
0x09,0x00,0x00,0x00,0x01,0x40,0x00,0x00,0x00,0x00,0x00,0x00,0x33,0x00,0x00,0x07,
0x82,0x00,0x10,0x00,0x02,0x00,0x00,0x00,0x3a,0x00,0x10,0x00,0x02,0x00,0x00,0x00,
0x3a,0x00,0x10,0x00,0x07,0x00,0x00,0x00,0x0e,0x00,0x00,0x07,0x82,0x00,0x10,0x00,
0x02,0x00,0x00,0x00,0x3a,0x00,0x10,0x00,0x02,0x00,0x00,0x00,0x3a,0x00,0x10,0x00,
0x09,0x00,0x00,0x00,0x01,0x00,0x00,0x07,0x82,0x00,0x10,0x00,0x02,0x00,0x00,0x00,
0x3a,0x00,0x10,0x00,0x02,0x00,0x00,0x00,0x0a,0x00,0x10,0x00,0x0c,0x00,0x00,0x00,
0x00,0x00,0x00,0x08,0x82,0x00,0x10,0x00,0x02,0x00,0x00,0x00,0x3a,0x00,0x10,0x80,
0x41,0x00,0x00,0x00,0x02,0x00,0x00,0x00,0x01,0x40,0x00,0x00,0x00,0x00,0x80,0x3f,
0x38,0x00,0x00,0x07,0x82,0x00,0x10,0x00,0x02,0x00,0x00,0x00,0x3a,0x00,0x10,0x00,
0x02,0x00,0x00,0x00,0x2a,0x00,0x10,0x00,0x09,0x00,0x00,0x00,0x31,0x00,0x00,0x09,
0x82,0x00,0x10,0x00,0x07,0x00,0x00,0x00,0x3a,0x00,0x10,0x80,0x81,0x00,0x00,0x00,
0x02,0x00,0x00,0x00,0x2a,0x00,0x10,0x80,0x81,0x00,0x00,0x00,0x02,0x00,0x00,0x00,
0x37,0x00,0x00,0x09,0x42,0x00,0x10,0x00,0x02,0x00,0x00,0x00,0x3a,0x00,0x10,0x00,
0x07,0x00,0x00,0x00,0x3a,0x00,0x10,0x00,0x02,0x00,0x00,0x00,0x2a,0x00,0x10,0x00,
0x02,0x00,0x00,0x00,0x12,0x00,0x00,0x01,0x36,0x00,0x00,0x05,0x42,0x00,0x10,0x00,
0x02,0x00,0x00,0x00,0x01,0x40,0x00,0x00,0x00,0xe0,0x7f,0x47,0x15,0x00,0x00,0x01,
0x15,0x00,0x00,0x01,0x31,0x00,0x00,0x07,0x82,0x00,0x10,0x00,0x02,0x00,0x00,0x00,
0x2a,0x00,0x10,0x00,0x02,0x00,0x00,0x00,0x01,0x40,0x00,0x00,0x00,0xdf,0x7f,0x47,
0x01,0x00,0x00,0x07,0x82,0x00,0x10,0x00,0x02,0x00,0x00,0x00,0x3a,0x00,0x10,0x00,
0x02,0x00,0x00,0x00,0x01,0x40,0x00,0x00,0x00,0x00,0x80,0x3f,0x38,0x00,0x00,0x07,
0x12,0x00,0x10,0x00,0x0c,0x00,0x00,0x00,0x3a,0x00,0x10,0x00,0x02,0x00,0x00,0x00,
0x2a,0x00,0x10,0x00,0x02,0x00,0x00,0x00,0x12,0x00,0x00,0x01,0x36,0x00,0x00,0x05,
0x12,0x00,0x10,0x00,0x0c,0x00,0x00,0x00,0x01,0x40,0x00,0x00,0x00,0x00,0x00,0x00,
0x15,0x00,0x00,0x01,0x39,0x00,0x00,0x07,0x42,0x00,0x10,0x00,0x02,0x00,0x00,0x00,
0x0a,0x00,0x10,0x00,0x0c,0x00,0x00,0x00,0x01,0x40,0x00,0x00,0x00,0x00,0x00,0x00,
0x31,0x00,0x00,0x07,0x82,0x00,0x10,0x00,0x02,0x00,0x00,0x00,0x01,0x40,0x00,0x00,
0x00,0x00,0x00,0x00,0x0a,0x00,0x10,0x00,0x0c,0x00,0x00,0x00,0x31,0x00,0x00,0x07,
0x82,0x00,0x10,0x00,0x07,0x00,0x00,0x00,0x0a,0x00,0x10,0x00,0x0c,0x00,0x00,0x00,
0x01,0x40,0x00,0x00,0x00,0x00,0x00,0x00,0x1e,0x00,0x00,0x08,0x82,0x00,0x10,0x00,
0x02,0x00,0x00,0x00,0x3a,0x00,0x10,0x80,0x41,0x00,0x00,0x00,0x02,0x00,0x00,0x00,
0x3a,0x00,0x10,0x00,0x07,0x00,0x00,0x00,0x2b,0x00,0x00,0x05,0x82,0x00,0x10,0x00,
0x02,0x00,0x00,0x00,0x3a,0x00,0x10,0x00,0x02,0x00,0x00,0x00,0x01,0x00,0x00,0x07,
0x22,0x00,0x10,0x00,0x0c,0x00,0x00,0x00,0x3a,0x00,0x10,0x00,0x02,0x00,0x00,0x00,
0x2a,0x00,0x10,0x00,0x02,0x00,0x00,0x00,0x00,0x00,0x00,0x07,0xf2,0x00,0x10,0x00,
0x0e,0x00,0x00,0x00,0x46,0x00,0x10,0x00,0x05,0x00,0x00,0x00,0x46,0x00,0x10,0x00,
0x07,0x00,0x00,0x00,0x00,0x00,0x00,0x07,0xf2,0x00,0x10,0x00,0x09,0x00,0x00,0x00,
0x46,0x00,0x10,0x00,0x09,0x00,0x00,0x00,0x46,0x0e,0x10,0x00,0x0e,0x00,0x00,0x00,
0x00,0x00,0x00,0x07,0xf2,0x00,0x10,0x00,0x09,0x00,0x00,0x00,0x46,0x00,0x10,0x00,
0x0c,0x00,0x00,0x00,0x46,0x0e,0x10,0x00,0x09,0x00,0x00,0x00,0x38,0x00,0x00,0x0a,
0xf2,0x00,0x10,0x00,0x09,0x00,0x00,0x00,0x46,0x0e,0x10,0x00,0x09,0x00,0x00,0x00,
0x02,0x40,0x00,0x00,0x00,0x00,0x80,0x3e,0x00,0x00,0x80,0x3e,0x00,0x00,0x80,0x3e,
0x00,0x00,0x80,0x3e,0x36,0x00,0x00,0x06,0x32,0x30,0x20,0x00,0x00,0x00,0x00,0x00,
0x01,0x00,0x00,0x00,0x76,0x0f,0x10,0x00,0x09,0x00,0x00,0x00,0xa4,0x00,0x00,0x07,
0xf2,0xe0,0x11,0x00,0x01,0x00,0x00,0x00,0x46,0x0e,0x10,0x00,0x06,0x00,0x00,0x00,
0x46,0x0e,0x10,0x00,0x09,0x00,0x00,0x00,0x8c,0x00,0x00,0x11,0xf2,0x00,0x10,0x00,
0x06,0x00,0x00,0x00,0x02,0x40,0x00,0x00,0x1b,0x00,0x00,0x00,0x1b,0x00,0x00,0x00,
0x1b,0x00,0x00,0x00,0x1b,0x00,0x00,0x00,0x02,0x40,0x00,0x00,0x05,0x00,0x00,0x00,
0x05,0x00,0x00,0x00,0x05,0x00,0x00,0x00,0x05,0x00,0x00,0x00,0xc6,0x0f,0x10,0x00,
0x00,0x00,0x00,0x00,0xd6,0x0f,0x10,0x00,0x03,0x00,0x00,0x00,0x1e,0x00,0x00,0x0a,
0xf2,0x00,0x10,0x00,0x05,0x00,0x00,0x00,0xe6,0x0e,0x10,0x00,0x05,0x00,0x00,0x00,
0x02,0x40,0x00,0x00,0x00,0x00,0x00,0x00,0x01,0x00,0x00,0x00,0x01,0x00,0x00,0x00,
0x00,0x00,0x00,0x00,0x24,0x00,0x00,0x0a,0x32,0x00,0x10,0x00,0x09,0x00,0x00,0x00,
0xe6,0x0a,0x10,0x00,0x0d,0x00,0x00,0x00,0x02,0x40,0x00,0x00,0x00,0x00,0x00,0x00,
0x00,0x00,0x00,0x00,0x00,0x00,0x00,0x00,0x00,0x00,0x00,0x00,0x36,0x00,0x00,0x08,
0xc2,0x00,0x10,0x00,0x09,0x00,0x00,0x00,0x02,0x40,0x00,0x00,0x00,0x00,0x00,0x00,
0x00,0x00,0x00,0x00,0x00,0x00,0x00,0x00,0x00,0x00,0x00,0x00,0x2d,0x00,0x00,0x89,
0xc2,0x00,0x00,0x80,0x43,0x55,0x15,0x00,0xc2,0x00,0x10,0x00,0x02,0x00,0x00,0x00,
0x46,0x0e,0x10,0x00,0x09,0x00,0x00,0x00,0xe6,0x74,0x10,0x00,0x02,0x00,0x00,0x00,
0x2b,0x00,0x00,0x05,0xf2,0x00,0x10,0x00,0x09,0x00,0x00,0x00,0x46,0x04,0x10,0x00,
0x09,0x00,0x00,0x00,0x00,0x00,0x00,0x0a,0xf2,0x00,0x10,0x00,0x09,0x00,0x00,0x00,
0x46,0x0e,0x10,0x00,0x09,0x00,0x00,0x00,0x02,0x40,0x00,0x00,0x00,0x00,0x00,0x3f,
0x00,0x00,0x00,0x3f,0x00,0x00,0x00,0x3f,0x00,0x00,0x00,0x3f,0x0e,0x00,0x00,0x07,
0xf2,0x00,0x10,0x00,0x09,0x00,0x00,0x00,0x46,0x0e,0x10,0x00,0x09,0x00,0x00,0x00,
0x46,0x04,0x10,0x00,0x0a,0x00,0x00,0x00,0x00,0x00,0x00,0x07,0xf2,0x00,0x10,0x00,
0x0d,0x00,0x00,0x00,0xe6,0x0e,0x10,0x00,0x0b,0x00,0x00,0x00,0xe6,0x0e,0x10,0x00,
0x09,0x00,0x00,0x00,0x00,0x00,0x00,0x07,0xf2,0x00,0x10,0x00,0x0d,0x00,0x00,0x00,
0xe6,0x0e,0x10,0x00,0x02,0x00,0x00,0x00,0x46,0x0e,0x10,0x00,0x0d,0x00,0x00,0x00,
0x1d,0x00,0x00,0x0a,0xc2,0x00,0x10,0x00,0x02,0x00,0x00,0x00,0xa6,0x0e,0x10,0x00,
0x0d,0x00,0x00,0x00,0x02,0x40,0x00,0x00,0x00,0x00,0x00,0x00,0x00,0x00,0x00,0x00,
0x00,0x00,0x00,0x00,0x00,0x00,0x00,0x00,0x1d,0x00,0x00,0x0a,0x32,0x00,0x10,0x00,
0x07,0x00,0x00,0x00,0x02,0x40,0x00,0x00,0x00,0x00,0x80,0x3f,0x00,0x00,0x80,0x3f,
0x00,0x00,0x00,0x00,0x00,0x00,0x00,0x00,0xe6,0x0a,0x10,0x00,0x0d,0x00,0x00,0x00,
0x01,0x00,0x00,0x07,0xc2,0x00,0x10,0x00,0x02,0x00,0x00,0x00,0xa6,0x0e,0x10,0x00,
0x02,0x00,0x00,0x00,0x06,0x04,0x10,0x00,0x07,0x00,0x00,0x00,0x01,0x00,0x00,0x07,
0x42,0x00,0x10,0x00,0x02,0x00,0x00,0x00,0x3a,0x00,0x10,0x00,0x02,0x00,0x00,0x00,
0x2a,0x00,0x10,0x00,0x02,0x00,0x00,0x00,0x1f,0x00,0x04,0x03,0x2a,0x00,0x10,0x00,
0x02,0x00,0x00,0x00,0x38,0x00,0x00,0x07,0xf2,0x00,0x10,0x00,0x0d,0x00,0x00,0x00,
0xe6,0x0e,0x10,0x00,0x0a,0x00,0x00,0x00,0x46,0x0e,0x10,0x00,0x0d,0x00,0x00,0x00,
0x41,0x00,0x00,0x05,0xf2,0x00,0x10,0x00,0x0d,0x00,0x00,0x00,0x46,0x0e,0x10,0x00,
0x0d,0x00,0x00,0x00,0x1b,0x00,0x00,0x05,0xf2,0x00,0x10,0x00,0x0d,0x00,0x00,0x00,
0x46,0x0e,0x10,0x00,0x0d,0x00,0x00,0x00,0x1e,0x00,0x00,0x0b,0xf2,0x00,0x10,0x00,
0x0e,0x00,0x00,0x00,0xe6,0x8e,0x20,0x00,0x00,0x00,0x00,0x00,0x00,0x00,0x00,0x00,
0x02,0x40,0x00,0x00,0xff,0xff,0xff,0xff,0xff,0xff,0xff,0xff,0xff,0xff,0xff,0xff,
0xff,0xff,0xff,0xff,0x25,0x00,0x00,0x07,0xc2,0x00,0x10,0x00,0x02,0x00,0x00,0x00,
0xa6,0x0e,0x10,0x00,0x0d,0x00,0x00,0x00,0xa6,0x0e,0x10,0x00,0x0e,0x00,0x00,0x00,
0x24,0x00,0x00,0x0a,0x32,0x00,0x10,0x00,0x0f,0x00,0x00,0x00,0xe6,0x0a,0x10,0x00,
0x02,0x00,0x00,0x00,0x02,0x40,0x00,0x00,0x00,0x00,0x00,0x00,0x00,0x00,0x00,0x00,
0x00,0x00,0x00,0x00,0x00,0x00,0x00,0x00,0x36,0x00,0x00,0x08,0xc2,0x00,0x10,0x00,
0x0f,0x00,0x00,0x00,0x02,0x40,0x00,0x00,0x00,0x00,0x00,0x00,0x00,0x00,0x00,0x00,
0x00,0x00,0x00,0x00,0x00,0x00,0x00,0x00,0x2d,0x00,0x00,0x89,0xc2,0x00,0x00,0x80,
0x43,0x55,0x15,0x00,0x42,0x00,0x10,0x00,0x02,0x00,0x00,0x00,0x46,0x0e,0x10,0x00,
0x0f,0x00,0x00,0x00,0x96,0x7c,0x10,0x00,0x01,0x00,0x00,0x00,0x38,0x00,0x00,0x08,
0x42,0x00,0x10,0x00,0x02,0x00,0x00,0x00,0x2a,0x00,0x10,0x00,0x02,0x00,0x00,0x00,
0x1a,0x80,0x20,0x00,0x00,0x00,0x00,0x00,0x07,0x00,0x00,0x00,0x38,0x00,0x00,0x07,
0x42,0x00,0x10,0x00,0x02,0x00,0x00,0x00,0x2a,0x00,0x10,0x00,0x07,0x00,0x00,0x00,
0x2a,0x00,0x10,0x00,0x02,0x00,0x00,0x00,0x34,0x00,0x00,0x07,0x42,0x00,0x10,0x00,
0x02,0x00,0x00,0x00,0x2a,0x00,0x10,0x00,0x02,0x00,0x00,0x00,0x01,0x40,0x00,0x00,
0x40,0xda,0x7f,0x38,0x1e,0x00,0x00,0x0a,0xf2,0x00,0x10,0x00,0x0f,0x00,0x00,0x00,
0xe6,0x0e,0x10,0x00,0x0d,0x00,0x00,0x00,0x02,0x40,0x00,0x00,0xff,0xff,0xff,0xff,
0x00,0x00,0x00,0x00,0x01,0x00,0x00,0x00,0x00,0x00,0x00,0x00,0x25,0x00,0x00,0x07,
0xf2,0x00,0x10,0x00,0x0f,0x00,0x00,0x00,0x46,0x0e,0x10,0x00,0x0e,0x00,0x00,0x00,
0x46,0x0e,0x10,0x00,0x0f,0x00,0x00,0x00,0x24,0x00,0x00,0x0a,0xf2,0x00,0x10,0x00,
0x0f,0x00,0x00,0x00,0xe6,0x04,0x10,0x00,0x0f,0x00,0x00,0x00,0x02,0x40,0x00,0x00,
0x00,0x00,0x00,0x00,0x00,0x00,0x00,0x00,0x00,0x00,0x00,0x00,0x00,0x00,0x00,0x00,
0x36,0x00,0x00,0x05,0x32,0x00,0x10,0x00,0x10,0x00,0x00,0x00,0xe6,0x0a,0x10,0x00,
0x0f,0x00,0x00,0x00,0x36,0x00,0x00,0x08,0xc2,0x00,0x10,0x00,0x10,0x00,0x00,0x00,
0x02,0x40,0x00,0x00,0x00,0x00,0x00,0x00,0x00,0x00,0x00,0x00,0x00,0x00,0x00,0x00,
0x00,0x00,0x00,0x00,0x2d,0x00,0x00,0x89,0xc2,0x00,0x00,0x80,0x43,0x55,0x15,0x00,
0x82,0x00,0x10,0x00,0x02,0x00,0x00,0x00,0x46,0x0e,0x10,0x00,0x10,0x00,0x00,0x00,
0x96,0x73,0x10,0x00,0x01,0x00,0x00,0x00,0x38,0x00,0x00,0x08,0x82,0x00,0x10,0x00,
0x02,0x00,0x00,0x00,0x3a,0x00,0x10,0x00,0x02,0x00,0x00,0x00,0x1a,0x80,0x20,0x00,
0x00,0x00,0x00,0x00,0x07,0x00,0x00,0x00,0x38,0x00,0x00,0x07,0x82,0x00,0x10,0x00,
0x02,0x00,0x00,0x00,0x2a,0x00,0x10,0x00,0x07,0x00,0x00,0x00,0x3a,0x00,0x10,0x00,
0x02,0x00,0x00,0x00,0x34,0x00,0x00,0x07,0x82,0x00,0x10,0x00,0x02,0x00,0x00,0x00,
0x3a,0x00,0x10,0x00,0x02,0x00,0x00,0x00,0x01,0x40,0x00,0x00,0x40,0xda,0x7f,0x38,
0x36,0x00,0x00,0x08,0xc2,0x00,0x10,0x00,0x0f,0x00,0x00,0x00,0x02,0x40,0x00,0x00,
0x00,0x00,0x00,0x00,0x00,0x00,0x00,0x00,0x00,0x00,0x00,0x00,0x00,0x00,0x00,0x00,
0x2d,0x00,0x00,0x89,0xc2,0x00,0x00,0x80,0x43,0x55,0x15,0x00,0x12,0x00,0x10,0x00,
0x07,0x00,0x00,0x00,0x46,0x0e,0x10,0x00,0x0f,0x00,0x00,0x00,0x46,0x7e,0x10,0x00,
0x01,0x00,0x00,0x00,0x38,0x00,0x00,0x08,0x12,0x00,0x10,0x00,0x07,0x00,0x00,0x00,
0x0a,0x00,0x10,0x00,0x07,0x00,0x00,0x00,0x1a,0x80,0x20,0x00,0x00,0x00,0x00,0x00,
0x07,0x00,0x00,0x00,0x38,0x00,0x00,0x07,0x12,0x00,0x10,0x00,0x07,0x00,0x00,0x00,
0x2a,0x00,0x10,0x00,0x07,0x00,0x00,0x00,0x0a,0x00,0x10,0x00,0x07,0x00,0x00,0x00,
0x34,0x00,0x00,0x07,0x12,0x00,0x10,0x00,0x07,0x00,0x00,0x00,0x0a,0x00,0x10,0x00,
0x07,0x00,0x00,0x00,0x01,0x40,0x00,0x00,0x40,0xda,0x7f,0x38,0x1e,0x00,0x00,0x0a,
0xf2,0x00,0x10,0x00,0x0d,0x00,0x00,0x00,0x46,0x0e,0x10,0x00,0x0d,0x00,0x00,0x00,
0x02,0x40,0x00,0x00,0x00,0x00,0x00,0x00,0xff,0xff,0xff,0xff,0x00,0x00,0x00,0x00,
0x01,0x00,0x00,0x00,0x25,0x00,0x00,0x07,0xf2,0x00,0x10,0x00,0x0d,0x00,0x00,0x00,
0x46,0x0e,0x10,0x00,0x0e,0x00,0x00,0x00,0x46,0x0e,0x10,0x00,0x0d,0x00,0x00,0x00,
0x24,0x00,0x00,0x0a,0xf2,0x00,0x10,0x00,0x0d,0x00,0x00,0x00,0xe6,0x04,0x10,0x00,
0x0d,0x00,0x00,0x00,0x02,0x40,0x00,0x00,0x00,0x00,0x00,0x00,0x00,0x00,0x00,0x00,
0x00,0x00,0x00,0x00,0x00,0x00,0x00,0x00,0x36,0x00,0x00,0x05,0x32,0x00,0x10,0x00,
0x0e,0x00,0x00,0x00,0xe6,0x0a,0x10,0x00,0x0d,0x00,0x00,0x00,0x36,0x00,0x00,0x08,
0xc2,0x00,0x10,0x00,0x0e,0x00,0x00,0x00,0x02,0x40,0x00,0x00,0x00,0x00,0x00,0x00,
0x00,0x00,0x00,0x00,0x00,0x00,0x00,0x00,0x00,0x00,0x00,0x00,0x2d,0x00,0x00,0x89,
0xc2,0x00,0x00,0x80,0x43,0x55,0x15,0x00,0x22,0x00,0x10,0x00,0x07,0x00,0x00,0x00,
0x46,0x0e,0x10,0x00,0x0e,0x00,0x00,0x00,0x16,0x7e,0x10,0x00,0x01,0x00,0x00,0x00,
0x38,0x00,0x00,0x08,0x22,0x00,0x10,0x00,0x07,0x00,0x00,0x00,0x1a,0x00,0x10,0x00,
0x07,0x00,0x00,0x00,0x1a,0x80,0x20,0x00,0x00,0x00,0x00,0x00,0x07,0x00,0x00,0x00,
0x38,0x00,0x00,0x07,0x22,0x00,0x10,0x00,0x07,0x00,0x00,0x00,0x2a,0x00,0x10,0x00,
0x07,0x00,0x00,0x00,0x1a,0x00,0x10,0x00,0x07,0x00,0x00,0x00,0x34,0x00,0x00,0x07,
0x22,0x00,0x10,0x00,0x07,0x00,0x00,0x00,0x1a,0x00,0x10,0x00,0x07,0x00,0x00,0x00,
0x01,0x40,0x00,0x00,0x40,0xda,0x7f,0x38,0x36,0x00,0x00,0x08,0xc2,0x00,0x10,0x00,
0x0d,0x00,0x00,0x00,0x02,0x40,0x00,0x00,0x00,0x00,0x00,0x00,0x00,0x00,0x00,0x00,
0x00,0x00,0x00,0x00,0x00,0x00,0x00,0x00,0x2d,0x00,0x00,0x89,0xc2,0x00,0x00,0x80,
0x43,0x55,0x15,0x00,0x82,0x00,0x10,0x00,0x07,0x00,0x00,0x00,0x46,0x0e,0x10,0x00,
0x0d,0x00,0x00,0x00,0x96,0x73,0x10,0x00,0x01,0x00,0x00,0x00,0x38,0x00,0x00,0x08,
0x82,0x00,0x10,0x00,0x07,0x00,0x00,0x00,0x3a,0x00,0x10,0x00,0x07,0x00,0x00,0x00,
0x1a,0x80,0x20,0x00,0x00,0x00,0x00,0x00,0x07,0x00,0x00,0x00,0x38,0x00,0x00,0x07,
0x82,0x00,0x10,0x00,0x07,0x00,0x00,0x00,0x2a,0x00,0x10,0x00,0x07,0x00,0x00,0x00,
0x3a,0x00,0x10,0x00,0x07,0x00,0x00,0x00,0x34,0x00,0x00,0x07,0x82,0x00,0x10,0x00,
0x07,0x00,0x00,0x00,0x3a,0x00,0x10,0x00,0x07,0x00,0x00,0x00,0x01,0x40,0x00,0x00,
0x40,0xda,0x7f,0x38,0x00,0x00,0x00,0x07,0xf2,0x00,0x10,0x00,0x09,0x00,0x00,0x00,
0x46,0x04,0x10,0x00,0x0b,0x00,0x00,0x00,0x46,0x0e,0x10,0x00,0x09,0x00,0x00,0x00,
0x38,0x00,0x00,0x07,0xf2,0x00,0x10,0x00,0x09,0x00,0x00,0x00,0x46,0x04,0x10,0x00,
0x0a,0x00,0x00,0x00,0x46,0x0e,0x10,0x00,0x09,0x00,0x00,0x00,0x41,0x00,0x00,0x05,
0xf2,0x00,0x10,0x00,0x09,0x00,0x00,0x00,0x46,0x0e,0x10,0x00,0x09,0x00,0x00,0x00,
0x1b,0x00,0x00,0x05,0xf2,0x00,0x10,0x00,0x09,0x00,0x00,0x00,0x46,0x0e,0x10,0x00,
0x09,0x00,0x00,0x00,0x25,0x00,0x00,0x07,0x32,0x00,0x10,0x00,0x0c,0x00,0x00,0x00,
0xe6,0x0a,0x10,0x00,0x08,0x00,0x00,0x00,0xe6,0x0a,0x10,0x00,0x09,0x00,0x00,0x00,
0x24,0x00,0x00,0x0a,0x32,0x00,0x10,0x00,0x0d,0x00,0x00,0x00,0x46,0x00,0x10,0x00,
0x0c,0x00,0x00,0x00,0x02,0x40,0x00,0x00,0x00,0x00,0x00,0x00,0x00,0x00,0x00,0x00,
0x00,0x00,0x00,0x00,0x00,0x00,0x00,0x00,0x36,0x00,0x00,0x08,0xc2,0x00,0x10,0x00,
0x0d,0x00,0x00,0x00,0x02,0x40,0x00,0x00,0x00,0x00,0x00,0x00,0x00,0x00,0x00,0x00,
0x00,0x00,0x00,0x00,0x00,0x00,0x00,0x00,0x2d,0x00,0x00,0x89,0xc2,0x00,0x00,0x80,
0x43,0x55,0x15,0x00,0x12,0x00,0x10,0x00,0x0c,0x00,0x00,0x00,0x46,0x0e,0x10,0x00,
0x0d,0x00,0x00,0x00,0x46,0x7e,0x10,0x00,0x00,0x00,0x00,0x00,0x38,0x00,0x00,0x07,
0x12,0x00,0x10,0x00,0x0c,0x00,0x00,0x00,0x2a,0x00,0x10,0x00,0x07,0x00,0x00,0x00,
0x0a,0x00,0x10,0x00,0x0c,0x00,0x00,0x00,0x34,0x00,0x00,0x07,0x12,0x00,0x10,0x00,
0x0c,0x00,0x00,0x00,0x0a,0x00,0x10,0x00,0x0c,0x00,0x00,0x00,0x01,0x40,0x00,0x00,
0x40,0xda,0x7f,0x38,0x1e,0x00,0x00,0x0a,0xf2,0x00,0x10,0x00,0x0d,0x00,0x00,0x00,
0xe6,0x0e,0x10,0x00,0x09,0x00,0x00,0x00,0x02,0x40,0x00,0x00,0xff,0xff,0xff,0xff,
0x00,0x00,0x00,0x00,0x01,0x00,0x00,0x00,0x00,0x00,0x00,0x00,0x25,0x00,0x00,0x07,
0xf2,0x00,0x10,0x00,0x0d,0x00,0x00,0x00,0x46,0x0e,0x10,0x00,0x08,0x00,0x00,0x00,
0x46,0x0e,0x10,0x00,0x0d,0x00,0x00,0x00,0x24,0x00,0x00,0x0a,0xf2,0x00,0x10,0x00,
0x0d,0x00,0x00,0x00,0xe6,0x04,0x10,0x00,0x0d,0x00,0x00,0x00,0x02,0x40,0x00,0x00,
0x00,0x00,0x00,0x00,0x00,0x00,0x00,0x00,0x00,0x00,0x00,0x00,0x00,0x00,0x00,0x00,
0x36,0x00,0x00,0x05,0x32,0x00,0x10,0x00,0x0e,0x00,0x00,0x00,0xe6,0x0a,0x10,0x00,
0x0d,0x00,0x00,0x00,0x36,0x00,0x00,0x08,0xc2,0x00,0x10,0x00,0x0e,0x00,0x00,0x00,
0x02,0x40,0x00,0x00,0x00,0x00,0x00,0x00,0x00,0x00,0x00,0x00,0x00,0x00,0x00,0x00,
0x00,0x00,0x00,0x00,0x2d,0x00,0x00,0x89,0xc2,0x00,0x00,0x80,0x43,0x55,0x15,0x00,
0x22,0x00,0x10,0x00,0x0c,0x00,0x00,0x00,0x46,0x0e,0x10,0x00,0x0e,0x00,0x00,0x00,
0x16,0x7e,0x10,0x00,0x00,0x00,0x00,0x00,0x38,0x00,0x00,0x07,0x22,0x00,0x10,0x00,
0x0c,0x00,0x00,0x00,0x2a,0x00,0x10,0x00,0x07,0x00,0x00,0x00,0x1a,0x00,0x10,0x00,
0x0c,0x00,0x00,0x00,0x34,0x00,0x00,0x07,0x22,0x00,0x10,0x00,0x0c,0x00,0x00,0x00,
0x1a,0x00,0x10,0x00,0x0c,0x00,0x00,0x00,0x01,0x40,0x00,0x00,0x40,0xda,0x7f,0x38,
0x36,0x00,0x00,0x08,0xc2,0x00,0x10,0x00,0x0d,0x00,0x00,0x00,0x02,0x40,0x00,0x00,
0x00,0x00,0x00,0x00,0x00,0x00,0x00,0x00,0x00,0x00,0x00,0x00,0x00,0x00,0x00,0x00,
0x2d,0x00,0x00,0x89,0xc2,0x00,0x00,0x80,0x43,0x55,0x15,0x00,0x12,0x00,0x10,0x00,
0x0d,0x00,0x00,0x00,0x46,0x0e,0x10,0x00,0x0d,0x00,0x00,0x00,0x46,0x7e,0x10,0x00,
0x00,0x00,0x00,0x00,0x38,0x00,0x00,0x07,0x12,0x00,0x10,0x00,0x0d,0x00,0x00,0x00,
0x2a,0x00,0x10,0x00,0x07,0x00,0x00,0x00,0x0a,0x00,0x10,0x00,0x0d,0x00,0x00,0x00,
0x34,0x00,0x00,0x07,0x12,0x00,0x10,0x00,0x0d,0x00,0x00,0x00,0x0a,0x00,0x10,0x00,
0x0d,0x00,0x00,0x00,0x01,0x40,0x00,0x00,0x40,0xda,0x7f,0x38,0x1e,0x00,0x00,0x0a,
0xf2,0x00,0x10,0x00,0x09,0x00,0x00,0x00,0x46,0x0e,0x10,0x00,0x09,0x00,0x00,0x00,
0x02,0x40,0x00,0x00,0x00,0x00,0x00,0x00,0xff,0xff,0xff,0xff,0x00,0x00,0x00,0x00,
0x01,0x00,0x00,0x00,0x25,0x00,0x00,0x07,0xf2,0x00,0x10,0x00,0x09,0x00,0x00,0x00,
0x46,0x0e,0x10,0x00,0x08,0x00,0x00,0x00,0x46,0x0e,0x10,0x00,0x09,0x00,0x00,0x00,
0x24,0x00,0x00,0x0a,0xf2,0x00,0x10,0x00,0x09,0x00,0x00,0x00,0xe6,0x04,0x10,0x00,
0x09,0x00,0x00,0x00,0x02,0x40,0x00,0x00,0x00,0x00,0x00,0x00,0x00,0x00,0x00,0x00,
0x00,0x00,0x00,0x00,0x00,0x00,0x00,0x00,0x36,0x00,0x00,0x05,0x32,0x00,0x10,0x00,
0x0e,0x00,0x00,0x00,0xe6,0x0a,0x10,0x00,0x09,0x00,0x00,0x00,0x36,0x00,0x00,0x08,
0xc2,0x00,0x10,0x00,0x0e,0x00,0x00,0x00,0x02,0x40,0x00,0x00,0x00,0x00,0x00,0x00,
0x00,0x00,0x00,0x00,0x00,0x00,0x00,0x00,0x00,0x00,0x00,0x00,0x2d,0x00,0x00,0x89,
0xc2,0x00,0x00,0x80,0x43,0x55,0x15,0x00,0x22,0x00,0x10,0x00,0x0d,0x00,0x00,0x00,
0x46,0x0e,0x10,0x00,0x0e,0x00,0x00,0x00,0x16,0x7e,0x10,0x00,0x00,0x00,0x00,0x00,
0x38,0x00,0x00,0x07,0x22,0x00,0x10,0x00,0x0d,0x00,0x00,0x00,0x2a,0x00,0x10,0x00,
0x07,0x00,0x00,0x00,0x1a,0x00,0x10,0x00,0x0d,0x00,0x00,0x00,0x34,0x00,0x00,0x07,
0x22,0x00,0x10,0x00,0x0d,0x00,0x00,0x00,0x1a,0x00,0x10,0x00,0x0d,0x00,0x00,0x00,
0x01,0x40,0x00,0x00,0x40,0xda,0x7f,0x38,0x36,0x00,0x00,0x08,0xc2,0x00,0x10,0x00,
0x09,0x00,0x00,0x00,0x02,0x40,0x00,0x00,0x00,0x00,0x00,0x00,0x00,0x00,0x00,0x00,
0x00,0x00,0x00,0x00,0x00,0x00,0x00,0x00,0x2d,0x00,0x00,0x89,0xc2,0x00,0x00,0x80,
0x43,0x55,0x15,0x00,0x12,0x00,0x10,0x00,0x09,0x00,0x00,0x00,0x46,0x0e,0x10,0x00,
0x09,0x00,0x00,0x00,0x46,0x7e,0x10,0x00,0x00,0x00,0x00,0x00,0x38,0x00,0x00,0x07,
0x12,0x00,0x10,0x00,0x09,0x00,0x00,0x00,0x2a,0x00,0x10,0x00,0x07,0x00,0x00,0x00,
0x0a,0x00,0x10,0x00,0x09,0x00,0x00,0x00,0x34,0x00,0x00,0x07,0x12,0x00,0x10,0x00,
0x09,0x00,0x00,0x00,0x0a,0x00,0x10,0x00,0x09,0x00,0x00,0x00,0x01,0x40,0x00,0x00,
0x40,0xda,0x7f,0x38,0x33,0x00,0x00,0x07,0x22,0x00,0x10,0x00,0x09,0x00,0x00,0x00,
0x0a,0x00,0x10,0x00,0x0c,0x00,0x00,0x00,0x1a,0x00,0x10,0x00,0x0d,0x00,0x00,0x00,
0x34,0x00,0x00,0x07,0x42,0x00,0x10,0x00,0x09,0x00,0x00,0x00,0x0a,0x00,0x10,0x00,
0x0c,0x00,0x00,0x00,0x1a,0x00,0x10,0x00,0x0d,0x00,0x00,0x00,0x33,0x00,0x00,0x07,
0x82,0x00,0x10,0x00,0x09,0x00,0x00,0x00,0x0a,0x00,0x10,0x00,0x09,0x00,0x00,0x00,
0x1a,0x00,0x10,0x00,0x0c,0x00,0x00,0x00,0x34,0x00,0x00,0x07,0x12,0x00,0x10,0x00,
0x09,0x00,0x00,0x00,0x0a,0x00,0x10,0x00,0x09,0x00,0x00,0x00,0x1a,0x00,0x10,0x00,
0x0c,0x00,0x00,0x00,0x34,0x00,0x00,0x07,0x12,0x00,0x10,0x00,0x0c,0x00,0x00,0x00,
0x0a,0x00,0x10,0x00,0x0d,0x00,0x00,0x00,0x1a,0x00,0x10,0x00,0x09,0x00,0x00,0x00,
0x34,0x00,0x00,0x07,0x22,0x00,0x10,0x00,0x0c,0x00,0x00,0x00,0x2a,0x00,0x10,0x00,
0x09,0x00,0x00,0x00,0x3a,0x00,0x10,0x00,0x09,0x00,0x00,0x00,0x34,0x00,0x00,0x07,
0x22,0x00,0x10,0x00,0x0d,0x00,0x00,0x00,0x0a,0x00,0x10,0x00,0x09,0x00,0x00,0x00,
0x0a,0x00,0x10,0x00,0x0c,0x00,0x00,0x00,0x34,0x00,0x00,0x07,0x42,0x00,0x10,0x00,
0x0d,0x00,0x00,0x00,0x1a,0x00,0x10,0x00,0x0c,0x00,0x00,0x00,0x1a,0x00,0x10,0x00,
0x0d,0x00,0x00,0x00,0x33,0x00,0x00,0x07,0x82,0x00,0x10,0x00,0x0d,0x00,0x00,0x00,
0x2a,0x00,0x10,0x00,0x02,0x00,0x00,0x00,0x1a,0x00,0x10,0x00,0x07,0x00,0x00,0x00,
0x34,0x00,0x00,0x07,0x42,0x00,0x10,0x00,0x02,0x00,0x00,0x00,0x2a,0x00,0x10,0x00,
0x02,0x00,0x00,0x00,0x1a,0x00,0x10,0x00,0x07,0x00,0x00,0x00,0x33,0x00,0x00,0x07,
0x22,0x00,0x10,0x00,0x07,0x00,0x00,0x00,0x3a,0x00,0x10,0x00,0x02,0x00,0x00,0x00,
0x3a,0x00,0x10,0x00,0x07,0x00,0x00,0x00,0x34,0x00,0x00,0x07,0x82,0x00,0x10,0x00,
0x02,0x00,0x00,0x00,0x3a,0x00,0x10,0x00,0x02,0x00,0x00,0x00,0x3a,0x00,0x10,0x00,
0x07,0x00,0x00,0x00,0x34,0x00,0x00,0x07,0x82,0x00,0x10,0x00,0x07,0x00,0x00,0x00,
0x0a,0x00,0x10,0x00,0x07,0x00,0x00,0x00,0x3a,0x00,0x10,0x00,0x0d,0x00,0x00,0x00,
0x34,0x00,0x00,0x07,0x32,0x00,0x10,0x00,0x0e,0x00,0x00,0x00,0xe6,0x0a,0x10,0x00,
0x02,0x00,0x00,0x00,0xd6,0x05,0x10,0x00,0x07,0x00,0x00,0x00,0x33,0x00,0x00,0x07,
0x22,0x00,0x10,0x00,0x09,0x00,0x00,0x00,0x0a,0x00,0x10,0x00,0x0d,0x00,0x00,0x00,
0x1a,0x00,0x10,0x00,0x09,0x00,0x00,0x00,0x33,0x00,0x00,0x07,0x42,0x00,0x10,0x00,
0x09,0x00,0x00,0x00,0x2a,0x00,0x10,0x00,0x09,0x00,0x00,0x00,0x3a,0x00,0x10,0x00,
0x09,0x00,0x00,0x00,0x33,0x00,0x00,0x07,0x12,0x00,0x10,0x00,0x0f,0x00,0x00,0x00,
0x2a,0x00,0x10,0x00,0x09,0x00,0x00,0x00,0x1a,0x00,0x10,0x00,0x09,0x00,0x00,0x00,
0x34,0x00,0x00,0x07,0x22,0x00,0x10,0x00,0x09,0x00,0x00,0x00,0x2a,0x00,0x10,0x00,
0x09,0x00,0x00,0x00,0x1a,0x00,0x10,0x00,0x09,0x00,0x00,0x00,0x33,0x00,0x00,0x07,
0x12,0x00,0x10,0x00,0x09,0x00,0x00,0x00,0x0a,0x00,0x10,0x00,0x09,0x00,0x00,0x00,
0x0a,0x00,0x10,0x00,0x0c,0x00,0x00,0x00,0x33,0x00,0x00,0x07,0x22,0x00,0x10,0x00,
0x0f,0x00,0x00,0x00,0x0a,0x00,0x10,0x00,0x09,0x00,0x00,0x00,0x1a,0x00,0x10,0x00,
0x09,0x00,0x00,0x00,0x34,0x00,0x00,0x07,0x12,0x00,0x10,0x00,0x09,0x00,0x00,0x00,
0x0a,0x00,0x10,0x00,0x09,0x00,0x00,0x00,0x1a,0x00,0x10,0x00,0x09,0x00,0x00,0x00,
0x33,0x00,0x00,0x07,0x22,0x00,0x10,0x00,0x09,0x00,0x00,0x00,0x1a,0x00,0x10,0x00,
0x0c,0x00,0x00,0x00,0x1a,0x00,0x10,0x00,0x0d,0x00,0x00,0x00,0x33,0x00,0x00,0x07,
0x42,0x00,0x10,0x00,0x0f,0x00,0x00,0x00,0x1a,0x00,0x10,0x00,0x09,0x00,0x00,0x00,
0x0a,0x00,0x10,0x00,0x09,0x00,0x00,0x00,0x34,0x00,0x00,0x07,0x82,0x00,0x10,0x00,
0x0f,0x00,0x00,0x00,0x1a,0x00,0x10,0x00,0x09,0x00,0x00,0x00,0x0a,0x00,0x10,0x00,
0x09,0x00,0x00,0x00,0x33,0x00,0x00,0x07,0x12,0x00,0x10,0x00,0x07,0x00,0x00,0x00,
0x0a,0x00,0x10,0x00,0x07,0x00,0x00,0x00,0x3a,0x00,0x10,0x00,0x0d,0x00,0x00,0x00,
0x33,0x00,0x00,0x07,0xc2,0x00,0x10,0x00,0x02,0x00,0x00,0x00,0xa6,0x0e,0x10,0x00,
0x02,0x00,0x00,0x00,0x56,0x0d,0x10,0x00,0x07,0x00,0x00,0x00,0x33,0x00,0x00,0x07,
0x12,0x00,0x10,0x00,0x09,0x00,0x00,0x00,0x2a,0x00,0x10,0x00,0x02,0x00,0x00,0x00,
0x0a,0x00,0x10,0x00,0x07,0x00,0x00,0x00,0x34,0x00,0x00,0x07,0x42,0x00,0x10,0x00,
0x02,0x00,0x00,0x00,0x2a,0x00,0x10,0x00,0x02,0x00,0x00,0x00,0x0a,0x00,0x10,0x00,
0x07,0x00,0x00,0x00,0x33,0x00,0x00,0x07,0x22,0x00,0x10,0x00,0x09,0x00,0x00,0x00,
0x3a,0x00,0x10,0x00,0x02,0x00,0x00,0x00,0x2a,0x00,0x10,0x00,0x02,0x00,0x00,0x00,
0x34,0x00,0x00,0x07,0x42,0x00,0x10,0x00,0x02,0x00,0x00,0x00,0x3a,0x00,0x10,0x00,
0x02,0x00,0x00,0x00,0x2a,0x00,0x10,0x00,0x02,0x00,0x00,0x00,0x33,0x00,0x00,0x07,
0x82,0x00,0x10,0x00,0x02,0x00,0x00,0x00,0x1a,0x00,0x10,0x00,0x0e,0x00,0x00,0x00,
0x0a,0x00,0x10,0x00,0x0e,0x00,0x00,0x00,0x33,0x00,0x00,0x07,0x42,0x00,0x10,0x00,
0x09,0x00,0x00,0x00,0x3a,0x00,0x10,0x00,0x02,0x00,0x00,0x00,0x2a,0x00,0x10,0x00,
0x02,0x00,0x00,0x00,0x34,0x00,0x00,0x07,0x82,0x00,0x10,0x00,0x09,0x00,0x00,0x00,
0x3a,0x00,0x10,0x00,0x02,0x00,0x00,0x00,0x2a,0x00,0x10,0x00,0x02,0x00,0x00,0x00,
0x00,0x00,0x00,0x08,0x42,0x00,0x10,0x00,0x02,0x00,0x00,0x00,0x0a,0x00,0x10,0x80,
0x41,0x00,0x00,0x00,0x09,0x00,0x00,0x00,0x0a,0x00,0x10,0x00,0x0f,0x00,0x00,0x00,
0x31,0x00,0x00,0x08,0x82,0x00,0x10,0x00,0x02,0x00,0x00,0x00,0x01,0x40,0x00,0x00,
0x40,0xda,0x7f,0x38,0x2a,0x00,0x10,0x80,0x81,0x00,0x00,0x00,0x02,0x00,0x00,0x00,
0x1f,0x00,0x04,0x03,0x3a,0x00,0x10,0x00,0x02,0x00,0x00,0x00,0x31,0x00,0x00,0x07,
0x82,0x00,0x10,0x00,0x02,0x00,0x00,0x00,0x01,0x40,0x00,0x00,0x00,0x00,0x00,0x00,
0x2a,0x00,0x10,0x00,0x02,0x00,0x00,0x00,0x31,0x00,0x00,0x07,0x42,0x00,0x10,0x00,
0x02,0x00,0x00,0x00,0x2a,0x00,0x10,0x00,0x02,0x00,0x00,0x00,0x01,0x40,0x00,0x00,
0x00,0x00,0x00,0x00,0x1e,0x00,0x00,0x08,0x42,0x00,0x10,0x00,0x02,0x00,0x00,0x00,
0x3a,0x00,0x10,0x80,0x41,0x00,0x00,0x00,0x02,0x00,0x00,0x00,0x2a,0x00,0x10,0x00,
0x02,0x00,0x00,0x00,0x2b,0x00,0x00,0x05,0x42,0x00,0x10,0x00,0x02,0x00,0x00,0x00,
0x2a,0x00,0x10,0x00,0x02,0x00,0x00,0x00,0x34,0x00,0x00,0x07,0x82,0x00,0x10,0x00,
0x02,0x00,0x00,0x00,0x0a,0x00,0x10,0x00,0x09,0x00,0x00,0x00,0x0a,0x00,0x10,0x00,
0x0f,0x00,0x00,0x00,0x33,0x00,0x00,0x07,0x12,0x00,0x10,0x00,0x07,0x00,0x00,0x00,
0x0a,0x00,0x10,0x00,0x09,0x00,0x00,0x00,0x0a,0x00,0x10,0x00,0x0f,0x00,0x00,0x00,
0x0e,0x00,0x00,0x07,0x82,0x00,0x10,0x00,0x02,0x00,0x00,0x00,0x0a,0x00,0x10,0x00,
0x07,0x00,0x00,0x00,0x3a,0x00,0x10,0x00,0x02,0x00,0x00,0x00,0x00,0x00,0x00,0x08,
0x82,0x00,0x10,0x00,0x02,0x00,0x00,0x00,0x3a,0x00,0x10,0x80,0x41,0x00,0x00,0x00,
0x02,0x00,0x00,0x00,0x01,0x40,0x00,0x00,0x00,0x00,0x80,0x3f,0x38,0x00,0x00,0x07,
0x42,0x00,0x10,0x00,0x02,0x00,0x00,0x00,0x3a,0x00,0x10,0x00,0x02,0x00,0x00,0x00,
0x2a,0x00,0x10,0x00,0x02,0x00,0x00,0x00,0x31,0x00,0x00,0x08,0x82,0x00,0x10,0x00,
0x02,0x00,0x00,0x00,0x2a,0x00,0x10,0x80,0x81,0x00,0x00,0x00,0x02,0x00,0x00,0x00,
0x01,0x40,0x00,0x00,0x00,0xdf,0x7f,0x47,0x37,0x00,0x00,0x09,0x42,0x00,0x10,0x00,
0x02,0x00,0x00,0x00,0x3a,0x00,0x10,0x00,0x02,0x00,0x00,0x00,0x2a,0x00,0x10,0x00,
0x02,0x00,0x00,0x00,0x01,0x40,0x00,0x00,0x00,0xdf,0x7f,0x47,0x31,0x00,0x00,0x07,
0x82,0x00,0x10,0x00,0x02,0x00,0x00,0x00,0x0a,0x00,0x10,0x00,0x0f,0x00,0x00,0x00,
0x0a,0x00,0x10,0x00,0x09,0x00,0x00,0x00,0x01,0x00,0x00,0x07,0x12,0x00,0x10,0x00,
0x07,0x00,0x00,0x00,0x3a,0x00,0x10,0x00,0x02,0x00,0x00,0x00,0x01,0x40,0x00,0x00,
0x01,0x00,0x00,0x00,0x0f,0x00,0x00,0x08,0x82,0x00,0x10,0x00,0x02,0x00,0x00,0x00,
0x46,0x00,0x10,0x00,0x0f,0x00,0x00,0x00,0x46,0x90,0x90,0x00,0x0a,0x00,0x10,0x00,
0x07,0x00,0x00,0x00,0x1d,0x00,0x00,0x07,0x82,0x00,0x10,0x00,0x02,0x00,0x00,0x00,
0x3a,0x00,0x10,0x00,0x02,0x00,0x00,0x00,0x0a,0x00,0x10,0x00,0x09,0x00,0x00,0x00,
0x01,0x00,0x00,0x07,0x22,0x00,0x10,0x00,0x07,0x00,0x00,0x00,0x3a,0x00,0x10,0x00,
0x02,0x00,0x00,0x00,0x01,0x40,0x00,0x00,0x01,0x00,0x00,0x00,0x12,0x00,0x00,0x01,
0x36,0x00,0x00,0x08,0x32,0x00,0x10,0x00,0x07,0x00,0x00,0x00,0x02,0x40,0x00,0x00,
0x00,0x00,0x00,0x00,0x00,0x00,0x00,0x00,0x00,0x00,0x00,0x00,0x00,0x00,0x00,0x00,
0x36,0x00,0x00,0x05,0x42,0x00,0x10,0x00,0x02,0x00,0x00,0x00,0x01,0x40,0x00,0x00,
0x00,0xe0,0x7f,0x47,0x15,0x00,0x00,0x01,0x31,0x00,0x00,0x07,0x82,0x00,0x10,0x00,
0x02,0x00,0x00,0x00,0x2a,0x00,0x10,0x00,0x02,0x00,0x00,0x00,0x01,0x40,0x00,0x00,
0x00,0xe0,0x7f,0x47,0x1f,0x00,0x04,0x03,0x3a,0x00,0x10,0x00,0x02,0x00,0x00,0x00,
0x0f,0x00,0x00,0x08,0x82,0x00,0x10,0x00,0x07,0x00,0x00,0x00,0x46,0x00,0x10,0x00,
0x0f,0x00,0x00,0x00,0x46,0x90,0x90,0x00,0x0a,0x00,0x10,0x00,0x07,0x00,0x00,0x00,
0x0f,0x00,0x00,0x08,0x12,0x00,0x10,0x00,0x0c,0x00,0x00,0x00,0x46,0x00,0x10,0x00,
0x09,0x00,0x00,0x00,0x46,0x90,0x90,0x00,0x1a,0x00,0x10,0x00,0x07,0x00,0x00,0x00,
0x00,0x00,0x00,0x08,0x22,0x00,0x10,0x00,0x0c,0x00,0x00,0x00,0x3a,0x00,0x10,0x00,
0x07,0x00,0x00,0x00,0x0a,0x00,0x10,0x80,0x41,0x00,0x00,0x00,0x0c,0x00,0x00,0x00,
0x31,0x00,0x00,0x08,0x12,0x00,0x10,0x00,0x0d,0x00,0x00,0x00,0x01,0x40,0x00,0x00,
0x40,0xda,0x7f,0x38,0x1a,0x00,0x10,0x80,0x81,0x00,0x00,0x00,0x0c,0x00,0x00,0x00,
0x1f,0x00,0x04,0x03,0x0a,0x00,0x10,0x00,0x0d,0x00,0x00,0x00,0x31,0x00,0x00,0x07,
0x12,0x00,0x10,0x00,0x0d,0x00,0x00,0x00,0x01,0x40,0x00,0x00,0x00,0x00,0x00,0x00,
0x1a,0x00,0x10,0x00,0x0c,0x00,0x00,0x00,0x31,0x00,0x00,0x07,0x22,0x00,0x10,0x00,
0x0c,0x00,0x00,0x00,0x1a,0x00,0x10,0x00,0x0c,0x00,0x00,0x00,0x01,0x40,0x00,0x00,
0x00,0x00,0x00,0x00,0x1e,0x00,0x00,0x08,0x22,0x00,0x10,0x00,0x0c,0x00,0x00,0x00,
0x0a,0x00,0x10,0x80,0x41,0x00,0x00,0x00,0x0d,0x00,0x00,0x00,0x1a,0x00,0x10,0x00,
0x0c,0x00,0x00,0x00,0x2b,0x00,0x00,0x05,0x22,0x00,0x10,0x00,0x0c,0x00,0x00,0x00,
0x1a,0x00,0x10,0x00,0x0c,0x00,0x00,0x00,0x34,0x00,0x00,0x07,0x12,0x00,0x10,0x00,
0x0d,0x00,0x00,0x00,0x3a,0x00,0x10,0x00,0x07,0x00,0x00,0x00,0x0a,0x00,0x10,0x00,
0x0c,0x00,0x00,0x00,0x39,0x00,0x00,0x07,0x22,0x00,0x10,0x00,0x0d,0x00,0x00,0x00,
0x0a,0x00,0x10,0x00,0x0d,0x00,0x00,0x00,0x01,0x40,0x00,0x00,0x00,0x00,0x00,0x00,
0x33,0x00,0x00,0x07,0x82,0x00,0x10,0x00,0x0d,0x00,0x00,0x00,0x3a,0x00,0x10,0x00,
0x07,0x00,0x00,0x00,0x0a,0x00,0x10,0x00,0x0c,0x00,0x00,0x00,0x0e,0x00,0x00,0x07,
0x12,0x00,0x10,0x00,0x0d,0x00,0x00,0x00,0x3a,0x00,0x10,0x00,0x0d,0x00,0x00,0x00,
0x0a,0x00,0x10,0x00,0x0d,0x00,0x00,0x00,0x01,0x00,0x00,0x07,0x12,0x00,0x10,0x00,
0x0d,0x00,0x00,0x00,0x0a,0x00,0x10,0x00,0x0d,0x00,0x00,0x00,0x1a,0x00,0x10,0x00,
0x0d,0x00,0x00,0x00,0x00,0x00,0x00,0x08,0x12,0x00,0x10,0x00,0x0d,0x00,0x00,0x00,
0x0a,0x00,0x10,0x80,0x41,0x00,0x00,0x00,0x0d,0x00,0x00,0x00,0x01,0x40,0x00,0x00,
0x00,0x00,0x80,0x3f,0x38,0x00,0x00,0x07,0x22,0x00,0x10,0x00,0x0c,0x00,0x00,0x00,
0x1a,0x00,0x10,0x00,0x0c,0x00,0x00,0x00,0x0a,0x00,0x10,0x00,0x0d,0x00,0x00,0x00,
0x31,0x00,0x00,0x09,0x12,0x00,0x10,0x00,0x0d,0x00,0x00,0x00,0x1a,0x00,0x10,0x80,
0x81,0x00,0x00,0x00,0x0c,0x00,0x00,0x00,0x2a,0x00,0x10,0x80,0x81,0x00,0x00,0x00,
0x02,0x00,0x00,0x00,0x37,0x00,0x00,0x09,0x42,0x00,0x10,0x00,0x02,0x00,0x00,0x00,
0x0a,0x00,0x10,0x00,0x0d,0x00,0x00,0x00,0x1a,0x00,0x10,0x00,0x0c,0x00,0x00,0x00,
0x2a,0x00,0x10,0x00,0x02,0x00,0x00,0x00,0x31,0x00,0x00,0x07,0x82,0x00,0x10,0x00,
0x07,0x00,0x00,0x00,0x3a,0x00,0x10,0x00,0x07,0x00,0x00,0x00,0x0a,0x00,0x10,0x00,
0x0c,0x00,0x00,0x00,0x01,0x00,0x00,0x07,0x82,0x00,0x10,0x00,0x07,0x00,0x00,0x00,
0x3a,0x00,0x10,0x00,0x07,0x00,0x00,0x00,0x01,0x40,0x00,0x00,0x01,0x00,0x00,0x00,
0x1e,0x00,0x00,0x07,0x12,0x00,0x10,0x00,0x07,0x00,0x00,0x00,0x3a,0x00,0x10,0x00,
0x07,0x00,0x00,0x00,0x0a,0x00,0x10,0x00,0x07,0x00,0x00,0x00,0x10,0x00,0x00,0x08,
0x82,0x00,0x10,0x00,0x07,0x00,0x00,0x00,0x46,0x02,0x10,0x00,0x0f,0x00,0x00,0x00,
0x46,0x92,0x90,0x00,0x0a,0x00,0x10,0x00,0x07,0x00,0x00,0x00,0x1d,0x00,0x00,0x07,
0x82,0x00,0x10,0x00,0x07,0x00,0x00,0x00,0x3a,0x00,0x10,0x00,0x07,0x00,0x00,0x00,
0x0a,0x00,0x10,0x00,0x0c,0x00,0x00,0x00,0x01,0x00,0x00,0x07,0x82,0x00,0x10,0x00,
0x07,0x00,0x00,0x00,0x3a,0x00,0x10,0x00,0x07,0x00,0x00,0x00,0x01,0x40,0x00,0x00,
0x01,0x00,0x00,0x00,0x1e,0x00,0x00,0x07,0x22,0x00,0x10,0x00,0x07,0x00,0x00,0x00,
0x3a,0x00,0x10,0x00,0x07,0x00,0x00,0x00,0x1a,0x00,0x10,0x00,0x07,0x00,0x00,0x00,
0x12,0x00,0x00,0x01,0x36,0x00,0x00,0x05,0x42,0x00,0x10,0x00,0x02,0x00,0x00,0x00,
0x01,0x40,0x00,0x00,0x00,0xe0,0x7f,0x47,0x15,0x00,0x00,0x01,0x15,0x00,0x00,0x01,
0x31,0x00,0x00,0x07,0x82,0x00,0x10,0x00,0x07,0x00,0x00,0x00,0x2a,0x00,0x10,0x00,
0x02,0x00,0x00,0x00,0x01,0x40,0x00,0x00,0x00,0xe0,0x7f,0x47,0x01,0x00,0x00,0x07,
0x82,0x00,0x10,0x00,0x02,0x00,0x00,0x00,0x3a,0x00,0x10,0x00,0x02,0x00,0x00,0x00,
0x3a,0x00,0x10,0x00,0x07,0x00,0x00,0x00,0x1f,0x00,0x04,0x03,0x3a,0x00,0x10,0x00,
0x02,0x00,0x00,0x00,0x10,0x00,0x00,0x08,0x82,0x00,0x10,0x00,0x07,0x00,0x00,0x00,
0x46,0x02,0x10,0x00,0x0f,0x00,0x00,0x00,0x46,0x92,0x90,0x00,0x0a,0x00,0x10,0x00,
0x07,0x00,0x00,0x00,0x10,0x00,0x00,0x08,0x12,0x00,0x10,0x00,0x0c,0x00,0x00,0x00,
0x46,0x02,0x10,0x00,0x09,0x00,0x00,0x00,0x46,0x92,0x90,0x00,0x1a,0x00,0x10,0x00,
0x07,0x00,0x00,0x00,0x00,0x00,0x00,0x08,0x22,0x00,0x10,0x00,0x0c,0x00,0x00,0x00,
0x3a,0x00,0x10,0x00,0x07,0x00,0x00,0x00,0x0a,0x00,0x10,0x80,0x41,0x00,0x00,0x00,
0x0c,0x00,0x00,0x00,0x31,0x00,0x00,0x08,0x12,0x00,0x10,0x00,0x0d,0x00,0x00,0x00,
0x01,0x40,0x00,0x00,0x40,0xda,0x7f,0x38,0x1a,0x00,0x10,0x80,0x81,0x00,0x00,0x00,
0x0c,0x00,0x00,0x00,0x1f,0x00,0x04,0x03,0x0a,0x00,0x10,0x00,0x0d,0x00,0x00,0x00,
0x31,0x00,0x00,0x07,0x12,0x00,0x10,0x00,0x0d,0x00,0x00,0x00,0x01,0x40,0x00,0x00,
0x00,0x00,0x00,0x00,0x1a,0x00,0x10,0x00,0x0c,0x00,0x00,0x00,0x31,0x00,0x00,0x07,
0x22,0x00,0x10,0x00,0x0c,0x00,0x00,0x00,0x1a,0x00,0x10,0x00,0x0c,0x00,0x00,0x00,
0x01,0x40,0x00,0x00,0x00,0x00,0x00,0x00,0x1e,0x00,0x00,0x08,0x22,0x00,0x10,0x00,
0x0c,0x00,0x00,0x00,0x0a,0x00,0x10,0x80,0x41,0x00,0x00,0x00,0x0d,0x00,0x00,0x00,
0x1a,0x00,0x10,0x00,0x0c,0x00,0x00,0x00,0x2b,0x00,0x00,0x05,0x22,0x00,0x10,0x00,
0x0c,0x00,0x00,0x00,0x1a,0x00,0x10,0x00,0x0c,0x00,0x00,0x00,0x34,0x00,0x00,0x07,
0x12,0x00,0x10,0x00,0x0d,0x00,0x00,0x00,0x3a,0x00,0x10,0x00,0x07,0x00,0x00,0x00,
0x0a,0x00,0x10,0x00,0x0c,0x00,0x00,0x00,0x39,0x00,0x00,0x07,0x22,0x00,0x10,0x00,
0x0d,0x00,0x00,0x00,0x0a,0x00,0x10,0x00,0x0d,0x00,0x00,0x00,0x01,0x40,0x00,0x00,
0x00,0x00,0x00,0x00,0x33,0x00,0x00,0x07,0x82,0x00,0x10,0x00,0x0d,0x00,0x00,0x00,
0x3a,0x00,0x10,0x00,0x07,0x00,0x00,0x00,0x0a,0x00,0x10,0x00,0x0c,0x00,0x00,0x00,
0x0e,0x00,0x00,0x07,0x12,0x00,0x10,0x00,0x0d,0x00,0x00,0x00,0x3a,0x00,0x10,0x00,
0x0d,0x00,0x00,0x00,0x0a,0x00,0x10,0x00,0x0d,0x00,0x00,0x00,0x01,0x00,0x00,0x07,
0x12,0x00,0x10,0x00,0x0d,0x00,0x00,0x00,0x0a,0x00,0x10,0x00,0x0d,0x00,0x00,0x00,
0x1a,0x00,0x10,0x00,0x0d,0x00,0x00,0x00,0x00,0x00,0x00,0x08,0x12,0x00,0x10,0x00,
0x0d,0x00,0x00,0x00,0x0a,0x00,0x10,0x80,0x41,0x00,0x00,0x00,0x0d,0x00,0x00,0x00,
0x01,0x40,0x00,0x00,0x00,0x00,0x80,0x3f,0x38,0x00,0x00,0x07,0x22,0x00,0x10,0x00,
0x0c,0x00,0x00,0x00,0x1a,0x00,0x10,0x00,0x0c,0x00,0x00,0x00,0x0a,0x00,0x10,0x00,
0x0d,0x00,0x00,0x00,0x31,0x00,0x00,0x09,0x12,0x00,0x10,0x00,0x0d,0x00,0x00,0x00,
0x1a,0x00,0x10,0x80,0x81,0x00,0x00,0x00,0x0c,0x00,0x00,0x00,0x2a,0x00,0x10,0x80,
0x81,0x00,0x00,0x00,0x02,0x00,0x00,0x00,0x37,0x00,0x00,0x09,0x42,0x00,0x10,0x00,
0x02,0x00,0x00,0x00,0x0a,0x00,0x10,0x00,0x0d,0x00,0x00,0x00,0x1a,0x00,0x10,0x00,
0x0c,0x00,0x00,0x00,0x2a,0x00,0x10,0x00,0x02,0x00,0x00,0x00,0x31,0x00,0x00,0x07,
0x82,0x00,0x10,0x00,0x07,0x00,0x00,0x00,0x3a,0x00,0x10,0x00,0x07,0x00,0x00,0x00,
0x0a,0x00,0x10,0x00,0x0c,0x00,0x00,0x00,0x01,0x00,0x00,0x07,0x82,0x00,0x10,0x00,
0x07,0x00,0x00,0x00,0x3a,0x00,0x10,0x00,0x07,0x00,0x00,0x00,0x01,0x40,0x00,0x00,
0x01,0x00,0x00,0x00,0x1e,0x00,0x00,0x07,0x12,0x00,0x10,0x00,0x07,0x00,0x00,0x00,
0x3a,0x00,0x10,0x00,0x07,0x00,0x00,0x00,0x0a,0x00,0x10,0x00,0x07,0x00,0x00,0x00,
0x11,0x00,0x00,0x08,0x82,0x00,0x10,0x00,0x07,0x00,0x00,0x00,0x46,0x0e,0x10,0x00,
0x0f,0x00,0x00,0x00,0x46,0x9e,0x90,0x00,0x0a,0x00,0x10,0x00,0x07,0x00,0x00,0x00,
0x1d,0x00,0x00,0x07,0x82,0x00,0x10,0x00,0x07,0x00,0x00,0x00,0x3a,0x00,0x10,0x00,
0x07,0x00,0x00,0x00,0x0a,0x00,0x10,0x00,0x0c,0x00,0x00,0x00,0x01,0x00,0x00,0x07,
0x82,0x00,0x10,0x00,0x07,0x00,0x00,0x00,0x3a,0x00,0x10,0x00,0x07,0x00,0x00,0x00,
0x01,0x40,0x00,0x00,0x01,0x00,0x00,0x00,0x1e,0x00,0x00,0x07,0x22,0x00,0x10,0x00,
0x07,0x00,0x00,0x00,0x3a,0x00,0x10,0x00,0x07,0x00,0x00,0x00,0x1a,0x00,0x10,0x00,
0x07,0x00,0x00,0x00,0x12,0x00,0x00,0x01,0x36,0x00,0x00,0x05,0x42,0x00,0x10,0x00,
0x02,0x00,0x00,0x00,0x01,0x40,0x00,0x00,0x00,0xe0,0x7f,0x47,0x15,0x00,0x00,0x01,
0x15,0x00,0x00,0x01,0x31,0x00,0x00,0x07,0x82,0x00,0x10,0x00,0x07,0x00,0x00,0x00,
0x2a,0x00,0x10,0x00,0x02,0x00,0x00,0x00,0x01,0x40,0x00,0x00,0x00,0xe0,0x7f,0x47,
0x01,0x00,0x00,0x07,0x82,0x00,0x10,0x00,0x02,0x00,0x00,0x00,0x3a,0x00,0x10,0x00,
0x02,0x00,0x00,0x00,0x3a,0x00,0x10,0x00,0x07,0x00,0x00,0x00,0x1f,0x00,0x04,0x03,
0x3a,0x00,0x10,0x00,0x02,0x00,0x00,0x00,0x11,0x00,0x00,0x08,0x82,0x00,0x10,0x00,
0x07,0x00,0x00,0x00,0x46,0x0e,0x10,0x00,0x0f,0x00,0x00,0x00,0x46,0x9e,0x90,0x00,
0x0a,0x00,0x10,0x00,0x07,0x00,0x00,0x00,0x11,0x00,0x00,0x08,0x12,0x00,0x10,0x00,
0x0c,0x00,0x00,0x00,0x46,0x0e,0x10,0x00,0x09,0x00,0x00,0x00,0x46,0x9e,0x90,0x00,
0x1a,0x00,0x10,0x00,0x07,0x00,0x00,0x00,0x00,0x00,0x00,0x08,0x22,0x00,0x10,0x00,
0x0c,0x00,0x00,0x00,0x3a,0x00,0x10,0x00,0x07,0x00,0x00,0x00,0x0a,0x00,0x10,0x80,
0x41,0x00,0x00,0x00,0x0c,0x00,0x00,0x00,0x31,0x00,0x00,0x08,0x12,0x00,0x10,0x00,
0x0d,0x00,0x00,0x00,0x01,0x40,0x00,0x00,0x40,0xda,0x7f,0x38,0x1a,0x00,0x10,0x80,
0x81,0x00,0x00,0x00,0x0c,0x00,0x00,0x00,0x1f,0x00,0x04,0x03,0x0a,0x00,0x10,0x00,
0x0d,0x00,0x00,0x00,0x31,0x00,0x00,0x07,0x12,0x00,0x10,0x00,0x0d,0x00,0x00,0x00,
0x01,0x40,0x00,0x00,0x00,0x00,0x00,0x00,0x1a,0x00,0x10,0x00,0x0c,0x00,0x00,0x00,
0x31,0x00,0x00,0x07,0x22,0x00,0x10,0x00,0x0c,0x00,0x00,0x00,0x1a,0x00,0x10,0x00,
0x0c,0x00,0x00,0x00,0x01,0x40,0x00,0x00,0x00,0x00,0x00,0x00,0x1e,0x00,0x00,0x08,
0x22,0x00,0x10,0x00,0x0c,0x00,0x00,0x00,0x0a,0x00,0x10,0x80,0x41,0x00,0x00,0x00,
0x0d,0x00,0x00,0x00,0x1a,0x00,0x10,0x00,0x0c,0x00,0x00,0x00,0x2b,0x00,0x00,0x05,
0x22,0x00,0x10,0x00,0x0c,0x00,0x00,0x00,0x1a,0x00,0x10,0x00,0x0c,0x00,0x00,0x00,
0x34,0x00,0x00,0x07,0x12,0x00,0x10,0x00,0x0d,0x00,0x00,0x00,0x3a,0x00,0x10,0x00,
0x07,0x00,0x00,0x00,0x0a,0x00,0x10,0x00,0x0c,0x00,0x00,0x00,0x39,0x00,0x00,0x07,
0x22,0x00,0x10,0x00,0x0d,0x00,0x00,0x00,0x0a,0x00,0x10,0x00,0x0d,0x00,0x00,0x00,
0x01,0x40,0x00,0x00,0x00,0x00,0x00,0x00,0x33,0x00,0x00,0x07,0x82,0x00,0x10,0x00,
0x0d,0x00,0x00,0x00,0x3a,0x00,0x10,0x00,0x07,0x00,0x00,0x00,0x0a,0x00,0x10,0x00,
0x0c,0x00,0x00,0x00,0x0e,0x00,0x00,0x07,0x12,0x00,0x10,0x00,0x0d,0x00,0x00,0x00,
0x3a,0x00,0x10,0x00,0x0d,0x00,0x00,0x00,0x0a,0x00,0x10,0x00,0x0d,0x00,0x00,0x00,
0x01,0x00,0x00,0x07,0x12,0x00,0x10,0x00,0x0d,0x00,0x00,0x00,0x0a,0x00,0x10,0x00,
0x0d,0x00,0x00,0x00,0x1a,0x00,0x10,0x00,0x0d,0x00,0x00,0x00,0x00,0x00,0x00,0x08,
0x12,0x00,0x10,0x00,0x0d,0x00,0x00,0x00,0x0a,0x00,0x10,0x80,0x41,0x00,0x00,0x00,
0x0d,0x00,0x00,0x00,0x01,0x40,0x00,0x00,0x00,0x00,0x80,0x3f,0x38,0x00,0x00,0x07,
0x22,0x00,0x10,0x00,0x0c,0x00,0x00,0x00,0x1a,0x00,0x10,0x00,0x0c,0x00,0x00,0x00,
0x0a,0x00,0x10,0x00,0x0d,0x00,0x00,0x00,0x31,0x00,0x00,0x09,0x12,0x00,0x10,0x00,
0x0d,0x00,0x00,0x00,0x1a,0x00,0x10,0x80,0x81,0x00,0x00,0x00,0x0c,0x00,0x00,0x00,
0x2a,0x00,0x10,0x80,0x81,0x00,0x00,0x00,0x02,0x00,0x00,0x00,0x37,0x00,0x00,0x09,
0x42,0x00,0x10,0x00,0x02,0x00,0x00,0x00,0x0a,0x00,0x10,0x00,0x0d,0x00,0x00,0x00,
0x1a,0x00,0x10,0x00,0x0c,0x00,0x00,0x00,0x2a,0x00,0x10,0x00,0x02,0x00,0x00,0x00,
0x31,0x00,0x00,0x07,0x82,0x00,0x10,0x00,0x07,0x00,0x00,0x00,0x3a,0x00,0x10,0x00,
0x07,0x00,0x00,0x00,0x0a,0x00,0x10,0x00,0x0c,0x00,0x00,0x00,0x01,0x00,0x00,0x07,
0x82,0x00,0x10,0x00,0x07,0x00,0x00,0x00,0x3a,0x00,0x10,0x00,0x07,0x00,0x00,0x00,
0x01,0x40,0x00,0x00,0x01,0x00,0x00,0x00,0x1e,0x00,0x00,0x07,0x12,0x00,0x10,0x00,
0x07,0x00,0x00,0x00,0x3a,0x00,0x10,0x00,0x07,0x00,0x00,0x00,0x0a,0x00,0x10,0x00,
0x07,0x00,0x00,0x00,0x20,0x00,0x00,0x0a,0xf2,0x00,0x10,0x00,0x10,0x00,0x00,0x00,
0x06,0x00,0x10,0x00,0x07,0x00,0x00,0x00,0x02,0x40,0x00,0x00,0x00,0x00,0x00,0x00,
0x01,0x00,0x00,0x00,0x02,0x00,0x00,0x00,0x03,0x00,0x00,0x00,0x20,0x00,0x00,0x07,
0x82,0x00,0x10,0x00,0x07,0x00,0x00,0x00,0x0a,0x00,0x10,0x00,0x07,0x00,0x00,0x00,
0x01,0x40,0x00,0x00,0x04,0x00,0x00,0x00,0x01,0x00,0x00,0x0a,0xf2,0x00,0x10,0x00,
0x10,0x00,0x00,0x00,0x46,0x0e,0x10,0x00,0x10,0x00,0x00,0x00,0x02,0x40,0x00,0x00,
0x00,0x00,0x80,0x3f,0x00,0x00,0x80,0x3f,0x00,0x00,0x80,0x3f,0x00,0x00,0x80,0x3f,
0x01,0x00,0x00,0x07,0x82,0x00,0x10,0x00,0x07,0x00,0x00,0x00,0x3a,0x00,0x10,0x00,
0x07,0x00,0x00,0x00,0x01,0x40,0x00,0x00,0x00,0x00,0x80,0x3f,0x11,0x00,0x00,0x07,
0x22,0x00,0x10,0x00,0x0c,0x00,0x00,0x00,0x46,0x0e,0x10,0x00,0x10,0x00,0x00,0x00,
0x46,0x0e,0x10,0x00,0x0f,0x00,0x00,0x00,0x32,0x00,0x00,0x09,0x82,0x00,0x10,0x00,
0x07,0x00,0x00,0x00,0x3a,0x00,0x10,0x00,0x07,0x00,0x00,0x00,0x2a,0x00,0x10,0x00,
0x0d,0x00,0x00,0x00,0x1a,0x00,0x10,0x00,0x0c,0x00,0x00,0x00,0x1d,0x00,0x00,0x07,
0x82,0x00,0x10,0x00,0x07,0x00,0x00,0x00,0x3a,0x00,0x10,0x00,0x07,0x00,0x00,0x00,
0x0a,0x00,0x10,0x00,0x0c,0x00,0x00,0x00,0x01,0x00,0x00,0x07,0x82,0x00,0x10,0x00,
0x07,0x00,0x00,0x00,0x3a,0x00,0x10,0x00,0x07,0x00,0x00,0x00,0x01,0x40,0x00,0x00,
0x01,0x00,0x00,0x00,0x1e,0x00,0x00,0x07,0x22,0x00,0x10,0x00,0x07,0x00,0x00,0x00,
0x3a,0x00,0x10,0x00,0x07,0x00,0x00,0x00,0x1a,0x00,0x10,0x00,0x07,0x00,0x00,0x00,
0x12,0x00,0x00,0x01,0x36,0x00,0x00,0x05,0x42,0x00,0x10,0x00,0x02,0x00,0x00,0x00,
0x01,0x40,0x00,0x00,0x00,0xe0,0x7f,0x47,0x15,0x00,0x00,0x01,0x15,0x00,0x00,0x01,
0x31,0x00,0x00,0x07,0x82,0x00,0x10,0x00,0x07,0x00,0x00,0x00,0x2a,0x00,0x10,0x00,
0x02,0x00,0x00,0x00,0x01,0x40,0x00,0x00,0x00,0xe0,0x7f,0x47,0x01,0x00,0x00,0x07,
0x82,0x00,0x10,0x00,0x02,0x00,0x00,0x00,0x3a,0x00,0x10,0x00,0x02,0x00,0x00,0x00,
0x3a,0x00,0x10,0x00,0x07,0x00,0x00,0x00,0x1f,0x00,0x04,0x03,0x3a,0x00,0x10,0x00,
0x02,0x00,0x00,0x00,0x34,0x00,0x00,0x07,0x82,0x00,0x10,0x00,0x02,0x00,0x00,0x00,
0x1a,0x00,0x10,0x00,0x0e,0x00,0x00,0x00,0x0a,0x00,0x10,0x00,0x0e,0x00,0x00,0x00,
0x20,0x00,0x00,0x0a,0xf2,0x00,0x10,0x00,0x0e,0x00,0x00,0x00,0x06,0x00,0x10,0x00,
0x07,0x00,0x00,0x00,0x02,0x40,0x00,0x00,0x00,0x00,0x00,0x00,0x01,0x00,0x00,0x00,
0x02,0x00,0x00,0x00,0x03,0x00,0x00,0x00,0x20,0x00,0x00,0x07,0x12,0x00,0x10,0x00,
0x07,0x00,0x00,0x00,0x0a,0x00,0x10,0x00,0x07,0x00,0x00,0x00,0x01,0x40,0x00,0x00,
0x04,0x00,0x00,0x00,0x01,0x00,0x00,0x0a,0xf2,0x00,0x10,0x00,0x0e,0x00,0x00,0x00,
0x46,0x0e,0x10,0x00,0x0e,0x00,0x00,0x00,0x02,0x40,0x00,0x00,0x00,0x00,0x80,0x3f,
0x00,0x00,0x80,0x3f,0x00,0x00,0x80,0x3f,0x00,0x00,0x80,0x3f,0x01,0x00,0x00,0x07,
0x12,0x00,0x10,0x00,0x07,0x00,0x00,0x00,0x0a,0x00,0x10,0x00,0x07,0x00,0x00,0x00,
0x01,0x40,0x00,0x00,0x00,0x00,0x80,0x3f,0x11,0x00,0x00,0x07,0x82,0x00,0x10,0x00,
0x07,0x00,0x00,0x00,0x46,0x0e,0x10,0x00,0x0e,0x00,0x00,0x00,0x46,0x0e,0x10,0x00,
0x0f,0x00,0x00,0x00,0x32,0x00,0x00,0x09,0x12,0x00,0x10,0x00,0x07,0x00,0x00,0x00,
0x0a,0x00,0x10,0x00,0x07,0x00,0x00,0x00,0x2a,0x00,0x10,0x00,0x0d,0x00,0x00,0x00,
0x3a,0x00,0x10,0x00,0x07,0x00,0x00,0x00,0x20,0x00,0x00,0x0a,0xf2,0x00,0x10,0x00,
0x0d,0x00,0x00,0x00,0x56,0x05,0x10,0x00,0x07,0x00,0x00,0x00,0x02,0x40,0x00,0x00,
0x00,0x00,0x00,0x00,0x01,0x00,0x00,0x00,0x02,0x00,0x00,0x00,0x03,0x00,0x00,0x00,
0x20,0x00,0x00,0x07,0x22,0x00,0x10,0x00,0x07,0x00,0x00,0x00,0x1a,0x00,0x10,0x00,
0x07,0x00,0x00,0x00,0x01,0x40,0x00,0x00,0x04,0x00,0x00,0x00,0x01,0x00,0x00,0x0a,
0xf2,0x00,0x10,0x00,0x0d,0x00,0x00,0x00,0x46,0x0e,0x10,0x00,0x0d,0x00,0x00,0x00,
0x02,0x40,0x00,0x00,0x00,0x00,0x80,0x3f,0x00,0x00,0x80,0x3f,0x00,0x00,0x80,0x3f,
0x00,0x00,0x80,0x3f,0x01,0x00,0x00,0x07,0x22,0x00,0x10,0x00,0x07,0x00,0x00,0x00,
0x1a,0x00,0x10,0x00,0x07,0x00,0x00,0x00,0x01,0x40,0x00,0x00,0x00,0x00,0x80,0x3f,
0x11,0x00,0x00,0x07,0x82,0x00,0x10,0x00,0x07,0x00,0x00,0x00,0x46,0x0e,0x10,0x00,
0x0d,0x00,0x00,0x00,0x46,0x0e,0x10,0x00,0x09,0x00,0x00,0x00,0x32,0x00,0x00,0x09,
0x82,0x00,0x10,0x00,0x02,0x00,0x00,0x00,0x1a,0x00,0x10,0x00,0x07,0x00,0x00,0x00,
0x3a,0x00,0x10,0x00,0x02,0x00,0x00,0x00,0x3a,0x00,0x10,0x00,0x07,0x00,0x00,0x00,
0x00,0x00,0x00,0x08,0x22,0x00,0x10,0x00,0x07,0x00,0x00,0x00,0x3a,0x00,0x10,0x80,
0x41,0x00,0x00,0x00,0x02,0x00,0x00,0x00,0x0a,0x00,0x10,0x00,0x07,0x00,0x00,0x00,
0x31,0x00,0x00,0x08,0x82,0x00,0x10,0x00,0x07,0x00,0x00,0x00,0x01,0x40,0x00,0x00,
0x40,0xda,0x7f,0x38,0x1a,0x00,0x10,0x80,0x81,0x00,0x00,0x00,0x07,0x00,0x00,0x00,
0x1f,0x00,0x04,0x03,0x3a,0x00,0x10,0x00,0x07,0x00,0x00,0x00,0x31,0x00,0x00,0x07,
0x82,0x00,0x10,0x00,0x07,0x00,0x00,0x00,0x01,0x40,0x00,0x00,0x00,0x00,0x00,0x00,
0x1a,0x00,0x10,0x00,0x07,0x00,0x00,0x00,0x31,0x00,0x00,0x07,0x22,0x00,0x10,0x00,
0x07,0x00,0x00,0x00,0x1a,0x00,0x10,0x00,0x07,0x00,0x00,0x00,0x01,0x40,0x00,0x00,
0x00,0x00,0x00,0x00,0x1e,0x00,0x00,0x08,0x22,0x00,0x10,0x00,0x07,0x00,0x00,0x00,
0x3a,0x00,0x10,0x80,0x41,0x00,0x00,0x00,0x07,0x00,0x00,0x00,0x1a,0x00,0x10,0x00,
0x07,0x00,0x00,0x00,0x2b,0x00,0x00,0x05,0x22,0x00,0x10,0x00,0x07,0x00,0x00,0x00,
0x1a,0x00,0x10,0x00,0x07,0x00,0x00,0x00,0x34,0x00,0x00,0x07,0x82,0x00,0x10,0x00,
0x07,0x00,0x00,0x00,0x3a,0x00,0x10,0x00,0x02,0x00,0x00,0x00,0x0a,0x00,0x10,0x00,
0x07,0x00,0x00,0x00,0x39,0x00,0x00,0x07,0x12,0x00,0x10,0x00,0x09,0x00,0x00,0x00,
0x3a,0x00,0x10,0x00,0x07,0x00,0x00,0x00,0x01,0x40,0x00,0x00,0x00,0x00,0x00,0x00,
0x33,0x00,0x00,0x07,0x82,0x00,0x10,0x00,0x02,0x00,0x00,0x00,0x3a,0x00,0x10,0x00,
0x02,0x00,0x00,0x00,0x0a,0x00,0x10,0x00,0x07,0x00,0x00,0x00,0x0e,0x00,0x00,0x07,
0x82,0x00,0x10,0x00,0x02,0x00,0x00,0x00,0x3a,0x00,0x10,0x00,0x02,0x00,0x00,0x00,
0x3a,0x00,0x10,0x00,0x07,0x00,0x00,0x00,0x01,0x00,0x00,0x07,0x82,0x00,0x10,0x00,
0x02,0x00,0x00,0x00,0x3a,0x00,0x10,0x00,0x02,0x00,0x00,0x00,0x0a,0x00,0x10,0x00,
0x09,0x00,0x00,0x00,0x00,0x00,0x00,0x08,0x82,0x00,0x10,0x00,0x02,0x00,0x00,0x00,
0x3a,0x00,0x10,0x80,0x41,0x00,0x00,0x00,0x02,0x00,0x00,0x00,0x01,0x40,0x00,0x00,
0x00,0x00,0x80,0x3f,0x38,0x00,0x00,0x07,0x82,0x00,0x10,0x00,0x02,0x00,0x00,0x00,
0x3a,0x00,0x10,0x00,0x02,0x00,0x00,0x00,0x1a,0x00,0x10,0x00,0x07,0x00,0x00,0x00,
0x31,0x00,0x00,0x09,0x12,0x00,0x10,0x00,0x07,0x00,0x00,0x00,0x3a,0x00,0x10,0x80,
0x81,0x00,0x00,0x00,0x02,0x00,0x00,0x00,0x2a,0x00,0x10,0x80,0x81,0x00,0x00,0x00,
0x02,0x00,0x00,0x00,0x37,0x00,0x00,0x09,0x42,0x00,0x10,0x00,0x02,0x00,0x00,0x00,
0x0a,0x00,0x10,0x00,0x07,0x00,0x00,0x00,0x3a,0x00,0x10,0x00,0x02,0x00,0x00,0x00,
0x2a,0x00,0x10,0x00,0x02,0x00,0x00,0x00,0x12,0x00,0x00,0x01,0x36,0x00,0x00,0x05,
0x42,0x00,0x10,0x00,0x02,0x00,0x00,0x00,0x01,0x40,0x00,0x00,0x00,0xe0,0x7f,0x47,
0x15,0x00,0x00,0x01,0x15,0x00,0x00,0x01,0x31,0x00,0x00,0x07,0x82,0x00,0x10,0x00,
0x02,0x00,0x00,0x00,0x2a,0x00,0x10,0x00,0x02,0x00,0x00,0x00,0x01,0x40,0x00,0x00,
0x00,0xdf,0x7f,0x47,0x01,0x00,0x00,0x07,0x82,0x00,0x10,0x00,0x02,0x00,0x00,0x00,
0x3a,0x00,0x10,0x00,0x02,0x00,0x00,0x00,0x01,0x40,0x00,0x00,0x00,0x00,0x80,0x3f,
0x38,0x00,0x00,0x07,0x12,0x00,0x10,0x00,0x07,0x00,0x00,0x00,0x3a,0x00,0x10,0x00,
0x02,0x00,0x00,0x00,0x2a,0x00,0x10,0x00,0x02,0x00,0x00,0x00,0x12,0x00,0x00,0x01,
0x36,0x00,0x00,0x05,0x12,0x00,0x10,0x00,0x07,0x00,0x00,0x00,0x01,0x40,0x00,0x00,
0x00,0x00,0x00,0x00,0x15,0x00,0x00,0x01,0x39,0x00,0x00,0x07,0x42,0x00,0x10,0x00,
0x02,0x00,0x00,0x00,0x0a,0x00,0x10,0x00,0x07,0x00,0x00,0x00,0x01,0x40,0x00,0x00,
0x00,0x00,0x00,0x00,0x31,0x00,0x00,0x07,0x82,0x00,0x10,0x00,0x02,0x00,0x00,0x00,
0x01,0x40,0x00,0x00,0x00,0x00,0x00,0x00,0x0a,0x00,0x10,0x00,0x07,0x00,0x00,0x00,
0x31,0x00,0x00,0x07,0x82,0x00,0x10,0x00,0x07,0x00,0x00,0x00,0x0a,0x00,0x10,0x00,
0x07,0x00,0x00,0x00,0x01,0x40,0x00,0x00,0x00,0x00,0x00,0x00,0x1e,0x00,0x00,0x08,
0x82,0x00,0x10,0x00,0x02,0x00,0x00,0x00,0x3a,0x00,0x10,0x80,0x41,0x00,0x00,0x00,
0x02,0x00,0x00,0x00,0x3a,0x00,0x10,0x00,0x07,0x00,0x00,0x00,0x2b,0x00,0x00,0x05,
0x82,0x00,0x10,0x00,0x02,0x00,0x00,0x00,0x3a,0x00,0x10,0x00,0x02,0x00,0x00,0x00,
0x01,0x00,0x00,0x07,0x22,0x00,0x10,0x00,0x07,0x00,0x00,0x00,0x3a,0x00,0x10,0x00,
0x02,0x00,0x00,0x00,0x2a,0x00,0x10,0x00,0x02,0x00,0x00,0x00,0x25,0x00,0x00,0x07,
0xf2,0x00,0x10,0x00,0x05,0x00,0x00,0x00,0x46,0x0e,0x10,0x00,0x08,0x00,0x00,0x00,
0x46,0x0e,0x10,0x00,0x05,0x00,0x00,0x00,0x24,0x00,0x00,0x0a,0xf2,0x00,0x10,0x00,
0x05,0x00,0x00,0x00,0xe6,0x04,0x10,0x00,0x05,0x00,0x00,0x00,0x02,0x40,0x00,0x00,
0x00,0x00,0x00,0x00,0x00,0x00,0x00,0x00,0x00,0x00,0x00,0x00,0x00,0x00,0x00,0x00,
0x36,0x00,0x00,0x05,0x32,0x00,0x10,0x00,0x09,0x00,0x00,0x00,0xe6,0x0a,0x10,0x00,
0x05,0x00,0x00,0x00,0x36,0x00,0x00,0x08,0xc2,0x00,0x10,0x00,0x09,0x00,0x00,0x00,
0x02,0x40,0x00,0x00,0x00,0x00,0x00,0x00,0x00,0x00,0x00,0x00,0x00,0x00,0x00,0x00,
0x00,0x00,0x00,0x00,0x2d,0x00,0x00,0x89,0xc2,0x00,0x00,0x80,0x43,0x55,0x15,0x00,
0xc2,0x00,0x10,0x00,0x02,0x00,0x00,0x00,0x46,0x0e,0x10,0x00,0x09,0x00,0x00,0x00,
0xe6,0x74,0x10,0x00,0x02,0x00,0x00,0x00,0x2b,0x00,0x00,0x05,0xf2,0x00,0x10,0x00,
0x09,0x00,0x00,0x00,0xe6,0x04,0x10,0x00,0x05,0x00,0x00,0x00,0x00,0x00,0x00,0x0a,
0xf2,0x00,0x10,0x00,0x09,0x00,0x00,0x00,0x46,0x0e,0x10,0x00,0x09,0x00,0x00,0x00,
0x02,0x40,0x00,0x00,0x00,0x00,0x00,0x3f,0x00,0x00,0x00,0x3f,0x00,0x00,0x00,0x3f,
0x00,0x00,0x00,0x3f,0x0e,0x00,0x00,0x07,0xf2,0x00,0x10,0x00,0x09,0x00,0x00,0x00,
0x46,0x0e,0x10,0x00,0x09,0x00,0x00,0x00,0x46,0x04,0x10,0x00,0x0a,0x00,0x00,0x00,
0x00,0x00,0x00,0x07,0xf2,0x00,0x10,0x00,0x0d,0x00,0x00,0x00,0xe6,0x0e,0x10,0x00,
0x0b,0x00,0x00,0x00,0x46,0x0e,0x10,0x00,0x09,0x00,0x00,0x00,0x00,0x00,0x00,0x07,
0xf2,0x00,0x10,0x00,0x0e,0x00,0x00,0x00,0xe6,0x0e,0x10,0x00,0x02,0x00,0x00,0x00,
0x46,0x04,0x10,0x00,0x0d,0x00,0x00,0x00,0x1d,0x00,0x00,0x0a,0xc2,0x00,0x10,0x00,
0x02,0x00,0x00,0x00,0xa6,0x0e,0x10,0x00,0x0e,0x00,0x00,0x00,0x02,0x40,0x00,0x00,
0x00,0x00,0x00,0x00,0x00,0x00,0x00,0x00,0x00,0x00,0x00,0x00,0x00,0x00,0x00,0x00,
0x1d,0x00,0x00,0x0a,0x32,0x00,0x10,0x00,0x0c,0x00,0x00,0x00,0x02,0x40,0x00,0x00,
0x00,0x00,0x80,0x3f,0x00,0x00,0x80,0x3f,0x00,0x00,0x00,0x00,0x00,0x00,0x00,0x00,
0xe6,0x0a,0x10,0x00,0x0e,0x00,0x00,0x00,0x01,0x00,0x00,0x07,0xc2,0x00,0x10,0x00,
0x02,0x00,0x00,0x00,0xa6,0x0e,0x10,0x00,0x02,0x00,0x00,0x00,0x06,0x04,0x10,0x00,
0x0c,0x00,0x00,0x00,0x01,0x00,0x00,0x07,0x42,0x00,0x10,0x00,0x02,0x00,0x00,0x00,
0x3a,0x00,0x10,0x00,0x02,0x00,0x00,0x00,0x2a,0x00,0x10,0x00,0x02,0x00,0x00,0x00,
0x1f,0x00,0x04,0x03,0x2a,0x00,0x10,0x00,0x02,0x00,0x00,0x00,0x38,0x00,0x00,0x07,
0xf2,0x00,0x10,0x00,0x0e,0x00,0x00,0x00,0xe6,0x0e,0x10,0x00,0x0a,0x00,0x00,0x00,
0x46,0x0e,0x10,0x00,0x0e,0x00,0x00,0x00,0x41,0x00,0x00,0x05,0xf2,0x00,0x10,0x00,
0x0e,0x00,0x00,0x00,0x46,0x0e,0x10,0x00,0x0e,0x00,0x00,0x00,0x1b,0x00,0x00,0x05,
0xf2,0x00,0x10,0x00,0x0e,0x00,0x00,0x00,0x46,0x0e,0x10,0x00,0x0e,0x00,0x00,0x00,
0x1e,0x00,0x00,0x0b,0xf2,0x00,0x10,0x00,0x0f,0x00,0x00,0x00,0xe6,0x8e,0x20,0x00,
0x00,0x00,0x00,0x00,0x00,0x00,0x00,0x00,0x02,0x40,0x00,0x00,0xff,0xff,0xff,0xff,
0xff,0xff,0xff,0xff,0xff,0xff,0xff,0xff,0xff,0xff,0xff,0xff,0x25,0x00,0x00,0x07,
0xc2,0x00,0x10,0x00,0x02,0x00,0x00,0x00,0xa6,0x0e,0x10,0x00,0x0e,0x00,0x00,0x00,
0xa6,0x0e,0x10,0x00,0x0f,0x00,0x00,0x00,0x24,0x00,0x00,0x0a,0x32,0x00,0x10,0x00,
0x10,0x00,0x00,0x00,0xe6,0x0a,0x10,0x00,0x02,0x00,0x00,0x00,0x02,0x40,0x00,0x00,
0x00,0x00,0x00,0x00,0x00,0x00,0x00,0x00,0x00,0x00,0x00,0x00,0x00,0x00,0x00,0x00,
0x36,0x00,0x00,0x08,0xc2,0x00,0x10,0x00,0x10,0x00,0x00,0x00,0x02,0x40,0x00,0x00,
0x00,0x00,0x00,0x00,0x00,0x00,0x00,0x00,0x00,0x00,0x00,0x00,0x00,0x00,0x00,0x00,
0x2d,0x00,0x00,0x89,0xc2,0x00,0x00,0x80,0x43,0x55,0x15,0x00,0x42,0x00,0x10,0x00,
0x02,0x00,0x00,0x00,0x46,0x0e,0x10,0x00,0x10,0x00,0x00,0x00,0x96,0x7c,0x10,0x00,
0x01,0x00,0x00,0x00,0x38,0x00,0x00,0x08,0x42,0x00,0x10,0x00,0x02,0x00,0x00,0x00,
0x2a,0x00,0x10,0x00,0x02,0x00,0x00,0x00,0x1a,0x80,0x20,0x00,0x00,0x00,0x00,0x00,
0x07,0x00,0x00,0x00,0x38,0x00,0x00,0x07,0x42,0x00,0x10,0x00,0x02,0x00,0x00,0x00,
0x2a,0x00,0x10,0x00,0x07,0x00,0x00,0x00,0x2a,0x00,0x10,0x00,0x02,0x00,0x00,0x00,
0x34,0x00,0x00,0x07,0x42,0x00,0x10,0x00,0x02,0x00,0x00,0x00,0x2a,0x00,0x10,0x00,
0x02,0x00,0x00,0x00,0x01,0x40,0x00,0x00,0x40,0xda,0x7f,0x38,0x1e,0x00,0x00,0x0a,
0xf2,0x00,0x10,0x00,0x10,0x00,0x00,0x00,0xe6,0x0e,0x10,0x00,0x0e,0x00,0x00,0x00,
0x02,0x40,0x00,0x00,0xff,0xff,0xff,0xff,0x00,0x00,0x00,0x00,0x01,0x00,0x00,0x00,
0x00,0x00,0x00,0x00,0x25,0x00,0x00,0x07,0xf2,0x00,0x10,0x00,0x10,0x00,0x00,0x00,
0x46,0x0e,0x10,0x00,0x0f,0x00,0x00,0x00,0x46,0x0e,0x10,0x00,0x10,0x00,0x00,0x00,
0x24,0x00,0x00,0x0a,0xf2,0x00,0x10,0x00,0x10,0x00,0x00,0x00,0xe6,0x04,0x10,0x00,
0x10,0x00,0x00,0x00,0x02,0x40,0x00,0x00,0x00,0x00,0x00,0x00,0x00,0x00,0x00,0x00,
0x00,0x00,0x00,0x00,0x00,0x00,0x00,0x00,0x36,0x00,0x00,0x05,0x32,0x00,0x10,0x00,
0x11,0x00,0x00,0x00,0xe6,0x0a,0x10,0x00,0x10,0x00,0x00,0x00,0x36,0x00,0x00,0x08,
0xc2,0x00,0x10,0x00,0x11,0x00,0x00,0x00,0x02,0x40,0x00,0x00,0x00,0x00,0x00,0x00,
0x00,0x00,0x00,0x00,0x00,0x00,0x00,0x00,0x00,0x00,0x00,0x00,0x2d,0x00,0x00,0x89,
0xc2,0x00,0x00,0x80,0x43,0x55,0x15,0x00,0x82,0x00,0x10,0x00,0x02,0x00,0x00,0x00,
0x46,0x0e,0x10,0x00,0x11,0x00,0x00,0x00,0x96,0x73,0x10,0x00,0x01,0x00,0x00,0x00,
0x38,0x00,0x00,0x08,0x82,0x00,0x10,0x00,0x02,0x00,0x00,0x00,0x3a,0x00,0x10,0x00,
0x02,0x00,0x00,0x00,0x1a,0x80,0x20,0x00,0x00,0x00,0x00,0x00,0x07,0x00,0x00,0x00,
0x38,0x00,0x00,0x07,0x82,0x00,0x10,0x00,0x02,0x00,0x00,0x00,0x2a,0x00,0x10,0x00,
0x07,0x00,0x00,0x00,0x3a,0x00,0x10,0x00,0x02,0x00,0x00,0x00,0x34,0x00,0x00,0x07,
0x82,0x00,0x10,0x00,0x02,0x00,0x00,0x00,0x3a,0x00,0x10,0x00,0x02,0x00,0x00,0x00,
0x01,0x40,0x00,0x00,0x40,0xda,0x7f,0x38,0x36,0x00,0x00,0x08,0xc2,0x00,0x10,0x00,
0x10,0x00,0x00,0x00,0x02,0x40,0x00,0x00,0x00,0x00,0x00,0x00,0x00,0x00,0x00,0x00,
0x00,0x00,0x00,0x00,0x00,0x00,0x00,0x00,0x2d,0x00,0x00,0x89,0xc2,0x00,0x00,0x80,
0x43,0x55,0x15,0x00,0x82,0x00,0x10,0x00,0x07,0x00,0x00,0x00,0x46,0x0e,0x10,0x00,
0x10,0x00,0x00,0x00,0x96,0x73,0x10,0x00,0x01,0x00,0x00,0x00,0x38,0x00,0x00,0x08,
0x82,0x00,0x10,0x00,0x07,0x00,0x00,0x00,0x3a,0x00,0x10,0x00,0x07,0x00,0x00,0x00,
0x1a,0x80,0x20,0x00,0x00,0x00,0x00,0x00,0x07,0x00,0x00,0x00,0x38,0x00,0x00,0x07,
0x82,0x00,0x10,0x00,0x07,0x00,0x00,0x00,0x2a,0x00,0x10,0x00,0x07,0x00,0x00,0x00,
0x3a,0x00,0x10,0x00,0x07,0x00,0x00,0x00,0x34,0x00,0x00,0x07,0x82,0x00,0x10,0x00,
0x07,0x00,0x00,0x00,0x3a,0x00,0x10,0x00,0x07,0x00,0x00,0x00,0x01,0x40,0x00,0x00,
0x40,0xda,0x7f,0x38,0x1e,0x00,0x00,0x0a,0xf2,0x00,0x10,0x00,0x0e,0x00,0x00,0x00,
0x46,0x0e,0x10,0x00,0x0e,0x00,0x00,0x00,0x02,0x40,0x00,0x00,0x00,0x00,0x00,0x00,
0xff,0xff,0xff,0xff,0x00,0x00,0x00,0x00,0x01,0x00,0x00,0x00,0x25,0x00,0x00,0x07,
0xf2,0x00,0x10,0x00,0x0e,0x00,0x00,0x00,0x46,0x0e,0x10,0x00,0x0f,0x00,0x00,0x00,
0x46,0x0e,0x10,0x00,0x0e,0x00,0x00,0x00,0x24,0x00,0x00,0x0a,0xf2,0x00,0x10,0x00,
0x0e,0x00,0x00,0x00,0xe6,0x04,0x10,0x00,0x0e,0x00,0x00,0x00,0x02,0x40,0x00,0x00,
0x00,0x00,0x00,0x00,0x00,0x00,0x00,0x00,0x00,0x00,0x00,0x00,0x00,0x00,0x00,0x00,
0x36,0x00,0x00,0x05,0x32,0x00,0x10,0x00,0x0f,0x00,0x00,0x00,0xe6,0x0a,0x10,0x00,
0x0e,0x00,0x00,0x00,0x36,0x00,0x00,0x08,0xc2,0x00,0x10,0x00,0x0f,0x00,0x00,0x00,
0x02,0x40,0x00,0x00,0x00,0x00,0x00,0x00,0x00,0x00,0x00,0x00,0x00,0x00,0x00,0x00,
0x00,0x00,0x00,0x00,0x2d,0x00,0x00,0x89,0xc2,0x00,0x00,0x80,0x43,0x55,0x15,0x00,
0x12,0x00,0x10,0x00,0x0c,0x00,0x00,0x00,0x46,0x0e,0x10,0x00,0x0f,0x00,0x00,0x00,
0x46,0x7e,0x10,0x00,0x01,0x00,0x00,0x00,0x38,0x00,0x00,0x08,0x12,0x00,0x10,0x00,
0x0c,0x00,0x00,0x00,0x0a,0x00,0x10,0x00,0x0c,0x00,0x00,0x00,0x1a,0x80,0x20,0x00,
0x00,0x00,0x00,0x00,0x07,0x00,0x00,0x00,0x38,0x00,0x00,0x07,0x12,0x00,0x10,0x00,
0x0c,0x00,0x00,0x00,0x2a,0x00,0x10,0x00,0x07,0x00,0x00,0x00,0x0a,0x00,0x10,0x00,
0x0c,0x00,0x00,0x00,0x34,0x00,0x00,0x07,0x12,0x00,0x10,0x00,0x0c,0x00,0x00,0x00,
0x0a,0x00,0x10,0x00,0x0c,0x00,0x00,0x00,0x01,0x40,0x00,0x00,0x40,0xda,0x7f,0x38,
0x36,0x00,0x00,0x08,0xc2,0x00,0x10,0x00,0x0e,0x00,0x00,0x00,0x02,0x40,0x00,0x00,
0x00,0x00,0x00,0x00,0x00,0x00,0x00,0x00,0x00,0x00,0x00,0x00,0x00,0x00,0x00,0x00,
0x2d,0x00,0x00,0x89,0xc2,0x00,0x00,0x80,0x43,0x55,0x15,0x00,0x22,0x00,0x10,0x00,
0x0c,0x00,0x00,0x00,0x46,0x0e,0x10,0x00,0x0e,0x00,0x00,0x00,0x16,0x7e,0x10,0x00,
0x01,0x00,0x00,0x00,0x38,0x00,0x00,0x08,0x22,0x00,0x10,0x00,0x0c,0x00,0x00,0x00,
0x1a,0x00,0x10,0x00,0x0c,0x00,0x00,0x00,0x1a,0x80,0x20,0x00,0x00,0x00,0x00,0x00,
0x07,0x00,0x00,0x00,0x38,0x00,0x00,0x07,0x22,0x00,0x10,0x00,0x0c,0x00,0x00,0x00,
0x2a,0x00,0x10,0x00,0x07,0x00,0x00,0x00,0x1a,0x00,0x10,0x00,0x0c,0x00,0x00,0x00,
0x34,0x00,0x00,0x07,0x22,0x00,0x10,0x00,0x0c,0x00,0x00,0x00,0x1a,0x00,0x10,0x00,
0x0c,0x00,0x00,0x00,0x01,0x40,0x00,0x00,0x40,0xda,0x7f,0x38,0x00,0x00,0x00,0x07,
0xf2,0x00,0x10,0x00,0x0e,0x00,0x00,0x00,0x46,0x04,0x10,0x00,0x0b,0x00,0x00,0x00,
0x46,0x04,0x10,0x00,0x09,0x00,0x00,0x00,0x38,0x00,0x00,0x07,0xf2,0x00,0x10,0x00,
0x0e,0x00,0x00,0x00,0x46,0x04,0x10,0x00,0x0a,0x00,0x00,0x00,0x46,0x0e,0x10,0x00,
0x0e,0x00,0x00,0x00,0x41,0x00,0x00,0x05,0xf2,0x00,0x10,0x00,0x0e,0x00,0x00,0x00,
0x46,0x0e,0x10,0x00,0x0e,0x00,0x00,0x00,0x1b,0x00,0x00,0x05,0xf2,0x00,0x10,0x00,
0x0e,0x00,0x00,0x00,0x46,0x0e,0x10,0x00,0x0e,0x00,0x00,0x00,0x25,0x00,0x00,0x07,
0x32,0x00,0x10,0x00,0x09,0x00,0x00,0x00,0xe6,0x0a,0x10,0x00,0x08,0x00,0x00,0x00,
0xe6,0x0a,0x10,0x00,0x0e,0x00,0x00,0x00,0x24,0x00,0x00,0x0a,0x32,0x00,0x10,0x00,
0x0f,0x00,0x00,0x00,0x46,0x00,0x10,0x00,0x09,0x00,0x00,0x00,0x02,0x40,0x00,0x00,
0x00,0x00,0x00,0x00,0x00,0x00,0x00,0x00,0x00,0x00,0x00,0x00,0x00,0x00,0x00,0x00,
0x36,0x00,0x00,0x08,0xc2,0x00,0x10,0x00,0x0f,0x00,0x00,0x00,0x02,0x40,0x00,0x00,
0x00,0x00,0x00,0x00,0x00,0x00,0x00,0x00,0x00,0x00,0x00,0x00,0x00,0x00,0x00,0x00,
0x2d,0x00,0x00,0x89,0xc2,0x00,0x00,0x80,0x43,0x55,0x15,0x00,0x12,0x00,0x10,0x00,
0x09,0x00,0x00,0x00,0x46,0x0e,0x10,0x00,0x0f,0x00,0x00,0x00,0x46,0x7e,0x10,0x00,
0x00,0x00,0x00,0x00,0x38,0x00,0x00,0x07,0x12,0x00,0x10,0x00,0x09,0x00,0x00,0x00,
0x2a,0x00,0x10,0x00,0x07,0x00,0x00,0x00,0x0a,0x00,0x10,0x00,0x09,0x00,0x00,0x00,
0x34,0x00,0x00,0x07,0x12,0x00,0x10,0x00,0x09,0x00,0x00,0x00,0x0a,0x00,0x10,0x00,
0x09,0x00,0x00,0x00,0x01,0x40,0x00,0x00,0x40,0xda,0x7f,0x38,0x1e,0x00,0x00,0x0a,
0xf2,0x00,0x10,0x00,0x0f,0x00,0x00,0x00,0xe6,0x0e,0x10,0x00,0x0e,0x00,0x00,0x00,
0x02,0x40,0x00,0x00,0xff,0xff,0xff,0xff,0x00,0x00,0x00,0x00,0x01,0x00,0x00,0x00,
0x00,0x00,0x00,0x00,0x25,0x00,0x00,0x07,0xf2,0x00,0x10,0x00,0x0f,0x00,0x00,0x00,
0x46,0x0e,0x10,0x00,0x08,0x00,0x00,0x00,0x46,0x0e,0x10,0x00,0x0f,0x00,0x00,0x00,
0x24,0x00,0x00,0x0a,0xf2,0x00,0x10,0x00,0x0f,0x00,0x00,0x00,0xe6,0x04,0x10,0x00,
0x0f,0x00,0x00,0x00,0x02,0x40,0x00,0x00,0x00,0x00,0x00,0x00,0x00,0x00,0x00,0x00,
0x00,0x00,0x00,0x00,0x00,0x00,0x00,0x00,0x36,0x00,0x00,0x05,0x32,0x00,0x10,0x00,
0x10,0x00,0x00,0x00,0xe6,0x0a,0x10,0x00,0x0f,0x00,0x00,0x00,0x36,0x00,0x00,0x08,
0xc2,0x00,0x10,0x00,0x10,0x00,0x00,0x00,0x02,0x40,0x00,0x00,0x00,0x00,0x00,0x00,
0x00,0x00,0x00,0x00,0x00,0x00,0x00,0x00,0x00,0x00,0x00,0x00,0x2d,0x00,0x00,0x89,
0xc2,0x00,0x00,0x80,0x43,0x55,0x15,0x00,0x22,0x00,0x10,0x00,0x09,0x00,0x00,0x00,
0x46,0x0e,0x10,0x00,0x10,0x00,0x00,0x00,0x16,0x7e,0x10,0x00,0x00,0x00,0x00,0x00,
0x38,0x00,0x00,0x07,0x22,0x00,0x10,0x00,0x09,0x00,0x00,0x00,0x2a,0x00,0x10,0x00,
0x07,0x00,0x00,0x00,0x1a,0x00,0x10,0x00,0x09,0x00,0x00,0x00,0x34,0x00,0x00,0x07,
0x22,0x00,0x10,0x00,0x09,0x00,0x00,0x00,0x1a,0x00,0x10,0x00,0x09,0x00,0x00,0x00,
0x01,0x40,0x00,0x00,0x40,0xda,0x7f,0x38,0x36,0x00,0x00,0x08,0xc2,0x00,0x10,0x00,
0x0f,0x00,0x00,0x00,0x02,0x40,0x00,0x00,0x00,0x00,0x00,0x00,0x00,0x00,0x00,0x00,
0x00,0x00,0x00,0x00,0x00,0x00,0x00,0x00,0x2d,0x00,0x00,0x89,0xc2,0x00,0x00,0x80,
0x43,0x55,0x15,0x00,0x12,0x00,0x10,0x00,0x0d,0x00,0x00,0x00,0x46,0x0e,0x10,0x00,
0x0f,0x00,0x00,0x00,0x46,0x7e,0x10,0x00,0x00,0x00,0x00,0x00,0x38,0x00,0x00,0x07,
0x12,0x00,0x10,0x00,0x0d,0x00,0x00,0x00,0x2a,0x00,0x10,0x00,0x07,0x00,0x00,0x00,
0x0a,0x00,0x10,0x00,0x0d,0x00,0x00,0x00,0x34,0x00,0x00,0x07,0x12,0x00,0x10,0x00,
0x0d,0x00,0x00,0x00,0x0a,0x00,0x10,0x00,0x0d,0x00,0x00,0x00,0x01,0x40,0x00,0x00,
0x40,0xda,0x7f,0x38,0x1e,0x00,0x00,0x0a,0xf2,0x00,0x10,0x00,0x0e,0x00,0x00,0x00,
0x46,0x0e,0x10,0x00,0x0e,0x00,0x00,0x00,0x02,0x40,0x00,0x00,0x00,0x00,0x00,0x00,
0xff,0xff,0xff,0xff,0x00,0x00,0x00,0x00,0x01,0x00,0x00,0x00,0x25,0x00,0x00,0x07,
0xf2,0x00,0x10,0x00,0x0e,0x00,0x00,0x00,0x46,0x0e,0x10,0x00,0x08,0x00,0x00,0x00,
0x46,0x0e,0x10,0x00,0x0e,0x00,0x00,0x00,0x24,0x00,0x00,0x0a,0xf2,0x00,0x10,0x00,
0x0e,0x00,0x00,0x00,0xe6,0x04,0x10,0x00,0x0e,0x00,0x00,0x00,0x02,0x40,0x00,0x00,
0x00,0x00,0x00,0x00,0x00,0x00,0x00,0x00,0x00,0x00,0x00,0x00,0x00,0x00,0x00,0x00,
0x36,0x00,0x00,0x05,0x32,0x00,0x10,0x00,0x0f,0x00,0x00,0x00,0xe6,0x0a,0x10,0x00,
0x0e,0x00,0x00,0x00,0x36,0x00,0x00,0x08,0xc2,0x00,0x10,0x00,0x0f,0x00,0x00,0x00,
0x02,0x40,0x00,0x00,0x00,0x00,0x00,0x00,0x00,0x00,0x00,0x00,0x00,0x00,0x00,0x00,
0x00,0x00,0x00,0x00,0x2d,0x00,0x00,0x89,0xc2,0x00,0x00,0x80,0x43,0x55,0x15,0x00,
0x22,0x00,0x10,0x00,0x0d,0x00,0x00,0x00,0x46,0x0e,0x10,0x00,0x0f,0x00,0x00,0x00,
0x16,0x7e,0x10,0x00,0x00,0x00,0x00,0x00,0x38,0x00,0x00,0x07,0x22,0x00,0x10,0x00,
0x0d,0x00,0x00,0x00,0x2a,0x00,0x10,0x00,0x07,0x00,0x00,0x00,0x1a,0x00,0x10,0x00,
0x0d,0x00,0x00,0x00,0x34,0x00,0x00,0x07,0x22,0x00,0x10,0x00,0x0d,0x00,0x00,0x00,
0x1a,0x00,0x10,0x00,0x0d,0x00,0x00,0x00,0x01,0x40,0x00,0x00,0x40,0xda,0x7f,0x38,
0x36,0x00,0x00,0x08,0xc2,0x00,0x10,0x00,0x0e,0x00,0x00,0x00,0x02,0x40,0x00,0x00,
0x00,0x00,0x00,0x00,0x00,0x00,0x00,0x00,0x00,0x00,0x00,0x00,0x00,0x00,0x00,0x00,
0x2d,0x00,0x00,0x89,0xc2,0x00,0x00,0x80,0x43,0x55,0x15,0x00,0x12,0x00,0x10,0x00,
0x0e,0x00,0x00,0x00,0x46,0x0e,0x10,0x00,0x0e,0x00,0x00,0x00,0x46,0x7e,0x10,0x00,
0x00,0x00,0x00,0x00,0x38,0x00,0x00,0x07,0x12,0x00,0x10,0x00,0x0e,0x00,0x00,0x00,
0x2a,0x00,0x10,0x00,0x07,0x00,0x00,0x00,0x0a,0x00,0x10,0x00,0x0e,0x00,0x00,0x00,
0x34,0x00,0x00,0x07,0x12,0x00,0x10,0x00,0x0e,0x00,0x00,0x00,0x0a,0x00,0x10,0x00,
0x0e,0x00,0x00,0x00,0x01,0x40,0x00,0x00,0x40,0xda,0x7f,0x38,0x33,0x00,0x00,0x07,
0x22,0x00,0x10,0x00,0x0e,0x00,0x00,0x00,0x0a,0x00,0x10,0x00,0x09,0x00,0x00,0x00,
0x1a,0x00,0x10,0x00,0x0d,0x00,0x00,0x00,0x34,0x00,0x00,0x07,0x12,0x00,0x10,0x00,
0x09,0x00,0x00,0x00,0x0a,0x00,0x10,0x00,0x09,0x00,0x00,0x00,0x1a,0x00,0x10,0x00,
0x0d,0x00,0x00,0x00,0x33,0x00,0x00,0x07,0x22,0x00,0x10,0x00,0x0d,0x00,0x00,0x00,
0x1a,0x00,0x10,0x00,0x09,0x00,0x00,0x00,0x0a,0x00,0x10,0x00,0x0e,0x00,0x00,0x00,
0x34,0x00,0x00,0x07,0x22,0x00,0x10,0x00,0x09,0x00,0x00,0x00,0x1a,0x00,0x10,0x00,
0x09,0x00,0x00,0x00,0x0a,0x00,0x10,0x00,0x0e,0x00,0x00,0x00,0x34,0x00,0x00,0x07,
0x12,0x00,0x10,0x00,0x0e,0x00,0x00,0x00,0x0a,0x00,0x10,0x00,0x0d,0x00,0x00,0x00,
0x1a,0x00,0x10,0x00,0x0e,0x00,0x00,0x00,0x34,0x00,0x00,0x07,0x42,0x00,0x10,0x00,
0x0e,0x00,0x00,0x00,0x0a,0x00,0x10,0x00,0x09,0x00,0x00,0x00,0x1a,0x00,0x10,0x00,
0x0d,0x00,0x00,0x00,0x34,0x00,0x00,0x07,0x82,0x00,0x10,0x00,0x0e,0x00,0x00,0x00,
0x1a,0x00,0x10,0x00,0x09,0x00,0x00,0x00,0x0a,0x00,0x10,0x00,0x0e,0x00,0x00,0x00,
0x34,0x00,0x00,0x07,0x12,0x00,0x10,0x00,0x0f,0x00,0x00,0x00,0x3a,0x00,0x10,0x00,
0x0e,0x00,0x00,0x00,0x2a,0x00,0x10,0x00,0x0e,0x00,0x00,0x00,0x33,0x00,0x00,0x07,
0x22,0x00,0x10,0x00,0x0f,0x00,0x00,0x00,0x2a,0x00,0x10,0x00,0x02,0x00,0x00,0x00,
0x0a,0x00,0x10,0x00,0x0c,0x00,0x00,0x00,0x34,0x00,0x00,0x07,0x42,0x00,0x10,0x00,
0x02,0x00,0x00,0x00,0x2a,0x00,0x10,0x00,0x02,0x00,0x00,0x00,0x0a,0x00,0x10,0x00,
0x0c,0x00,0x00,0x00,0x33,0x00,0x00,0x07,0x12,0x00,0x10,0x00,0x0c,0x00,0x00,0x00,
0x3a,0x00,0x10,0x00,0x02,0x00,0x00,0x00,0x1a,0x00,0x10,0x00,0x0c,0x00,0x00,0x00,
0x34,0x00,0x00,0x07,0x82,0x00,0x10,0x00,0x02,0x00,0x00,0x00,0x3a,0x00,0x10,0x00,
0x02,0x00,0x00,0x00,0x1a,0x00,0x10,0x00,0x0c,0x00,0x00,0x00,0x34,0x00,0x00,0x07,
0x22,0x00,0x10,0x00,0x0c,0x00,0x00,0x00,0x3a,0x00,0x10,0x00,0x07,0x00,0x00,0x00,
0x1a,0x00,0x10,0x00,0x0f,0x00,0x00,0x00,0x34,0x00,0x00,0x07,0xc2,0x00,0x10,0x00,
0x0f,0x00,0x00,0x00,0xa6,0x0e,0x10,0x00,0x02,0x00,0x00,0x00,0x06,0x04,0x10,0x00,
0x0c,0x00,0x00,0x00,0x33,0x00,0x00,0x07,0x12,0x00,0x10,0x00,0x0d,0x00,0x00,0x00,
0x0a,0x00,0x10,0x00,0x0d,0x00,0x00,0x00,0x1a,0x00,0x10,0x00,0x0e,0x00,0x00,0x00,
0x33,0x00,0x00,0x07,0x12,0x00,0x10,0x00,0x09,0x00,0x00,0x00,0x0a,0x00,0x10,0x00,
0x09,0x00,0x00,0x00,0x1a,0x00,0x10,0x00,0x0d,0x00,0x00,0x00,0x33,0x00,0x00,0x07,
0x12,0x00,0x10,0x00,0x10,0x00,0x00,0x00,0x0a,0x00,0x10,0x00,0x09,0x00,0x00,0x00,
0x0a,0x00,0x10,0x00,0x0d,0x00,0x00,0x00,0x34,0x00,0x00,0x07,0x12,0x00,0x10,0x00,
0x09,0x00,0x00,0x00,0x0a,0x00,0x10,0x00,0x09,0x00,0x00,0x00,0x0a,0x00,0x10,0x00,
0x0d,0x00,0x00,0x00,0x33,0x00,0x00,0x07,0x22,0x00,0x10,0x00,0x09,0x00,0x00,0x00,
0x1a,0x00,0x10,0x00,0x09,0x00,0x00,0x00,0x0a,0x00,0x10,0x00,0x0e,0x00,0x00,0x00,
0x33,0x00,0x00,0x07,0x22,0x00,0x10,0x00,0x10,0x00,0x00,0x00,0x1a,0x00,0x10,0x00,
0x09,0x00,0x00,0x00,0x0a,0x00,0x10,0x00,0x09,0x00,0x00,0x00,0x34,0x00,0x00,0x07,
0x12,0x00,0x10,0x00,0x09,0x00,0x00,0x00,0x1a,0x00,0x10,0x00,0x09,0x00,0x00,0x00,
0x0a,0x00,0x10,0x00,0x09,0x00,0x00,0x00,0x33,0x00,0x00,0x07,0x22,0x00,0x10,0x00,
0x09,0x00,0x00,0x00,0x3a,0x00,0x10,0x00,0x0e,0x00,0x00,0x00,0x2a,0x00,0x10,0x00,
0x0e,0x00,0x00,0x00,0x33,0x00,0x00,0x07,0x42,0x00,0x10,0x00,0x10,0x00,0x00,0x00,
0x1a,0x00,0x10,0x00,0x09,0x00,0x00,0x00,0x0a,0x00,0x10,0x00,0x09,0x00,0x00,0x00,
0x34,0x00,0x00,0x07,0x82,0x00,0x10,0x00,0x10,0x00,0x00,0x00,0x1a,0x00,0x10,0x00,
0x09,0x00,0x00,0x00,0x0a,0x00,0x10,0x00,0x09,0x00,0x00,0x00,0x33,0x00,0x00,0x07,
0x82,0x00,0x10,0x00,0x07,0x00,0x00,0x00,0x3a,0x00,0x10,0x00,0x07,0x00,0x00,0x00,
0x1a,0x00,0x10,0x00,0x0f,0x00,0x00,0x00,0x33,0x00,0x00,0x07,0xc2,0x00,0x10,0x00,
0x02,0x00,0x00,0x00,0xa6,0x0e,0x10,0x00,0x02,0x00,0x00,0x00,0x06,0x04,0x10,0x00,
0x0c,0x00,0x00,0x00,0x33,0x00,0x00,0x07,0x12,0x00,0x10,0x00,0x0e,0x00,0x00,0x00,
0x2a,0x00,0x10,0x00,0x02,0x00,0x00,0x00,0x3a,0x00,0x10,0x00,0x07,0x00,0x00,0x00,
0x34,0x00,0x00,0x07,0x42,0x00,0x10,0x00,0x02,0x00,0x00,0x00,0x2a,0x00,0x10,0x00,
0x02,0x00,0x00,0x00,0x3a,0x00,0x10,0x00,0x07,0x00,0x00,0x00,0x33,0x00,0x00,0x07,
0x22,0x00,0x10,0x00,0x0e,0x00,0x00,0x00,0x3a,0x00,0x10,0x00,0x02,0x00,0x00,0x00,
0x2a,0x00,0x10,0x00,0x02,0x00,0x00,0x00,0x34,0x00,0x00,0x07,0x42,0x00,0x10,0x00,
0x02,0x00,0x00,0x00,0x3a,0x00,0x10,0x00,0x02,0x00,0x00,0x00,0x2a,0x00,0x10,0x00,
0x02,0x00,0x00,0x00,0x33,0x00,0x00,0x07,0x82,0x00,0x10,0x00,0x02,0x00,0x00,0x00,
0x3a,0x00,0x10,0x00,0x0f,0x00,0x00,0x00,0x2a,0x00,0x10,0x00,0x0f,0x00,0x00,0x00,
0x33,0x00,0x00,0x07,0x42,0x00,0x10,0x00,0x0e,0x00,0x00,0x00,0x3a,0x00,0x10,0x00,
0x02,0x00,0x00,0x00,0x2a,0x00,0x10,0x00,0x02,0x00,0x00,0x00,0x34,0x00,0x00,0x07,
0x82,0x00,0x10,0x00,0x0e,0x00,0x00,0x00,0x3a,0x00,0x10,0x00,0x02,0x00,0x00,0x00,
0x2a,0x00,0x10,0x00,0x02,0x00,0x00,0x00,0x00,0x00,0x00,0x08,0x42,0x00,0x10,0x00,
0x02,0x00,0x00,0x00,0x0a,0x00,0x10,0x80,0x41,0x00,0x00,0x00,0x0e,0x00,0x00,0x00,
0x0a,0x00,0x10,0x00,0x10,0x00,0x00,0x00,0x31,0x00,0x00,0x08,0x82,0x00,0x10,0x00,
0x02,0x00,0x00,0x00,0x01,0x40,0x00,0x00,0x40,0xda,0x7f,0x38,0x2a,0x00,0x10,0x80,
0x81,0x00,0x00,0x00,0x02,0x00,0x00,0x00,0x1f,0x00,0x04,0x03,0x3a,0x00,0x10,0x00,
0x02,0x00,0x00,0x00,0x31,0x00,0x00,0x07,0x82,0x00,0x10,0x00,0x02,0x00,0x00,0x00,
0x01,0x40,0x00,0x00,0x00,0x00,0x00,0x00,0x2a,0x00,0x10,0x00,0x02,0x00,0x00,0x00,
0x31,0x00,0x00,0x07,0x42,0x00,0x10,0x00,0x02,0x00,0x00,0x00,0x2a,0x00,0x10,0x00,
0x02,0x00,0x00,0x00,0x01,0x40,0x00,0x00,0x00,0x00,0x00,0x00,0x1e,0x00,0x00,0x08,
0x42,0x00,0x10,0x00,0x02,0x00,0x00,0x00,0x3a,0x00,0x10,0x80,0x41,0x00,0x00,0x00,
0x02,0x00,0x00,0x00,0x2a,0x00,0x10,0x00,0x02,0x00,0x00,0x00,0x2b,0x00,0x00,0x05,
0x42,0x00,0x10,0x00,0x02,0x00,0x00,0x00,0x2a,0x00,0x10,0x00,0x02,0x00,0x00,0x00,
0x34,0x00,0x00,0x07,0x82,0x00,0x10,0x00,0x02,0x00,0x00,0x00,0x0a,0x00,0x10,0x00,
0x0e,0x00,0x00,0x00,0x0a,0x00,0x10,0x00,0x10,0x00,0x00,0x00,0x33,0x00,0x00,0x07,
0x82,0x00,0x10,0x00,0x07,0x00,0x00,0x00,0x0a,0x00,0x10,0x00,0x0e,0x00,0x00,0x00,
0x0a,0x00,0x10,0x00,0x10,0x00,0x00,0x00,0x0e,0x00,0x00,0x07,0x82,0x00,0x10,0x00,
0x02,0x00,0x00,0x00,0x3a,0x00,0x10,0x00,0x07,0x00,0x00,0x00,0x3a,0x00,0x10,0x00,
0x02,0x00,0x00,0x00,0x00,0x00,0x00,0x08,0x82,0x00,0x10,0x00,0x02,0x00,0x00,0x00,
0x3a,0x00,0x10,0x80,0x41,0x00,0x00,0x00,0x02,0x00,0x00,0x00,0x01,0x40,0x00,0x00,
0x00,0x00,0x80,0x3f,0x38,0x00,0x00,0x07,0x42,0x00,0x10,0x00,0x02,0x00,0x00,0x00,
0x3a,0x00,0x10,0x00,0x02,0x00,0x00,0x00,0x2a,0x00,0x10,0x00,0x02,0x00,0x00,0x00,
0x31,0x00,0x00,0x08,0x82,0x00,0x10,0x00,0x02,0x00,0x00,0x00,0x2a,0x00,0x10,0x80,
0x81,0x00,0x00,0x00,0x02,0x00,0x00,0x00,0x01,0x40,0x00,0x00,0x00,0xdf,0x7f,0x47,
0x37,0x00,0x00,0x09,0x42,0x00,0x10,0x00,0x02,0x00,0x00,0x00,0x3a,0x00,0x10,0x00,
0x02,0x00,0x00,0x00,0x2a,0x00,0x10,0x00,0x02,0x00,0x00,0x00,0x01,0x40,0x00,0x00,
0x00,0xdf,0x7f,0x47,0x31,0x00,0x00,0x07,0x82,0x00,0x10,0x00,0x02,0x00,0x00,0x00,
0x0a,0x00,0x10,0x00,0x10,0x00,0x00,0x00,0x0a,0x00,0x10,0x00,0x0e,0x00,0x00,0x00,
0x01,0x00,0x00,0x07,0x12,0x00,0x10,0x00,0x09,0x00,0x00,0x00,0x3a,0x00,0x10,0x00,
0x02,0x00,0x00,0x00,0x01,0x40,0x00,0x00,0x01,0x00,0x00,0x00,0x0f,0x00,0x00,0x08,
0x82,0x00,0x10,0x00,0x02,0x00,0x00,0x00,0x46,0x00,0x10,0x00,0x10,0x00,0x00,0x00,
0x46,0x90,0x90,0x00,0x0a,0x00,0x10,0x00,0x09,0x00,0x00,0x00,0x1d,0x00,0x00,0x07,
0x82,0x00,0x10,0x00,0x02,0x00,0x00,0x00,0x3a,0x00,0x10,0x00,0x02,0x00,0x00,0x00,
0x0a,0x00,0x10,0x00,0x0e,0x00,0x00,0x00,0x01,0x00,0x00,0x07,0x22,0x00,0x10,0x00,
0x09,0x00,0x00,0x00,0x3a,0x00,0x10,0x00,0x02,0x00,0x00,0x00,0x01,0x40,0x00,0x00,
0x01,0x00,0x00,0x00,0x12,0x00,0x00,0x01,0x36,0x00,0x00,0x08,0x32,0x00,0x10,0x00,
0x09,0x00,0x00,0x00,0x02,0x40,0x00,0x00,0x00,0x00,0x00,0x00,0x00,0x00,0x00,0x00,
0x00,0x00,0x00,0x00,0x00,0x00,0x00,0x00,0x36,0x00,0x00,0x05,0x42,0x00,0x10,0x00,
0x02,0x00,0x00,0x00,0x01,0x40,0x00,0x00,0x00,0xe0,0x7f,0x47,0x15,0x00,0x00,0x01,
0x31,0x00,0x00,0x07,0x82,0x00,0x10,0x00,0x02,0x00,0x00,0x00,0x2a,0x00,0x10,0x00,
0x02,0x00,0x00,0x00,0x01,0x40,0x00,0x00,0x00,0xe0,0x7f,0x47,0x1f,0x00,0x04,0x03,
0x3a,0x00,0x10,0x00,0x02,0x00,0x00,0x00,0x0f,0x00,0x00,0x08,0x82,0x00,0x10,0x00,
0x07,0x00,0x00,0x00,0x46,0x00,0x10,0x00,0x10,0x00,0x00,0x00,0x46,0x90,0x90,0x00,
0x0a,0x00,0x10,0x00,0x09,0x00,0x00,0x00,0x0f,0x00,0x00,0x08,0x12,0x00,0x10,0x00,
0x0c,0x00,0x00,0x00,0x46,0x00,0x10,0x00,0x0e,0x00,0x00,0x00,0x46,0x90,0x90,0x00,
0x1a,0x00,0x10,0x00,0x09,0x00,0x00,0x00,0x00,0x00,0x00,0x08,0x22,0x00,0x10,0x00,
0x0c,0x00,0x00,0x00,0x3a,0x00,0x10,0x00,0x07,0x00,0x00,0x00,0x0a,0x00,0x10,0x80,
0x41,0x00,0x00,0x00,0x0c,0x00,0x00,0x00,0x31,0x00,0x00,0x08,0x12,0x00,0x10,0x00,
0x0d,0x00,0x00,0x00,0x01,0x40,0x00,0x00,0x40,0xda,0x7f,0x38,0x1a,0x00,0x10,0x80,
0x81,0x00,0x00,0x00,0x0c,0x00,0x00,0x00,0x1f,0x00,0x04,0x03,0x0a,0x00,0x10,0x00,
0x0d,0x00,0x00,0x00,0x31,0x00,0x00,0x07,0x12,0x00,0x10,0x00,0x0d,0x00,0x00,0x00,
0x01,0x40,0x00,0x00,0x00,0x00,0x00,0x00,0x1a,0x00,0x10,0x00,0x0c,0x00,0x00,0x00,
0x31,0x00,0x00,0x07,0x22,0x00,0x10,0x00,0x0c,0x00,0x00,0x00,0x1a,0x00,0x10,0x00,
0x0c,0x00,0x00,0x00,0x01,0x40,0x00,0x00,0x00,0x00,0x00,0x00,0x1e,0x00,0x00,0x08,
0x22,0x00,0x10,0x00,0x0c,0x00,0x00,0x00,0x0a,0x00,0x10,0x80,0x41,0x00,0x00,0x00,
0x0d,0x00,0x00,0x00,0x1a,0x00,0x10,0x00,0x0c,0x00,0x00,0x00,0x2b,0x00,0x00,0x05,
0x22,0x00,0x10,0x00,0x0c,0x00,0x00,0x00,0x1a,0x00,0x10,0x00,0x0c,0x00,0x00,0x00,
0x34,0x00,0x00,0x07,0x12,0x00,0x10,0x00,0x0d,0x00,0x00,0x00,0x3a,0x00,0x10,0x00,
0x07,0x00,0x00,0x00,0x0a,0x00,0x10,0x00,0x0c,0x00,0x00,0x00,0x39,0x00,0x00,0x07,
0x22,0x00,0x10,0x00,0x0d,0x00,0x00,0x00,0x0a,0x00,0x10,0x00,0x0d,0x00,0x00,0x00,
0x01,0x40,0x00,0x00,0x00,0x00,0x00,0x00,0x33,0x00,0x00,0x07,0x22,0x00,0x10,0x00,
0x0f,0x00,0x00,0x00,0x3a,0x00,0x10,0x00,0x07,0x00,0x00,0x00,0x0a,0x00,0x10,0x00,
0x0c,0x00,0x00,0x00,0x0e,0x00,0x00,0x07,0x12,0x00,0x10,0x00,0x0d,0x00,0x00,0x00,
0x1a,0x00,0x10,0x00,0x0f,0x00,0x00,0x00,0x0a,0x00,0x10,0x00,0x0d,0x00,0x00,0x00,
0x01,0x00,0x00,0x07,0x12,0x00,0x10,0x00,0x0d,0x00,0x00,0x00,0x0a,0x00,0x10,0x00,
0x0d,0x00,0x00,0x00,0x1a,0x00,0x10,0x00,0x0d,0x00,0x00,0x00,0x00,0x00,0x00,0x08,
0x12,0x00,0x10,0x00,0x0d,0x00,0x00,0x00,0x0a,0x00,0x10,0x80,0x41,0x00,0x00,0x00,
0x0d,0x00,0x00,0x00,0x01,0x40,0x00,0x00,0x00,0x00,0x80,0x3f,0x38,0x00,0x00,0x07,
0x22,0x00,0x10,0x00,0x0c,0x00,0x00,0x00,0x1a,0x00,0x10,0x00,0x0c,0x00,0x00,0x00,
0x0a,0x00,0x10,0x00,0x0d,0x00,0x00,0x00,0x31,0x00,0x00,0x09,0x12,0x00,0x10,0x00,
0x0d,0x00,0x00,0x00,0x1a,0x00,0x10,0x80,0x81,0x00,0x00,0x00,0x0c,0x00,0x00,0x00,
0x2a,0x00,0x10,0x80,0x81,0x00,0x00,0x00,0x02,0x00,0x00,0x00,0x37,0x00,0x00,0x09,
0x42,0x00,0x10,0x00,0x02,0x00,0x00,0x00,0x0a,0x00,0x10,0x00,0x0d,0x00,0x00,0x00,
0x1a,0x00,0x10,0x00,0x0c,0x00,0x00,0x00,0x2a,0x00,0x10,0x00,0x02,0x00,0x00,0x00,
0x31,0x00,0x00,0x07,0x82,0x00,0x10,0x00,0x07,0x00,0x00,0x00,0x3a,0x00,0x10,0x00,
0x07,0x00,0x00,0x00,0x0a,0x00,0x10,0x00,0x0c,0x00,0x00,0x00,0x01,0x00,0x00,0x07,
0x82,0x00,0x10,0x00,0x07,0x00,0x00,0x00,0x3a,0x00,0x10,0x00,0x07,0x00,0x00,0x00,
0x01,0x40,0x00,0x00,0x01,0x00,0x00,0x00,0x1e,0x00,0x00,0x07,0x12,0x00,0x10,0x00,
0x09,0x00,0x00,0x00,0x3a,0x00,0x10,0x00,0x07,0x00,0x00,0x00,0x0a,0x00,0x10,0x00,
0x09,0x00,0x00,0x00,0x10,0x00,0x00,0x08,0x82,0x00,0x10,0x00,0x07,0x00,0x00,0x00,
0x46,0x02,0x10,0x00,0x10,0x00,0x00,0x00,0x46,0x92,0x90,0x00,0x0a,0x00,0x10,0x00,
0x09,0x00,0x00,0x00,0x1d,0x00,0x00,0x07,0x82,0x00,0x10,0x00,0x07,0x00,0x00,0x00,
0x3a,0x00,0x10,0x00,0x07,0x00,0x00,0x00,0x0a,0x00,0x10,0x00,0x0c,0x00,0x00,0x00,
0x01,0x00,0x00,0x07,0x82,0x00,0x10,0x00,0x07,0x00,0x00,0x00,0x3a,0x00,0x10,0x00,
0x07,0x00,0x00,0x00,0x01,0x40,0x00,0x00,0x01,0x00,0x00,0x00,0x1e,0x00,0x00,0x07,
0x22,0x00,0x10,0x00,0x09,0x00,0x00,0x00,0x3a,0x00,0x10,0x00,0x07,0x00,0x00,0x00,
0x1a,0x00,0x10,0x00,0x09,0x00,0x00,0x00,0x12,0x00,0x00,0x01,0x36,0x00,0x00,0x05,
0x42,0x00,0x10,0x00,0x02,0x00,0x00,0x00,0x01,0x40,0x00,0x00,0x00,0xe0,0x7f,0x47,
0x15,0x00,0x00,0x01,0x15,0x00,0x00,0x01,0x31,0x00,0x00,0x07,0x82,0x00,0x10,0x00,
0x07,0x00,0x00,0x00,0x2a,0x00,0x10,0x00,0x02,0x00,0x00,0x00,0x01,0x40,0x00,0x00,
0x00,0xe0,0x7f,0x47,0x01,0x00,0x00,0x07,0x82,0x00,0x10,0x00,0x02,0x00,0x00,0x00,
0x3a,0x00,0x10,0x00,0x02,0x00,0x00,0x00,0x3a,0x00,0x10,0x00,0x07,0x00,0x00,0x00,
0x1f,0x00,0x04,0x03,0x3a,0x00,0x10,0x00,0x02,0x00,0x00,0x00,0x10,0x00,0x00,0x08,
0x82,0x00,0x10,0x00,0x07,0x00,0x00,0x00,0x46,0x02,0x10,0x00,0x10,0x00,0x00,0x00,
0x46,0x92,0x90,0x00,0x0a,0x00,0x10,0x00,0x09,0x00,0x00,0x00,0x10,0x00,0x00,0x08,
0x12,0x00,0x10,0x00,0x0c,0x00,0x00,0x00,0x46,0x02,0x10,0x00,0x0e,0x00,0x00,0x00,
0x46,0x92,0x90,0x00,0x1a,0x00,0x10,0x00,0x09,0x00,0x00,0x00,0x00,0x00,0x00,0x08,
0x22,0x00,0x10,0x00,0x0c,0x00,0x00,0x00,0x3a,0x00,0x10,0x00,0x07,0x00,0x00,0x00,
0x0a,0x00,0x10,0x80,0x41,0x00,0x00,0x00,0x0c,0x00,0x00,0x00,0x31,0x00,0x00,0x08,
0x12,0x00,0x10,0x00,0x0d,0x00,0x00,0x00,0x01,0x40,0x00,0x00,0x40,0xda,0x7f,0x38,
0x1a,0x00,0x10,0x80,0x81,0x00,0x00,0x00,0x0c,0x00,0x00,0x00,0x1f,0x00,0x04,0x03,
0x0a,0x00,0x10,0x00,0x0d,0x00,0x00,0x00,0x31,0x00,0x00,0x07,0x12,0x00,0x10,0x00,
0x0d,0x00,0x00,0x00,0x01,0x40,0x00,0x00,0x00,0x00,0x00,0x00,0x1a,0x00,0x10,0x00,
0x0c,0x00,0x00,0x00,0x31,0x00,0x00,0x07,0x22,0x00,0x10,0x00,0x0c,0x00,0x00,0x00,
0x1a,0x00,0x10,0x00,0x0c,0x00,0x00,0x00,0x01,0x40,0x00,0x00,0x00,0x00,0x00,0x00,
0x1e,0x00,0x00,0x08,0x22,0x00,0x10,0x00,0x0c,0x00,0x00,0x00,0x0a,0x00,0x10,0x80,
0x41,0x00,0x00,0x00,0x0d,0x00,0x00,0x00,0x1a,0x00,0x10,0x00,0x0c,0x00,0x00,0x00,
0x2b,0x00,0x00,0x05,0x22,0x00,0x10,0x00,0x0c,0x00,0x00,0x00,0x1a,0x00,0x10,0x00,
0x0c,0x00,0x00,0x00,0x34,0x00,0x00,0x07,0x12,0x00,0x10,0x00,0x0d,0x00,0x00,0x00,
0x3a,0x00,0x10,0x00,0x07,0x00,0x00,0x00,0x0a,0x00,0x10,0x00,0x0c,0x00,0x00,0x00,
0x39,0x00,0x00,0x07,0x22,0x00,0x10,0x00,0x0d,0x00,0x00,0x00,0x0a,0x00,0x10,0x00,
0x0d,0x00,0x00,0x00,0x01,0x40,0x00,0x00,0x00,0x00,0x00,0x00,0x33,0x00,0x00,0x07,
0x22,0x00,0x10,0x00,0x0f,0x00,0x00,0x00,0x3a,0x00,0x10,0x00,0x07,0x00,0x00,0x00,
0x0a,0x00,0x10,0x00,0x0c,0x00,0x00,0x00,0x0e,0x00,0x00,0x07,0x12,0x00,0x10,0x00,
0x0d,0x00,0x00,0x00,0x1a,0x00,0x10,0x00,0x0f,0x00,0x00,0x00,0x0a,0x00,0x10,0x00,
0x0d,0x00,0x00,0x00,0x01,0x00,0x00,0x07,0x12,0x00,0x10,0x00,0x0d,0x00,0x00,0x00,
0x0a,0x00,0x10,0x00,0x0d,0x00,0x00,0x00,0x1a,0x00,0x10,0x00,0x0d,0x00,0x00,0x00,
0x00,0x00,0x00,0x08,0x12,0x00,0x10,0x00,0x0d,0x00,0x00,0x00,0x0a,0x00,0x10,0x80,
0x41,0x00,0x00,0x00,0x0d,0x00,0x00,0x00,0x01,0x40,0x00,0x00,0x00,0x00,0x80,0x3f,
0x38,0x00,0x00,0x07,0x22,0x00,0x10,0x00,0x0c,0x00,0x00,0x00,0x1a,0x00,0x10,0x00,
0x0c,0x00,0x00,0x00,0x0a,0x00,0x10,0x00,0x0d,0x00,0x00,0x00,0x31,0x00,0x00,0x09,
0x12,0x00,0x10,0x00,0x0d,0x00,0x00,0x00,0x1a,0x00,0x10,0x80,0x81,0x00,0x00,0x00,
0x0c,0x00,0x00,0x00,0x2a,0x00,0x10,0x80,0x81,0x00,0x00,0x00,0x02,0x00,0x00,0x00,
0x37,0x00,0x00,0x09,0x42,0x00,0x10,0x00,0x02,0x00,0x00,0x00,0x0a,0x00,0x10,0x00,
0x0d,0x00,0x00,0x00,0x1a,0x00,0x10,0x00,0x0c,0x00,0x00,0x00,0x2a,0x00,0x10,0x00,
0x02,0x00,0x00,0x00,0x31,0x00,0x00,0x07,0x82,0x00,0x10,0x00,0x07,0x00,0x00,0x00,
0x3a,0x00,0x10,0x00,0x07,0x00,0x00,0x00,0x0a,0x00,0x10,0x00,0x0c,0x00,0x00,0x00,
0x01,0x00,0x00,0x07,0x82,0x00,0x10,0x00,0x07,0x00,0x00,0x00,0x3a,0x00,0x10,0x00,
0x07,0x00,0x00,0x00,0x01,0x40,0x00,0x00,0x01,0x00,0x00,0x00,0x1e,0x00,0x00,0x07,
0x12,0x00,0x10,0x00,0x09,0x00,0x00,0x00,0x3a,0x00,0x10,0x00,0x07,0x00,0x00,0x00,
0x0a,0x00,0x10,0x00,0x09,0x00,0x00,0x00,0x11,0x00,0x00,0x08,0x82,0x00,0x10,0x00,
0x07,0x00,0x00,0x00,0x46,0x0e,0x10,0x00,0x10,0x00,0x00,0x00,0x46,0x9e,0x90,0x00,
0x0a,0x00,0x10,0x00,0x09,0x00,0x00,0x00,0x1d,0x00,0x00,0x07,0x82,0x00,0x10,0x00,
0x07,0x00,0x00,0x00,0x3a,0x00,0x10,0x00,0x07,0x00,0x00,0x00,0x0a,0x00,0x10,0x00,
0x0c,0x00,0x00,0x00,0x01,0x00,0x00,0x07,0x82,0x00,0x10,0x00,0x07,0x00,0x00,0x00,
0x3a,0x00,0x10,0x00,0x07,0x00,0x00,0x00,0x01,0x40,0x00,0x00,0x01,0x00,0x00,0x00,
0x1e,0x00,0x00,0x07,0x22,0x00,0x10,0x00,0x09,0x00,0x00,0x00,0x3a,0x00,0x10,0x00,
0x07,0x00,0x00,0x00,0x1a,0x00,0x10,0x00,0x09,0x00,0x00,0x00,0x12,0x00,0x00,0x01,
0x36,0x00,0x00,0x05,0x42,0x00,0x10,0x00,0x02,0x00,0x00,0x00,0x01,0x40,0x00,0x00,
0x00,0xe0,0x7f,0x47,0x15,0x00,0x00,0x01,0x15,0x00,0x00,0x01,0x31,0x00,0x00,0x07,
0x82,0x00,0x10,0x00,0x07,0x00,0x00,0x00,0x2a,0x00,0x10,0x00,0x02,0x00,0x00,0x00,
0x01,0x40,0x00,0x00,0x00,0xe0,0x7f,0x47,0x01,0x00,0x00,0x07,0x82,0x00,0x10,0x00,
0x02,0x00,0x00,0x00,0x3a,0x00,0x10,0x00,0x02,0x00,0x00,0x00,0x3a,0x00,0x10,0x00,
0x07,0x00,0x00,0x00,0x1f,0x00,0x04,0x03,0x3a,0x00,0x10,0x00,0x02,0x00,0x00,0x00,
0x11,0x00,0x00,0x08,0x82,0x00,0x10,0x00,0x07,0x00,0x00,0x00,0x46,0x0e,0x10,0x00,
0x10,0x00,0x00,0x00,0x46,0x9e,0x90,0x00,0x0a,0x00,0x10,0x00,0x09,0x00,0x00,0x00,
0x11,0x00,0x00,0x08,0x12,0x00,0x10,0x00,0x0c,0x00,0x00,0x00,0x46,0x0e,0x10,0x00,
0x0e,0x00,0x00,0x00,0x46,0x9e,0x90,0x00,0x1a,0x00,0x10,0x00,0x09,0x00,0x00,0x00,
0x00,0x00,0x00,0x08,0x22,0x00,0x10,0x00,0x0c,0x00,0x00,0x00,0x3a,0x00,0x10,0x00,
0x07,0x00,0x00,0x00,0x0a,0x00,0x10,0x80,0x41,0x00,0x00,0x00,0x0c,0x00,0x00,0x00,
0x31,0x00,0x00,0x08,0x12,0x00,0x10,0x00,0x0d,0x00,0x00,0x00,0x01,0x40,0x00,0x00,
0x40,0xda,0x7f,0x38,0x1a,0x00,0x10,0x80,0x81,0x00,0x00,0x00,0x0c,0x00,0x00,0x00,
0x1f,0x00,0x04,0x03,0x0a,0x00,0x10,0x00,0x0d,0x00,0x00,0x00,0x31,0x00,0x00,0x07,
0x12,0x00,0x10,0x00,0x0d,0x00,0x00,0x00,0x01,0x40,0x00,0x00,0x00,0x00,0x00,0x00,
0x1a,0x00,0x10,0x00,0x0c,0x00,0x00,0x00,0x31,0x00,0x00,0x07,0x22,0x00,0x10,0x00,
0x0c,0x00,0x00,0x00,0x1a,0x00,0x10,0x00,0x0c,0x00,0x00,0x00,0x01,0x40,0x00,0x00,
0x00,0x00,0x00,0x00,0x1e,0x00,0x00,0x08,0x22,0x00,0x10,0x00,0x0c,0x00,0x00,0x00,
0x0a,0x00,0x10,0x80,0x41,0x00,0x00,0x00,0x0d,0x00,0x00,0x00,0x1a,0x00,0x10,0x00,
0x0c,0x00,0x00,0x00,0x2b,0x00,0x00,0x05,0x22,0x00,0x10,0x00,0x0c,0x00,0x00,0x00,
0x1a,0x00,0x10,0x00,0x0c,0x00,0x00,0x00,0x34,0x00,0x00,0x07,0x12,0x00,0x10,0x00,
0x0d,0x00,0x00,0x00,0x3a,0x00,0x10,0x00,0x07,0x00,0x00,0x00,0x0a,0x00,0x10,0x00,
0x0c,0x00,0x00,0x00,0x39,0x00,0x00,0x07,0x22,0x00,0x10,0x00,0x0d,0x00,0x00,0x00,
0x0a,0x00,0x10,0x00,0x0d,0x00,0x00,0x00,0x01,0x40,0x00,0x00,0x00,0x00,0x00,0x00,
0x33,0x00,0x00,0x07,0x22,0x00,0x10,0x00,0x0f,0x00,0x00,0x00,0x3a,0x00,0x10,0x00,
0x07,0x00,0x00,0x00,0x0a,0x00,0x10,0x00,0x0c,0x00,0x00,0x00,0x0e,0x00,0x00,0x07,
0x12,0x00,0x10,0x00,0x0d,0x00,0x00,0x00,0x1a,0x00,0x10,0x00,0x0f,0x00,0x00,0x00,
0x0a,0x00,0x10,0x00,0x0d,0x00,0x00,0x00,0x01,0x00,0x00,0x07,0x12,0x00,0x10,0x00,
0x0d,0x00,0x00,0x00,0x0a,0x00,0x10,0x00,0x0d,0x00,0x00,0x00,0x1a,0x00,0x10,0x00,
0x0d,0x00,0x00,0x00,0x00,0x00,0x00,0x08,0x12,0x00,0x10,0x00,0x0d,0x00,0x00,0x00,
0x0a,0x00,0x10,0x80,0x41,0x00,0x00,0x00,0x0d,0x00,0x00,0x00,0x01,0x40,0x00,0x00,
0x00,0x00,0x80,0x3f,0x38,0x00,0x00,0x07,0x22,0x00,0x10,0x00,0x0c,0x00,0x00,0x00,
0x1a,0x00,0x10,0x00,0x0c,0x00,0x00,0x00,0x0a,0x00,0x10,0x00,0x0d,0x00,0x00,0x00,
0x31,0x00,0x00,0x09,0x12,0x00,0x10,0x00,0x0d,0x00,0x00,0x00,0x1a,0x00,0x10,0x80,
0x81,0x00,0x00,0x00,0x0c,0x00,0x00,0x00,0x2a,0x00,0x10,0x80,0x81,0x00,0x00,0x00,
0x02,0x00,0x00,0x00,0x37,0x00,0x00,0x09,0x42,0x00,0x10,0x00,0x02,0x00,0x00,0x00,
0x0a,0x00,0x10,0x00,0x0d,0x00,0x00,0x00,0x1a,0x00,0x10,0x00,0x0c,0x00,0x00,0x00,
0x2a,0x00,0x10,0x00,0x02,0x00,0x00,0x00,0x31,0x00,0x00,0x07,0x82,0x00,0x10,0x00,
0x07,0x00,0x00,0x00,0x3a,0x00,0x10,0x00,0x07,0x00,0x00,0x00,0x0a,0x00,0x10,0x00,
0x0c,0x00,0x00,0x00,0x01,0x00,0x00,0x07,0x82,0x00,0x10,0x00,0x07,0x00,0x00,0x00,
0x3a,0x00,0x10,0x00,0x07,0x00,0x00,0x00,0x01,0x40,0x00,0x00,0x01,0x00,0x00,0x00,
0x1e,0x00,0x00,0x07,0x12,0x00,0x10,0x00,0x09,0x00,0x00,0x00,0x3a,0x00,0x10,0x00,
0x07,0x00,0x00,0x00,0x0a,0x00,0x10,0x00,0x09,0x00,0x00,0x00,0x20,0x00,0x00,0x0a,
0xf2,0x00,0x10,0x00,0x11,0x00,0x00,0x00,0x06,0x00,0x10,0x00,0x09,0x00,0x00,0x00,
0x02,0x40,0x00,0x00,0x00,0x00,0x00,0x00,0x01,0x00,0x00,0x00,0x02,0x00,0x00,0x00,
0x03,0x00,0x00,0x00,0x20,0x00,0x00,0x07,0x82,0x00,0x10,0x00,0x07,0x00,0x00,0x00,
0x0a,0x00,0x10,0x00,0x09,0x00,0x00,0x00,0x01,0x40,0x00,0x00,0x04,0x00,0x00,0x00,
0x01,0x00,0x00,0x0a,0xf2,0x00,0x10,0x00,0x11,0x00,0x00,0x00,0x46,0x0e,0x10,0x00,
0x11,0x00,0x00,0x00,0x02,0x40,0x00,0x00,0x00,0x00,0x80,0x3f,0x00,0x00,0x80,0x3f,
0x00,0x00,0x80,0x3f,0x00,0x00,0x80,0x3f,0x01,0x00,0x00,0x07,0x82,0x00,0x10,0x00,
0x07,0x00,0x00,0x00,0x3a,0x00,0x10,0x00,0x07,0x00,0x00,0x00,0x01,0x40,0x00,0x00,
0x00,0x00,0x80,0x3f,0x11,0x00,0x00,0x07,0x22,0x00,0x10,0x00,0x0c,0x00,0x00,0x00,
0x46,0x0e,0x10,0x00,0x11,0x00,0x00,0x00,0x46,0x0e,0x10,0x00,0x10,0x00,0x00,0x00,
0x32,0x00,0x00,0x09,0x82,0x00,0x10,0x00,0x07,0x00,0x00,0x00,0x3a,0x00,0x10,0x00,
0x07,0x00,0x00,0x00,0x0a,0x00,0x10,0x00,0x0f,0x00,0x00,0x00,0x1a,0x00,0x10,0x00,
0x0c,0x00,0x00,0x00,0x1d,0x00,0x00,0x07,0x82,0x00,0x10,0x00,0x07,0x00,0x00,0x00,
0x3a,0x00,0x10,0x00,0x07,0x00,0x00,0x00,0x0a,0x00,0x10,0x00,0x0c,0x00,0x00,0x00,
0x01,0x00,0x00,0x07,0x82,0x00,0x10,0x00,0x07,0x00,0x00,0x00,0x3a,0x00,0x10,0x00,
0x07,0x00,0x00,0x00,0x01,0x40,0x00,0x00,0x01,0x00,0x00,0x00,0x1e,0x00,0x00,0x07,
0x22,0x00,0x10,0x00,0x09,0x00,0x00,0x00,0x3a,0x00,0x10,0x00,0x07,0x00,0x00,0x00,
0x1a,0x00,0x10,0x00,0x09,0x00,0x00,0x00,0x12,0x00,0x00,0x01,0x36,0x00,0x00,0x05,
0x42,0x00,0x10,0x00,0x02,0x00,0x00,0x00,0x01,0x40,0x00,0x00,0x00,0xe0,0x7f,0x47,
0x15,0x00,0x00,0x01,0x15,0x00,0x00,0x01,0x31,0x00,0x00,0x07,0x82,0x00,0x10,0x00,
0x07,0x00,0x00,0x00,0x2a,0x00,0x10,0x00,0x02,0x00,0x00,0x00,0x01,0x40,0x00,0x00,
0x00,0xe0,0x7f,0x47,0x01,0x00,0x00,0x07,0x82,0x00,0x10,0x00,0x02,0x00,0x00,0x00,
0x3a,0x00,0x10,0x00,0x02,0x00,0x00,0x00,0x3a,0x00,0x10,0x00,0x07,0x00,0x00,0x00,
0x1f,0x00,0x04,0x03,0x3a,0x00,0x10,0x00,0x02,0x00,0x00,0x00,0x34,0x00,0x00,0x07,
0x82,0x00,0x10,0x00,0x02,0x00,0x00,0x00,0x3a,0x00,0x10,0x00,0x0f,0x00,0x00,0x00,
0x2a,0x00,0x10,0x00,0x0f,0x00,0x00,0x00,0x20,0x00,0x00,0x0a,0xf2,0x00,0x10,0x00,
0x11,0x00,0x00,0x00,0x06,0x00,0x10,0x00,0x09,0x00,0x00,0x00,0x02,0x40,0x00,0x00,
0x00,0x00,0x00,0x00,0x01,0x00,0x00,0x00,0x02,0x00,0x00,0x00,0x03,0x00,0x00,0x00,
0x20,0x00,0x00,0x07,0x82,0x00,0x10,0x00,0x07,0x00,0x00,0x00,0x0a,0x00,0x10,0x00,
0x09,0x00,0x00,0x00,0x01,0x40,0x00,0x00,0x04,0x00,0x00,0x00,0x01,0x00,0x00,0x0a,
0xf2,0x00,0x10,0x00,0x11,0x00,0x00,0x00,0x46,0x0e,0x10,0x00,0x11,0x00,0x00,0x00,
0x02,0x40,0x00,0x00,0x00,0x00,0x80,0x3f,0x00,0x00,0x80,0x3f,0x00,0x00,0x80,0x3f,
0x00,0x00,0x80,0x3f,0x01,0x00,0x00,0x07,0x82,0x00,0x10,0x00,0x07,0x00,0x00,0x00,
0x3a,0x00,0x10,0x00,0x07,0x00,0x00,0x00,0x01,0x40,0x00,0x00,0x00,0x00,0x80,0x3f,
0x11,0x00,0x00,0x07,0x12,0x00,0x10,0x00,0x09,0x00,0x00,0x00,0x46,0x0e,0x10,0x00,
0x11,0x00,0x00,0x00,0x46,0x0e,0x10,0x00,0x10,0x00,0x00,0x00,0x32,0x00,0x00,0x09,
0x82,0x00,0x10,0x00,0x07,0x00,0x00,0x00,0x3a,0x00,0x10,0x00,0x07,0x00,0x00,0x00,
0x0a,0x00,0x10,0x00,0x0f,0x00,0x00,0x00,0x0a,0x00,0x10,0x00,0x09,0x00,0x00,0x00,
0x20,0x00,0x00,0x0a,0xf2,0x00,0x10,0x00,0x0f,0x00,0x00,0x00,0x56,0x05,0x10,0x00,
0x09,0x00,0x00,0x00,0x02,0x40,0x00,0x00,0x00,0x00,0x00,0x00,0x01,0x00,0x00,0x00,
0x02,0x00,0x00,0x00,0x03,0x00,0x00,0x00,0x20,0x00,0x00,0x07,0x12,0x00,0x10,0x00,
0x09,0x00,0x00,0x00,0x1a,0x00,0x10,0x00,0x09,0x00,0x00,0x00,0x01,0x40,0x00,0x00,
0x04,0x00,0x00,0x00,0x01,0x00,0x00,0x0a,0xf2,0x00,0x10,0x00,0x0f,0x00,0x00,0x00,
0x46,0x0e,0x10,0x00,0x0f,0x00,0x00,0x00,0x02,0x40,0x00,0x00,0x00,0x00,0x80,0x3f,
0x00,0x00,0x80,0x3f,0x00,0x00,0x80,0x3f,0x00,0x00,0x80,0x3f,0x01,0x00,0x00,0x07,
0x12,0x00,0x10,0x00,0x09,0x00,0x00,0x00,0x0a,0x00,0x10,0x00,0x09,0x00,0x00,0x00,
0x01,0x40,0x00,0x00,0x00,0x00,0x80,0x3f,0x11,0x00,0x00,0x07,0x22,0x00,0x10,0x00,
0x09,0x00,0x00,0x00,0x46,0x0e,0x10,0x00,0x0f,0x00,0x00,0x00,0x46,0x0e,0x10,0x00,
0x0e,0x00,0x00,0x00,0x32,0x00,0x00,0x09,0x82,0x00,0x10,0x00,0x02,0x00,0x00,0x00,
0x0a,0x00,0x10,0x00,0x09,0x00,0x00,0x00,0x3a,0x00,0x10,0x00,0x02,0x00,0x00,0x00,
0x1a,0x00,0x10,0x00,0x09,0x00,0x00,0x00,0x00,0x00,0x00,0x08,0x12,0x00,0x10,0x00,
0x09,0x00,0x00,0x00,0x3a,0x00,0x10,0x80,0x41,0x00,0x00,0x00,0x02,0x00,0x00,0x00,
0x3a,0x00,0x10,0x00,0x07,0x00,0x00,0x00,0x31,0x00,0x00,0x08,0x22,0x00,0x10,0x00,
0x09,0x00,0x00,0x00,0x01,0x40,0x00,0x00,0x40,0xda,0x7f,0x38,0x0a,0x00,0x10,0x80,
0x81,0x00,0x00,0x00,0x09,0x00,0x00,0x00,0x1f,0x00,0x04,0x03,0x1a,0x00,0x10,0x00,
0x09,0x00,0x00,0x00,0x31,0x00,0x00,0x07,0x22,0x00,0x10,0x00,0x09,0x00,0x00,0x00,
0x01,0x40,0x00,0x00,0x00,0x00,0x00,0x00,0x0a,0x00,0x10,0x00,0x09,0x00,0x00,0x00,
0x31,0x00,0x00,0x07,0x12,0x00,0x10,0x00,0x09,0x00,0x00,0x00,0x0a,0x00,0x10,0x00,
0x09,0x00,0x00,0x00,0x01,0x40,0x00,0x00,0x00,0x00,0x00,0x00,0x1e,0x00,0x00,0x08,
0x12,0x00,0x10,0x00,0x09,0x00,0x00,0x00,0x1a,0x00,0x10,0x80,0x41,0x00,0x00,0x00,
0x09,0x00,0x00,0x00,0x0a,0x00,0x10,0x00,0x09,0x00,0x00,0x00,0x2b,0x00,0x00,0x05,
0x12,0x00,0x10,0x00,0x09,0x00,0x00,0x00,0x0a,0x00,0x10,0x00,0x09,0x00,0x00,0x00,
0x34,0x00,0x00,0x07,0x22,0x00,0x10,0x00,0x09,0x00,0x00,0x00,0x3a,0x00,0x10,0x00,
0x02,0x00,0x00,0x00,0x3a,0x00,0x10,0x00,0x07,0x00,0x00,0x00,0x39,0x00,0x00,0x07,
0x12,0x00,0x10,0x00,0x0c,0x00,0x00,0x00,0x1a,0x00,0x10,0x00,0x09,0x00,0x00,0x00,
0x01,0x40,0x00,0x00,0x00,0x00,0x00,0x00,0x33,0x00,0x00,0x07,0x82,0x00,0x10,0x00,
0x02,0x00,0x00,0x00,0x3a,0x00,0x10,0x00,0x02,0x00,0x00,0x00,0x3a,0x00,0x10,0x00,
0x07,0x00,0x00,0x00,0x0e,0x00,0x00,0x07,0x82,0x00,0x10,0x00,0x02,0x00,0x00,0x00,
0x3a,0x00,0x10,0x00,0x02,0x00,0x00,0x00,0x1a,0x00,0x10,0x00,0x09,0x00,0x00,0x00,
0x01,0x00,0x00,0x07,0x82,0x00,0x10,0x00,0x02,0x00,0x00,0x00,0x3a,0x00,0x10,0x00,
0x02,0x00,0x00,0x00,0x0a,0x00,0x10,0x00,0x0c,0x00,0x00,0x00,0x00,0x00,0x00,0x08,
0x82,0x00,0x10,0x00,0x02,0x00,0x00,0x00,0x3a,0x00,0x10,0x80,0x41,0x00,0x00,0x00,
0x02,0x00,0x00,0x00,0x01,0x40,0x00,0x00,0x00,0x00,0x80,0x3f,0x38,0x00,0x00,0x07,
0x82,0x00,0x10,0x00,0x02,0x00,0x00,0x00,0x3a,0x00,0x10,0x00,0x02,0x00,0x00,0x00,
0x0a,0x00,0x10,0x00,0x09,0x00,0x00,0x00,0x31,0x00,0x00,0x09,0x82,0x00,0x10,0x00,
0x07,0x00,0x00,0x00,0x3a,0x00,0x10,0x80,0x81,0x00,0x00,0x00,0x02,0x00,0x00,0x00,
0x2a,0x00,0x10,0x80,0x81,0x00,0x00,0x00,0x02,0x00,0x00,0x00,0x37,0x00,0x00,0x09,
0x42,0x00,0x10,0x00,0x02,0x00,0x00,0x00,0x3a,0x00,0x10,0x00,0x07,0x00,0x00,0x00,
0x3a,0x00,0x10,0x00,0x02,0x00,0x00,0x00,0x2a,0x00,0x10,0x00,0x02,0x00,0x00,0x00,
0x12,0x00,0x00,0x01,0x36,0x00,0x00,0x05,0x42,0x00,0x10,0x00,0x02,0x00,0x00,0x00,
0x01,0x40,0x00,0x00,0x00,0xe0,0x7f,0x47,0x15,0x00,0x00,0x01,0x15,0x00,0x00,0x01,
0x31,0x00,0x00,0x07,0x82,0x00,0x10,0x00,0x02,0x00,0x00,0x00,0x2a,0x00,0x10,0x00,
0x02,0x00,0x00,0x00,0x01,0x40,0x00,0x00,0x00,0xdf,0x7f,0x47,0x01,0x00,0x00,0x07,
0x82,0x00,0x10,0x00,0x02,0x00,0x00,0x00,0x3a,0x00,0x10,0x00,0x02,0x00,0x00,0x00,
0x01,0x40,0x00,0x00,0x00,0x00,0x80,0x3f,0x38,0x00,0x00,0x07,0x12,0x00,0x10,0x00,
0x09,0x00,0x00,0x00,0x3a,0x00,0x10,0x00,0x02,0x00,0x00,0x00,0x2a,0x00,0x10,0x00,
0x02,0x00,0x00,0x00,0x12,0x00,0x00,0x01,0x36,0x00,0x00,0x05,0x12,0x00,0x10,0x00,
0x09,0x00,0x00,0x00,0x01,0x40,0x00,0x00,0x00,0x00,0x00,0x00,0x15,0x00,0x00,0x01,
0x39,0x00,0x00,0x07,0x42,0x00,0x10,0x00,0x02,0x00,0x00,0x00,0x0a,0x00,0x10,0x00,
0x09,0x00,0x00,0x00,0x01,0x40,0x00,0x00,0x00,0x00,0x00,0x00,0x31,0x00,0x00,0x07,
0x82,0x00,0x10,0x00,0x02,0x00,0x00,0x00,0x01,0x40,0x00,0x00,0x00,0x00,0x00,0x00,
0x0a,0x00,0x10,0x00,0x09,0x00,0x00,0x00,0x31,0x00,0x00,0x07,0x82,0x00,0x10,0x00,
0x07,0x00,0x00,0x00,0x0a,0x00,0x10,0x00,0x09,0x00,0x00,0x00,0x01,0x40,0x00,0x00,
0x00,0x00,0x00,0x00,0x1e,0x00,0x00,0x08,0x82,0x00,0x10,0x00,0x02,0x00,0x00,0x00,
0x3a,0x00,0x10,0x80,0x41,0x00,0x00,0x00,0x02,0x00,0x00,0x00,0x3a,0x00,0x10,0x00,
0x07,0x00,0x00,0x00,0x2b,0x00,0x00,0x05,0x82,0x00,0x10,0x00,0x02,0x00,0x00,0x00,
0x3a,0x00,0x10,0x00,0x02,0x00,0x00,0x00,0x01,0x00,0x00,0x07,0x22,0x00,0x10,0x00,
0x09,0x00,0x00,0x00,0x3a,0x00,0x10,0x00,0x02,0x00,0x00,0x00,0x2a,0x00,0x10,0x00,
0x02,0x00,0x00,0x00,0x36,0x00,0x00,0x08,0xc2,0x00,0x10,0x00,0x05,0x00,0x00,0x00,
0x02,0x40,0x00,0x00,0x00,0x00,0x00,0x00,0x00,0x00,0x00,0x00,0x00,0x00,0x00,0x00,
0x00,0x00,0x00,0x00,0x2d,0x00,0x00,0x89,0xc2,0x00,0x00,0x80,0x43,0x55,0x15,0x00,
0xc2,0x00,0x10,0x00,0x02,0x00,0x00,0x00,0x46,0x0e,0x10,0x00,0x05,0x00,0x00,0x00,
0xe6,0x74,0x10,0x00,0x02,0x00,0x00,0x00,0x00,0x00,0x00,0x07,0xf2,0x00,0x10,0x00,
0x05,0x00,0x00,0x00,0xe6,0x0e,0x10,0x00,0x02,0x00,0x00,0x00,0xe6,0x0e,0x10,0x00,
0x0d,0x00,0x00,0x00,0x1d,0x00,0x00,0x0a,0xc2,0x00,0x10,0x00,0x02,0x00,0x00,0x00,
0xa6,0x0e,0x10,0x00,0x05,0x00,0x00,0x00,0x02,0x40,0x00,0x00,0x00,0x00,0x00,0x00,
0x00,0x00,0x00,0x00,0x00,0x00,0x00,0x00,0x00,0x00,0x00,0x00,0x1d,0x00,0x00,0x0a,
0x32,0x00,0x10,0x00,0x0c,0x00,0x00,0x00,0x02,0x40,0x00,0x00,0x00,0x00,0x80,0x3f,
0x00,0x00,0x80,0x3f,0x00,0x00,0x00,0x00,0x00,0x00,0x00,0x00,0xe6,0x0a,0x10,0x00,
0x05,0x00,0x00,0x00,0x01,0x00,0x00,0x07,0xc2,0x00,0x10,0x00,0x02,0x00,0x00,0x00,
0xa6,0x0e,0x10,0x00,0x02,0x00,0x00,0x00,0x06,0x04,0x10,0x00,0x0c,0x00,0x00,0x00,
0x01,0x00,0x00,0x07,0x42,0x00,0x10,0x00,0x02,0x00,0x00,0x00,0x3a,0x00,0x10,0x00,
0x02,0x00,0x00,0x00,0x2a,0x00,0x10,0x00,0x02,0x00,0x00,0x00,0x1f,0x00,0x04,0x03,
0x2a,0x00,0x10,0x00,0x02,0x00,0x00,0x00,0x38,0x00,0x00,0x07,0xf2,0x00,0x10,0x00,
0x05,0x00,0x00,0x00,0xe6,0x0e,0x10,0x00,0x0a,0x00,0x00,0x00,0x46,0x0e,0x10,0x00,
0x05,0x00,0x00,0x00,0x41,0x00,0x00,0x05,0xf2,0x00,0x10,0x00,0x05,0x00,0x00,0x00,
0x46,0x0e,0x10,0x00,0x05,0x00,0x00,0x00,0x1b,0x00,0x00,0x05,0xf2,0x00,0x10,0x00,
0x05,0x00,0x00,0x00,0x46,0x0e,0x10,0x00,0x05,0x00,0x00,0x00,0x1e,0x00,0x00,0x0b,
0xf2,0x00,0x10,0x00,0x0d,0x00,0x00,0x00,0xe6,0x8e,0x20,0x00,0x00,0x00,0x00,0x00,
0x00,0x00,0x00,0x00,0x02,0x40,0x00,0x00,0xff,0xff,0xff,0xff,0xff,0xff,0xff,0xff,
0xff,0xff,0xff,0xff,0xff,0xff,0xff,0xff,0x25,0x00,0x00,0x07,0xc2,0x00,0x10,0x00,
0x02,0x00,0x00,0x00,0xa6,0x0e,0x10,0x00,0x05,0x00,0x00,0x00,0xa6,0x0e,0x10,0x00,
0x0d,0x00,0x00,0x00,0x24,0x00,0x00,0x0a,0x32,0x00,0x10,0x00,0x0e,0x00,0x00,0x00,
0xe6,0x0a,0x10,0x00,0x02,0x00,0x00,0x00,0x02,0x40,0x00,0x00,0x00,0x00,0x00,0x00,
0x00,0x00,0x00,0x00,0x00,0x00,0x00,0x00,0x00,0x00,0x00,0x00,0x36,0x00,0x00,0x08,
0xc2,0x00,0x10,0x00,0x0e,0x00,0x00,0x00,0x02,0x40,0x00,0x00,0x00,0x00,0x00,0x00,
0x00,0x00,0x00,0x00,0x00,0x00,0x00,0x00,0x00,0x00,0x00,0x00,0x2d,0x00,0x00,0x89,
0xc2,0x00,0x00,0x80,0x43,0x55,0x15,0x00,0x42,0x00,0x10,0x00,0x02,0x00,0x00,0x00,
0x46,0x0e,0x10,0x00,0x0e,0x00,0x00,0x00,0x96,0x7c,0x10,0x00,0x01,0x00,0x00,0x00,
0x38,0x00,0x00,0x08,0x42,0x00,0x10,0x00,0x02,0x00,0x00,0x00,0x2a,0x00,0x10,0x00,
0x02,0x00,0x00,0x00,0x1a,0x80,0x20,0x00,0x00,0x00,0x00,0x00,0x07,0x00,0x00,0x00,
0x38,0x00,0x00,0x07,0x42,0x00,0x10,0x00,0x02,0x00,0x00,0x00,0x2a,0x00,0x10,0x00,
0x07,0x00,0x00,0x00,0x2a,0x00,0x10,0x00,0x02,0x00,0x00,0x00,0x34,0x00,0x00,0x07,
0x42,0x00,0x10,0x00,0x02,0x00,0x00,0x00,0x2a,0x00,0x10,0x00,0x02,0x00,0x00,0x00,
0x01,0x40,0x00,0x00,0x40,0xda,0x7f,0x38,0x1e,0x00,0x00,0x0a,0xf2,0x00,0x10,0x00,
0x0e,0x00,0x00,0x00,0xe6,0x0e,0x10,0x00,0x05,0x00,0x00,0x00,0x02,0x40,0x00,0x00,
0xff,0xff,0xff,0xff,0x00,0x00,0x00,0x00,0x01,0x00,0x00,0x00,0x00,0x00,0x00,0x00,
0x25,0x00,0x00,0x07,0xf2,0x00,0x10,0x00,0x0e,0x00,0x00,0x00,0x46,0x0e,0x10,0x00,
0x0d,0x00,0x00,0x00,0x46,0x0e,0x10,0x00,0x0e,0x00,0x00,0x00,0x24,0x00,0x00,0x0a,
0xf2,0x00,0x10,0x00,0x0e,0x00,0x00,0x00,0xe6,0x04,0x10,0x00,0x0e,0x00,0x00,0x00,
0x02,0x40,0x00,0x00,0x00,0x00,0x00,0x00,0x00,0x00,0x00,0x00,0x00,0x00,0x00,0x00,
0x00,0x00,0x00,0x00,0x36,0x00,0x00,0x05,0x32,0x00,0x10,0x00,0x0f,0x00,0x00,0x00,
0xe6,0x0a,0x10,0x00,0x0e,0x00,0x00,0x00,0x36,0x00,0x00,0x08,0xc2,0x00,0x10,0x00,
0x0f,0x00,0x00,0x00,0x02,0x40,0x00,0x00,0x00,0x00,0x00,0x00,0x00,0x00,0x00,0x00,
0x00,0x00,0x00,0x00,0x00,0x00,0x00,0x00,0x2d,0x00,0x00,0x89,0xc2,0x00,0x00,0x80,
0x43,0x55,0x15,0x00,0x82,0x00,0x10,0x00,0x02,0x00,0x00,0x00,0x46,0x0e,0x10,0x00,
0x0f,0x00,0x00,0x00,0x96,0x73,0x10,0x00,0x01,0x00,0x00,0x00,0x38,0x00,0x00,0x08,
0x82,0x00,0x10,0x00,0x02,0x00,0x00,0x00,0x3a,0x00,0x10,0x00,0x02,0x00,0x00,0x00,
0x1a,0x80,0x20,0x00,0x00,0x00,0x00,0x00,0x07,0x00,0x00,0x00,0x38,0x00,0x00,0x07,
0x82,0x00,0x10,0x00,0x02,0x00,0x00,0x00,0x2a,0x00,0x10,0x00,0x07,0x00,0x00,0x00,
0x3a,0x00,0x10,0x00,0x02,0x00,0x00,0x00,0x34,0x00,0x00,0x07,0x82,0x00,0x10,0x00,
0x02,0x00,0x00,0x00,0x3a,0x00,0x10,0x00,0x02,0x00,0x00,0x00,0x01,0x40,0x00,0x00,
0x40,0xda,0x7f,0x38,0x36,0x00,0x00,0x08,0xc2,0x00,0x10,0x00,0x0e,0x00,0x00,0x00,
0x02,0x40,0x00,0x00,0x00,0x00,0x00,0x00,0x00,0x00,0x00,0x00,0x00,0x00,0x00,0x00,
0x00,0x00,0x00,0x00,0x2d,0x00,0x00,0x89,0xc2,0x00,0x00,0x80,0x43,0x55,0x15,0x00,
0x82,0x00,0x10,0x00,0x07,0x00,0x00,0x00,0x46,0x0e,0x10,0x00,0x0e,0x00,0x00,0x00,
0x96,0x73,0x10,0x00,0x01,0x00,0x00,0x00,0x38,0x00,0x00,0x08,0x82,0x00,0x10,0x00,
0x07,0x00,0x00,0x00,0x3a,0x00,0x10,0x00,0x07,0x00,0x00,0x00,0x1a,0x80,0x20,0x00,
0x00,0x00,0x00,0x00,0x07,0x00,0x00,0x00,0x38,0x00,0x00,0x07,0x82,0x00,0x10,0x00,
0x07,0x00,0x00,0x00,0x2a,0x00,0x10,0x00,0x07,0x00,0x00,0x00,0x3a,0x00,0x10,0x00,
0x07,0x00,0x00,0x00,0x34,0x00,0x00,0x07,0x82,0x00,0x10,0x00,0x07,0x00,0x00,0x00,
0x3a,0x00,0x10,0x00,0x07,0x00,0x00,0x00,0x01,0x40,0x00,0x00,0x40,0xda,0x7f,0x38,
0x1e,0x00,0x00,0x0a,0xf2,0x00,0x10,0x00,0x05,0x00,0x00,0x00,0x46,0x0e,0x10,0x00,
0x05,0x00,0x00,0x00,0x02,0x40,0x00,0x00,0x00,0x00,0x00,0x00,0xff,0xff,0xff,0xff,
0x00,0x00,0x00,0x00,0x01,0x00,0x00,0x00,0x25,0x00,0x00,0x07,0xf2,0x00,0x10,0x00,
0x05,0x00,0x00,0x00,0x46,0x0e,0x10,0x00,0x0d,0x00,0x00,0x00,0x46,0x0e,0x10,0x00,
0x05,0x00,0x00,0x00,0x24,0x00,0x00,0x0a,0xf2,0x00,0x10,0x00,0x05,0x00,0x00,0x00,
0xe6,0x04,0x10,0x00,0x05,0x00,0x00,0x00,0x02,0x40,0x00,0x00,0x00,0x00,0x00,0x00,
0x00,0x00,0x00,0x00,0x00,0x00,0x00,0x00,0x00,0x00,0x00,0x00,0x36,0x00,0x00,0x05,
0x32,0x00,0x10,0x00,0x0d,0x00,0x00,0x00,0xe6,0x0a,0x10,0x00,0x05,0x00,0x00,0x00,
0x36,0x00,0x00,0x08,0xc2,0x00,0x10,0x00,0x0d,0x00,0x00,0x00,0x02,0x40,0x00,0x00,
0x00,0x00,0x00,0x00,0x00,0x00,0x00,0x00,0x00,0x00,0x00,0x00,0x00,0x00,0x00,0x00,
0x2d,0x00,0x00,0x89,0xc2,0x00,0x00,0x80,0x43,0x55,0x15,0x00,0x12,0x00,0x10,0x00,
0x0c,0x00,0x00,0x00,0x46,0x0e,0x10,0x00,0x0d,0x00,0x00,0x00,0x46,0x7e,0x10,0x00,
0x01,0x00,0x00,0x00,0x38,0x00,0x00,0x08,0x12,0x00,0x10,0x00,0x0c,0x00,0x00,0x00,
0x0a,0x00,0x10,0x00,0x0c,0x00,0x00,0x00,0x1a,0x80,0x20,0x00,0x00,0x00,0x00,0x00,
0x07,0x00,0x00,0x00,0x38,0x00,0x00,0x07,0x12,0x00,0x10,0x00,0x0c,0x00,0x00,0x00,
0x2a,0x00,0x10,0x00,0x07,0x00,0x00,0x00,0x0a,0x00,0x10,0x00,0x0c,0x00,0x00,0x00,
0x34,0x00,0x00,0x07,0x12,0x00,0x10,0x00,0x0c,0x00,0x00,0x00,0x0a,0x00,0x10,0x00,
0x0c,0x00,0x00,0x00,0x01,0x40,0x00,0x00,0x40,0xda,0x7f,0x38,0x36,0x00,0x00,0x08,
0xc2,0x00,0x10,0x00,0x05,0x00,0x00,0x00,0x02,0x40,0x00,0x00,0x00,0x00,0x00,0x00,
0x00,0x00,0x00,0x00,0x00,0x00,0x00,0x00,0x00,0x00,0x00,0x00,0x2d,0x00,0x00,0x89,
0xc2,0x00,0x00,0x80,0x43,0x55,0x15,0x00,0x12,0x00,0x10,0x00,0x05,0x00,0x00,0x00,
0x46,0x0e,0x10,0x00,0x05,0x00,0x00,0x00,0x46,0x7e,0x10,0x00,0x01,0x00,0x00,0x00,
0x38,0x00,0x00,0x08,0x12,0x00,0x10,0x00,0x05,0x00,0x00,0x00,0x0a,0x00,0x10,0x00,
0x05,0x00,0x00,0x00,0x1a,0x80,0x20,0x00,0x00,0x00,0x00,0x00,0x07,0x00,0x00,0x00,
0x38,0x00,0x00,0x07,0x12,0x00,0x10,0x00,0x05,0x00,0x00,0x00,0x2a,0x00,0x10,0x00,
0x07,0x00,0x00,0x00,0x0a,0x00,0x10,0x00,0x05,0x00,0x00,0x00,0x34,0x00,0x00,0x07,
0x12,0x00,0x10,0x00,0x05,0x00,0x00,0x00,0x0a,0x00,0x10,0x00,0x05,0x00,0x00,0x00,
0x01,0x40,0x00,0x00,0x40,0xda,0x7f,0x38,0x00,0x00,0x00,0x07,0xf2,0x00,0x10,0x00,
0x0d,0x00,0x00,0x00,0x46,0x04,0x10,0x00,0x0b,0x00,0x00,0x00,0xe6,0x0e,0x10,0x00,
0x09,0x00,0x00,0x00,0x38,0x00,0x00,0x07,0xf2,0x00,0x10,0x00,0x0d,0x00,0x00,0x00,
0x46,0x04,0x10,0x00,0x0a,0x00,0x00,0x00,0x46,0x0e,0x10,0x00,0x0d,0x00,0x00,0x00,
0x41,0x00,0x00,0x05,0xf2,0x00,0x10,0x00,0x0d,0x00,0x00,0x00,0x46,0x0e,0x10,0x00,
0x0d,0x00,0x00,0x00,0x1b,0x00,0x00,0x05,0xf2,0x00,0x10,0x00,0x0d,0x00,0x00,0x00,
0x46,0x0e,0x10,0x00,0x0d,0x00,0x00,0x00,0x25,0x00,0x00,0x07,0x62,0x00,0x10,0x00,
0x05,0x00,0x00,0x00,0xa6,0x0b,0x10,0x00,0x08,0x00,0x00,0x00,0xa6,0x0b,0x10,0x00,
0x0d,0x00,0x00,0x00,0x24,0x00,0x00,0x0a,0x32,0x00,0x10,0x00,0x0e,0x00,0x00,0x00,
0x96,0x05,0x10,0x00,0x05,0x00,0x00,0x00,0x02,0x40,0x00,0x00,0x00,0x00,0x00,0x00,
0x00,0x00,0x00,0x00,0x00,0x00,0x00,0x00,0x00,0x00,0x00,0x00,0x36,0x00,0x00,0x08,
0xc2,0x00,0x10,0x00,0x0e,0x00,0x00,0x00,0x02,0x40,0x00,0x00,0x00,0x00,0x00,0x00,
0x00,0x00,0x00,0x00,0x00,0x00,0x00,0x00,0x00,0x00,0x00,0x00,0x2d,0x00,0x00,0x89,
0xc2,0x00,0x00,0x80,0x43,0x55,0x15,0x00,0x22,0x00,0x10,0x00,0x05,0x00,0x00,0x00,
0x46,0x0e,0x10,0x00,0x0e,0x00,0x00,0x00,0x16,0x7e,0x10,0x00,0x00,0x00,0x00,0x00,
0x38,0x00,0x00,0x07,0x22,0x00,0x10,0x00,0x05,0x00,0x00,0x00,0x2a,0x00,0x10,0x00,
0x07,0x00,0x00,0x00,0x1a,0x00,0x10,0x00,0x05,0x00,0x00,0x00,0x34,0x00,0x00,0x07,
0x22,0x00,0x10,0x00,0x05,0x00,0x00,0x00,0x1a,0x00,0x10,0x00,0x05,0x00,0x00,0x00,
0x01,0x40,0x00,0x00,0x40,0xda,0x7f,0x38,0x1e,0x00,0x00,0x0a,0xf2,0x00,0x10,0x00,
0x0e,0x00,0x00,0x00,0xe6,0x0e,0x10,0x00,0x0d,0x00,0x00,0x00,0x02,0x40,0x00,0x00,
0xff,0xff,0xff,0xff,0x00,0x00,0x00,0x00,0x01,0x00,0x00,0x00,0x00,0x00,0x00,0x00,
0x25,0x00,0x00,0x07,0xf2,0x00,0x10,0x00,0x0e,0x00,0x00,0x00,0x46,0x0e,0x10,0x00,
0x08,0x00,0x00,0x00,0x46,0x0e,0x10,0x00,0x0e,0x00,0x00,0x00,0x24,0x00,0x00,0x0a,
0xf2,0x00,0x10,0x00,0x0e,0x00,0x00,0x00,0xe6,0x04,0x10,0x00,0x0e,0x00,0x00,0x00,
0x02,0x40,0x00,0x00,0x00,0x00,0x00,0x00,0x00,0x00,0x00,0x00,0x00,0x00,0x00,0x00,
0x00,0x00,0x00,0x00,0x36,0x00,0x00,0x05,0x32,0x00,0x10,0x00,0x0f,0x00,0x00,0x00,
0xe6,0x0a,0x10,0x00,0x0e,0x00,0x00,0x00,0x36,0x00,0x00,0x08,0xc2,0x00,0x10,0x00,
0x0f,0x00,0x00,0x00,0x02,0x40,0x00,0x00,0x00,0x00,0x00,0x00,0x00,0x00,0x00,0x00,
0x00,0x00,0x00,0x00,0x00,0x00,0x00,0x00,0x2d,0x00,0x00,0x89,0xc2,0x00,0x00,0x80,
0x43,0x55,0x15,0x00,0x42,0x00,0x10,0x00,0x05,0x00,0x00,0x00,0x46,0x0e,0x10,0x00,
0x0f,0x00,0x00,0x00,0x96,0x7c,0x10,0x00,0x00,0x00,0x00,0x00,0x38,0x00,0x00,0x07,
0x42,0x00,0x10,0x00,0x05,0x00,0x00,0x00,0x2a,0x00,0x10,0x00,0x07,0x00,0x00,0x00,
0x2a,0x00,0x10,0x00,0x05,0x00,0x00,0x00,0x34,0x00,0x00,0x07,0x42,0x00,0x10,0x00,
0x05,0x00,0x00,0x00,0x2a,0x00,0x10,0x00,0x05,0x00,0x00,0x00,0x01,0x40,0x00,0x00,
0x40,0xda,0x7f,0x38,0x36,0x00,0x00,0x08,0xc2,0x00,0x10,0x00,0x0e,0x00,0x00,0x00,
0x02,0x40,0x00,0x00,0x00,0x00,0x00,0x00,0x00,0x00,0x00,0x00,0x00,0x00,0x00,0x00,
0x00,0x00,0x00,0x00,0x2d,0x00,0x00,0x89,0xc2,0x00,0x00,0x80,0x43,0x55,0x15,0x00,
0x82,0x00,0x10,0x00,0x05,0x00,0x00,0x00,0x46,0x0e,0x10,0x00,0x0e,0x00,0x00,0x00,
0x96,0x73,0x10,0x00,0x00,0x00,0x00,0x00,0x38,0x00,0x00,0x07,0x82,0x00,0x10,0x00,
0x05,0x00,0x00,0x00,0x2a,0x00,0x10,0x00,0x07,0x00,0x00,0x00,0x3a,0x00,0x10,0x00,
0x05,0x00,0x00,0x00,0x34,0x00,0x00,0x07,0x82,0x00,0x10,0x00,0x05,0x00,0x00,0x00,
0x3a,0x00,0x10,0x00,0x05,0x00,0x00,0x00,0x01,0x40,0x00,0x00,0x40,0xda,0x7f,0x38,
0x1e,0x00,0x00,0x0a,0xf2,0x00,0x10,0x00,0x0d,0x00,0x00,0x00,0x46,0x0e,0x10,0x00,
0x0d,0x00,0x00,0x00,0x02,0x40,0x00,0x00,0x00,0x00,0x00,0x00,0xff,0xff,0xff,0xff,
0x00,0x00,0x00,0x00,0x01,0x00,0x00,0x00,0x25,0x00,0x00,0x07,0xf2,0x00,0x10,0x00,
0x0d,0x00,0x00,0x00,0x46,0x0e,0x10,0x00,0x08,0x00,0x00,0x00,0x46,0x0e,0x10,0x00,
0x0d,0x00,0x00,0x00,0x24,0x00,0x00,0x0a,0xf2,0x00,0x10,0x00,0x0d,0x00,0x00,0x00,
0xe6,0x04,0x10,0x00,0x0d,0x00,0x00,0x00,0x02,0x40,0x00,0x00,0x00,0x00,0x00,0x00,
0x00,0x00,0x00,0x00,0x00,0x00,0x00,0x00,0x00,0x00,0x00,0x00,0x36,0x00,0x00,0x05,
0x32,0x00,0x10,0x00,0x0e,0x00,0x00,0x00,0xe6,0x0a,0x10,0x00,0x0d,0x00,0x00,0x00,
0x36,0x00,0x00,0x08,0xc2,0x00,0x10,0x00,0x0e,0x00,0x00,0x00,0x02,0x40,0x00,0x00,
0x00,0x00,0x00,0x00,0x00,0x00,0x00,0x00,0x00,0x00,0x00,0x00,0x00,0x00,0x00,0x00,
0x2d,0x00,0x00,0x89,0xc2,0x00,0x00,0x80,0x43,0x55,0x15,0x00,0x42,0x00,0x10,0x00,
0x09,0x00,0x00,0x00,0x46,0x0e,0x10,0x00,0x0e,0x00,0x00,0x00,0x96,0x7c,0x10,0x00,
0x00,0x00,0x00,0x00,0x38,0x00,0x00,0x07,0x42,0x00,0x10,0x00,0x09,0x00,0x00,0x00,
0x2a,0x00,0x10,0x00,0x07,0x00,0x00,0x00,0x2a,0x00,0x10,0x00,0x09,0x00,0x00,0x00,
0x34,0x00,0x00,0x07,0x42,0x00,0x10,0x00,0x09,0x00,0x00,0x00,0x2a,0x00,0x10,0x00,
0x09,0x00,0x00,0x00,0x01,0x40,0x00,0x00,0x40,0xda,0x7f,0x38,0x36,0x00,0x00,0x08,
0xc2,0x00,0x10,0x00,0x0d,0x00,0x00,0x00,0x02,0x40,0x00,0x00,0x00,0x00,0x00,0x00,
0x00,0x00,0x00,0x00,0x00,0x00,0x00,0x00,0x00,0x00,0x00,0x00,0x2d,0x00,0x00,0x89,
0xc2,0x00,0x00,0x80,0x43,0x55,0x15,0x00,0x82,0x00,0x10,0x00,0x09,0x00,0x00,0x00,
0x46,0x0e,0x10,0x00,0x0d,0x00,0x00,0x00,0x96,0x73,0x10,0x00,0x00,0x00,0x00,0x00,
0x38,0x00,0x00,0x07,0x82,0x00,0x10,0x00,0x09,0x00,0x00,0x00,0x2a,0x00,0x10,0x00,
0x07,0x00,0x00,0x00,0x3a,0x00,0x10,0x00,0x09,0x00,0x00,0x00,0x34,0x00,0x00,0x07,
0x82,0x00,0x10,0x00,0x09,0x00,0x00,0x00,0x3a,0x00,0x10,0x00,0x09,0x00,0x00,0x00,
0x01,0x40,0x00,0x00,0x40,0xda,0x7f,0x38,0x33,0x00,0x00,0x07,0x22,0x00,0x10,0x00,
0x0c,0x00,0x00,0x00,0x1a,0x00,0x10,0x00,0x05,0x00,0x00,0x00,0x2a,0x00,0x10,0x00,
0x09,0x00,0x00,0x00,0x34,0x00,0x00,0x07,0x22,0x00,0x10,0x00,0x05,0x00,0x00,0x00,
0x1a,0x00,0x10,0x00,0x05,0x00,0x00,0x00,0x2a,0x00,0x10,0x00,0x09,0x00,0x00,0x00,
0x33,0x00,0x00,0x07,0x42,0x00,0x10,0x00,0x09,0x00,0x00,0x00,0x2a,0x00,0x10,0x00,
0x05,0x00,0x00,0x00,0x3a,0x00,0x10,0x00,0x09,0x00,0x00,0x00,0x34,0x00,0x00,0x07,
0x42,0x00,0x10,0x00,0x05,0x00,0x00,0x00,0x2a,0x00,0x10,0x00,0x05,0x00,0x00,0x00,
0x3a,0x00,0x10,0x00,0x09,0x00,0x00,0x00,0x34,0x00,0x00,0x07,0x82,0x00,0x10,0x00,
0x09,0x00,0x00,0x00,0x3a,0x00,0x10,0x00,0x05,0x00,0x00,0x00,0x1a,0x00,0x10,0x00,
0x0c,0x00,0x00,0x00,0x34,0x00,0x00,0x07,0x32,0x00,0x10,0x00,0x0d,0x00,0x00,0x00,
0x96,0x05,0x10,0x00,0x05,0x00,0x00,0x00,0xe6,0x0a,0x10,0x00,0x09,0x00,0x00,0x00,
0x34,0x00,0x00,0x07,0x42,0x00,0x10,0x00,0x0d,0x00,0x00,0x00,0x1a,0x00,0x10,0x00,
0x0d,0x00,0x00,0x00,0x0a,0x00,0x10,0x00,0x0d,0x00,0x00,0x00,0x33,0x00,0x00,0x07,
0x82,0x00,0x10,0x00,0x0d,0x00,0x00,0x00,0x2a,0x00,0x10,0x00,0x02,0x00,0x00,0x00,
0x0a,0x00,0x10,0x00,0x0c,0x00,0x00,0x00,0x34,0x00,0x00,0x07,0x42,0x00,0x10,0x00,
0x02,0x00,0x00,0x00,0x2a,0x00,0x10,0x00,0x02,0x00,0x00,0x00,0x0a,0x00,0x10,0x00,
0x0c,0x00,0x00,0x00,0x33,0x00,0x00,0x07,0x12,0x00,0x10,0x00,0x0c,0x00,0x00,0x00,
0x3a,0x00,0x10,0x00,0x02,0x00,0x00,0x00,0x0a,0x00,0x10,0x00,0x05,0x00,0x00,0x00,
0x34,0x00,0x00,0x07,0x82,0x00,0x10,0x00,0x02,0x00,0x00,0x00,0x3a,0x00,0x10,0x00,
0x02,0x00,0x00,0x00,0x0a,0x00,0x10,0x00,0x05,0x00,0x00,0x00,0x34,0x00,0x00,0x07,
0x12,0x00,0x10,0x00,0x05,0x00,0x00,0x00,0x3a,0x00,0x10,0x00,0x07,0x00,0x00,0x00,
0x3a,0x00,0x10,0x00,0x0d,0x00,0x00,0x00,0x34,0x00,0x00,0x07,0x12,0x00,0x10,0x00,
0x0e,0x00,0x00,0x00,0x2a,0x00,0x10,0x00,0x02,0x00,0x00,0x00,0x0a,0x00,0x10,0x00,
0x0c,0x00,0x00,0x00,0x34,0x00,0x00,0x07,0x22,0x00,0x10,0x00,0x0e,0x00,0x00,0x00,
0x3a,0x00,0x10,0x00,0x02,0x00,0x00,0x00,0x0a,0x00,0x10,0x00,0x05,0x00,0x00,0x00,
0x33,0x00,0x00,0x07,0x82,0x00,0x10,0x00,0x05,0x00,0x00,0x00,0x3a,0x00,0x10,0x00,
0x05,0x00,0x00,0x00,0x1a,0x00,0x10,0x00,0x0c,0x00,0x00,0x00,0x33,0x00,0x00,0x07,
0x62,0x00,0x10,0x00,0x05,0x00,0x00,0x00,0x56,0x06,0x10,0x00,0x05,0x00,0x00,0x00,
0xa6,0x0b,0x10,0x00,0x09,0x00,0x00,0x00,0x33,0x00,0x00,0x07,0x12,0x00,0x10,0x00,
0x0f,0x00,0x00,0x00,0x1a,0x00,0x10,0x00,0x05,0x00,0x00,0x00,0x3a,0x00,0x10,0x00,
0x05,0x00,0x00,0x00,0x34,0x00,0x00,0x07,0x22,0x00,0x10,0x00,0x05,0x00,0x00,0x00,
0x1a,0x00,0x10,0x00,0x05,0x00,0x00,0x00,0x3a,0x00,0x10,0x00,0x05,0x00,0x00,0x00,
0x33,0x00,0x00,0x07,0x22,0x00,0x10,0x00,0x0f,0x00,0x00,0x00,0x2a,0x00,0x10,0x00,
0x05,0x00,0x00,0x00,0x1a,0x00,0x10,0x00,0x05,0x00,0x00,0x00,0x34,0x00,0x00,0x07,
0x22,0x00,0x10,0x00,0x05,0x00,0x00,0x00,0x2a,0x00,0x10,0x00,0x05,0x00,0x00,0x00,
0x1a,0x00,0x10,0x00,0x05,0x00,0x00,0x00,0x33,0x00,0x00,0x07,0x42,0x00,0x10,0x00,
0x05,0x00,0x00,0x00,0x1a,0x00,0x10,0x00,0x0d,0x00,0x00,0x00,0x0a,0x00,0x10,0x00,
0x0d,0x00,0x00,0x00,0x33,0x00,0x00,0x07,0x42,0x00,0x10,0x00,0x0f,0x00,0x00,0x00,
0x2a,0x00,0x10,0x00,0x05,0x00,0x00,0x00,0x1a,0x00,0x10,0x00,0x05,0x00,0x00,0x00,
0x34,0x00,0x00,0x07,0x82,0x00,0x10,0x00,0x0f,0x00,0x00,0x00,0x2a,0x00,0x10,0x00,
0x05,0x00,0x00,0x00,0x1a,0x00,0x10,0x00,0x05,0x00,0x00,0x00,0x33,0x00,0x00,0x07,
0x22,0x00,0x10,0x00,0x05,0x00,0x00,0x00,0x3a,0x00,0x10,0x00,0x07,0x00,0x00,0x00,
0x3a,0x00,0x10,0x00,0x0d,0x00,0x00,0x00,0x33,0x00,0x00,0x07,0x42,0x00,0x10,0x00,
0x02,0x00,0x00,0x00,0x2a,0x00,0x10,0x00,0x02,0x00,0x00,0x00,0x0a,0x00,0x10,0x00,
0x0c,0x00,0x00,0x00,0x33,0x00,0x00,0x07,0x12,0x00,0x10,0x00,0x10,0x00,0x00,0x00,
0x2a,0x00,0x10,0x00,0x02,0x00,0x00,0x00,0x1a,0x00,0x10,0x00,0x05,0x00,0x00,0x00,
0x34,0x00,0x00,0x07,0x42,0x00,0x10,0x00,0x02,0x00,0x00,0x00,0x2a,0x00,0x10,0x00,
0x02,0x00,0x00,0x00,0x1a,0x00,0x10,0x00,0x05,0x00,0x00,0x00,0x33,0x00,0x00,0x07,
0x82,0x00,0x10,0x00,0x02,0x00,0x00,0x00,0x3a,0x00,0x10,0x00,0x02,0x00,0x00,0x00,
0x0a,0x00,0x10,0x00,0x05,0x00,0x00,0x00,0x33,0x00,0x00,0x07,0x22,0x00,0x10,0x00,
0x10,0x00,0x00,0x00,0x3a,0x00,0x10,0x00,0x02,0x00,0x00,0x00,0x2a,0x00,0x10,0x00,
0x02,0x00,0x00,0x00,0x34,0x00,0x00,0x07,0x42,0x00,0x10,0x00,0x02,0x00,0x00,0x00,
0x3a,0x00,0x10,0x00,0x02,0x00,0x00,0x00,0x2a,0x00,0x10,0x00,0x02,0x00,0x00,0x00,
0x33,0x00,0x00,0x07,0x82,0x00,0x10,0x00,0x02,0x00,0x00,0x00,0x1a,0x00,0x10,0x00,
0x0e,0x00,0x00,0x00,0x0a,0x00,0x10,0x00,0x0e,0x00,0x00,0x00,0x33,0x00,0x00,0x07,
0x42,0x00,0x10,0x00,0x10,0x00,0x00,0x00,0x3a,0x00,0x10,0x00,0x02,0x00,0x00,0x00,
0x2a,0x00,0x10,0x00,0x02,0x00,0x00,0x00,0x34,0x00,0x00,0x07,0x82,0x00,0x10,0x00,
0x10,0x00,0x00,0x00,0x3a,0x00,0x10,0x00,0x02,0x00,0x00,0x00,0x2a,0x00,0x10,0x00,
0x02,0x00,0x00,0x00,0x00,0x00,0x00,0x08,0x42,0x00,0x10,0x00,0x02,0x00,0x00,0x00,
0x0a,0x00,0x10,0x00,0x0f,0x00,0x00,0x00,0x0a,0x00,0x10,0x80,0x41,0x00,0x00,0x00,
0x10,0x00,0x00,0x00,0x31,0x00,0x00,0x08,0x82,0x00,0x10,0x00,0x02,0x00,0x00,0x00,
0x01,0x40,0x00,0x00,0x40,0xda,0x7f,0x38,0x2a,0x00,0x10,0x80,0x81,0x00,0x00,0x00,
0x02,0x00,0x00,0x00,0x1f,0x00,0x04,0x03,0x3a,0x00,0x10,0x00,0x02,0x00,0x00,0x00,
0x31,0x00,0x00,0x07,0x82,0x00,0x10,0x00,0x02,0x00,0x00,0x00,0x01,0x40,0x00,0x00,
0x00,0x00,0x00,0x00,0x2a,0x00,0x10,0x00,0x02,0x00,0x00,0x00,0x31,0x00,0x00,0x07,
0x42,0x00,0x10,0x00,0x02,0x00,0x00,0x00,0x2a,0x00,0x10,0x00,0x02,0x00,0x00,0x00,
0x01,0x40,0x00,0x00,0x00,0x00,0x00,0x00,0x1e,0x00,0x00,0x08,0x42,0x00,0x10,0x00,
0x02,0x00,0x00,0x00,0x3a,0x00,0x10,0x80,0x41,0x00,0x00,0x00,0x02,0x00,0x00,0x00,
0x2a,0x00,0x10,0x00,0x02,0x00,0x00,0x00,0x2b,0x00,0x00,0x05,0x42,0x00,0x10,0x00,
0x02,0x00,0x00,0x00,0x2a,0x00,0x10,0x00,0x02,0x00,0x00,0x00,0x34,0x00,0x00,0x07,
0x82,0x00,0x10,0x00,0x02,0x00,0x00,0x00,0x0a,0x00,0x10,0x00,0x0f,0x00,0x00,0x00,
0x0a,0x00,0x10,0x00,0x10,0x00,0x00,0x00,0x33,0x00,0x00,0x07,0x12,0x00,0x10,0x00,
0x05,0x00,0x00,0x00,0x0a,0x00,0x10,0x00,0x0f,0x00,0x00,0x00,0x0a,0x00,0x10,0x00,
0x10,0x00,0x00,0x00,0x0e,0x00,0x00,0x07,0x82,0x00,0x10,0x00,0x02,0x00,0x00,0x00,
0x0a,0x00,0x10,0x00,0x05,0x00,0x00,0x00,0x3a,0x00,0x10,0x00,0x02,0x00,0x00,0x00,
0x00,0x00,0x00,0x08,0x82,0x00,0x10,0x00,0x02,0x00,0x00,0x00,0x3a,0x00,0x10,0x80,
0x41,0x00,0x00,0x00,0x02,0x00,0x00,0x00,0x01,0x40,0x00,0x00,0x00,0x00,0x80,0x3f,
0x38,0x00,0x00,0x07,0x42,0x00,0x10,0x00,0x02,0x00,0x00,0x00,0x3a,0x00,0x10,0x00,
0x02,0x00,0x00,0x00,0x2a,0x00,0x10,0x00,0x02,0x00,0x00,0x00,0x31,0x00,0x00,0x08,
0x82,0x00,0x10,0x00,0x02,0x00,0x00,0x00,0x2a,0x00,0x10,0x80,0x81,0x00,0x00,0x00,
0x02,0x00,0x00,0x00,0x01,0x40,0x00,0x00,0x00,0xdf,0x7f,0x47,0x37,0x00,0x00,0x09,
0x42,0x00,0x10,0x00,0x02,0x00,0x00,0x00,0x3a,0x00,0x10,0x00,0x02,0x00,0x00,0x00,
0x2a,0x00,0x10,0x00,0x02,0x00,0x00,0x00,0x01,0x40,0x00,0x00,0x00,0xdf,0x7f,0x47,
0x31,0x00,0x00,0x07,0x82,0x00,0x10,0x00,0x02,0x00,0x00,0x00,0x0a,0x00,0x10,0x00,
0x0f,0x00,0x00,0x00,0x0a,0x00,0x10,0x00,0x10,0x00,0x00,0x00,0x01,0x00,0x00,0x07,
0x12,0x00,0x10,0x00,0x05,0x00,0x00,0x00,0x3a,0x00,0x10,0x00,0x02,0x00,0x00,0x00,
0x01,0x40,0x00,0x00,0x01,0x00,0x00,0x00,0x0f,0x00,0x00,0x08,0x82,0x00,0x10,0x00,
0x02,0x00,0x00,0x00,0x46,0x00,0x10,0x00,0x0f,0x00,0x00,0x00,0x46,0x90,0x90,0x00,
0x0a,0x00,0x10,0x00,0x05,0x00,0x00,0x00,0x1d,0x00,0x00,0x07,0x82,0x00,0x10,0x00,
0x02,0x00,0x00,0x00,0x3a,0x00,0x10,0x00,0x02,0x00,0x00,0x00,0x0a,0x00,0x10,0x00,
0x10,0x00,0x00,0x00,0x01,0x00,0x00,0x07,0x22,0x00,0x10,0x00,0x05,0x00,0x00,0x00,
0x3a,0x00,0x10,0x00,0x02,0x00,0x00,0x00,0x01,0x40,0x00,0x00,0x01,0x00,0x00,0x00,
0x12,0x00,0x00,0x01,0x36,0x00,0x00,0x08,0x32,0x00,0x10,0x00,0x05,0x00,0x00,0x00,
0x02,0x40,0x00,0x00,0x00,0x00,0x00,0x00,0x00,0x00,0x00,0x00,0x00,0x00,0x00,0x00,
0x00,0x00,0x00,0x00,0x36,0x00,0x00,0x05,0x42,0x00,0x10,0x00,0x02,0x00,0x00,0x00,
0x01,0x40,0x00,0x00,0x00,0xe0,0x7f,0x47,0x15,0x00,0x00,0x01,0x31,0x00,0x00,0x07,
0x82,0x00,0x10,0x00,0x02,0x00,0x00,0x00,0x2a,0x00,0x10,0x00,0x02,0x00,0x00,0x00,
0x01,0x40,0x00,0x00,0x00,0xe0,0x7f,0x47,0x1f,0x00,0x04,0x03,0x3a,0x00,0x10,0x00,
0x02,0x00,0x00,0x00,0x0f,0x00,0x00,0x08,0x42,0x00,0x10,0x00,0x05,0x00,0x00,0x00,
0x46,0x00,0x10,0x00,0x0f,0x00,0x00,0x00,0x46,0x90,0x90,0x00,0x0a,0x00,0x10,0x00,
0x05,0x00,0x00,0x00,0x0f,0x00,0x00,0x08,0x82,0x00,0x10,0x00,0x05,0x00,0x00,0x00,
0x46,0x00,0x10,0x00,0x10,0x00,0x00,0x00,0x46,0x90,0x90,0x00,0x1a,0x00,0x10,0x00,
0x05,0x00,0x00,0x00,0x00,0x00,0x00,0x08,0x82,0x00,0x10,0x00,0x07,0x00,0x00,0x00,
0x3a,0x00,0x10,0x80,0x41,0x00,0x00,0x00,0x05,0x00,0x00,0x00,0x2a,0x00,0x10,0x00,
0x05,0x00,0x00,0x00,0x31,0x00,0x00,0x08,0x42,0x00,0x10,0x00,0x09,0x00,0x00,0x00,
0x01,0x40,0x00,0x00,0x40,0xda,0x7f,0x38,0x3a,0x00,0x10,0x80,0x81,0x00,0x00,0x00,
0x07,0x00,0x00,0x00,0x1f,0x00,0x04,0x03,0x2a,0x00,0x10,0x00,0x09,0x00,0x00,0x00,
0x31,0x00,0x00,0x07,0x42,0x00,0x10,0x00,0x09,0x00,0x00,0x00,0x01,0x40,0x00,0x00,
0x00,0x00,0x00,0x00,0x3a,0x00,0x10,0x00,0x07,0x00,0x00,0x00,0x31,0x00,0x00,0x07,
0x82,0x00,0x10,0x00,0x07,0x00,0x00,0x00,0x3a,0x00,0x10,0x00,0x07,0x00,0x00,0x00,
0x01,0x40,0x00,0x00,0x00,0x00,0x00,0x00,0x1e,0x00,0x00,0x08,0x82,0x00,0x10,0x00,
0x07,0x00,0x00,0x00,0x2a,0x00,0x10,0x80,0x41,0x00,0x00,0x00,0x09,0x00,0x00,0x00,
0x3a,0x00,0x10,0x00,0x07,0x00,0x00,0x00,0x2b,0x00,0x00,0x05,0x82,0x00,0x10,0x00,
0x07,0x00,0x00,0x00,0x3a,0x00,0x10,0x00,0x07,0x00,0x00,0x00,0x34,0x00,0x00,0x07,
0x42,0x00,0x10,0x00,0x09,0x00,0x00,0x00,0x3a,0x00,0x10,0x00,0x05,0x00,0x00,0x00,
0x2a,0x00,0x10,0x00,0x05,0x00,0x00,0x00,0x39,0x00,0x00,0x07,0x82,0x00,0x10,0x00,
0x09,0x00,0x00,0x00,0x2a,0x00,0x10,0x00,0x09,0x00,0x00,0x00,0x01,0x40,0x00,0x00,
0x00,0x00,0x00,0x00,0x33,0x00,0x00,0x07,0x12,0x00,0x10,0x00,0x0c,0x00,0x00,0x00,
0x3a,0x00,0x10,0x00,0x05,0x00,0x00,0x00,0x2a,0x00,0x10,0x00,0x05,0x00,0x00,0x00,
0x0e,0x00,0x00,0x07,0x42,0x00,0x10,0x00,0x09,0x00,0x00,0x00,0x0a,0x00,0x10,0x00,
0x0c,0x00,0x00,0x00,0x2a,0x00,0x10,0x00,0x09,0x00,0x00,0x00,0x01,0x00,0x00,0x07,
0x42,0x00,0x10,0x00,0x09,0x00,0x00,0x00,0x2a,0x00,0x10,0x00,0x09,0x00,0x00,0x00,
0x3a,0x00,0x10,0x00,0x09,0x00,0x00,0x00,0x00,0x00,0x00,0x08,0x42,0x00,0x10,0x00,
0x09,0x00,0x00,0x00,0x2a,0x00,0x10,0x80,0x41,0x00,0x00,0x00,0x09,0x00,0x00,0x00,
0x01,0x40,0x00,0x00,0x00,0x00,0x80,0x3f,0x38,0x00,0x00,0x07,0x82,0x00,0x10,0x00,
0x07,0x00,0x00,0x00,0x3a,0x00,0x10,0x00,0x07,0x00,0x00,0x00,0x2a,0x00,0x10,0x00,
0x09,0x00,0x00,0x00,0x31,0x00,0x00,0x09,0x42,0x00,0x10,0x00,0x09,0x00,0x00,0x00,
0x3a,0x00,0x10,0x80,0x81,0x00,0x00,0x00,0x07,0x00,0x00,0x00,0x2a,0x00,0x10,0x80,
0x81,0x00,0x00,0x00,0x02,0x00,0x00,0x00,0x37,0x00,0x00,0x09,0x42,0x00,0x10,0x00,
0x02,0x00,0x00,0x00,0x2a,0x00,0x10,0x00,0x09,0x00,0x00,0x00,0x3a,0x00,0x10,0x00,
0x07,0x00,0x00,0x00,0x2a,0x00,0x10,0x00,0x02,0x00,0x00,0x00,0x31,0x00,0x00,0x07,
0x42,0x00,0x10,0x00,0x05,0x00,0x00,0x00,0x2a,0x00,0x10,0x00,0x05,0x00,0x00,0x00,
0x3a,0x00,0x10,0x00,0x05,0x00,0x00,0x00,0x01,0x00,0x00,0x07,0x42,0x00,0x10,0x00,
0x05,0x00,0x00,0x00,0x2a,0x00,0x10,0x00,0x05,0x00,0x00,0x00,0x01,0x40,0x00,0x00,
0x01,0x00,0x00,0x00,0x1e,0x00,0x00,0x07,0x12,0x00,0x10,0x00,0x05,0x00,0x00,0x00,
0x2a,0x00,0x10,0x00,0x05,0x00,0x00,0x00,0x0a,0x00,0x10,0x00,0x05,0x00,0x00,0x00,
0x10,0x00,0x00,0x08,0x42,0x00,0x10,0x00,0x05,0x00,0x00,0x00,0x46,0x02,0x10,0x00,
0x0f,0x00,0x00,0x00,0x46,0x92,0x90,0x00,0x0a,0x00,0x10,0x00,0x05,0x00,0x00,0x00,
0x1d,0x00,0x00,0x07,0x42,0x00,0x10,0x00,0x05,0x00,0x00,0x00,0x2a,0x00,0x10,0x00,
0x05,0x00,0x00,0x00,0x3a,0x00,0x10,0x00,0x05,0x00,0x00,0x00,0x01,0x00,0x00,0x07,
0x42,0x00,0x10,0x00,0x05,0x00,0x00,0x00,0x2a,0x00,0x10,0x00,0x05,0x00,0x00,0x00,
0x01,0x40,0x00,0x00,0x01,0x00,0x00,0x00,0x1e,0x00,0x00,0x07,0x22,0x00,0x10,0x00,
0x05,0x00,0x00,0x00,0x2a,0x00,0x10,0x00,0x05,0x00,0x00,0x00,0x1a,0x00,0x10,0x00,
0x05,0x00,0x00,0x00,0x12,0x00,0x00,0x01,0x36,0x00,0x00,0x05,0x42,0x00,0x10,0x00,
0x02,0x00,0x00,0x00,0x01,0x40,0x00,0x00,0x00,0xe0,0x7f,0x47,0x15,0x00,0x00,0x01,
0x15,0x00,0x00,0x01,0x31,0x00,0x00,0x07,0x42,0x00,0x10,0x00,0x05,0x00,0x00,0x00,
0x2a,0x00,0x10,0x00,0x02,0x00,0x00,0x00,0x01,0x40,0x00,0x00,0x00,0xe0,0x7f,0x47,
0x01,0x00,0x00,0x07,0x82,0x00,0x10,0x00,0x02,0x00,0x00,0x00,0x3a,0x00,0x10,0x00,
0x02,0x00,0x00,0x00,0x2a,0x00,0x10,0x00,0x05,0x00,0x00,0x00,0x1f,0x00,0x04,0x03,
0x3a,0x00,0x10,0x00,0x02,0x00,0x00,0x00,0x10,0x00,0x00,0x08,0x42,0x00,0x10,0x00,
0x05,0x00,0x00,0x00,0x46,0x02,0x10,0x00,0x0f,0x00,0x00,0x00,0x46,0x92,0x90,0x00,
0x0a,0x00,0x10,0x00,0x05,0x00,0x00,0x00,0x10,0x00,0x00,0x08,0x82,0x00,0x10,0x00,
0x05,0x00,0x00,0x00,0x46,0x02,0x10,0x00,0x10,0x00,0x00,0x00,0x46,0x92,0x90,0x00,
0x1a,0x00,0x10,0x00,0x05,0x00,0x00,0x00,0x00,0x00,0x00,0x08,0x82,0x00,0x10,0x00,
0x07,0x00,0x00,0x00,0x3a,0x00,0x10,0x80,0x41,0x00,0x00,0x00,0x05,0x00,0x00,0x00,
0x2a,0x00,0x10,0x00,0x05,0x00,0x00,0x00,0x31,0x00,0x00,0x08,0x42,0x00,0x10,0x00,
0x09,0x00,0x00,0x00,0x01,0x40,0x00,0x00,0x40,0xda,0x7f,0x38,0x3a,0x00,0x10,0x80,
0x81,0x00,0x00,0x00,0x07,0x00,0x00,0x00,0x1f,0x00,0x04,0x03,0x2a,0x00,0x10,0x00,
0x09,0x00,0x00,0x00,0x31,0x00,0x00,0x07,0x42,0x00,0x10,0x00,0x09,0x00,0x00,0x00,
0x01,0x40,0x00,0x00,0x00,0x00,0x00,0x00,0x3a,0x00,0x10,0x00,0x07,0x00,0x00,0x00,
0x31,0x00,0x00,0x07,0x82,0x00,0x10,0x00,0x07,0x00,0x00,0x00,0x3a,0x00,0x10,0x00,
0x07,0x00,0x00,0x00,0x01,0x40,0x00,0x00,0x00,0x00,0x00,0x00,0x1e,0x00,0x00,0x08,
0x82,0x00,0x10,0x00,0x07,0x00,0x00,0x00,0x2a,0x00,0x10,0x80,0x41,0x00,0x00,0x00,
0x09,0x00,0x00,0x00,0x3a,0x00,0x10,0x00,0x07,0x00,0x00,0x00,0x2b,0x00,0x00,0x05,
0x82,0x00,0x10,0x00,0x07,0x00,0x00,0x00,0x3a,0x00,0x10,0x00,0x07,0x00,0x00,0x00,
0x34,0x00,0x00,0x07,0x42,0x00,0x10,0x00,0x09,0x00,0x00,0x00,0x3a,0x00,0x10,0x00,
0x05,0x00,0x00,0x00,0x2a,0x00,0x10,0x00,0x05,0x00,0x00,0x00,0x39,0x00,0x00,0x07,
0x82,0x00,0x10,0x00,0x09,0x00,0x00,0x00,0x2a,0x00,0x10,0x00,0x09,0x00,0x00,0x00,
0x01,0x40,0x00,0x00,0x00,0x00,0x00,0x00,0x33,0x00,0x00,0x07,0x12,0x00,0x10,0x00,
0x0c,0x00,0x00,0x00,0x3a,0x00,0x10,0x00,0x05,0x00,0x00,0x00,0x2a,0x00,0x10,0x00,
0x05,0x00,0x00,0x00,0x0e,0x00,0x00,0x07,0x42,0x00,0x10,0x00,0x09,0x00,0x00,0x00,
0x0a,0x00,0x10,0x00,0x0c,0x00,0x00,0x00,0x2a,0x00,0x10,0x00,0x09,0x00,0x00,0x00,
0x01,0x00,0x00,0x07,0x42,0x00,0x10,0x00,0x09,0x00,0x00,0x00,0x2a,0x00,0x10,0x00,
0x09,0x00,0x00,0x00,0x3a,0x00,0x10,0x00,0x09,0x00,0x00,0x00,0x00,0x00,0x00,0x08,
0x42,0x00,0x10,0x00,0x09,0x00,0x00,0x00,0x2a,0x00,0x10,0x80,0x41,0x00,0x00,0x00,
0x09,0x00,0x00,0x00,0x01,0x40,0x00,0x00,0x00,0x00,0x80,0x3f,0x38,0x00,0x00,0x07,
0x82,0x00,0x10,0x00,0x07,0x00,0x00,0x00,0x3a,0x00,0x10,0x00,0x07,0x00,0x00,0x00,
0x2a,0x00,0x10,0x00,0x09,0x00,0x00,0x00,0x31,0x00,0x00,0x09,0x42,0x00,0x10,0x00,
0x09,0x00,0x00,0x00,0x3a,0x00,0x10,0x80,0x81,0x00,0x00,0x00,0x07,0x00,0x00,0x00,
0x2a,0x00,0x10,0x80,0x81,0x00,0x00,0x00,0x02,0x00,0x00,0x00,0x37,0x00,0x00,0x09,
0x42,0x00,0x10,0x00,0x02,0x00,0x00,0x00,0x2a,0x00,0x10,0x00,0x09,0x00,0x00,0x00,
0x3a,0x00,0x10,0x00,0x07,0x00,0x00,0x00,0x2a,0x00,0x10,0x00,0x02,0x00,0x00,0x00,
0x31,0x00,0x00,0x07,0x42,0x00,0x10,0x00,0x05,0x00,0x00,0x00,0x2a,0x00,0x10,0x00,
0x05,0x00,0x00,0x00,0x3a,0x00,0x10,0x00,0x05,0x00,0x00,0x00,0x01,0x00,0x00,0x07,
0x42,0x00,0x10,0x00,0x05,0x00,0x00,0x00,0x2a,0x00,0x10,0x00,0x05,0x00,0x00,0x00,
0x01,0x40,0x00,0x00,0x01,0x00,0x00,0x00,0x1e,0x00,0x00,0x07,0x12,0x00,0x10,0x00,
0x05,0x00,0x00,0x00,0x2a,0x00,0x10,0x00,0x05,0x00,0x00,0x00,0x0a,0x00,0x10,0x00,
0x05,0x00,0x00,0x00,0x11,0x00,0x00,0x08,0x42,0x00,0x10,0x00,0x05,0x00,0x00,0x00,
0x46,0x0e,0x10,0x00,0x0f,0x00,0x00,0x00,0x46,0x9e,0x90,0x00,0x0a,0x00,0x10,0x00,
0x05,0x00,0x00,0x00,0x1d,0x00,0x00,0x07,0x42,0x00,0x10,0x00,0x05,0x00,0x00,0x00,
0x2a,0x00,0x10,0x00,0x05,0x00,0x00,0x00,0x3a,0x00,0x10,0x00,0x05,0x00,0x00,0x00,
0x01,0x00,0x00,0x07,0x42,0x00,0x10,0x00,0x05,0x00,0x00,0x00,0x2a,0x00,0x10,0x00,
0x05,0x00,0x00,0x00,0x01,0x40,0x00,0x00,0x01,0x00,0x00,0x00,0x1e,0x00,0x00,0x07,
0x22,0x00,0x10,0x00,0x05,0x00,0x00,0x00,0x2a,0x00,0x10,0x00,0x05,0x00,0x00,0x00,
0x1a,0x00,0x10,0x00,0x05,0x00,0x00,0x00,0x12,0x00,0x00,0x01,0x36,0x00,0x00,0x05,
0x42,0x00,0x10,0x00,0x02,0x00,0x00,0x00,0x01,0x40,0x00,0x00,0x00,0xe0,0x7f,0x47,
0x15,0x00,0x00,0x01,0x15,0x00,0x00,0x01,0x31,0x00,0x00,0x07,0x42,0x00,0x10,0x00,
0x05,0x00,0x00,0x00,0x2a,0x00,0x10,0x00,0x02,0x00,0x00,0x00,0x01,0x40,0x00,0x00,
0x00,0xe0,0x7f,0x47,0x01,0x00,0x00,0x07,0x82,0x00,0x10,0x00,0x02,0x00,0x00,0x00,
0x3a,0x00,0x10,0x00,0x02,0x00,0x00,0x00,0x2a,0x00,0x10,0x00,0x05,0x00,0x00,0x00,
0x1f,0x00,0x04,0x03,0x3a,0x00,0x10,0x00,0x02,0x00,0x00,0x00,0x11,0x00,0x00,0x08,
0x42,0x00,0x10,0x00,0x05,0x00,0x00,0x00,0x46,0x0e,0x10,0x00,0x0f,0x00,0x00,0x00,
0x46,0x9e,0x90,0x00,0x0a,0x00,0x10,0x00,0x05,0x00,0x00,0x00,0x11,0x00,0x00,0x08,
0x82,0x00,0x10,0x00,0x05,0x00,0x00,0x00,0x46,0x0e,0x10,0x00,0x10,0x00,0x00,0x00,
0x46,0x9e,0x90,0x00,0x1a,0x00,0x10,0x00,0x05,0x00,0x00,0x00,0x00,0x00,0x00,0x08,
0x82,0x00,0x10,0x00,0x07,0x00,0x00,0x00,0x3a,0x00,0x10,0x80,0x41,0x00,0x00,0x00,
0x05,0x00,0x00,0x00,0x2a,0x00,0x10,0x00,0x05,0x00,0x00,0x00,0x31,0x00,0x00,0x08,
0x42,0x00,0x10,0x00,0x09,0x00,0x00,0x00,0x01,0x40,0x00,0x00,0x40,0xda,0x7f,0x38,
0x3a,0x00,0x10,0x80,0x81,0x00,0x00,0x00,0x07,0x00,0x00,0x00,0x1f,0x00,0x04,0x03,
0x2a,0x00,0x10,0x00,0x09,0x00,0x00,0x00,0x31,0x00,0x00,0x07,0x42,0x00,0x10,0x00,
0x09,0x00,0x00,0x00,0x01,0x40,0x00,0x00,0x00,0x00,0x00,0x00,0x3a,0x00,0x10,0x00,
0x07,0x00,0x00,0x00,0x31,0x00,0x00,0x07,0x82,0x00,0x10,0x00,0x07,0x00,0x00,0x00,
0x3a,0x00,0x10,0x00,0x07,0x00,0x00,0x00,0x01,0x40,0x00,0x00,0x00,0x00,0x00,0x00,
0x1e,0x00,0x00,0x08,0x82,0x00,0x10,0x00,0x07,0x00,0x00,0x00,0x2a,0x00,0x10,0x80,
0x41,0x00,0x00,0x00,0x09,0x00,0x00,0x00,0x3a,0x00,0x10,0x00,0x07,0x00,0x00,0x00,
0x2b,0x00,0x00,0x05,0x82,0x00,0x10,0x00,0x07,0x00,0x00,0x00,0x3a,0x00,0x10,0x00,
0x07,0x00,0x00,0x00,0x34,0x00,0x00,0x07,0x42,0x00,0x10,0x00,0x09,0x00,0x00,0x00,
0x3a,0x00,0x10,0x00,0x05,0x00,0x00,0x00,0x2a,0x00,0x10,0x00,0x05,0x00,0x00,0x00,
0x39,0x00,0x00,0x07,0x82,0x00,0x10,0x00,0x09,0x00,0x00,0x00,0x2a,0x00,0x10,0x00,
0x09,0x00,0x00,0x00,0x01,0x40,0x00,0x00,0x00,0x00,0x00,0x00,0x33,0x00,0x00,0x07,
0x12,0x00,0x10,0x00,0x0c,0x00,0x00,0x00,0x3a,0x00,0x10,0x00,0x05,0x00,0x00,0x00,
0x2a,0x00,0x10,0x00,0x05,0x00,0x00,0x00,0x0e,0x00,0x00,0x07,0x42,0x00,0x10,0x00,
0x09,0x00,0x00,0x00,0x0a,0x00,0x10,0x00,0x0c,0x00,0x00,0x00,0x2a,0x00,0x10,0x00,
0x09,0x00,0x00,0x00,0x01,0x00,0x00,0x07,0x42,0x00,0x10,0x00,0x09,0x00,0x00,0x00,
0x2a,0x00,0x10,0x00,0x09,0x00,0x00,0x00,0x3a,0x00,0x10,0x00,0x09,0x00,0x00,0x00,
0x00,0x00,0x00,0x08,0x42,0x00,0x10,0x00,0x09,0x00,0x00,0x00,0x2a,0x00,0x10,0x80,
0x41,0x00,0x00,0x00,0x09,0x00,0x00,0x00,0x01,0x40,0x00,0x00,0x00,0x00,0x80,0x3f,
0x38,0x00,0x00,0x07,0x82,0x00,0x10,0x00,0x07,0x00,0x00,0x00,0x3a,0x00,0x10,0x00,
0x07,0x00,0x00,0x00,0x2a,0x00,0x10,0x00,0x09,0x00,0x00,0x00,0x31,0x00,0x00,0x09,
0x42,0x00,0x10,0x00,0x09,0x00,0x00,0x00,0x3a,0x00,0x10,0x80,0x81,0x00,0x00,0x00,
0x07,0x00,0x00,0x00,0x2a,0x00,0x10,0x80,0x81,0x00,0x00,0x00,0x02,0x00,0x00,0x00,
0x37,0x00,0x00,0x09,0x42,0x00,0x10,0x00,0x02,0x00,0x00,0x00,0x2a,0x00,0x10,0x00,
0x09,0x00,0x00,0x00,0x3a,0x00,0x10,0x00,0x07,0x00,0x00,0x00,0x2a,0x00,0x10,0x00,
0x02,0x00,0x00,0x00,0x31,0x00,0x00,0x07,0x42,0x00,0x10,0x00,0x05,0x00,0x00,0x00,
0x2a,0x00,0x10,0x00,0x05,0x00,0x00,0x00,0x3a,0x00,0x10,0x00,0x05,0x00,0x00,0x00,
0x01,0x00,0x00,0x07,0x42,0x00,0x10,0x00,0x05,0x00,0x00,0x00,0x2a,0x00,0x10,0x00,
0x05,0x00,0x00,0x00,0x01,0x40,0x00,0x00,0x01,0x00,0x00,0x00,0x1e,0x00,0x00,0x07,
0x12,0x00,0x10,0x00,0x05,0x00,0x00,0x00,0x2a,0x00,0x10,0x00,0x05,0x00,0x00,0x00,
0x0a,0x00,0x10,0x00,0x05,0x00,0x00,0x00,0x20,0x00,0x00,0x0a,0xf2,0x00,0x10,0x00,
0x11,0x00,0x00,0x00,0x06,0x00,0x10,0x00,0x05,0x00,0x00,0x00,0x02,0x40,0x00,0x00,
0x00,0x00,0x00,0x00,0x01,0x00,0x00,0x00,0x02,0x00,0x00,0x00,0x03,0x00,0x00,0x00,
0x20,0x00,0x00,0x07,0x42,0x00,0x10,0x00,0x05,0x00,0x00,0x00,0x0a,0x00,0x10,0x00,
0x05,0x00,0x00,0x00,0x01,0x40,0x00,0x00,0x04,0x00,0x00,0x00,0x01,0x00,0x00,0x0a,
0xf2,0x00,0x10,0x00,0x11,0x00,0x00,0x00,0x46,0x0e,0x10,0x00,0x11,0x00,0x00,0x00,
0x02,0x40,0x00,0x00,0x00,0x00,0x80,0x3f,0x00,0x00,0x80,0x3f,0x00,0x00,0x80,0x3f,
0x00,0x00,0x80,0x3f,0x01,0x00,0x00,0x07,0x42,0x00,0x10,0x00,0x05,0x00,0x00,0x00,
0x2a,0x00,0x10,0x00,0x05,0x00,0x00,0x00,0x01,0x40,0x00,0x00,0x00,0x00,0x80,0x3f,
0x11,0x00,0x00,0x07,0x82,0x00,0x10,0x00,0x07,0x00,0x00,0x00,0x46,0x0e,0x10,0x00,
0x11,0x00,0x00,0x00,0x46,0x0e,0x10,0x00,0x0f,0x00,0x00,0x00,0x32,0x00,0x00,0x09,
0x42,0x00,0x10,0x00,0x05,0x00,0x00,0x00,0x2a,0x00,0x10,0x00,0x05,0x00,0x00,0x00,
0x2a,0x00,0x10,0x00,0x0d,0x00,0x00,0x00,0x3a,0x00,0x10,0x00,0x07,0x00,0x00,0x00,
0x1d,0x00,0x00,0x07,0x42,0x00,0x10,0x00,0x05,0x00,0x00,0x00,0x2a,0x00,0x10,0x00,
0x05,0x00,0x00,0x00,0x3a,0x00,0x10,0x00,0x05,0x00,0x00,0x00,0x01,0x00,0x00,0x07,
0x42,0x00,0x10,0x00,0x05,0x00,0x00,0x00,0x2a,0x00,0x10,0x00,0x05,0x00,0x00,0x00,
0x01,0x40,0x00,0x00,0x01,0x00,0x00,0x00,0x1e,0x00,0x00,0x07,0x22,0x00,0x10,0x00,
0x05,0x00,0x00,0x00,0x2a,0x00,0x10,0x00,0x05,0x00,0x00,0x00,0x1a,0x00,0x10,0x00,
0x05,0x00,0x00,0x00,0x12,0x00,0x00,0x01,0x36,0x00,0x00,0x05,0x42,0x00,0x10,0x00,
0x02,0x00,0x00,0x00,0x01,0x40,0x00,0x00,0x00,0xe0,0x7f,0x47,0x15,0x00,0x00,0x01,
0x15,0x00,0x00,0x01,0x31,0x00,0x00,0x07,0x42,0x00,0x10,0x00,0x05,0x00,0x00,0x00,
0x2a,0x00,0x10,0x00,0x02,0x00,0x00,0x00,0x01,0x40,0x00,0x00,0x00,0xe0,0x7f,0x47,
0x01,0x00,0x00,0x07,0x82,0x00,0x10,0x00,0x02,0x00,0x00,0x00,0x3a,0x00,0x10,0x00,
0x02,0x00,0x00,0x00,0x2a,0x00,0x10,0x00,0x05,0x00,0x00,0x00,0x1f,0x00,0x04,0x03,
0x3a,0x00,0x10,0x00,0x02,0x00,0x00,0x00,0x34,0x00,0x00,0x07,0x82,0x00,0x10,0x00,
0x02,0x00,0x00,0x00,0x1a,0x00,0x10,0x00,0x0e,0x00,0x00,0x00,0x0a,0x00,0x10,0x00,
0x0e,0x00,0x00,0x00,0x20,0x00,0x00,0x0a,0xf2,0x00,0x10,0x00,0x0e,0x00,0x00,0x00,
0x06,0x00,0x10,0x00,0x05,0x00,0x00,0x00,0x02,0x40,0x00,0x00,0x00,0x00,0x00,0x00,
0x01,0x00,0x00,0x00,0x02,0x00,0x00,0x00,0x03,0x00,0x00,0x00,0x20,0x00,0x00,0x07,
0x12,0x00,0x10,0x00,0x05,0x00,0x00,0x00,0x0a,0x00,0x10,0x00,0x05,0x00,0x00,0x00,
0x01,0x40,0x00,0x00,0x04,0x00,0x00,0x00,0x01,0x00,0x00,0x0a,0xf2,0x00,0x10,0x00,
0x0e,0x00,0x00,0x00,0x46,0x0e,0x10,0x00,0x0e,0x00,0x00,0x00,0x02,0x40,0x00,0x00,
0x00,0x00,0x80,0x3f,0x00,0x00,0x80,0x3f,0x00,0x00,0x80,0x3f,0x00,0x00,0x80,0x3f,
0x01,0x00,0x00,0x07,0x12,0x00,0x10,0x00,0x05,0x00,0x00,0x00,0x0a,0x00,0x10,0x00,
0x05,0x00,0x00,0x00,0x01,0x40,0x00,0x00,0x00,0x00,0x80,0x3f,0x11,0x00,0x00,0x07,
0x42,0x00,0x10,0x00,0x05,0x00,0x00,0x00,0x46,0x0e,0x10,0x00,0x0e,0x00,0x00,0x00,
0x46,0x0e,0x10,0x00,0x0f,0x00,0x00,0x00,0x32,0x00,0x00,0x09,0x12,0x00,0x10,0x00,
0x05,0x00,0x00,0x00,0x0a,0x00,0x10,0x00,0x05,0x00,0x00,0x00,0x2a,0x00,0x10,0x00,
0x0d,0x00,0x00,0x00,0x2a,0x00,0x10,0x00,0x05,0x00,0x00,0x00,0x20,0x00,0x00,0x0a,
0xf2,0x00,0x10,0x00,0x0d,0x00,0x00,0x00,0x56,0x05,0x10,0x00,0x05,0x00,0x00,0x00,
0x02,0x40,0x00,0x00,0x00,0x00,0x00,0x00,0x01,0x00,0x00,0x00,0x02,0x00,0x00,0x00,
0x03,0x00,0x00,0x00,0x20,0x00,0x00,0x07,0x22,0x00,0x10,0x00,0x05,0x00,0x00,0x00,
0x1a,0x00,0x10,0x00,0x05,0x00,0x00,0x00,0x01,0x40,0x00,0x00,0x04,0x00,0x00,0x00,
0x01,0x00,0x00,0x0a,0xf2,0x00,0x10,0x00,0x0d,0x00,0x00,0x00,0x46,0x0e,0x10,0x00,
0x0d,0x00,0x00,0x00,0x02,0x40,0x00,0x00,0x00,0x00,0x80,0x3f,0x00,0x00,0x80,0x3f,
0x00,0x00,0x80,0x3f,0x00,0x00,0x80,0x3f,0x01,0x00,0x00,0x07,0x22,0x00,0x10,0x00,
0x05,0x00,0x00,0x00,0x1a,0x00,0x10,0x00,0x05,0x00,0x00,0x00,0x01,0x40,0x00,0x00,
0x00,0x00,0x80,0x3f,0x11,0x00,0x00,0x07,0x42,0x00,0x10,0x00,0x05,0x00,0x00,0x00,
0x46,0x0e,0x10,0x00,0x0d,0x00,0x00,0x00,0x46,0x0e,0x10,0x00,0x10,0x00,0x00,0x00,
0x32,0x00,0x00,0x09,0x82,0x00,0x10,0x00,0x02,0x00,0x00,0x00,0x1a,0x00,0x10,0x00,
0x05,0x00,0x00,0x00,0x3a,0x00,0x10,0x00,0x02,0x00,0x00,0x00,0x2a,0x00,0x10,0x00,
0x05,0x00,0x00,0x00,0x00,0x00,0x00,0x08,0x22,0x00,0x10,0x00,0x05,0x00,0x00,0x00,
0x3a,0x00,0x10,0x80,0x41,0x00,0x00,0x00,0x02,0x00,0x00,0x00,0x0a,0x00,0x10,0x00,
0x05,0x00,0x00,0x00,0x31,0x00,0x00,0x08,0x42,0x00,0x10,0x00,0x05,0x00,0x00,0x00,
0x01,0x40,0x00,0x00,0x40,0xda,0x7f,0x38,0x1a,0x00,0x10,0x80,0x81,0x00,0x00,0x00,
0x05,0x00,0x00,0x00,0x1f,0x00,0x04,0x03,0x2a,0x00,0x10,0x00,0x05,0x00,0x00,0x00,
0x31,0x00,0x00,0x07,0x42,0x00,0x10,0x00,0x05,0x00,0x00,0x00,0x01,0x40,0x00,0x00,
0x00,0x00,0x00,0x00,0x1a,0x00,0x10,0x00,0x05,0x00,0x00,0x00,0x31,0x00,0x00,0x07,
0x22,0x00,0x10,0x00,0x05,0x00,0x00,0x00,0x1a,0x00,0x10,0x00,0x05,0x00,0x00,0x00,
0x01,0x40,0x00,0x00,0x00,0x00,0x00,0x00,0x1e,0x00,0x00,0x08,0x22,0x00,0x10,0x00,
0x05,0x00,0x00,0x00,0x2a,0x00,0x10,0x80,0x41,0x00,0x00,0x00,0x05,0x00,0x00,0x00,
0x1a,0x00,0x10,0x00,0x05,0x00,0x00,0x00,0x2b,0x00,0x00,0x05,0x22,0x00,0x10,0x00,
0x05,0x00,0x00,0x00,0x1a,0x00,0x10,0x00,0x05,0x00,0x00,0x00,0x34,0x00,0x00,0x07,
0x42,0x00,0x10,0x00,0x05,0x00,0x00,0x00,0x3a,0x00,0x10,0x00,0x02,0x00,0x00,0x00,
0x0a,0x00,0x10,0x00,0x05,0x00,0x00,0x00,0x39,0x00,0x00,0x07,0x82,0x00,0x10,0x00,
0x05,0x00,0x00,0x00,0x2a,0x00,0x10,0x00,0x05,0x00,0x00,0x00,0x01,0x40,0x00,0x00,
0x00,0x00,0x00,0x00,0x33,0x00,0x00,0x07,0x82,0x00,0x10,0x00,0x02,0x00,0x00,0x00,
0x3a,0x00,0x10,0x00,0x02,0x00,0x00,0x00,0x0a,0x00,0x10,0x00,0x05,0x00,0x00,0x00,
0x0e,0x00,0x00,0x07,0x82,0x00,0x10,0x00,0x02,0x00,0x00,0x00,0x3a,0x00,0x10,0x00,
0x02,0x00,0x00,0x00,0x2a,0x00,0x10,0x00,0x05,0x00,0x00,0x00,0x01,0x00,0x00,0x07,
0x82,0x00,0x10,0x00,0x02,0x00,0x00,0x00,0x3a,0x00,0x10,0x00,0x02,0x00,0x00,0x00,
0x3a,0x00,0x10,0x00,0x05,0x00,0x00,0x00,0x00,0x00,0x00,0x08,0x82,0x00,0x10,0x00,
0x02,0x00,0x00,0x00,0x3a,0x00,0x10,0x80,0x41,0x00,0x00,0x00,0x02,0x00,0x00,0x00,
0x01,0x40,0x00,0x00,0x00,0x00,0x80,0x3f,0x38,0x00,0x00,0x07,0x82,0x00,0x10,0x00,
0x02,0x00,0x00,0x00,0x3a,0x00,0x10,0x00,0x02,0x00,0x00,0x00,0x1a,0x00,0x10,0x00,
0x05,0x00,0x00,0x00,0x31,0x00,0x00,0x09,0x12,0x00,0x10,0x00,0x05,0x00,0x00,0x00,
0x3a,0x00,0x10,0x80,0x81,0x00,0x00,0x00,0x02,0x00,0x00,0x00,0x2a,0x00,0x10,0x80,
0x81,0x00,0x00,0x00,0x02,0x00,0x00,0x00,0x37,0x00,0x00,0x09,0x42,0x00,0x10,0x00,
0x02,0x00,0x00,0x00,0x0a,0x00,0x10,0x00,0x05,0x00,0x00,0x00,0x3a,0x00,0x10,0x00,
0x02,0x00,0x00,0x00,0x2a,0x00,0x10,0x00,0x02,0x00,0x00,0x00,0x12,0x00,0x00,0x01,
0x36,0x00,0x00,0x05,0x42,0x00,0x10,0x00,0x02,0x00,0x00,0x00,0x01,0x40,0x00,0x00,
0x00,0xe0,0x7f,0x47,0x15,0x00,0x00,0x01,0x15,0x00,0x00,0x01,0x31,0x00,0x00,0x07,
0x82,0x00,0x10,0x00,0x02,0x00,0x00,0x00,0x2a,0x00,0x10,0x00,0x02,0x00,0x00,0x00,
0x01,0x40,0x00,0x00,0x00,0xdf,0x7f,0x47,0x01,0x00,0x00,0x07,0x82,0x00,0x10,0x00,
0x02,0x00,0x00,0x00,0x3a,0x00,0x10,0x00,0x02,0x00,0x00,0x00,0x01,0x40,0x00,0x00,
0x00,0x00,0x80,0x3f,0x38,0x00,0x00,0x07,0x12,0x00,0x10,0x00,0x05,0x00,0x00,0x00,
0x3a,0x00,0x10,0x00,0x02,0x00,0x00,0x00,0x2a,0x00,0x10,0x00,0x02,0x00,0x00,0x00,
0x12,0x00,0x00,0x01,0x36,0x00,0x00,0x05,0x12,0x00,0x10,0x00,0x05,0x00,0x00,0x00,
0x01,0x40,0x00,0x00,0x00,0x00,0x00,0x00,0x15,0x00,0x00,0x01,0x39,0x00,0x00,0x07,
0x42,0x00,0x10,0x00,0x02,0x00,0x00,0x00,0x0a,0x00,0x10,0x00,0x05,0x00,0x00,0x00,
0x01,0x40,0x00,0x00,0x00,0x00,0x00,0x00,0x31,0x00,0x00,0x07,0x82,0x00,0x10,0x00,
0x02,0x00,0x00,0x00,0x01,0x40,0x00,0x00,0x00,0x00,0x00,0x00,0x0a,0x00,0x10,0x00,
0x05,0x00,0x00,0x00,0x31,0x00,0x00,0x07,0x42,0x00,0x10,0x00,0x05,0x00,0x00,0x00,
0x0a,0x00,0x10,0x00,0x05,0x00,0x00,0x00,0x01,0x40,0x00,0x00,0x00,0x00,0x00,0x00,
0x1e,0x00,0x00,0x08,0x82,0x00,0x10,0x00,0x02,0x00,0x00,0x00,0x3a,0x00,0x10,0x80,
0x41,0x00,0x00,0x00,0x02,0x00,0x00,0x00,0x2a,0x00,0x10,0x00,0x05,0x00,0x00,0x00,
0x2b,0x00,0x00,0x05,0x82,0x00,0x10,0x00,0x02,0x00,0x00,0x00,0x3a,0x00,0x10,0x00,
0x02,0x00,0x00,0x00,0x01,0x00,0x00,0x07,0x22,0x00,0x10,0x00,0x05,0x00,0x00,0x00,
0x3a,0x00,0x10,0x00,0x02,0x00,0x00,0x00,0x2a,0x00,0x10,0x00,0x02,0x00,0x00,0x00,
0x24,0x00,0x00,0x0a,0x32,0x00,0x10,0x00,0x0c,0x00,0x00,0x00,0xe6,0x0a,0x10,0x00,
0x0c,0x00,0x00,0x00,0x02,0x40,0x00,0x00,0x00,0x00,0x00,0x00,0x00,0x00,0x00,0x00,
0x00,0x00,0x00,0x00,0x00,0x00,0x00,0x00,0x36,0x00,0x00,0x08,0xc2,0x00,0x10,0x00,
0x0c,0x00,0x00,0x00,0x02,0x40,0x00,0x00,0x00,0x00,0x00,0x00,0x00,0x00,0x00,0x00,
0x00,0x00,0x00,0x00,0x00,0x00,0x00,0x00,0x2d,0x00,0x00,0x89,0xc2,0x00,0x00,0x80,
0x43,0x55,0x15,0x00,0xc2,0x00,0x10,0x00,0x02,0x00,0x00,0x00,0x46,0x0e,0x10,0x00,
0x0c,0x00,0x00,0x00,0xe6,0x74,0x10,0x00,0x02,0x00,0x00,0x00,0x2b,0x00,0x00,0x05,
0xf2,0x00,0x10,0x00,0x0c,0x00,0x00,0x00,0x46,0x04,0x10,0x00,0x0c,0x00,0x00,0x00,
0x00,0x00,0x00,0x0a,0xf2,0x00,0x10,0x00,0x0c,0x00,0x00,0x00,0x46,0x0e,0x10,0x00,
0x0c,0x00,0x00,0x00,0x02,0x40,0x00,0x00,0x00,0x00,0x00,0x3f,0x00,0x00,0x00,0x3f,
0x00,0x00,0x00,0x3f,0x00,0x00,0x00,0x3f,0x0e,0x00,0x00,0x07,0xf2,0x00,0x10,0x00,
0x0c,0x00,0x00,0x00,0x46,0x0e,0x10,0x00,0x0c,0x00,0x00,0x00,0x46,0x04,0x10,0x00,
0x0a,0x00,0x00,0x00,0x00,0x00,0x00,0x07,0xf2,0x00,0x10,0x00,0x0d,0x00,0x00,0x00,
0xe6,0x0e,0x10,0x00,0x0b,0x00,0x00,0x00,0xe6,0x0e,0x10,0x00,0x0c,0x00,0x00,0x00,
0x00,0x00,0x00,0x07,0xf2,0x00,0x10,0x00,0x0d,0x00,0x00,0x00,0xe6,0x0e,0x10,0x00,
0x02,0x00,0x00,0x00,0x46,0x0e,0x10,0x00,0x0d,0x00,0x00,0x00,0x1d,0x00,0x00,0x0a,
0xc2,0x00,0x10,0x00,0x02,0x00,0x00,0x00,0xa6,0x0e,0x10,0x00,0x0d,0x00,0x00,0x00,
0x02,0x40,0x00,0x00,0x00,0x00,0x00,0x00,0x00,0x00,0x00,0x00,0x00,0x00,0x00,0x00,
0x00,0x00,0x00,0x00,0x1d,0x00,0x00,0x0a,0xc2,0x00,0x10,0x00,0x05,0x00,0x00,0x00,
0x02,0x40,0x00,0x00,0x00,0x00,0x00,0x00,0x00,0x00,0x00,0x00,0x00,0x00,0x80,0x3f,
0x00,0x00,0x80,0x3f,0xa6,0x0e,0x10,0x00,0x0d,0x00,0x00,0x00,0x01,0x00,0x00,0x07,
0xc2,0x00,0x10,0x00,0x02,0x00,0x00,0x00,0xa6,0x0e,0x10,0x00,0x02,0x00,0x00,0x00,
0xa6,0x0e,0x10,0x00,0x05,0x00,0x00,0x00,0x01,0x00,0x00,0x07,0x42,0x00,0x10,0x00,
0x02,0x00,0x00,0x00,0x3a,0x00,0x10,0x00,0x02,0x00,0x00,0x00,0x2a,0x00,0x10,0x00,
0x02,0x00,0x00,0x00,0x1f,0x00,0x04,0x03,0x2a,0x00,0x10,0x00,0x02,0x00,0x00,0x00,
0x38,0x00,0x00,0x07,0xf2,0x00,0x10,0x00,0x0d,0x00,0x00,0x00,0xe6,0x0e,0x10,0x00,
0x0a,0x00,0x00,0x00,0x46,0x0e,0x10,0x00,0x0d,0x00,0x00,0x00,0x41,0x00,0x00,0x05,
0xf2,0x00,0x10,0x00,0x0d,0x00,0x00,0x00,0x46,0x0e,0x10,0x00,0x0d,0x00,0x00,0x00,
0x1b,0x00,0x00,0x05,0xf2,0x00,0x10,0x00,0x0d,0x00,0x00,0x00,0x46,0x0e,0x10,0x00,
0x0d,0x00,0x00,0x00,0x1e,0x00,0x00,0x0b,0xf2,0x00,0x10,0x00,0x0e,0x00,0x00,0x00,
0xe6,0x8e,0x20,0x00,0x00,0x00,0x00,0x00,0x00,0x00,0x00,0x00,0x02,0x40,0x00,0x00,
0xff,0xff,0xff,0xff,0xff,0xff,0xff,0xff,0xff,0xff,0xff,0xff,0xff,0xff,0xff,0xff,
0x25,0x00,0x00,0x07,0xc2,0x00,0x10,0x00,0x02,0x00,0x00,0x00,0xa6,0x0e,0x10,0x00,
0x0d,0x00,0x00,0x00,0xa6,0x0e,0x10,0x00,0x0e,0x00,0x00,0x00,0x24,0x00,0x00,0x0a,
0x32,0x00,0x10,0x00,0x0f,0x00,0x00,0x00,0xe6,0x0a,0x10,0x00,0x02,0x00,0x00,0x00,
0x02,0x40,0x00,0x00,0x00,0x00,0x00,0x00,0x00,0x00,0x00,0x00,0x00,0x00,0x00,0x00,
0x00,0x00,0x00,0x00,0x36,0x00,0x00,0x08,0xc2,0x00,0x10,0x00,0x0f,0x00,0x00,0x00,
0x02,0x40,0x00,0x00,0x00,0x00,0x00,0x00,0x00,0x00,0x00,0x00,0x00,0x00,0x00,0x00,
0x00,0x00,0x00,0x00,0x2d,0x00,0x00,0x89,0xc2,0x00,0x00,0x80,0x43,0x55,0x15,0x00,
0x42,0x00,0x10,0x00,0x02,0x00,0x00,0x00,0x46,0x0e,0x10,0x00,0x0f,0x00,0x00,0x00,
0x96,0x7c,0x10,0x00,0x01,0x00,0x00,0x00,0x38,0x00,0x00,0x08,0x42,0x00,0x10,0x00,
0x02,0x00,0x00,0x00,0x2a,0x00,0x10,0x00,0x02,0x00,0x00,0x00,0x1a,0x80,0x20,0x00,
0x00,0x00,0x00,0x00,0x07,0x00,0x00,0x00,0x38,0x00,0x00,0x07,0x42,0x00,0x10,0x00,
0x02,0x00,0x00,0x00,0x2a,0x00,0x10,0x00,0x07,0x00,0x00,0x00,0x2a,0x00,0x10,0x00,
0x02,0x00,0x00,0x00,0x34,0x00,0x00,0x07,0x42,0x00,0x10,0x00,0x02,0x00,0x00,0x00,
0x2a,0x00,0x10,0x00,0x02,0x00,0x00,0x00,0x01,0x40,0x00,0x00,0x40,0xda,0x7f,0x38,
0x1e,0x00,0x00,0x0a,0xf2,0x00,0x10,0x00,0x0f,0x00,0x00,0x00,0xe6,0x0e,0x10,0x00,
0x0d,0x00,0x00,0x00,0x02,0x40,0x00,0x00,0xff,0xff,0xff,0xff,0x00,0x00,0x00,0x00,
0x01,0x00,0x00,0x00,0x00,0x00,0x00,0x00,0x25,0x00,0x00,0x07,0xf2,0x00,0x10,0x00,
0x0f,0x00,0x00,0x00,0x46,0x0e,0x10,0x00,0x0e,0x00,0x00,0x00,0x46,0x0e,0x10,0x00,
0x0f,0x00,0x00,0x00,0x24,0x00,0x00,0x0a,0xf2,0x00,0x10,0x00,0x0f,0x00,0x00,0x00,
0xe6,0x04,0x10,0x00,0x0f,0x00,0x00,0x00,0x02,0x40,0x00,0x00,0x00,0x00,0x00,0x00,
0x00,0x00,0x00,0x00,0x00,0x00,0x00,0x00,0x00,0x00,0x00,0x00,0x36,0x00,0x00,0x05,
0x32,0x00,0x10,0x00,0x10,0x00,0x00,0x00,0xe6,0x0a,0x10,0x00,0x0f,0x00,0x00,0x00,
0x36,0x00,0x00,0x08,0xc2,0x00,0x10,0x00,0x10,0x00,0x00,0x00,0x02,0x40,0x00,0x00,
0x00,0x00,0x00,0x00,0x00,0x00,0x00,0x00,0x00,0x00,0x00,0x00,0x00,0x00,0x00,0x00,
0x2d,0x00,0x00,0x89,0xc2,0x00,0x00,0x80,0x43,0x55,0x15,0x00,0x82,0x00,0x10,0x00,
0x02,0x00,0x00,0x00,0x46,0x0e,0x10,0x00,0x10,0x00,0x00,0x00,0x96,0x73,0x10,0x00,
0x01,0x00,0x00,0x00,0x38,0x00,0x00,0x08,0x82,0x00,0x10,0x00,0x02,0x00,0x00,0x00,
0x3a,0x00,0x10,0x00,0x02,0x00,0x00,0x00,0x1a,0x80,0x20,0x00,0x00,0x00,0x00,0x00,
0x07,0x00,0x00,0x00,0x38,0x00,0x00,0x07,0x82,0x00,0x10,0x00,0x02,0x00,0x00,0x00,
0x2a,0x00,0x10,0x00,0x07,0x00,0x00,0x00,0x3a,0x00,0x10,0x00,0x02,0x00,0x00,0x00,
0x34,0x00,0x00,0x07,0x82,0x00,0x10,0x00,0x02,0x00,0x00,0x00,0x3a,0x00,0x10,0x00,
0x02,0x00,0x00,0x00,0x01,0x40,0x00,0x00,0x40,0xda,0x7f,0x38,0x36,0x00,0x00,0x08,
0xc2,0x00,0x10,0x00,0x0f,0x00,0x00,0x00,0x02,0x40,0x00,0x00,0x00,0x00,0x00,0x00,
0x00,0x00,0x00,0x00,0x00,0x00,0x00,0x00,0x00,0x00,0x00,0x00,0x2d,0x00,0x00,0x89,
0xc2,0x00,0x00,0x80,0x43,0x55,0x15,0x00,0x42,0x00,0x10,0x00,0x05,0x00,0x00,0x00,
0x46,0x0e,0x10,0x00,0x0f,0x00,0x00,0x00,0x96,0x7c,0x10,0x00,0x01,0x00,0x00,0x00,
0x38,0x00,0x00,0x08,0x42,0x00,0x10,0x00,0x05,0x00,0x00,0x00,0x2a,0x00,0x10,0x00,
0x05,0x00,0x00,0x00,0x1a,0x80,0x20,0x00,0x00,0x00,0x00,0x00,0x07,0x00,0x00,0x00,
0x38,0x00,0x00,0x07,0x42,0x00,0x10,0x00,0x05,0x00,0x00,0x00,0x2a,0x00,0x10,0x00,
0x07,0x00,0x00,0x00,0x2a,0x00,0x10,0x00,0x05,0x00,0x00,0x00,0x34,0x00,0x00,0x07,
0x42,0x00,0x10,0x00,0x05,0x00,0x00,0x00,0x2a,0x00,0x10,0x00,0x05,0x00,0x00,0x00,
0x01,0x40,0x00,0x00,0x40,0xda,0x7f,0x38,0x1e,0x00,0x00,0x0a,0xf2,0x00,0x10,0x00,
0x0d,0x00,0x00,0x00,0x46,0x0e,0x10,0x00,0x0d,0x00,0x00,0x00,0x02,0x40,0x00,0x00,
0x00,0x00,0x00,0x00,0xff,0xff,0xff,0xff,0x00,0x00,0x00,0x00,0x01,0x00,0x00,0x00,
0x25,0x00,0x00,0x07,0xf2,0x00,0x10,0x00,0x0d,0x00,0x00,0x00,0x46,0x0e,0x10,0x00,
0x0e,0x00,0x00,0x00,0x46,0x0e,0x10,0x00,0x0d,0x00,0x00,0x00,0x24,0x00,0x00,0x0a,
0xf2,0x00,0x10,0x00,0x0d,0x00,0x00,0x00,0xe6,0x04,0x10,0x00,0x0d,0x00,0x00,0x00,
0x02,0x40,0x00,0x00,0x00,0x00,0x00,0x00,0x00,0x00,0x00,0x00,0x00,0x00,0x00,0x00,
0x00,0x00,0x00,0x00,0x36,0x00,0x00,0x05,0x32,0x00,0x10,0x00,0x0e,0x00,0x00,0x00,
0xe6,0x0a,0x10,0x00,0x0d,0x00,0x00,0x00,0x36,0x00,0x00,0x08,0xc2,0x00,0x10,0x00,
0x0e,0x00,0x00,0x00,0x02,0x40,0x00,0x00,0x00,0x00,0x00,0x00,0x00,0x00,0x00,0x00,
0x00,0x00,0x00,0x00,0x00,0x00,0x00,0x00,0x2d,0x00,0x00,0x89,0xc2,0x00,0x00,0x80,
0x43,0x55,0x15,0x00,0x82,0x00,0x10,0x00,0x05,0x00,0x00,0x00,0x46,0x0e,0x10,0x00,
0x0e,0x00,0x00,0x00,0x96,0x73,0x10,0x00,0x01,0x00,0x00,0x00,0x38,0x00,0x00,0x08,
0x82,0x00,0x10,0x00,0x05,0x00,0x00,0x00,0x3a,0x00,0x10,0x00,0x05,0x00,0x00,0x00,
0x1a,0x80,0x20,0x00,0x00,0x00,0x00,0x00,0x07,0x00,0x00,0x00,0x38,0x00,0x00,0x07,
0x82,0x00,0x10,0x00,0x05,0x00,0x00,0x00,0x2a,0x00,0x10,0x00,0x07,0x00,0x00,0x00,
0x3a,0x00,0x10,0x00,0x05,0x00,0x00,0x00,0x34,0x00,0x00,0x07,0x82,0x00,0x10,0x00,
0x05,0x00,0x00,0x00,0x3a,0x00,0x10,0x00,0x05,0x00,0x00,0x00,0x01,0x40,0x00,0x00,
0x40,0xda,0x7f,0x38,0x36,0x00,0x00,0x08,0xc2,0x00,0x10,0x00,0x0d,0x00,0x00,0x00,
0x02,0x40,0x00,0x00,0x00,0x00,0x00,0x00,0x00,0x00,0x00,0x00,0x00,0x00,0x00,0x00,
0x00,0x00,0x00,0x00,0x2d,0x00,0x00,0x89,0xc2,0x00,0x00,0x80,0x43,0x55,0x15,0x00,
0x82,0x00,0x10,0x00,0x07,0x00,0x00,0x00,0x46,0x0e,0x10,0x00,0x0d,0x00,0x00,0x00,
0x96,0x73,0x10,0x00,0x01,0x00,0x00,0x00,0x38,0x00,0x00,0x08,0x82,0x00,0x10,0x00,
0x07,0x00,0x00,0x00,0x3a,0x00,0x10,0x00,0x07,0x00,0x00,0x00,0x1a,0x80,0x20,0x00,
0x00,0x00,0x00,0x00,0x07,0x00,0x00,0x00,0x38,0x00,0x00,0x07,0x82,0x00,0x10,0x00,
0x07,0x00,0x00,0x00,0x2a,0x00,0x10,0x00,0x07,0x00,0x00,0x00,0x3a,0x00,0x10,0x00,
0x07,0x00,0x00,0x00,0x34,0x00,0x00,0x07,0x82,0x00,0x10,0x00,0x07,0x00,0x00,0x00,
0x3a,0x00,0x10,0x00,0x07,0x00,0x00,0x00,0x01,0x40,0x00,0x00,0x40,0xda,0x7f,0x38,
0x00,0x00,0x00,0x07,0xf2,0x00,0x10,0x00,0x0c,0x00,0x00,0x00,0x46,0x04,0x10,0x00,
0x0b,0x00,0x00,0x00,0x46,0x0e,0x10,0x00,0x0c,0x00,0x00,0x00,0x38,0x00,0x00,0x07,
0xf2,0x00,0x10,0x00,0x0c,0x00,0x00,0x00,0x46,0x04,0x10,0x00,0x0a,0x00,0x00,0x00,
0x46,0x0e,0x10,0x00,0x0c,0x00,0x00,0x00,0x41,0x00,0x00,0x05,0xf2,0x00,0x10,0x00,
0x0c,0x00,0x00,0x00,0x46,0x0e,0x10,0x00,0x0c,0x00,0x00,0x00,0x1b,0x00,0x00,0x05,
0xf2,0x00,0x10,0x00,0x0c,0x00,0x00,0x00,0x46,0x0e,0x10,0x00,0x0c,0x00,0x00,0x00,
0x25,0x00,0x00,0x07,0xc2,0x00,0x10,0x00,0x09,0x00,0x00,0x00,0xa6,0x0e,0x10,0x00,
0x08,0x00,0x00,0x00,0xa6,0x0e,0x10,0x00,0x0c,0x00,0x00,0x00,0x24,0x00,0x00,0x0a,
0x32,0x00,0x10,0x00,0x0d,0x00,0x00,0x00,0xe6,0x0a,0x10,0x00,0x09,0x00,0x00,0x00,
0x02,0x40,0x00,0x00,0x00,0x00,0x00,0x00,0x00,0x00,0x00,0x00,0x00,0x00,0x00,0x00,
0x00,0x00,0x00,0x00,0x36,0x00,0x00,0x08,0xc2,0x00,0x10,0x00,0x0d,0x00,0x00,0x00,
0x02,0x40,0x00,0x00,0x00,0x00,0x00,0x00,0x00,0x00,0x00,0x00,0x00,0x00,0x00,0x00,
0x00,0x00,0x00,0x00,0x2d,0x00,0x00,0x89,0xc2,0x00,0x00,0x80,0x43,0x55,0x15,0x00,
0x42,0x00,0x10,0x00,0x09,0x00,0x00,0x00,0x46,0x0e,0x10,0x00,0x0d,0x00,0x00,0x00,
0x96,0x7c,0x10,0x00,0x00,0x00,0x00,0x00,0x38,0x00,0x00,0x07,0x42,0x00,0x10,0x00,
0x09,0x00,0x00,0x00,0x2a,0x00,0x10,0x00,0x07,0x00,0x00,0x00,0x2a,0x00,0x10,0x00,
0x09,0x00,0x00,0x00,0x34,0x00,0x00,0x07,0x42,0x00,0x10,0x00,0x09,0x00,0x00,0x00,
0x2a,0x00,0x10,0x00,0x09,0x00,0x00,0x00,0x01,0x40,0x00,0x00,0x40,0xda,0x7f,0x38,
0x1e,0x00,0x00,0x0a,0xf2,0x00,0x10,0x00,0x0d,0x00,0x00,0x00,0xe6,0x0e,0x10,0x00,
0x0c,0x00,0x00,0x00,0x02,0x40,0x00,0x00,0xff,0xff,0xff,0xff,0x00,0x00,0x00,0x00,
0x01,0x00,0x00,0x00,0x00,0x00,0x00,0x00,0x25,0x00,0x00,0x07,0xf2,0x00,0x10,0x00,
0x0d,0x00,0x00,0x00,0x46,0x0e,0x10,0x00,0x08,0x00,0x00,0x00,0x46,0x0e,0x10,0x00,
0x0d,0x00,0x00,0x00,0x24,0x00,0x00,0x0a,0xf2,0x00,0x10,0x00,0x0d,0x00,0x00,0x00,
0xe6,0x04,0x10,0x00,0x0d,0x00,0x00,0x00,0x02,0x40,0x00,0x00,0x00,0x00,0x00,0x00,
0x00,0x00,0x00,0x00,0x00,0x00,0x00,0x00,0x00,0x00,0x00,0x00,0x36,0x00,0x00,0x05,
0x32,0x00,0x10,0x00,0x0e,0x00,0x00,0x00,0xe6,0x0a,0x10,0x00,0x0d,0x00,0x00,0x00,
0x36,0x00,0x00,0x08,0xc2,0x00,0x10,0x00,0x0e,0x00,0x00,0x00,0x02,0x40,0x00,0x00,
0x00,0x00,0x00,0x00,0x00,0x00,0x00,0x00,0x00,0x00,0x00,0x00,0x00,0x00,0x00,0x00,
0x2d,0x00,0x00,0x89,0xc2,0x00,0x00,0x80,0x43,0x55,0x15,0x00,0x82,0x00,0x10,0x00,
0x09,0x00,0x00,0x00,0x46,0x0e,0x10,0x00,0x0e,0x00,0x00,0x00,0x96,0x73,0x10,0x00,
0x00,0x00,0x00,0x00,0x38,0x00,0x00,0x07,0x82,0x00,0x10,0x00,0x09,0x00,0x00,0x00,
0x2a,0x00,0x10,0x00,0x07,0x00,0x00,0x00,0x3a,0x00,0x10,0x00,0x09,0x00,0x00,0x00,
0x34,0x00,0x00,0x07,0x82,0x00,0x10,0x00,0x09,0x00,0x00,0x00,0x3a,0x00,0x10,0x00,
0x09,0x00,0x00,0x00,0x01,0x40,0x00,0x00,0x40,0xda,0x7f,0x38,0x36,0x00,0x00,0x08,
0xc2,0x00,0x10,0x00,0x0d,0x00,0x00,0x00,0x02,0x40,0x00,0x00,0x00,0x00,0x00,0x00,
0x00,0x00,0x00,0x00,0x00,0x00,0x00,0x00,0x00,0x00,0x00,0x00,0x2d,0x00,0x00,0x89,
0xc2,0x00,0x00,0x80,0x43,0x55,0x15,0x00,0x12,0x00,0x10,0x00,0x0d,0x00,0x00,0x00,
0x46,0x0e,0x10,0x00,0x0d,0x00,0x00,0x00,0x46,0x7e,0x10,0x00,0x00,0x00,0x00,0x00,
0x38,0x00,0x00,0x07,0x12,0x00,0x10,0x00,0x0d,0x00,0x00,0x00,0x2a,0x00,0x10,0x00,
0x07,0x00,0x00,0x00,0x0a,0x00,0x10,0x00,0x0d,0x00,0x00,0x00,0x34,0x00,0x00,0x07,
0x12,0x00,0x10,0x00,0x0d,0x00,0x00,0x00,0x0a,0x00,0x10,0x00,0x0d,0x00,0x00,0x00,
0x01,0x40,0x00,0x00,0x40,0xda,0x7f,0x38,0x1e,0x00,0x00,0x0a,0xf2,0x00,0x10,0x00,
0x0c,0x00,0x00,0x00,0x46,0x0e,0x10,0x00,0x0c,0x00,0x00,0x00,0x02,0x40,0x00,0x00,
0x00,0x00,0x00,0x00,0xff,0xff,0xff,0xff,0x00,0x00,0x00,0x00,0x01,0x00,0x00,0x00,
0x25,0x00,0x00,0x07,0xf2,0x00,0x10,0x00,0x0c,0x00,0x00,0x00,0x46,0x0e,0x10,0x00,
0x08,0x00,0x00,0x00,0x46,0x0e,0x10,0x00,0x0c,0x00,0x00,0x00,0x24,0x00,0x00,0x0a,
0xf2,0x00,0x10,0x00,0x0c,0x00,0x00,0x00,0xe6,0x04,0x10,0x00,0x0c,0x00,0x00,0x00,
0x02,0x40,0x00,0x00,0x00,0x00,0x00,0x00,0x00,0x00,0x00,0x00,0x00,0x00,0x00,0x00,
0x00,0x00,0x00,0x00,0x36,0x00,0x00,0x05,0x32,0x00,0x10,0x00,0x0e,0x00,0x00,0x00,
0xe6,0x0a,0x10,0x00,0x0c,0x00,0x00,0x00,0x36,0x00,0x00,0x08,0xc2,0x00,0x10,0x00,
0x0e,0x00,0x00,0x00,0x02,0x40,0x00,0x00,0x00,0x00,0x00,0x00,0x00,0x00,0x00,0x00,
0x00,0x00,0x00,0x00,0x00,0x00,0x00,0x00,0x2d,0x00,0x00,0x89,0xc2,0x00,0x00,0x80,
0x43,0x55,0x15,0x00,0x22,0x00,0x10,0x00,0x0d,0x00,0x00,0x00,0x46,0x0e,0x10,0x00,
0x0e,0x00,0x00,0x00,0x16,0x7e,0x10,0x00,0x00,0x00,0x00,0x00,0x38,0x00,0x00,0x07,
0x22,0x00,0x10,0x00,0x0d,0x00,0x00,0x00,0x2a,0x00,0x10,0x00,0x07,0x00,0x00,0x00,
0x1a,0x00,0x10,0x00,0x0d,0x00,0x00,0x00,0x34,0x00,0x00,0x07,0x22,0x00,0x10,0x00,
0x0d,0x00,0x00,0x00,0x1a,0x00,0x10,0x00,0x0d,0x00,0x00,0x00,0x01,0x40,0x00,0x00,
0x40,0xda,0x7f,0x38,0x36,0x00,0x00,0x08,0xc2,0x00,0x10,0x00,0x0c,0x00,0x00,0x00,
0x02,0x40,0x00,0x00,0x00,0x00,0x00,0x00,0x00,0x00,0x00,0x00,0x00,0x00,0x00,0x00,
0x00,0x00,0x00,0x00,0x2d,0x00,0x00,0x89,0xc2,0x00,0x00,0x80,0x43,0x55,0x15,0x00,
0x12,0x00,0x10,0x00,0x0c,0x00,0x00,0x00,0x46,0x0e,0x10,0x00,0x0c,0x00,0x00,0x00,
0x46,0x7e,0x10,0x00,0x00,0x00,0x00,0x00,0x38,0x00,0x00,0x07,0x12,0x00,0x10,0x00,
0x0c,0x00,0x00,0x00,0x2a,0x00,0x10,0x00,0x07,0x00,0x00,0x00,0x0a,0x00,0x10,0x00,
0x0c,0x00,0x00,0x00,0x34,0x00,0x00,0x07,0x12,0x00,0x10,0x00,0x0c,0x00,0x00,0x00,
0x0a,0x00,0x10,0x00,0x0c,0x00,0x00,0x00,0x01,0x40,0x00,0x00,0x40,0xda,0x7f,0x38,
0x33,0x00,0x00,0x07,0x22,0x00,0x10,0x00,0x0c,0x00,0x00,0x00,0x2a,0x00,0x10,0x00,
0x09,0x00,0x00,0x00,0x1a,0x00,0x10,0x00,0x0d,0x00,0x00,0x00,0x34,0x00,0x00,0x07,
0x42,0x00,0x10,0x00,0x09,0x00,0x00,0x00,0x2a,0x00,0x10,0x00,0x09,0x00,0x00,0x00,
0x1a,0x00,0x10,0x00,0x0d,0x00,0x00,0x00,0x33,0x00,0x00,0x07,0x42,0x00,0x10,0x00,
0x0c,0x00,0x00,0x00,0x3a,0x00,0x10,0x00,0x09,0x00,0x00,0x00,0x0a,0x00,0x10,0x00,
0x0c,0x00,0x00,0x00,0x34,0x00,0x00,0x07,0x82,0x00,0x10,0x00,0x09,0x00,0x00,0x00,
0x3a,0x00,0x10,0x00,0x09,0x00,0x00,0x00,0x0a,0x00,0x10,0x00,0x0c,0x00,0x00,0x00,
0x34,0x00,0x00,0x07,0x12,0x00,0x10,0x00,0x0c,0x00,0x00,0x00,0x0a,0x00,0x10,0x00,
0x0d,0x00,0x00,0x00,0x1a,0x00,0x10,0x00,0x0c,0x00,0x00,0x00,0x34,0x00,0x00,0x07,
0x82,0x00,0x10,0x00,0x0c,0x00,0x00,0x00,0x2a,0x00,0x10,0x00,0x09,0x00,0x00,0x00,
0x2a,0x00,0x10,0x00,0x0c,0x00,0x00,0x00,0x34,0x00,0x00,0x07,0x22,0x00,0x10,0x00,
0x0d,0x00,0x00,0x00,0x3a,0x00,0x10,0x00,0x09,0x00,0x00,0x00,0x0a,0x00,0x10,0x00,
0x0c,0x00,0x00,0x00,0x34,0x00,0x00,0x07,0x42,0x00,0x10,0x00,0x0d,0x00,0x00,0x00,
0x3a,0x00,0x10,0x00,0x0c,0x00,0x00,0x00,0x1a,0x00,0x10,0x00,0x0d,0x00,0x00,0x00,
0x33,0x00,0x00,0x07,0x82,0x00,0x10,0x00,0x0d,0x00,0x00,0x00,0x2a,0x00,0x10,0x00,
0x02,0x00,0x00,0x00,0x3a,0x00,0x10,0x00,0x05,0x00,0x00,0x00,0x34,0x00,0x00,0x07,
0x42,0x00,0x10,0x00,0x02,0x00,0x00,0x00,0x2a,0x00,0x10,0x00,0x02,0x00,0x00,0x00,
0x3a,0x00,0x10,0x00,0x05,0x00,0x00,0x00,0x33,0x00,0x00,0x07,0x82,0x00,0x10,0x00,
0x05,0x00,0x00,0x00,0x3a,0x00,0x10,0x00,0x02,0x00,0x00,0x00,0x3a,0x00,0x10,0x00,
0x07,0x00,0x00,0x00,0x34,0x00,0x00,0x07,0x82,0x00,0x10,0x00,0x02,0x00,0x00,0x00,
0x3a,0x00,0x10,0x00,0x02,0x00,0x00,0x00,0x3a,0x00,0x10,0x00,0x07,0x00,0x00,0x00,
0x34,0x00,0x00,0x07,0x82,0x00,0x10,0x00,0x07,0x00,0x00,0x00,0x2a,0x00,0x10,0x00,
0x05,0x00,0x00,0x00,0x3a,0x00,0x10,0x00,0x0d,0x00,0x00,0x00,0x34,0x00,0x00,0x07,
0x12,0x00,0x10,0x00,0x0e,0x00,0x00,0x00,0x2a,0x00,0x10,0x00,0x02,0x00,0x00,0x00,
0x3a,0x00,0x10,0x00,0x05,0x00,0x00,0x00,0x34,0x00,0x00,0x07,0x22,0x00,0x10,0x00,
0x0e,0x00,0x00,0x00,0x3a,0x00,0x10,0x00,0x02,0x00,0x00,0x00,0x3a,0x00,0x10,0x00,
0x07,0x00,0x00,0x00,0x33,0x00,0x00,0x07,0x22,0x00,0x10,0x00,0x0c,0x00,0x00,0x00,
0x0a,0x00,0x10,0x00,0x0d,0x00,0x00,0x00,0x1a,0x00,0x10,0x00,0x0c,0x00,0x00,0x00,
0x33,0x00,0x00,0x07,0xc2,0x00,0x10,0x00,0x09,0x00,0x00,0x00,0xa6,0x0e,0x10,0x00,
0x09,0x00,0x00,0x00,0xa6,0x02,0x10,0x00,0x0c,0x00,0x00,0x00,0x33,0x00,0x00,0x07,
0x12,0x00,0x10,0x00,0x0f,0x00,0x00,0x00,0x2a,0x00,0x10,0x00,0x09,0x00,0x00,0x00,
0x1a,0x00,0x10,0x00,0x0c,0x00,0x00,0x00,0x34,0x00,0x00,0x07,0x42,0x00,0x10,0x00,
0x09,0x00,0x00,0x00,0x2a,0x00,0x10,0x00,0x09,0x00,0x00,0x00,0x1a,0x00,0x10,0x00,
0x0c,0x00,0x00,0x00,0x33,0x00,0x00,0x07,0x22,0x00,0x10,0x00,0x0f,0x00,0x00,0x00,
0x3a,0x00,0x10,0x00,0x09,0x00,0x00,0x00,0x2a,0x00,0x10,0x00,0x09,0x00,0x00,0x00,
0x34,0x00,0x00,0x07,0x42,0x00,0x10,0x00,0x09,0x00,0x00,0x00,0x3a,0x00,0x10,0x00,
0x09,0x00,0x00,0x00,0x2a,0x00,0x10,0x00,0x09,0x00,0x00,0x00,0x33,0x00,0x00,0x07,
0x82,0x00,0x10,0x00,0x09,0x00,0x00,0x00,0x3a,0x00,0x10,0x00,0x0c,0x00,0x00,0x00,
0x1a,0x00,0x10,0x00,0x0d,0x00,0x00,0x00,0x33,0x00,0x00,0x07,0x42,0x00,0x10,0x00,
0x0f,0x00,0x00,0x00,0x3a,0x00,0x10,0x00,0x09,0x00,0x00,0x00,0x2a,0x00,0x10,0x00,
0x09,0x00,0x00,0x00,0x34,0x00,0x00,0x07,0x82,0x00,0x10,0x00,0x0f,0x00,0x00,0x00,
0x3a,0x00,0x10,0x00,0x09,0x00,0x00,0x00,0x2a,0x00,0x10,0x00,0x09,0x00,0x00,0x00,
0x33,0x00,0x00,0x07,0x42,0x00,0x10,0x00,0x05,0x00,0x00,0x00,0x2a,0x00,0x10,0x00,
0x05,0x00,0x00,0x00,0x3a,0x00,0x10,0x00,0x0d,0x00,0x00,0x00,0x33,0x00,0x00,0x07,
0x42,0x00,0x10,0x00,0x02,0x00,0x00,0x00,0x2a,0x00,0x10,0x00,0x02,0x00,0x00,0x00,
0x3a,0x00,0x10,0x00,0x05,0x00,0x00,0x00,0x33,0x00,0x00,0x07,0x12,0x00,0x10,0x00,
0x0c,0x00,0x00,0x00,0x2a,0x00,0x10,0x00,0x02,0x00,0x00,0x00,0x2a,0x00,0x10,0x00,
0x05,0x00,0x00,0x00,0x34,0x00,0x00,0x07,0x42,0x00,0x10,0x00,0x02,0x00,0x00,0x00,
0x2a,0x00,0x10,0x00,0x02,0x00,0x00,0x00,0x2a,0x00,0x10,0x00,0x05,0x00,0x00,0x00,
0x33,0x00,0x00,0x07,0x82,0x00,0x10,0x00,0x02,0x00,0x00,0x00,0x3a,0x00,0x10,0x00,
0x02,0x00,0x00,0x00,0x3a,0x00,0x10,0x00,0x07,0x00,0x00,0x00,0x33,0x00,0x00,0x07,
0x22,0x00,0x10,0x00,0x0c,0x00,0x00,0x00,0x3a,0x00,0x10,0x00,0x02,0x00,0x00,0x00,
0x2a,0x00,0x10,0x00,0x02,0x00,0x00,0x00,0x34,0x00,0x00,0x07,0x42,0x00,0x10,0x00,
0x02,0x00,0x00,0x00,0x3a,0x00,0x10,0x00,0x02,0x00,0x00,0x00,0x2a,0x00,0x10,0x00,
0x02,0x00,0x00,0x00,0x33,0x00,0x00,0x07,0x82,0x00,0x10,0x00,0x02,0x00,0x00,0x00,
0x1a,0x00,0x10,0x00,0x0e,0x00,0x00,0x00,0x0a,0x00,0x10,0x00,0x0e,0x00,0x00,0x00,
0x33,0x00,0x00,0x07,0x42,0x00,0x10,0x00,0x0c,0x00,0x00,0x00,0x3a,0x00,0x10,0x00,
0x02,0x00,0x00,0x00,0x2a,0x00,0x10,0x00,0x02,0x00,0x00,0x00,0x34,0x00,0x00,0x07,
0x82,0x00,0x10,0x00,0x0c,0x00,0x00,0x00,0x3a,0x00,0x10,0x00,0x02,0x00,0x00,0x00,
0x2a,0x00,0x10,0x00,0x02,0x00,0x00,0x00,0x00,0x00,0x00,0x08,0x42,0x00,0x10,0x00,
0x02,0x00,0x00,0x00,0x0a,0x00,0x10,0x80,0x41,0x00,0x00,0x00,0x0c,0x00,0x00,0x00,
0x0a,0x00,0x10,0x00,0x0f,0x00,0x00,0x00,0x31,0x00,0x00,0x08,0x82,0x00,0x10,0x00,
0x02,0x00,0x00,0x00,0x01,0x40,0x00,0x00,0x40,0xda,0x7f,0x38,0x2a,0x00,0x10,0x80,
0x81,0x00,0x00,0x00,0x02,0x00,0x00,0x00,0x1f,0x00,0x04,0x03,0x3a,0x00,0x10,0x00,
0x02,0x00,0x00,0x00,0x31,0x00,0x00,0x07,0x82,0x00,0x10,0x00,0x02,0x00,0x00,0x00,
0x01,0x40,0x00,0x00,0x00,0x00,0x00,0x00,0x2a,0x00,0x10,0x00,0x02,0x00,0x00,0x00,
0x31,0x00,0x00,0x07,0x42,0x00,0x10,0x00,0x02,0x00,0x00,0x00,0x2a,0x00,0x10,0x00,
0x02,0x00,0x00,0x00,0x01,0x40,0x00,0x00,0x00,0x00,0x00,0x00,0x1e,0x00,0x00,0x08,
0x42,0x00,0x10,0x00,0x02,0x00,0x00,0x00,0x3a,0x00,0x10,0x80,0x41,0x00,0x00,0x00,
0x02,0x00,0x00,0x00,0x2a,0x00,0x10,0x00,0x02,0x00,0x00,0x00,0x2b,0x00,0x00,0x05,
0x42,0x00,0x10,0x00,0x02,0x00,0x00,0x00,0x2a,0x00,0x10,0x00,0x02,0x00,0x00,0x00,
0x34,0x00,0x00,0x07,0x82,0x00,0x10,0x00,0x02,0x00,0x00,0x00,0x0a,0x00,0x10,0x00,
0x0c,0x00,0x00,0x00,0x0a,0x00,0x10,0x00,0x0f,0x00,0x00,0x00,0x33,0x00,0x00,0x07,
0x42,0x00,0x10,0x00,0x05,0x00,0x00,0x00,0x0a,0x00,0x10,0x00,0x0c,0x00,0x00,0x00,
0x0a,0x00,0x10,0x00,0x0f,0x00,0x00,0x00,0x0e,0x00,0x00,0x07,0x82,0x00,0x10,0x00,
0x02,0x00,0x00,0x00,0x2a,0x00,0x10,0x00,0x05,0x00,0x00,0x00,0x3a,0x00,0x10,0x00,
0x02,0x00,0x00,0x00,0x00,0x00,0x00,0x08,0x82,0x00,0x10,0x00,0x02,0x00,0x00,0x00,
0x3a,0x00,0x10,0x80,0x41,0x00,0x00,0x00,0x02,0x00,0x00,0x00,0x01,0x40,0x00,0x00,
0x00,0x00,0x80,0x3f,0x38,0x00,0x00,0x07,0x42,0x00,0x10,0x00,0x02,0x00,0x00,0x00,
0x3a,0x00,0x10,0x00,0x02,0x00,0x00,0x00,0x2a,0x00,0x10,0x00,0x02,0x00,0x00,0x00,
0x31,0x00,0x00,0x08,0x82,0x00,0x10,0x00,0x02,0x00,0x00,0x00,0x2a,0x00,0x10,0x80,
0x81,0x00,0x00,0x00,0x02,0x00,0x00,0x00,0x01,0x40,0x00,0x00,0x00,0xdf,0x7f,0x47,
0x37,0x00,0x00,0x09,0x42,0x00,0x10,0x00,0x02,0x00,0x00,0x00,0x3a,0x00,0x10,0x00,
0x02,0x00,0x00,0x00,0x2a,0x00,0x10,0x00,0x02,0x00,0x00,0x00,0x01,0x40,0x00,0x00,
0x00,0xdf,0x7f,0x47,0x31,0x00,0x00,0x07,0x82,0x00,0x10,0x00,0x02,0x00,0x00,0x00,
0x0a,0x00,0x10,0x00,0x0f,0x00,0x00,0x00,0x0a,0x00,0x10,0x00,0x0c,0x00,0x00,0x00,
0x01,0x00,0x00,0x07,0x42,0x00,0x10,0x00,0x05,0x00,0x00,0x00,0x3a,0x00,0x10,0x00,
0x02,0x00,0x00,0x00,0x01,0x40,0x00,0x00,0x01,0x00,0x00,0x00,0x0f,0x00,0x00,0x08,
0x82,0x00,0x10,0x00,0x02,0x00,0x00,0x00,0x46,0x00,0x10,0x00,0x0f,0x00,0x00,0x00,
0x46,0x90,0x90,0x00,0x2a,0x00,0x10,0x00,0x05,0x00,0x00,0x00,0x1d,0x00,0x00,0x07,
0x82,0x00,0x10,0x00,0x02,0x00,0x00,0x00,0x3a,0x00,0x10,0x00,0x02,0x00,0x00,0x00,
0x0a,0x00,0x10,0x00,0x0c,0x00,0x00,0x00,0x01,0x00,0x00,0x07,0x82,0x00,0x10,0x00,
0x05,0x00,0x00,0x00,0x3a,0x00,0x10,0x00,0x02,0x00,0x00,0x00,0x01,0x40,0x00,0x00,
0x01,0x00,0x00,0x00,0x12,0x00,0x00,0x01,0x36,0x00,0x00,0x08,0xc2,0x00,0x10,0x00,
0x05,0x00,0x00,0x00,0x02,0x40,0x00,0x00,0x00,0x00,0x00,0x00,0x00,0x00,0x00,0x00,
0x00,0x00,0x00,0x00,0x00,0x00,0x00,0x00,0x36,0x00,0x00,0x05,0x42,0x00,0x10,0x00,
0x02,0x00,0x00,0x00,0x01,0x40,0x00,0x00,0x00,0xe0,0x7f,0x47,0x15,0x00,0x00,0x01,
0x31,0x00,0x00,0x07,0x82,0x00,0x10,0x00,0x02,0x00,0x00,0x00,0x2a,0x00,0x10,0x00,
0x02,0x00,0x00,0x00,0x01,0x40,0x00,0x00,0x00,0xe0,0x7f,0x47,0x1f,0x00,0x04,0x03,
0x3a,0x00,0x10,0x00,0x02,0x00,0x00,0x00,0x0f,0x00,0x00,0x08,0x82,0x00,0x10,0x00,
0x07,0x00,0x00,0x00,0x46,0x00,0x10,0x00,0x0f,0x00,0x00,0x00,0x46,0x90,0x90,0x00,
0x2a,0x00,0x10,0x00,0x05,0x00,0x00,0x00,0x0f,0x00,0x00,0x08,0x42,0x00,0x10,0x00,
0x09,0x00,0x00,0x00,0x46,0x00,0x10,0x00,0x0c,0x00,0x00,0x00,0x46,0x90,0x90,0x00,
0x3a,0x00,0x10,0x00,0x05,0x00,0x00,0x00,0x00,0x00,0x00,0x08,0x82,0x00,0x10,0x00,
0x09,0x00,0x00,0x00,0x3a,0x00,0x10,0x00,0x07,0x00,0x00,0x00,0x2a,0x00,0x10,0x80,
0x41,0x00,0x00,0x00,0x09,0x00,0x00,0x00,0x31,0x00,0x00,0x08,0x12,0x00,0x10,0x00,
0x0d,0x00,0x00,0x00,0x01,0x40,0x00,0x00,0x40,0xda,0x7f,0x38,0x3a,0x00,0x10,0x80,
0x81,0x00,0x00,0x00,0x09,0x00,0x00,0x00,0x1f,0x00,0x04,0x03,0x0a,0x00,0x10,0x00,
0x0d,0x00,0x00,0x00,0x31,0x00,0x00,0x07,0x12,0x00,0x10,0x00,0x0d,0x00,0x00,0x00,
0x01,0x40,0x00,0x00,0x00,0x00,0x00,0x00,0x3a,0x00,0x10,0x00,0x09,0x00,0x00,0x00,
0x31,0x00,0x00,0x07,0x82,0x00,0x10,0x00,0x09,0x00,0x00,0x00,0x3a,0x00,0x10,0x00,
0x09,0x00,0x00,0x00,0x01,0x40,0x00,0x00,0x00,0x00,0x00,0x00,0x1e,0x00,0x00,0x08,
0x82,0x00,0x10,0x00,0x09,0x00,0x00,0x00,0x0a,0x00,0x10,0x80,0x41,0x00,0x00,0x00,
0x0d,0x00,0x00,0x00,0x3a,0x00,0x10,0x00,0x09,0x00,0x00,0x00,0x2b,0x00,0x00,0x05,
0x82,0x00,0x10,0x00,0x09,0x00,0x00,0x00,0x3a,0x00,0x10,0x00,0x09,0x00,0x00,0x00,
0x34,0x00,0x00,0x07,0x12,0x00,0x10,0x00,0x0d,0x00,0x00,0x00,0x3a,0x00,0x10,0x00,
0x07,0x00,0x00,0x00,0x2a,0x00,0x10,0x00,0x09,0x00,0x00,0x00,0x39,0x00,0x00,0x07,
0x22,0x00,0x10,0x00,0x0d,0x00,0x00,0x00,0x0a,0x00,0x10,0x00,0x0d,0x00,0x00,0x00,
0x01,0x40,0x00,0x00,0x00,0x00,0x00,0x00,0x33,0x00,0x00,0x07,0x82,0x00,0x10,0x00,
0x0d,0x00,0x00,0x00,0x3a,0x00,0x10,0x00,0x07,0x00,0x00,0x00,0x2a,0x00,0x10,0x00,
0x09,0x00,0x00,0x00,0x0e,0x00,0x00,0x07,0x12,0x00,0x10,0x00,0x0d,0x00,0x00,0x00,
0x3a,0x00,0x10,0x00,0x0d,0x00,0x00,0x00,0x0a,0x00,0x10,0x00,0x0d,0x00,0x00,0x00,
0x01,0x00,0x00,0x07,0x12,0x00,0x10,0x00,0x0d,0x00,0x00,0x00,0x0a,0x00,0x10,0x00,
0x0d,0x00,0x00,0x00,0x1a,0x00,0x10,0x00,0x0d,0x00,0x00,0x00,0x00,0x00,0x00,0x08,
0x12,0x00,0x10,0x00,0x0d,0x00,0x00,0x00,0x0a,0x00,0x10,0x80,0x41,0x00,0x00,0x00,
0x0d,0x00,0x00,0x00,0x01,0x40,0x00,0x00,0x00,0x00,0x80,0x3f,0x38,0x00,0x00,0x07,
0x82,0x00,0x10,0x00,0x09,0x00,0x00,0x00,0x3a,0x00,0x10,0x00,0x09,0x00,0x00,0x00,
0x0a,0x00,0x10,0x00,0x0d,0x00,0x00,0x00,0x31,0x00,0x00,0x09,0x12,0x00,0x10,0x00,
0x0d,0x00,0x00,0x00,0x3a,0x00,0x10,0x80,0x81,0x00,0x00,0x00,0x09,0x00,0x00,0x00,
0x2a,0x00,0x10,0x80,0x81,0x00,0x00,0x00,0x02,0x00,0x00,0x00,0x37,0x00,0x00,0x09,
0x42,0x00,0x10,0x00,0x02,0x00,0x00,0x00,0x0a,0x00,0x10,0x00,0x0d,0x00,0x00,0x00,
0x3a,0x00,0x10,0x00,0x09,0x00,0x00,0x00,0x2a,0x00,0x10,0x00,0x02,0x00,0x00,0x00,
0x31,0x00,0x00,0x07,0x82,0x00,0x10,0x00,0x07,0x00,0x00,0x00,0x3a,0x00,0x10,0x00,
0x07,0x00,0x00,0x00,0x2a,0x00,0x10,0x00,0x09,0x00,0x00,0x00,0x01,0x00,0x00,0x07,
0x82,0x00,0x10,0x00,0x07,0x00,0x00,0x00,0x3a,0x00,0x10,0x00,0x07,0x00,0x00,0x00,
0x01,0x40,0x00,0x00,0x01,0x00,0x00,0x00,0x1e,0x00,0x00,0x07,0x42,0x00,0x10,0x00,
0x05,0x00,0x00,0x00,0x2a,0x00,0x10,0x00,0x05,0x00,0x00,0x00,0x3a,0x00,0x10,0x00,
0x07,0x00,0x00,0x00,0x10,0x00,0x00,0x08,0x82,0x00,0x10,0x00,0x07,0x00,0x00,0x00,
0x46,0x02,0x10,0x00,0x0f,0x00,0x00,0x00,0x46,0x92,0x90,0x00,0x2a,0x00,0x10,0x00,
0x05,0x00,0x00,0x00,0x1d,0x00,0x00,0x07,0x82,0x00,0x10,0x00,0x07,0x00,0x00,0x00,
0x3a,0x00,0x10,0x00,0x07,0x00,0x00,0x00,0x2a,0x00,0x10,0x00,0x09,0x00,0x00,0x00,
0x01,0x00,0x00,0x07,0x82,0x00,0x10,0x00,0x07,0x00,0x00,0x00,0x3a,0x00,0x10,0x00,
0x07,0x00,0x00,0x00,0x01,0x40,0x00,0x00,0x01,0x00,0x00,0x00,0x1e,0x00,0x00,0x07,
0x82,0x00,0x10,0x00,0x05,0x00,0x00,0x00,0x3a,0x00,0x10,0x00,0x05,0x00,0x00,0x00,
0x3a,0x00,0x10,0x00,0x07,0x00,0x00,0x00,0x12,0x00,0x00,0x01,0x36,0x00,0x00,0x05,
0x42,0x00,0x10,0x00,0x02,0x00,0x00,0x00,0x01,0x40,0x00,0x00,0x00,0xe0,0x7f,0x47,
0x15,0x00,0x00,0x01,0x15,0x00,0x00,0x01,0x31,0x00,0x00,0x07,0x82,0x00,0x10,0x00,
0x07,0x00,0x00,0x00,0x2a,0x00,0x10,0x00,0x02,0x00,0x00,0x00,0x01,0x40,0x00,0x00,
0x00,0xe0,0x7f,0x47,0x01,0x00,0x00,0x07,0x82,0x00,0x10,0x00,0x02,0x00,0x00,0x00,
0x3a,0x00,0x10,0x00,0x02,0x00,0x00,0x00,0x3a,0x00,0x10,0x00,0x07,0x00,0x00,0x00,
0x1f,0x00,0x04,0x03,0x3a,0x00,0x10,0x00,0x02,0x00,0x00,0x00,0x10,0x00,0x00,0x08,
0x82,0x00,0x10,0x00,0x07,0x00,0x00,0x00,0x46,0x02,0x10,0x00,0x0f,0x00,0x00,0x00,
0x46,0x92,0x90,0x00,0x2a,0x00,0x10,0x00,0x05,0x00,0x00,0x00,0x10,0x00,0x00,0x08,
0x42,0x00,0x10,0x00,0x09,0x00,0x00,0x00,0x46,0x02,0x10,0x00,0x0c,0x00,0x00,0x00,
0x46,0x92,0x90,0x00,0x3a,0x00,0x10,0x00,0x05,0x00,0x00,0x00,0x00,0x00,0x00,0x08,
0x82,0x00,0x10,0x00,0x09,0x00,0x00,0x00,0x3a,0x00,0x10,0x00,0x07,0x00,0x00,0x00,
0x2a,0x00,0x10,0x80,0x41,0x00,0x00,0x00,0x09,0x00,0x00,0x00,0x31,0x00,0x00,0x08,
0x12,0x00,0x10,0x00,0x0d,0x00,0x00,0x00,0x01,0x40,0x00,0x00,0x40,0xda,0x7f,0x38,
0x3a,0x00,0x10,0x80,0x81,0x00,0x00,0x00,0x09,0x00,0x00,0x00,0x1f,0x00,0x04,0x03,
0x0a,0x00,0x10,0x00,0x0d,0x00,0x00,0x00,0x31,0x00,0x00,0x07,0x12,0x00,0x10,0x00,
0x0d,0x00,0x00,0x00,0x01,0x40,0x00,0x00,0x00,0x00,0x00,0x00,0x3a,0x00,0x10,0x00,
0x09,0x00,0x00,0x00,0x31,0x00,0x00,0x07,0x82,0x00,0x10,0x00,0x09,0x00,0x00,0x00,
0x3a,0x00,0x10,0x00,0x09,0x00,0x00,0x00,0x01,0x40,0x00,0x00,0x00,0x00,0x00,0x00,
0x1e,0x00,0x00,0x08,0x82,0x00,0x10,0x00,0x09,0x00,0x00,0x00,0x0a,0x00,0x10,0x80,
0x41,0x00,0x00,0x00,0x0d,0x00,0x00,0x00,0x3a,0x00,0x10,0x00,0x09,0x00,0x00,0x00,
0x2b,0x00,0x00,0x05,0x82,0x00,0x10,0x00,0x09,0x00,0x00,0x00,0x3a,0x00,0x10,0x00,
0x09,0x00,0x00,0x00,0x34,0x00,0x00,0x07,0x12,0x00,0x10,0x00,0x0d,0x00,0x00,0x00,
0x3a,0x00,0x10,0x00,0x07,0x00,0x00,0x00,0x2a,0x00,0x10,0x00,0x09,0x00,0x00,0x00,
0x39,0x00,0x00,0x07,0x22,0x00,0x10,0x00,0x0d,0x00,0x00,0x00,0x0a,0x00,0x10,0x00,
0x0d,0x00,0x00,0x00,0x01,0x40,0x00,0x00,0x00,0x00,0x00,0x00,0x33,0x00,0x00,0x07,
0x82,0x00,0x10,0x00,0x0d,0x00,0x00,0x00,0x3a,0x00,0x10,0x00,0x07,0x00,0x00,0x00,
0x2a,0x00,0x10,0x00,0x09,0x00,0x00,0x00,0x0e,0x00,0x00,0x07,0x12,0x00,0x10,0x00,
0x0d,0x00,0x00,0x00,0x3a,0x00,0x10,0x00,0x0d,0x00,0x00,0x00,0x0a,0x00,0x10,0x00,
0x0d,0x00,0x00,0x00,0x01,0x00,0x00,0x07,0x12,0x00,0x10,0x00,0x0d,0x00,0x00,0x00,
0x0a,0x00,0x10,0x00,0x0d,0x00,0x00,0x00,0x1a,0x00,0x10,0x00,0x0d,0x00,0x00,0x00,
0x00,0x00,0x00,0x08,0x12,0x00,0x10,0x00,0x0d,0x00,0x00,0x00,0x0a,0x00,0x10,0x80,
0x41,0x00,0x00,0x00,0x0d,0x00,0x00,0x00,0x01,0x40,0x00,0x00,0x00,0x00,0x80,0x3f,
0x38,0x00,0x00,0x07,0x82,0x00,0x10,0x00,0x09,0x00,0x00,0x00,0x3a,0x00,0x10,0x00,
0x09,0x00,0x00,0x00,0x0a,0x00,0x10,0x00,0x0d,0x00,0x00,0x00,0x31,0x00,0x00,0x09,
0x12,0x00,0x10,0x00,0x0d,0x00,0x00,0x00,0x3a,0x00,0x10,0x80,0x81,0x00,0x00,0x00,
0x09,0x00,0x00,0x00,0x2a,0x00,0x10,0x80,0x81,0x00,0x00,0x00,0x02,0x00,0x00,0x00,
0x37,0x00,0x00,0x09,0x42,0x00,0x10,0x00,0x02,0x00,0x00,0x00,0x0a,0x00,0x10,0x00,
0x0d,0x00,0x00,0x00,0x3a,0x00,0x10,0x00,0x09,0x00,0x00,0x00,0x2a,0x00,0x10,0x00,
0x02,0x00,0x00,0x00,0x31,0x00,0x00,0x07,0x82,0x00,0x10,0x00,0x07,0x00,0x00,0x00,
0x3a,0x00,0x10,0x00,0x07,0x00,0x00,0x00,0x2a,0x00,0x10,0x00,0x09,0x00,0x00,0x00,
0x01,0x00,0x00,0x07,0x82,0x00,0x10,0x00,0x07,0x00,0x00,0x00,0x3a,0x00,0x10,0x00,
0x07,0x00,0x00,0x00,0x01,0x40,0x00,0x00,0x01,0x00,0x00,0x00,0x1e,0x00,0x00,0x07,
0x42,0x00,0x10,0x00,0x05,0x00,0x00,0x00,0x2a,0x00,0x10,0x00,0x05,0x00,0x00,0x00,
0x3a,0x00,0x10,0x00,0x07,0x00,0x00,0x00,0x11,0x00,0x00,0x08,0x82,0x00,0x10,0x00,
0x07,0x00,0x00,0x00,0x46,0x0e,0x10,0x00,0x0f,0x00,0x00,0x00,0x46,0x9e,0x90,0x00,
0x2a,0x00,0x10,0x00,0x05,0x00,0x00,0x00,0x1d,0x00,0x00,0x07,0x82,0x00,0x10,0x00,
0x07,0x00,0x00,0x00,0x3a,0x00,0x10,0x00,0x07,0x00,0x00,0x00,0x2a,0x00,0x10,0x00,
0x09,0x00,0x00,0x00,0x01,0x00,0x00,0x07,0x82,0x00,0x10,0x00,0x07,0x00,0x00,0x00,
0x3a,0x00,0x10,0x00,0x07,0x00,0x00,0x00,0x01,0x40,0x00,0x00,0x01,0x00,0x00,0x00,
0x1e,0x00,0x00,0x07,0x82,0x00,0x10,0x00,0x05,0x00,0x00,0x00,0x3a,0x00,0x10,0x00,
0x05,0x00,0x00,0x00,0x3a,0x00,0x10,0x00,0x07,0x00,0x00,0x00,0x12,0x00,0x00,0x01,
0x36,0x00,0x00,0x05,0x42,0x00,0x10,0x00,0x02,0x00,0x00,0x00,0x01,0x40,0x00,0x00,
0x00,0xe0,0x7f,0x47,0x15,0x00,0x00,0x01,0x15,0x00,0x00,0x01,0x31,0x00,0x00,0x07,
0x82,0x00,0x10,0x00,0x07,0x00,0x00,0x00,0x2a,0x00,0x10,0x00,0x02,0x00,0x00,0x00,
0x01,0x40,0x00,0x00,0x00,0xe0,0x7f,0x47,0x01,0x00,0x00,0x07,0x82,0x00,0x10,0x00,
0x02,0x00,0x00,0x00,0x3a,0x00,0x10,0x00,0x02,0x00,0x00,0x00,0x3a,0x00,0x10,0x00,
0x07,0x00,0x00,0x00,0x1f,0x00,0x04,0x03,0x3a,0x00,0x10,0x00,0x02,0x00,0x00,0x00,
0x11,0x00,0x00,0x08,0x82,0x00,0x10,0x00,0x07,0x00,0x00,0x00,0x46,0x0e,0x10,0x00,
0x0f,0x00,0x00,0x00,0x46,0x9e,0x90,0x00,0x2a,0x00,0x10,0x00,0x05,0x00,0x00,0x00,
0x11,0x00,0x00,0x08,0x42,0x00,0x10,0x00,0x09,0x00,0x00,0x00,0x46,0x0e,0x10,0x00,
0x0c,0x00,0x00,0x00,0x46,0x9e,0x90,0x00,0x3a,0x00,0x10,0x00,0x05,0x00,0x00,0x00,
0x00,0x00,0x00,0x08,0x82,0x00,0x10,0x00,0x09,0x00,0x00,0x00,0x3a,0x00,0x10,0x00,
0x07,0x00,0x00,0x00,0x2a,0x00,0x10,0x80,0x41,0x00,0x00,0x00,0x09,0x00,0x00,0x00,
0x31,0x00,0x00,0x08,0x12,0x00,0x10,0x00,0x0d,0x00,0x00,0x00,0x01,0x40,0x00,0x00,
0x40,0xda,0x7f,0x38,0x3a,0x00,0x10,0x80,0x81,0x00,0x00,0x00,0x09,0x00,0x00,0x00,
0x1f,0x00,0x04,0x03,0x0a,0x00,0x10,0x00,0x0d,0x00,0x00,0x00,0x31,0x00,0x00,0x07,
0x12,0x00,0x10,0x00,0x0d,0x00,0x00,0x00,0x01,0x40,0x00,0x00,0x00,0x00,0x00,0x00,
0x3a,0x00,0x10,0x00,0x09,0x00,0x00,0x00,0x31,0x00,0x00,0x07,0x82,0x00,0x10,0x00,
0x09,0x00,0x00,0x00,0x3a,0x00,0x10,0x00,0x09,0x00,0x00,0x00,0x01,0x40,0x00,0x00,
0x00,0x00,0x00,0x00,0x1e,0x00,0x00,0x08,0x82,0x00,0x10,0x00,0x09,0x00,0x00,0x00,
0x0a,0x00,0x10,0x80,0x41,0x00,0x00,0x00,0x0d,0x00,0x00,0x00,0x3a,0x00,0x10,0x00,
0x09,0x00,0x00,0x00,0x2b,0x00,0x00,0x05,0x82,0x00,0x10,0x00,0x09,0x00,0x00,0x00,
0x3a,0x00,0x10,0x00,0x09,0x00,0x00,0x00,0x34,0x00,0x00,0x07,0x12,0x00,0x10,0x00,
0x0d,0x00,0x00,0x00,0x3a,0x00,0x10,0x00,0x07,0x00,0x00,0x00,0x2a,0x00,0x10,0x00,
0x09,0x00,0x00,0x00,0x39,0x00,0x00,0x07,0x22,0x00,0x10,0x00,0x0d,0x00,0x00,0x00,
0x0a,0x00,0x10,0x00,0x0d,0x00,0x00,0x00,0x01,0x40,0x00,0x00,0x00,0x00,0x00,0x00,
0x33,0x00,0x00,0x07,0x82,0x00,0x10,0x00,0x0d,0x00,0x00,0x00,0x3a,0x00,0x10,0x00,
0x07,0x00,0x00,0x00,0x2a,0x00,0x10,0x00,0x09,0x00,0x00,0x00,0x0e,0x00,0x00,0x07,
0x12,0x00,0x10,0x00,0x0d,0x00,0x00,0x00,0x3a,0x00,0x10,0x00,0x0d,0x00,0x00,0x00,
0x0a,0x00,0x10,0x00,0x0d,0x00,0x00,0x00,0x01,0x00,0x00,0x07,0x12,0x00,0x10,0x00,
0x0d,0x00,0x00,0x00,0x0a,0x00,0x10,0x00,0x0d,0x00,0x00,0x00,0x1a,0x00,0x10,0x00,
0x0d,0x00,0x00,0x00,0x00,0x00,0x00,0x08,0x12,0x00,0x10,0x00,0x0d,0x00,0x00,0x00,
0x0a,0x00,0x10,0x80,0x41,0x00,0x00,0x00,0x0d,0x00,0x00,0x00,0x01,0x40,0x00,0x00,
0x00,0x00,0x80,0x3f,0x38,0x00,0x00,0x07,0x82,0x00,0x10,0x00,0x09,0x00,0x00,0x00,
0x3a,0x00,0x10,0x00,0x09,0x00,0x00,0x00,0x0a,0x00,0x10,0x00,0x0d,0x00,0x00,0x00,
0x31,0x00,0x00,0x09,0x12,0x00,0x10,0x00,0x0d,0x00,0x00,0x00,0x3a,0x00,0x10,0x80,
0x81,0x00,0x00,0x00,0x09,0x00,0x00,0x00,0x2a,0x00,0x10,0x80,0x81,0x00,0x00,0x00,
0x02,0x00,0x00,0x00,0x37,0x00,0x00,0x09,0x42,0x00,0x10,0x00,0x02,0x00,0x00,0x00,
0x0a,0x00,0x10,0x00,0x0d,0x00,0x00,0x00,0x3a,0x00,0x10,0x00,0x09,0x00,0x00,0x00,
0x2a,0x00,0x10,0x00,0x02,0x00,0x00,0x00,0x31,0x00,0x00,0x07,0x82,0x00,0x10,0x00,
0x07,0x00,0x00,0x00,0x3a,0x00,0x10,0x00,0x07,0x00,0x00,0x00,0x2a,0x00,0x10,0x00,
0x09,0x00,0x00,0x00,0x01,0x00,0x00,0x07,0x82,0x00,0x10,0x00,0x07,0x00,0x00,0x00,
0x3a,0x00,0x10,0x00,0x07,0x00,0x00,0x00,0x01,0x40,0x00,0x00,0x01,0x00,0x00,0x00,
0x1e,0x00,0x00,0x07,0x42,0x00,0x10,0x00,0x05,0x00,0x00,0x00,0x2a,0x00,0x10,0x00,
0x05,0x00,0x00,0x00,0x3a,0x00,0x10,0x00,0x07,0x00,0x00,0x00,0x20,0x00,0x00,0x0a,
0xf2,0x00,0x10,0x00,0x10,0x00,0x00,0x00,0xa6,0x0a,0x10,0x00,0x05,0x00,0x00,0x00,
0x02,0x40,0x00,0x00,0x00,0x00,0x00,0x00,0x01,0x00,0x00,0x00,0x02,0x00,0x00,0x00,
0x03,0x00,0x00,0x00,0x20,0x00,0x00,0x07,0x82,0x00,0x10,0x00,0x07,0x00,0x00,0x00,
0x2a,0x00,0x10,0x00,0x05,0x00,0x00,0x00,0x01,0x40,0x00,0x00,0x04,0x00,0x00,0x00,
0x01,0x00,0x00,0x0a,0xf2,0x00,0x10,0x00,0x10,0x00,0x00,0x00,0x46,0x0e,0x10,0x00,
0x10,0x00,0x00,0x00,0x02,0x40,0x00,0x00,0x00,0x00,0x80,0x3f,0x00,0x00,0x80,0x3f,
0x00,0x00,0x80,0x3f,0x00,0x00,0x80,0x3f,0x01,0x00,0x00,0x07,0x82,0x00,0x10,0x00,
0x07,0x00,0x00,0x00,0x3a,0x00,0x10,0x00,0x07,0x00,0x00,0x00,0x01,0x40,0x00,0x00,
0x00,0x00,0x80,0x3f,0x11,0x00,0x00,0x07,0x82,0x00,0x10,0x00,0x09,0x00,0x00,0x00,
0x46,0x0e,0x10,0x00,0x10,0x00,0x00,0x00,0x46,0x0e,0x10,0x00,0x0f,0x00,0x00,0x00,
0x32,0x00,0x00,0x09,0x82,0x00,0x10,0x00,0x07,0x00,0x00,0x00,0x3a,0x00,0x10,0x00,
0x07,0x00,0x00,0x00,0x2a,0x00,0x10,0x00,0x0d,0x00,0x00,0x00,0x3a,0x00,0x10,0x00,
0x09,0x00,0x00,0x00,0x1d,0x00,0x00,0x07,0x82,0x00,0x10,0x00,0x07,0x00,0x00,0x00,
0x3a,0x00,0x10,0x00,0x07,0x00,0x00,0x00,0x2a,0x00,0x10,0x00,0x09,0x00,0x00,0x00,
0x01,0x00,0x00,0x07,0x82,0x00,0x10,0x00,0x07,0x00,0x00,0x00,0x3a,0x00,0x10,0x00,
0x07,0x00,0x00,0x00,0x01,0x40,0x00,0x00,0x01,0x00,0x00,0x00,0x1e,0x00,0x00,0x07,
0x82,0x00,0x10,0x00,0x05,0x00,0x00,0x00,0x3a,0x00,0x10,0x00,0x05,0x00,0x00,0x00,
0x3a,0x00,0x10,0x00,0x07,0x00,0x00,0x00,0x12,0x00,0x00,0x01,0x36,0x00,0x00,0x05,
0x42,0x00,0x10,0x00,0x02,0x00,0x00,0x00,0x01,0x40,0x00,0x00,0x00,0xe0,0x7f,0x47,
0x15,0x00,0x00,0x01,0x15,0x00,0x00,0x01,0x31,0x00,0x00,0x07,0x82,0x00,0x10,0x00,
0x07,0x00,0x00,0x00,0x2a,0x00,0x10,0x00,0x02,0x00,0x00,0x00,0x01,0x40,0x00,0x00,
0x00,0xe0,0x7f,0x47,0x01,0x00,0x00,0x07,0x82,0x00,0x10,0x00,0x02,0x00,0x00,0x00,
0x3a,0x00,0x10,0x00,0x02,0x00,0x00,0x00,0x3a,0x00,0x10,0x00,0x07,0x00,0x00,0x00,
0x1f,0x00,0x04,0x03,0x3a,0x00,0x10,0x00,0x02,0x00,0x00,0x00,0x34,0x00,0x00,0x07,
0x82,0x00,0x10,0x00,0x02,0x00,0x00,0x00,0x1a,0x00,0x10,0x00,0x0e,0x00,0x00,0x00,
0x0a,0x00,0x10,0x00,0x0e,0x00,0x00,0x00,0x20,0x00,0x00,0x0a,0xf2,0x00,0x10,0x00,
0x0e,0x00,0x00,0x00,0xa6,0x0a,0x10,0x00,0x05,0x00,0x00,0x00,0x02,0x40,0x00,0x00,
0x00,0x00,0x00,0x00,0x01,0x00,0x00,0x00,0x02,0x00,0x00,0x00,0x03,0x00,0x00,0x00,
0x20,0x00,0x00,0x07,0x42,0x00,0x10,0x00,0x05,0x00,0x00,0x00,0x2a,0x00,0x10,0x00,
0x05,0x00,0x00,0x00,0x01,0x40,0x00,0x00,0x04,0x00,0x00,0x00,0x01,0x00,0x00,0x0a,
0xf2,0x00,0x10,0x00,0x0e,0x00,0x00,0x00,0x46,0x0e,0x10,0x00,0x0e,0x00,0x00,0x00,
0x02,0x40,0x00,0x00,0x00,0x00,0x80,0x3f,0x00,0x00,0x80,0x3f,0x00,0x00,0x80,0x3f,
0x00,0x00,0x80,0x3f,0x01,0x00,0x00,0x07,0x42,0x00,0x10,0x00,0x05,0x00,0x00,0x00,
0x2a,0x00,0x10,0x00,0x05,0x00,0x00,0x00,0x01,0x40,0x00,0x00,0x00,0x00,0x80,0x3f,
0x11,0x00,0x00,0x07,0x82,0x00,0x10,0x00,0x07,0x00,0x00,0x00,0x46,0x0e,0x10,0x00,
0x0e,0x00,0x00,0x00,0x46,0x0e,0x10,0x00,0x0f,0x00,0x00,0x00,0x32,0x00,0x00,0x09,
0x42,0x00,0x10,0x00,0x05,0x00,0x00,0x00,0x2a,0x00,0x10,0x00,0x05,0x00,0x00,0x00,
0x2a,0x00,0x10,0x00,0x0d,0x00,0x00,0x00,0x3a,0x00,0x10,0x00,0x07,0x00,0x00,0x00,
0x20,0x00,0x00,0x0a,0xf2,0x00,0x10,0x00,0x0d,0x00,0x00,0x00,0xf6,0x0f,0x10,0x00,
0x05,0x00,0x00,0x00,0x02,0x40,0x00,0x00,0x00,0x00,0x00,0x00,0x01,0x00,0x00,0x00,
0x02,0x00,0x00,0x00,0x03,0x00,0x00,0x00,0x20,0x00,0x00,0x07,0x82,0x00,0x10,0x00,
0x05,0x00,0x00,0x00,0x3a,0x00,0x10,0x00,0x05,0x00,0x00,0x00,0x01,0x40,0x00,0x00,
0x04,0x00,0x00,0x00,0x01,0x00,0x00,0x0a,0xf2,0x00,0x10,0x00,0x0d,0x00,0x00,0x00,
0x46,0x0e,0x10,0x00,0x0d,0x00,0x00,0x00,0x02,0x40,0x00,0x00,0x00,0x00,0x80,0x3f,
0x00,0x00,0x80,0x3f,0x00,0x00,0x80,0x3f,0x00,0x00,0x80,0x3f,0x01,0x00,0x00,0x07,
0x82,0x00,0x10,0x00,0x05,0x00,0x00,0x00,0x3a,0x00,0x10,0x00,0x05,0x00,0x00,0x00,
0x01,0x40,0x00,0x00,0x00,0x00,0x80,0x3f,0x11,0x00,0x00,0x07,0x82,0x00,0x10,0x00,
0x07,0x00,0x00,0x00,0x46,0x0e,0x10,0x00,0x0d,0x00,0x00,0x00,0x46,0x0e,0x10,0x00,
0x0c,0x00,0x00,0x00,0x32,0x00,0x00,0x09,0x82,0x00,0x10,0x00,0x02,0x00,0x00,0x00,
0x3a,0x00,0x10,0x00,0x05,0x00,0x00,0x00,0x3a,0x00,0x10,0x00,0x02,0x00,0x00,0x00,
0x3a,0x00,0x10,0x00,0x07,0x00,0x00,0x00,0x00,0x00,0x00,0x08,0x82,0x00,0x10,0x00,
0x05,0x00,0x00,0x00,0x3a,0x00,0x10,0x80,0x41,0x00,0x00,0x00,0x02,0x00,0x00,0x00,
0x2a,0x00,0x10,0x00,0x05,0x00,0x00,0x00,0x31,0x00,0x00,0x08,0x82,0x00,0x10,0x00,
0x07,0x00,0x00,0x00,0x01,0x40,0x00,0x00,0x40,0xda,0x7f,0x38,0x3a,0x00,0x10,0x80,
0x81,0x00,0x00,0x00,0x05,0x00,0x00,0x00,0x1f,0x00,0x04,0x03,0x3a,0x00,0x10,0x00,
0x07,0x00,0x00,0x00,0x31,0x00,0x00,0x07,0x82,0x00,0x10,0x00,0x07,0x00,0x00,0x00,
0x01,0x40,0x00,0x00,0x00,0x00,0x00,0x00,0x3a,0x00,0x10,0x00,0x05,0x00,0x00,0x00,
0x31,0x00,0x00,0x07,0x82,0x00,0x10,0x00,0x05,0x00,0x00,0x00,0x3a,0x00,0x10,0x00,
0x05,0x00,0x00,0x00,0x01,0x40,0x00,0x00,0x00,0x00,0x00,0x00,0x1e,0x00,0x00,0x08,
0x82,0x00,0x10,0x00,0x05,0x00,0x00,0x00,0x3a,0x00,0x10,0x80,0x41,0x00,0x00,0x00,
0x07,0x00,0x00,0x00,0x3a,0x00,0x10,0x00,0x05,0x00,0x00,0x00,0x2b,0x00,0x00,0x05,
0x82,0x00,0x10,0x00,0x05,0x00,0x00,0x00,0x3a,0x00,0x10,0x00,0x05,0x00,0x00,0x00,
0x34,0x00,0x00,0x07,0x82,0x00,0x10,0x00,0x07,0x00,0x00,0x00,0x3a,0x00,0x10,0x00,
0x02,0x00,0x00,0x00,0x2a,0x00,0x10,0x00,0x05,0x00,0x00,0x00,0x39,0x00,0x00,0x07,
0x42,0x00,0x10,0x00,0x09,0x00,0x00,0x00,0x3a,0x00,0x10,0x00,0x07,0x00,0x00,0x00,
0x01,0x40,0x00,0x00,0x00,0x00,0x00,0x00,0x33,0x00,0x00,0x07,0x82,0x00,0x10,0x00,
0x02,0x00,0x00,0x00,0x3a,0x00,0x10,0x00,0x02,0x00,0x00,0x00,0x2a,0x00,0x10,0x00,
0x05,0x00,0x00,0x00,0x0e,0x00,0x00,0x07,0x82,0x00,0x10,0x00,0x02,0x00,0x00,0x00,
0x3a,0x00,0x10,0x00,0x02,0x00,0x00,0x00,0x3a,0x00,0x10,0x00,0x07,0x00,0x00,0x00,
0x01,0x00,0x00,0x07,0x82,0x00,0x10,0x00,0x02,0x00,0x00,0x00,0x3a,0x00,0x10,0x00,
0x02,0x00,0x00,0x00,0x2a,0x00,0x10,0x00,0x09,0x00,0x00,0x00,0x00,0x00,0x00,0x08,
0x82,0x00,0x10,0x00,0x02,0x00,0x00,0x00,0x3a,0x00,0x10,0x80,0x41,0x00,0x00,0x00,
0x02,0x00,0x00,0x00,0x01,0x40,0x00,0x00,0x00,0x00,0x80,0x3f,0x38,0x00,0x00,0x07,
0x82,0x00,0x10,0x00,0x02,0x00,0x00,0x00,0x3a,0x00,0x10,0x00,0x02,0x00,0x00,0x00,
0x3a,0x00,0x10,0x00,0x05,0x00,0x00,0x00,0x31,0x00,0x00,0x09,0x42,0x00,0x10,0x00,
0x05,0x00,0x00,0x00,0x3a,0x00,0x10,0x80,0x81,0x00,0x00,0x00,0x02,0x00,0x00,0x00,
0x2a,0x00,0x10,0x80,0x81,0x00,0x00,0x00,0x02,0x00,0x00,0x00,0x37,0x00,0x00,0x09,
0x42,0x00,0x10,0x00,0x02,0x00,0x00,0x00,0x2a,0x00,0x10,0x00,0x05,0x00,0x00,0x00,
0x3a,0x00,0x10,0x00,0x02,0x00,0x00,0x00,0x2a,0x00,0x10,0x00,0x02,0x00,0x00,0x00,
0x12,0x00,0x00,0x01,0x36,0x00,0x00,0x05,0x42,0x00,0x10,0x00,0x02,0x00,0x00,0x00,
0x01,0x40,0x00,0x00,0x00,0xe0,0x7f,0x47,0x15,0x00,0x00,0x01,0x15,0x00,0x00,0x01,
0x31,0x00,0x00,0x07,0x82,0x00,0x10,0x00,0x02,0x00,0x00,0x00,0x2a,0x00,0x10,0x00,
0x02,0x00,0x00,0x00,0x01,0x40,0x00,0x00,0x00,0xdf,0x7f,0x47,0x01,0x00,0x00,0x07,
0x82,0x00,0x10,0x00,0x02,0x00,0x00,0x00,0x3a,0x00,0x10,0x00,0x02,0x00,0x00,0x00,
0x01,0x40,0x00,0x00,0x00,0x00,0x80,0x3f,0x38,0x00,0x00,0x07,0x12,0x00,0x10,0x00,
0x0c,0x00,0x00,0x00,0x3a,0x00,0x10,0x00,0x02,0x00,0x00,0x00,0x2a,0x00,0x10,0x00,
0x02,0x00,0x00,0x00,0x12,0x00,0x00,0x01,0x36,0x00,0x00,0x05,0x12,0x00,0x10,0x00,
0x0c,0x00,0x00,0x00,0x01,0x40,0x00,0x00,0x00,0x00,0x00,0x00,0x15,0x00,0x00,0x01,
0x39,0x00,0x00,0x07,0x42,0x00,0x10,0x00,0x02,0x00,0x00,0x00,0x0a,0x00,0x10,0x00,
0x0c,0x00,0x00,0x00,0x01,0x40,0x00,0x00,0x00,0x00,0x00,0x00,0x31,0x00,0x00,0x07,
0x82,0x00,0x10,0x00,0x02,0x00,0x00,0x00,0x01,0x40,0x00,0x00,0x00,0x00,0x00,0x00,
0x0a,0x00,0x10,0x00,0x0c,0x00,0x00,0x00,0x31,0x00,0x00,0x07,0x42,0x00,0x10,0x00,
0x05,0x00,0x00,0x00,0x0a,0x00,0x10,0x00,0x0c,0x00,0x00,0x00,0x01,0x40,0x00,0x00,
0x00,0x00,0x00,0x00,0x1e,0x00,0x00,0x08,0x82,0x00,0x10,0x00,0x02,0x00,0x00,0x00,
0x3a,0x00,0x10,0x80,0x41,0x00,0x00,0x00,0x02,0x00,0x00,0x00,0x2a,0x00,0x10,0x00,
0x05,0x00,0x00,0x00,0x2b,0x00,0x00,0x05,0x82,0x00,0x10,0x00,0x02,0x00,0x00,0x00,
0x3a,0x00,0x10,0x00,0x02,0x00,0x00,0x00,0x01,0x00,0x00,0x07,0x22,0x00,0x10,0x00,
0x0c,0x00,0x00,0x00,0x3a,0x00,0x10,0x00,0x02,0x00,0x00,0x00,0x2a,0x00,0x10,0x00,
0x02,0x00,0x00,0x00,0x00,0x00,0x00,0x07,0xf2,0x00,0x10,0x00,0x09,0x00,0x00,0x00,
0x46,0x00,0x10,0x00,0x07,0x00,0x00,0x00,0x46,0x00,0x10,0x00,0x09,0x00,0x00,0x00,
0x00,0x00,0x00,0x07,0xf2,0x00,0x10,0x00,0x05,0x00,0x00,0x00,0x46,0x00,0x10,0x00,
0x05,0x00,0x00,0x00,0x46,0x0e,0x10,0x00,0x09,0x00,0x00,0x00,0x00,0x00,0x00,0x07,
0xf2,0x00,0x10,0x00,0x05,0x00,0x00,0x00,0x46,0x00,0x10,0x00,0x0c,0x00,0x00,0x00,
0x46,0x0e,0x10,0x00,0x05,0x00,0x00,0x00,0x38,0x00,0x00,0x0a,0xf2,0x00,0x10,0x00,
0x05,0x00,0x00,0x00,0x46,0x0e,0x10,0x00,0x05,0x00,0x00,0x00,0x02,0x40,0x00,0x00,
0x00,0x00,0x80,0x3e,0x00,0x00,0x80,0x3e,0x00,0x00,0x80,0x3e,0x00,0x00,0x80,0x3e,
0x36,0x00,0x00,0x06,0x32,0x30,0x20,0x00,0x00,0x00,0x00,0x00,0x02,0x00,0x00,0x00,
0x76,0x0f,0x10,0x00,0x05,0x00,0x00,0x00,0xa4,0x00,0x00,0x07,0xf2,0xe0,0x11,0x00,
0x01,0x00,0x00,0x00,0x46,0x0e,0x10,0x00,0x06,0x00,0x00,0x00,0x46,0x0e,0x10,0x00,
0x05,0x00,0x00,0x00,0x8c,0x00,0x00,0x11,0xc2,0x00,0x10,0x00,0x02,0x00,0x00,0x00,
0x02,0x40,0x00,0x00,0x00,0x00,0x00,0x00,0x00,0x00,0x00,0x00,0x1a,0x00,0x00,0x00,
0x1a,0x00,0x00,0x00,0x02,0x40,0x00,0x00,0x00,0x00,0x00,0x00,0x00,0x00,0x00,0x00,
0x06,0x00,0x00,0x00,0x06,0x00,0x00,0x00,0x06,0x0c,0x10,0x00,0x00,0x00,0x00,0x00,
0x06,0x0c,0x10,0x00,0x04,0x00,0x00,0x00,0x8c,0x00,0x00,0x11,0xf2,0x00,0x10,0x00,
0x05,0x00,0x00,0x00,0x02,0x40,0x00,0x00,0x1b,0x00,0x00,0x00,0x1b,0x00,0x00,0x00,
0x1b,0x00,0x00,0x00,0x1b,0x00,0x00,0x00,0x02,0x40,0x00,0x00,0x05,0x00,0x00,0x00,
0x05,0x00,0x00,0x00,0x05,0x00,0x00,0x00,0x05,0x00,0x00,0x00,0xc6,0x0f,0x10,0x00,
0x00,0x00,0x00,0x00,0xc6,0x0f,0x10,0x00,0x03,0x00,0x00,0x00,0x3c,0x00,0x00,0x0a,
0xf2,0x00,0x10,0x00,0x06,0x00,0x00,0x00,0xe6,0x0e,0x10,0x00,0x02,0x00,0x00,0x00,
0x02,0x40,0x00,0x00,0x20,0x00,0x00,0x00,0x21,0x00,0x00,0x00,0x21,0x00,0x00,0x00,
0x20,0x00,0x00,0x00,0x3c,0x00,0x00,0x0a,0x92,0x00,0x10,0x00,0x03,0x00,0x00,0x00,
0xa6,0x0e,0x10,0x00,0x02,0x00,0x00,0x00,0x02,0x40,0x00,0x00,0x21,0x00,0x00,0x00,
0x00,0x00,0x00,0x00,0x00,0x00,0x00,0x00,0x21,0x00,0x00,0x00,0x25,0x00,0x00,0x07,
0xc2,0x00,0x10,0x00,0x02,0x00,0x00,0x00,0x06,0x04,0x10,0x00,0x08,0x00,0x00,0x00,
0xa6,0x0e,0x10,0x00,0x02,0x00,0x00,0x00,0x24,0x00,0x00,0x0a,0x32,0x00,0x10,0x00,
0x09,0x00,0x00,0x00,0xe6,0x0a,0x10,0x00,0x02,0x00,0x00,0x00,0x02,0x40,0x00,0x00,
0x00,0x00,0x00,0x00,0x00,0x00,0x00,0x00,0x00,0x00,0x00,0x00,0x00,0x00,0x00,0x00,
0x36,0x00,0x00,0x08,0xc2,0x00,0x10,0x00,0x09,0x00,0x00,0x00,0x02,0x40,0x00,0x00,
0x00,0x00,0x00,0x00,0x00,0x00,0x00,0x00,0x00,0x00,0x00,0x00,0x00,0x00,0x00,0x00,
0x2d,0x00,0x00,0x89,0xc2,0x00,0x00,0x80,0x43,0x55,0x15,0x00,0xc2,0x00,0x10,0x00,
0x02,0x00,0x00,0x00,0x46,0x0e,0x10,0x00,0x09,0x00,0x00,0x00,0xe6,0x74,0x10,0x00,
0x02,0x00,0x00,0x00,0x2b,0x00,0x00,0x05,0xf2,0x00,0x10,0x00,0x09,0x00,0x00,0x00,
0x46,0x04,0x10,0x00,0x09,0x00,0x00,0x00,0x00,0x00,0x00,0x0a,0xf2,0x00,0x10,0x00,
0x09,0x00,0x00,0x00,0x46,0x0e,0x10,0x00,0x09,0x00,0x00,0x00,0x02,0x40,0x00,0x00,
0x00,0x00,0x00,0x3f,0x00,0x00,0x00,0x3f,0x00,0x00,0x00,0x3f,0x00,0x00,0x00,0x3f,
0x0e,0x00,0x00,0x07,0xf2,0x00,0x10,0x00,0x09,0x00,0x00,0x00,0x46,0x0e,0x10,0x00,
0x09,0x00,0x00,0x00,0x46,0x04,0x10,0x00,0x0a,0x00,0x00,0x00,0x00,0x00,0x00,0x07,
0xf2,0x00,0x10,0x00,0x0c,0x00,0x00,0x00,0xe6,0x0e,0x10,0x00,0x0b,0x00,0x00,0x00,
0xe6,0x0e,0x10,0x00,0x09,0x00,0x00,0x00,0x00,0x00,0x00,0x07,0xf2,0x00,0x10,0x00,
0x0c,0x00,0x00,0x00,0xe6,0x0e,0x10,0x00,0x02,0x00,0x00,0x00,0x46,0x0e,0x10,0x00,
0x0c,0x00,0x00,0x00,0x1d,0x00,0x00,0x0a,0xc2,0x00,0x10,0x00,0x02,0x00,0x00,0x00,
0xa6,0x0e,0x10,0x00,0x0c,0x00,0x00,0x00,0x02,0x40,0x00,0x00,0x00,0x00,0x00,0x00,
0x00,0x00,0x00,0x00,0x00,0x00,0x00,0x00,0x00,0x00,0x00,0x00,0x1d,0x00,0x00,0x0a,
0x92,0x00,0x10,0x00,0x04,0x00,0x00,0x00,0x02,0x40,0x00,0x00,0x00,0x00,0x80,0x3f,
0x00,0x00,0x00,0x00,0x00,0x00,0x00,0x00,0x00,0x00,0x80,0x3f,0xa6,0x0e,0x10,0x00,
0x0c,0x00,0x00,0x00,0x01,0x00,0x00,0x07,0xc2,0x00,0x10,0x00,0x02,0x00,0x00,0x00,
0xa6,0x0e,0x10,0x00,0x02,0x00,0x00,0x00,0x06,0x0c,0x10,0x00,0x04,0x00,0x00,0x00,
0x01,0x00,0x00,0x07,0x42,0x00,0x10,0x00,0x02,0x00,0x00,0x00,0x3a,0x00,0x10,0x00,
0x02,0x00,0x00,0x00,0x2a,0x00,0x10,0x00,0x02,0x00,0x00,0x00,0x1f,0x00,0x04,0x03,
0x2a,0x00,0x10,0x00,0x02,0x00,0x00,0x00,0x38,0x00,0x00,0x07,0xf2,0x00,0x10,0x00,
0x0c,0x00,0x00,0x00,0xe6,0x0e,0x10,0x00,0x0a,0x00,0x00,0x00,0x46,0x0e,0x10,0x00,
0x0c,0x00,0x00,0x00,0x41,0x00,0x00,0x05,0xf2,0x00,0x10,0x00,0x0c,0x00,0x00,0x00,
0x46,0x0e,0x10,0x00,0x0c,0x00,0x00,0x00,0x1b,0x00,0x00,0x05,0xf2,0x00,0x10,0x00,
0x0c,0x00,0x00,0x00,0x46,0x0e,0x10,0x00,0x0c,0x00,0x00,0x00,0x1e,0x00,0x00,0x0b,
0xf2,0x00,0x10,0x00,0x0d,0x00,0x00,0x00,0xe6,0x8e,0x20,0x00,0x00,0x00,0x00,0x00,
0x00,0x00,0x00,0x00,0x02,0x40,0x00,0x00,0xff,0xff,0xff,0xff,0xff,0xff,0xff,0xff,
0xff,0xff,0xff,0xff,0xff,0xff,0xff,0xff,0x25,0x00,0x00,0x07,0xc2,0x00,0x10,0x00,
0x02,0x00,0x00,0x00,0xa6,0x0e,0x10,0x00,0x0c,0x00,0x00,0x00,0xa6,0x0e,0x10,0x00,
0x0d,0x00,0x00,0x00,0x24,0x00,0x00,0x0a,0x32,0x00,0x10,0x00,0x0e,0x00,0x00,0x00,
0xe6,0x0a,0x10,0x00,0x02,0x00,0x00,0x00,0x02,0x40,0x00,0x00,0x00,0x00,0x00,0x00,
0x00,0x00,0x00,0x00,0x00,0x00,0x00,0x00,0x00,0x00,0x00,0x00,0x36,0x00,0x00,0x08,
0xc2,0x00,0x10,0x00,0x0e,0x00,0x00,0x00,0x02,0x40,0x00,0x00,0x00,0x00,0x00,0x00,
0x00,0x00,0x00,0x00,0x00,0x00,0x00,0x00,0x00,0x00,0x00,0x00,0x2d,0x00,0x00,0x89,
0xc2,0x00,0x00,0x80,0x43,0x55,0x15,0x00,0x42,0x00,0x10,0x00,0x02,0x00,0x00,0x00,
0x46,0x0e,0x10,0x00,0x0e,0x00,0x00,0x00,0x96,0x7c,0x10,0x00,0x01,0x00,0x00,0x00,
0x38,0x00,0x00,0x08,0x42,0x00,0x10,0x00,0x02,0x00,0x00,0x00,0x2a,0x00,0x10,0x00,
0x02,0x00,0x00,0x00,0x1a,0x80,0x20,0x00,0x00,0x00,0x00,0x00,0x07,0x00,0x00,0x00,
0x38,0x00,0x00,0x07,0x42,0x00,0x10,0x00,0x02,0x00,0x00,0x00,0x2a,0x00,0x10,0x00,
0x07,0x00,0x00,0x00,0x2a,0x00,0x10,0x00,0x02,0x00,0x00,0x00,0x34,0x00,0x00,0x07,
0x42,0x00,0x10,0x00,0x02,0x00,0x00,0x00,0x2a,0x00,0x10,0x00,0x02,0x00,0x00,0x00,
0x01,0x40,0x00,0x00,0x40,0xda,0x7f,0x38,0x1e,0x00,0x00,0x0a,0xf2,0x00,0x10,0x00,
0x0e,0x00,0x00,0x00,0xe6,0x0e,0x10,0x00,0x0c,0x00,0x00,0x00,0x02,0x40,0x00,0x00,
0xff,0xff,0xff,0xff,0x00,0x00,0x00,0x00,0x01,0x00,0x00,0x00,0x00,0x00,0x00,0x00,
0x25,0x00,0x00,0x07,0xf2,0x00,0x10,0x00,0x0e,0x00,0x00,0x00,0x46,0x0e,0x10,0x00,
0x0d,0x00,0x00,0x00,0x46,0x0e,0x10,0x00,0x0e,0x00,0x00,0x00,0x24,0x00,0x00,0x0a,
0xf2,0x00,0x10,0x00,0x0e,0x00,0x00,0x00,0xe6,0x04,0x10,0x00,0x0e,0x00,0x00,0x00,
0x02,0x40,0x00,0x00,0x00,0x00,0x00,0x00,0x00,0x00,0x00,0x00,0x00,0x00,0x00,0x00,
0x00,0x00,0x00,0x00,0x36,0x00,0x00,0x05,0x32,0x00,0x10,0x00,0x0f,0x00,0x00,0x00,
0xe6,0x0a,0x10,0x00,0x0e,0x00,0x00,0x00,0x36,0x00,0x00,0x08,0xc2,0x00,0x10,0x00,
0x0f,0x00,0x00,0x00,0x02,0x40,0x00,0x00,0x00,0x00,0x00,0x00,0x00,0x00,0x00,0x00,
0x00,0x00,0x00,0x00,0x00,0x00,0x00,0x00,0x2d,0x00,0x00,0x89,0xc2,0x00,0x00,0x80,
0x43,0x55,0x15,0x00,0x82,0x00,0x10,0x00,0x02,0x00,0x00,0x00,0x46,0x0e,0x10,0x00,
0x0f,0x00,0x00,0x00,0x96,0x73,0x10,0x00,0x01,0x00,0x00,0x00,0x38,0x00,0x00,0x08,
0x82,0x00,0x10,0x00,0x02,0x00,0x00,0x00,0x3a,0x00,0x10,0x00,0x02,0x00,0x00,0x00,
0x1a,0x80,0x20,0x00,0x00,0x00,0x00,0x00,0x07,0x00,0x00,0x00,0x38,0x00,0x00,0x07,
0x82,0x00,0x10,0x00,0x02,0x00,0x00,0x00,0x2a,0x00,0x10,0x00,0x07,0x00,0x00,0x00,
0x3a,0x00,0x10,0x00,0x02,0x00,0x00,0x00,0x34,0x00,0x00,0x07,0x82,0x00,0x10,0x00,
0x02,0x00,0x00,0x00,0x3a,0x00,0x10,0x00,0x02,0x00,0x00,0x00,0x01,0x40,0x00,0x00,
0x40,0xda,0x7f,0x38,0x36,0x00,0x00,0x08,0xc2,0x00,0x10,0x00,0x0e,0x00,0x00,0x00,
0x02,0x40,0x00,0x00,0x00,0x00,0x00,0x00,0x00,0x00,0x00,0x00,0x00,0x00,0x00,0x00,
0x00,0x00,0x00,0x00,0x2d,0x00,0x00,0x89,0xc2,0x00,0x00,0x80,0x43,0x55,0x15,0x00,
0x12,0x00,0x10,0x00,0x04,0x00,0x00,0x00,0x46,0x0e,0x10,0x00,0x0e,0x00,0x00,0x00,
0x46,0x7e,0x10,0x00,0x01,0x00,0x00,0x00,0x38,0x00,0x00,0x08,0x12,0x00,0x10,0x00,
0x04,0x00,0x00,0x00,0x0a,0x00,0x10,0x00,0x04,0x00,0x00,0x00,0x1a,0x80,0x20,0x00,
0x00,0x00,0x00,0x00,0x07,0x00,0x00,0x00,0x38,0x00,0x00,0x07,0x12,0x00,0x10,0x00,
0x04,0x00,0x00,0x00,0x2a,0x00,0x10,0x00,0x07,0x00,0x00,0x00,0x0a,0x00,0x10,0x00,
0x04,0x00,0x00,0x00,0x34,0x00,0x00,0x07,0x12,0x00,0x10,0x00,0x04,0x00,0x00,0x00,
0x0a,0x00,0x10,0x00,0x04,0x00,0x00,0x00,0x01,0x40,0x00,0x00,0x40,0xda,0x7f,0x38,
0x1e,0x00,0x00,0x0a,0xf2,0x00,0x10,0x00,0x0c,0x00,0x00,0x00,0x46,0x0e,0x10,0x00,
0x0c,0x00,0x00,0x00,0x02,0x40,0x00,0x00,0x00,0x00,0x00,0x00,0xff,0xff,0xff,0xff,
0x00,0x00,0x00,0x00,0x01,0x00,0x00,0x00,0x25,0x00,0x00,0x07,0xf2,0x00,0x10,0x00,
0x0c,0x00,0x00,0x00,0x46,0x0e,0x10,0x00,0x0d,0x00,0x00,0x00,0x46,0x0e,0x10,0x00,
0x0c,0x00,0x00,0x00,0x24,0x00,0x00,0x0a,0xf2,0x00,0x10,0x00,0x0c,0x00,0x00,0x00,
0xe6,0x04,0x10,0x00,0x0c,0x00,0x00,0x00,0x02,0x40,0x00,0x00,0x00,0x00,0x00,0x00,
0x00,0x00,0x00,0x00,0x00,0x00,0x00,0x00,0x00,0x00,0x00,0x00,0x36,0x00,0x00,0x05,
0x32,0x00,0x10,0x00,0x0d,0x00,0x00,0x00,0xe6,0x0a,0x10,0x00,0x0c,0x00,0x00,0x00,
0x36,0x00,0x00,0x08,0xc2,0x00,0x10,0x00,0x0d,0x00,0x00,0x00,0x02,0x40,0x00,0x00,
0x00,0x00,0x00,0x00,0x00,0x00,0x00,0x00,0x00,0x00,0x00,0x00,0x00,0x00,0x00,0x00,
0x2d,0x00,0x00,0x89,0xc2,0x00,0x00,0x80,0x43,0x55,0x15,0x00,0x82,0x00,0x10,0x00,
0x04,0x00,0x00,0x00,0x46,0x0e,0x10,0x00,0x0d,0x00,0x00,0x00,0x96,0x73,0x10,0x00,
0x01,0x00,0x00,0x00,0x38,0x00,0x00,0x08,0x82,0x00,0x10,0x00,0x04,0x00,0x00,0x00,
0x3a,0x00,0x10,0x00,0x04,0x00,0x00,0x00,0x1a,0x80,0x20,0x00,0x00,0x00,0x00,0x00,
0x07,0x00,0x00,0x00,0x38,0x00,0x00,0x07,0x82,0x00,0x10,0x00,0x04,0x00,0x00,0x00,
0x2a,0x00,0x10,0x00,0x07,0x00,0x00,0x00,0x3a,0x00,0x10,0x00,0x04,0x00,0x00,0x00,
0x34,0x00,0x00,0x07,0x82,0x00,0x10,0x00,0x04,0x00,0x00,0x00,0x3a,0x00,0x10,0x00,
0x04,0x00,0x00,0x00,0x01,0x40,0x00,0x00,0x40,0xda,0x7f,0x38,0x36,0x00,0x00,0x08,
0xc2,0x00,0x10,0x00,0x0c,0x00,0x00,0x00,0x02,0x40,0x00,0x00,0x00,0x00,0x00,0x00,
0x00,0x00,0x00,0x00,0x00,0x00,0x00,0x00,0x00,0x00,0x00,0x00,0x2d,0x00,0x00,0x89,
0xc2,0x00,0x00,0x80,0x43,0x55,0x15,0x00,0x12,0x00,0x10,0x00,0x07,0x00,0x00,0x00,
0x46,0x0e,0x10,0x00,0x0c,0x00,0x00,0x00,0x46,0x7e,0x10,0x00,0x01,0x00,0x00,0x00,
0x38,0x00,0x00,0x08,0x12,0x00,0x10,0x00,0x07,0x00,0x00,0x00,0x0a,0x00,0x10,0x00,
0x07,0x00,0x00,0x00,0x1a,0x80,0x20,0x00,0x00,0x00,0x00,0x00,0x07,0x00,0x00,0x00,
0x38,0x00,0x00,0x07,0x12,0x00,0x10,0x00,0x07,0x00,0x00,0x00,0x2a,0x00,0x10,0x00,
0x07,0x00,0x00,0x00,0x0a,0x00,0x10,0x00,0x07,0x00,0x00,0x00,0x34,0x00,0x00,0x07,
0x12,0x00,0x10,0x00,0x07,0x00,0x00,0x00,0x0a,0x00,0x10,0x00,0x07,0x00,0x00,0x00,
0x01,0x40,0x00,0x00,0x40,0xda,0x7f,0x38,0x00,0x00,0x00,0x07,0xf2,0x00,0x10,0x00,
0x09,0x00,0x00,0x00,0x46,0x04,0x10,0x00,0x0b,0x00,0x00,0x00,0x46,0x0e,0x10,0x00,
0x09,0x00,0x00,0x00,0x38,0x00,0x00,0x07,0xf2,0x00,0x10,0x00,0x09,0x00,0x00,0x00,
0x46,0x04,0x10,0x00,0x0a,0x00,0x00,0x00,0x46,0x0e,0x10,0x00,0x09,0x00,0x00,0x00,
0x41,0x00,0x00,0x05,0xf2,0x00,0x10,0x00,0x09,0x00,0x00,0x00,0x46,0x0e,0x10,0x00,
0x09,0x00,0x00,0x00,0x1b,0x00,0x00,0x05,0xf2,0x00,0x10,0x00,0x09,0x00,0x00,0x00,
0x46,0x0e,0x10,0x00,0x09,0x00,0x00,0x00,0x25,0x00,0x00,0x07,0xa2,0x00,0x10,0x00,
0x07,0x00,0x00,0x00,0xa6,0x0e,0x10,0x00,0x08,0x00,0x00,0x00,0xa6,0x0e,0x10,0x00,
0x09,0x00,0x00,0x00,0x24,0x00,0x00,0x0a,0x32,0x00,0x10,0x00,0x0c,0x00,0x00,0x00,
0xd6,0x05,0x10,0x00,0x07,0x00,0x00,0x00,0x02,0x40,0x00,0x00,0x00,0x00,0x00,0x00,
0x00,0x00,0x00,0x00,0x00,0x00,0x00,0x00,0x00,0x00,0x00,0x00,0x36,0x00,0x00,0x08,
0xc2,0x00,0x10,0x00,0x0c,0x00,0x00,0x00,0x02,0x40,0x00,0x00,0x00,0x00,0x00,0x00,
0x00,0x00,0x00,0x00,0x00,0x00,0x00,0x00,0x00,0x00,0x00,0x00,0x2d,0x00,0x00,0x89,
0xc2,0x00,0x00,0x80,0x43,0x55,0x15,0x00,0x22,0x00,0x10,0x00,0x07,0x00,0x00,0x00,
0x46,0x0e,0x10,0x00,0x0c,0x00,0x00,0x00,0x16,0x7e,0x10,0x00,0x00,0x00,0x00,0x00,
0x38,0x00,0x00,0x07,0x22,0x00,0x10,0x00,0x07,0x00,0x00,0x00,0x2a,0x00,0x10,0x00,
0x07,0x00,0x00,0x00,0x1a,0x00,0x10,0x00,0x07,0x00,0x00,0x00,0x34,0x00,0x00,0x07,
0x22,0x00,0x10,0x00,0x07,0x00,0x00,0x00,0x1a,0x00,0x10,0x00,0x07,0x00,0x00,0x00,
0x01,0x40,0x00,0x00,0x40,0xda,0x7f,0x38,0x1e,0x00,0x00,0x0a,0xf2,0x00,0x10,0x00,
0x0c,0x00,0x00,0x00,0xe6,0x0e,0x10,0x00,0x09,0x00,0x00,0x00,0x02,0x40,0x00,0x00,
0xff,0xff,0xff,0xff,0x00,0x00,0x00,0x00,0x01,0x00,0x00,0x00,0x00,0x00,0x00,0x00,
0x25,0x00,0x00,0x07,0xf2,0x00,0x10,0x00,0x0c,0x00,0x00,0x00,0x46,0x0e,0x10,0x00,
0x08,0x00,0x00,0x00,0x46,0x0e,0x10,0x00,0x0c,0x00,0x00,0x00,0x24,0x00,0x00,0x0a,
0xf2,0x00,0x10,0x00,0x0c,0x00,0x00,0x00,0xe6,0x04,0x10,0x00,0x0c,0x00,0x00,0x00,
0x02,0x40,0x00,0x00,0x00,0x00,0x00,0x00,0x00,0x00,0x00,0x00,0x00,0x00,0x00,0x00,
0x00,0x00,0x00,0x00,0x36,0x00,0x00,0x05,0x32,0x00,0x10,0x00,0x0d,0x00,0x00,0x00,
0xe6,0x0a,0x10,0x00,0x0c,0x00,0x00,0x00,0x36,0x00,0x00,0x08,0xc2,0x00,0x10,0x00,
0x0d,0x00,0x00,0x00,0x02,0x40,0x00,0x00,0x00,0x00,0x00,0x00,0x00,0x00,0x00,0x00,
0x00,0x00,0x00,0x00,0x00,0x00,0x00,0x00,0x2d,0x00,0x00,0x89,0xc2,0x00,0x00,0x80,
0x43,0x55,0x15,0x00,0x82,0x00,0x10,0x00,0x07,0x00,0x00,0x00,0x46,0x0e,0x10,0x00,
0x0d,0x00,0x00,0x00,0x96,0x73,0x10,0x00,0x00,0x00,0x00,0x00,0x38,0x00,0x00,0x07,
0x82,0x00,0x10,0x00,0x07,0x00,0x00,0x00,0x2a,0x00,0x10,0x00,0x07,0x00,0x00,0x00,
0x3a,0x00,0x10,0x00,0x07,0x00,0x00,0x00,0x34,0x00,0x00,0x07,0x82,0x00,0x10,0x00,
0x07,0x00,0x00,0x00,0x3a,0x00,0x10,0x00,0x07,0x00,0x00,0x00,0x01,0x40,0x00,0x00,
0x40,0xda,0x7f,0x38,0x36,0x00,0x00,0x08,0xc2,0x00,0x10,0x00,0x0c,0x00,0x00,0x00,
0x02,0x40,0x00,0x00,0x00,0x00,0x00,0x00,0x00,0x00,0x00,0x00,0x00,0x00,0x00,0x00,
0x00,0x00,0x00,0x00,0x2d,0x00,0x00,0x89,0xc2,0x00,0x00,0x80,0x43,0x55,0x15,0x00,
0x12,0x00,0x10,0x00,0x0c,0x00,0x00,0x00,0x46,0x0e,0x10,0x00,0x0c,0x00,0x00,0x00,
0x46,0x7e,0x10,0x00,0x00,0x00,0x00,0x00,0x38,0x00,0x00,0x07,0x12,0x00,0x10,0x00,
0x0c,0x00,0x00,0x00,0x2a,0x00,0x10,0x00,0x07,0x00,0x00,0x00,0x0a,0x00,0x10,0x00,
0x0c,0x00,0x00,0x00,0x34,0x00,0x00,0x07,0x12,0x00,0x10,0x00,0x0c,0x00,0x00,0x00,
0x0a,0x00,0x10,0x00,0x0c,0x00,0x00,0x00,0x01,0x40,0x00,0x00,0x40,0xda,0x7f,0x38,
0x1e,0x00,0x00,0x0a,0xf2,0x00,0x10,0x00,0x09,0x00,0x00,0x00,0x46,0x0e,0x10,0x00,
0x09,0x00,0x00,0x00,0x02,0x40,0x00,0x00,0x00,0x00,0x00,0x00,0xff,0xff,0xff,0xff,
0x00,0x00,0x00,0x00,0x01,0x00,0x00,0x00,0x25,0x00,0x00,0x07,0xf2,0x00,0x10,0x00,
0x09,0x00,0x00,0x00,0x46,0x0e,0x10,0x00,0x08,0x00,0x00,0x00,0x46,0x0e,0x10,0x00,
0x09,0x00,0x00,0x00,0x24,0x00,0x00,0x0a,0xf2,0x00,0x10,0x00,0x09,0x00,0x00,0x00,
0xe6,0x04,0x10,0x00,0x09,0x00,0x00,0x00,0x02,0x40,0x00,0x00,0x00,0x00,0x00,0x00,
0x00,0x00,0x00,0x00,0x00,0x00,0x00,0x00,0x00,0x00,0x00,0x00,0x36,0x00,0x00,0x05,
0x32,0x00,0x10,0x00,0x0d,0x00,0x00,0x00,0xe6,0x0a,0x10,0x00,0x09,0x00,0x00,0x00,
0x36,0x00,0x00,0x08,0xc2,0x00,0x10,0x00,0x0d,0x00,0x00,0x00,0x02,0x40,0x00,0x00,
0x00,0x00,0x00,0x00,0x00,0x00,0x00,0x00,0x00,0x00,0x00,0x00,0x00,0x00,0x00,0x00,
0x2d,0x00,0x00,0x89,0xc2,0x00,0x00,0x80,0x43,0x55,0x15,0x00,0x22,0x00,0x10,0x00,
0x0c,0x00,0x00,0x00,0x46,0x0e,0x10,0x00,0x0d,0x00,0x00,0x00,0x16,0x7e,0x10,0x00,
0x00,0x00,0x00,0x00,0x38,0x00,0x00,0x07,0x22,0x00,0x10,0x00,0x0c,0x00,0x00,0x00,
0x2a,0x00,0x10,0x00,0x07,0x00,0x00,0x00,0x1a,0x00,0x10,0x00,0x0c,0x00,0x00,0x00,
0x34,0x00,0x00,0x07,0x22,0x00,0x10,0x00,0x0c,0x00,0x00,0x00,0x1a,0x00,0x10,0x00,
0x0c,0x00,0x00,0x00,0x01,0x40,0x00,0x00,0x40,0xda,0x7f,0x38,0x36,0x00,0x00,0x08,
0xc2,0x00,0x10,0x00,0x09,0x00,0x00,0x00,0x02,0x40,0x00,0x00,0x00,0x00,0x00,0x00,
0x00,0x00,0x00,0x00,0x00,0x00,0x00,0x00,0x00,0x00,0x00,0x00,0x2d,0x00,0x00,0x89,
0xc2,0x00,0x00,0x80,0x43,0x55,0x15,0x00,0x12,0x00,0x10,0x00,0x09,0x00,0x00,0x00,
0x46,0x0e,0x10,0x00,0x09,0x00,0x00,0x00,0x46,0x7e,0x10,0x00,0x00,0x00,0x00,0x00,
0x38,0x00,0x00,0x07,0x12,0x00,0x10,0x00,0x09,0x00,0x00,0x00,0x2a,0x00,0x10,0x00,
0x07,0x00,0x00,0x00,0x0a,0x00,0x10,0x00,0x09,0x00,0x00,0x00,0x34,0x00,0x00,0x07,
0x12,0x00,0x10,0x00,0x09,0x00,0x00,0x00,0x0a,0x00,0x10,0x00,0x09,0x00,0x00,0x00,
0x01,0x40,0x00,0x00,0x40,0xda,0x7f,0x38,0x33,0x00,0x00,0x07,0x22,0x00,0x10,0x00,
0x09,0x00,0x00,0x00,0x1a,0x00,0x10,0x00,0x07,0x00,0x00,0x00,0x1a,0x00,0x10,0x00,
0x0c,0x00,0x00,0x00,0x34,0x00,0x00,0x07,0x22,0x00,0x10,0x00,0x07,0x00,0x00,0x00,
0x1a,0x00,0x10,0x00,0x07,0x00,0x00,0x00,0x1a,0x00,0x10,0x00,0x0c,0x00,0x00,0x00,
0x33,0x00,0x00,0x07,0x42,0x00,0x10,0x00,0x09,0x00,0x00,0x00,0x3a,0x00,0x10,0x00,
0x07,0x00,0x00,0x00,0x0a,0x00,0x10,0x00,0x09,0x00,0x00,0x00,0x34,0x00,0x00,0x07,
0x82,0x00,0x10,0x00,0x07,0x00,0x00,0x00,0x3a,0x00,0x10,0x00,0x07,0x00,0x00,0x00,
0x0a,0x00,0x10,0x00,0x09,0x00,0x00,0x00,0x34,0x00,0x00,0x07,0x12,0x00,0x10,0x00,
0x09,0x00,0x00,0x00,0x0a,0x00,0x10,0x00,0x0c,0x00,0x00,0x00,0x1a,0x00,0x10,0x00,
0x09,0x00,0x00,0x00,0x34,0x00,0x00,0x07,0x82,0x00,0x10,0x00,0x09,0x00,0x00,0x00,
0x1a,0x00,0x10,0x00,0x07,0x00,0x00,0x00,0x2a,0x00,0x10,0x00,0x09,0x00,0x00,0x00,
0x34,0x00,0x00,0x07,0x22,0x00,0x10,0x00,0x0c,0x00,0x00,0x00,0x3a,0x00,0x10,0x00,
0x07,0x00,0x00,0x00,0x0a,0x00,0x10,0x00,0x09,0x00,0x00,0x00,0x34,0x00,0x00,0x07,
0x42,0x00,0x10,0x00,0x0c,0x00,0x00,0x00,0x3a,0x00,0x10,0x00,0x09,0x00,0x00,0x00,
0x1a,0x00,0x10,0x00,0x0c,0x00,0x00,0x00,0x33,0x00,0x00,0x07,0x82,0x00,0x10,0x00,
0x0c,0x00,0x00,0x00,0x2a,0x00,0x10,0x00,0x02,0x00,0x00,0x00,0x3a,0x00,0x10,0x00,
0x04,0x00,0x00,0x00,0x34,0x00,0x00,0x07,0x42,0x00,0x10,0x00,0x02,0x00,0x00,0x00,
0x2a,0x00,0x10,0x00,0x02,0x00,0x00,0x00,0x3a,0x00,0x10,0x00,0x04,0x00,0x00,0x00,
0x33,0x00,0x00,0x07,0x82,0x00,0x10,0x00,0x04,0x00,0x00,0x00,0x3a,0x00,0x10,0x00,
0x02,0x00,0x00,0x00,0x0a,0x00,0x10,0x00,0x07,0x00,0x00,0x00,0x34,0x00,0x00,0x07,
0x82,0x00,0x10,0x00,0x02,0x00,0x00,0x00,0x3a,0x00,0x10,0x00,0x02,0x00,0x00,0x00,
0x0a,0x00,0x10,0x00,0x07,0x00,0x00,0x00,0x34,0x00,0x00,0x07,0x12,0x00,0x10,0x00,
0x07,0x00,0x00,0x00,0x0a,0x00,0x10,0x00,0x04,0x00,0x00,0x00,0x3a,0x00,0x10,0x00,
0x0c,0x00,0x00,0x00,0x34,0x00,0x00,0x07,0x12,0x00,0x10,0x00,0x0d,0x00,0x00,0x00,
0x2a,0x00,0x10,0x00,0x02,0x00,0x00,0x00,0x3a,0x00,0x10,0x00,0x04,0x00,0x00,0x00,
0x34,0x00,0x00,0x07,0x22,0x00,0x10,0x00,0x0d,0x00,0x00,0x00,0x3a,0x00,0x10,0x00,
0x02,0x00,0x00,0x00,0x0a,0x00,0x10,0x00,0x07,0x00,0x00,0x00,0x33,0x00,0x00,0x07,
0x22,0x00,0x10,0x00,0x09,0x00,0x00,0x00,0x0a,0x00,0x10,0x00,0x0c,0x00,0x00,0x00,
0x1a,0x00,0x10,0x00,0x09,0x00,0x00,0x00,0x33,0x00,0x00,0x07,0xa2,0x00,0x10,0x00,
0x07,0x00,0x00,0x00,0x56,0x0d,0x10,0x00,0x07,0x00,0x00,0x00,0xa6,0x02,0x10,0x00,
0x09,0x00,0x00,0x00,0x33,0x00,0x00,0x07,0x12,0x00,0x10,0x00,0x0e,0x00,0x00,0x00,
0x1a,0x00,0x10,0x00,0x07,0x00,0x00,0x00,0x1a,0x00,0x10,0x00,0x09,0x00,0x00,0x00,
0x34,0x00,0x00,0x07,0x22,0x00,0x10,0x00,0x07,0x00,0x00,0x00,0x1a,0x00,0x10,0x00,
0x07,0x00,0x00,0x00,0x1a,0x00,0x10,0x00,0x09,0x00,0x00,0x00,0x33,0x00,0x00,0x07,
0x22,0x00,0x10,0x00,0x0e,0x00,0x00,0x00,0x3a,0x00,0x10,0x00,0x07,0x00,0x00,0x00,
0x1a,0x00,0x10,0x00,0x07,0x00,0x00,0x00,0x34,0x00,0x00,0x07,0x22,0x00,0x10,0x00,
0x07,0x00,0x00,0x00,0x3a,0x00,0x10,0x00,0x07,0x00,0x00,0x00,0x1a,0x00,0x10,0x00,
0x07,0x00,0x00,0x00,0x33,0x00,0x00,0x07,0x82,0x00,0x10,0x00,0x07,0x00,0x00,0x00,
0x3a,0x00,0x10,0x00,0x09,0x00,0x00,0x00,0x1a,0x00,0x10,0x00,0x0c,0x00,0x00,0x00,
0x33,0x00,0x00,0x07,0x42,0x00,0x10,0x00,0x0e,0x00,0x00,0x00,0x3a,0x00,0x10,0x00,
0x07,0x00,0x00,0x00,0x1a,0x00,0x10,0x00,0x07,0x00,0x00,0x00,0x34,0x00,0x00,0x07,
0x82,0x00,0x10,0x00,0x0e,0x00,0x00,0x00,0x3a,0x00,0x10,0x00,0x07,0x00,0x00,0x00,
0x1a,0x00,0x10,0x00,0x07,0x00,0x00,0x00,0x33,0x00,0x00,0x07,0x12,0x00,0x10,0x00,
0x04,0x00,0x00,0x00,0x0a,0x00,0x10,0x00,0x04,0x00,0x00,0x00,0x3a,0x00,0x10,0x00,
0x0c,0x00,0x00,0x00,0x33,0x00,0x00,0x07,0x42,0x00,0x10,0x00,0x02,0x00,0x00,0x00,
0x2a,0x00,0x10,0x00,0x02,0x00,0x00,0x00,0x3a,0x00,0x10,0x00,0x04,0x00,0x00,0x00,
0x33,0x00,0x00,0x07,0x12,0x00,0x10,0x00,0x09,0x00,0x00,0x00,0x2a,0x00,0x10,0x00,
0x02,0x00,0x00,0x00,0x0a,0x00,0x10,0x00,0x04,0x00,0x00,0x00,0x34,0x00,0x00,0x07,
0x42,0x00,0x10,0x00,0x02,0x00,0x00,0x00,0x2a,0x00,0x10,0x00,0x02,0x00,0x00,0x00,
0x0a,0x00,0x10,0x00,0x04,0x00,0x00,0x00,0x33,0x00,0x00,0x07,0x82,0x00,0x10,0x00,
0x02,0x00,0x00,0x00,0x3a,0x00,0x10,0x00,0x02,0x00,0x00,0x00,0x0a,0x00,0x10,0x00,
0x07,0x00,0x00,0x00,0x33,0x00,0x00,0x07,0x22,0x00,0x10,0x00,0x09,0x00,0x00,0x00,
0x3a,0x00,0x10,0x00,0x02,0x00,0x00,0x00,0x2a,0x00,0x10,0x00,0x02,0x00,0x00,0x00,
0x34,0x00,0x00,0x07,0x42,0x00,0x10,0x00,0x02,0x00,0x00,0x00,0x3a,0x00,0x10,0x00,
0x02,0x00,0x00,0x00,0x2a,0x00,0x10,0x00,0x02,0x00,0x00,0x00,0x33,0x00,0x00,0x07,
0x82,0x00,0x10,0x00,0x02,0x00,0x00,0x00,0x1a,0x00,0x10,0x00,0x0d,0x00,0x00,0x00,
0x0a,0x00,0x10,0x00,0x0d,0x00,0x00,0x00,0x33,0x00,0x00,0x07,0x42,0x00,0x10,0x00,
0x09,0x00,0x00,0x00,0x3a,0x00,0x10,0x00,0x02,0x00,0x00,0x00,0x2a,0x00,0x10,0x00,
0x02,0x00,0x00,0x00,0x34,0x00,0x00,0x07,0x82,0x00,0x10,0x00,0x09,0x00,0x00,0x00,
0x3a,0x00,0x10,0x00,0x02,0x00,0x00,0x00,0x2a,0x00,0x10,0x00,0x02,0x00,0x00,0x00,
0x00,0x00,0x00,0x08,0x42,0x00,0x10,0x00,0x02,0x00,0x00,0x00,0x0a,0x00,0x10,0x80,
0x41,0x00,0x00,0x00,0x09,0x00,0x00,0x00,0x0a,0x00,0x10,0x00,0x0e,0x00,0x00,0x00,
0x31,0x00,0x00,0x08,0x82,0x00,0x10,0x00,0x02,0x00,0x00,0x00,0x01,0x40,0x00,0x00,
0x40,0xda,0x7f,0x38,0x2a,0x00,0x10,0x80,0x81,0x00,0x00,0x00,0x02,0x00,0x00,0x00,
0x1f,0x00,0x04,0x03,0x3a,0x00,0x10,0x00,0x02,0x00,0x00,0x00,0x31,0x00,0x00,0x07,
0x82,0x00,0x10,0x00,0x02,0x00,0x00,0x00,0x01,0x40,0x00,0x00,0x00,0x00,0x00,0x00,
0x2a,0x00,0x10,0x00,0x02,0x00,0x00,0x00,0x31,0x00,0x00,0x07,0x42,0x00,0x10,0x00,
0x02,0x00,0x00,0x00,0x2a,0x00,0x10,0x00,0x02,0x00,0x00,0x00,0x01,0x40,0x00,0x00,
0x00,0x00,0x00,0x00,0x1e,0x00,0x00,0x08,0x42,0x00,0x10,0x00,0x02,0x00,0x00,0x00,
0x3a,0x00,0x10,0x80,0x41,0x00,0x00,0x00,0x02,0x00,0x00,0x00,0x2a,0x00,0x10,0x00,
0x02,0x00,0x00,0x00,0x2b,0x00,0x00,0x05,0x42,0x00,0x10,0x00,0x02,0x00,0x00,0x00,
0x2a,0x00,0x10,0x00,0x02,0x00,0x00,0x00,0x34,0x00,0x00,0x07,0x82,0x00,0x10,0x00,
0x02,0x00,0x00,0x00,0x0a,0x00,0x10,0x00,0x09,0x00,0x00,0x00,0x0a,0x00,0x10,0x00,
0x0e,0x00,0x00,0x00,0x33,0x00,0x00,0x07,0x12,0x00,0x10,0x00,0x04,0x00,0x00,0x00,
0x0a,0x00,0x10,0x00,0x09,0x00,0x00,0x00,0x0a,0x00,0x10,0x00,0x0e,0x00,0x00,0x00,
0x0e,0x00,0x00,0x07,0x82,0x00,0x10,0x00,0x02,0x00,0x00,0x00,0x0a,0x00,0x10,0x00,
0x04,0x00,0x00,0x00,0x3a,0x00,0x10,0x00,0x02,0x00,0x00,0x00,0x00,0x00,0x00,0x08,
0x82,0x00,0x10,0x00,0x02,0x00,0x00,0x00,0x3a,0x00,0x10,0x80,0x41,0x00,0x00,0x00,
0x02,0x00,0x00,0x00,0x01,0x40,0x00,0x00,0x00,0x00,0x80,0x3f,0x38,0x00,0x00,0x07,
0x42,0x00,0x10,0x00,0x02,0x00,0x00,0x00,0x3a,0x00,0x10,0x00,0x02,0x00,0x00,0x00,
0x2a,0x00,0x10,0x00,0x02,0x00,0x00,0x00,0x31,0x00,0x00,0x08,0x82,0x00,0x10,0x00,
0x02,0x00,0x00,0x00,0x2a,0x00,0x10,0x80,0x81,0x00,0x00,0x00,0x02,0x00,0x00,0x00,
0x01,0x40,0x00,0x00,0x00,0xdf,0x7f,0x47,0x37,0x00,0x00,0x09,0x42,0x00,0x10,0x00,
0x02,0x00,0x00,0x00,0x3a,0x00,0x10,0x00,0x02,0x00,0x00,0x00,0x2a,0x00,0x10,0x00,
0x02,0x00,0x00,0x00,0x01,0x40,0x00,0x00,0x00,0xdf,0x7f,0x47,0x31,0x00,0x00,0x07,
0x82,0x00,0x10,0x00,0x02,0x00,0x00,0x00,0x0a,0x00,0x10,0x00,0x0e,0x00,0x00,0x00,
0x0a,0x00,0x10,0x00,0x09,0x00,0x00,0x00,0x01,0x00,0x00,0x07,0x12,0x00,0x10,0x00,
0x04,0x00,0x00,0x00,0x3a,0x00,0x10,0x00,0x02,0x00,0x00,0x00,0x01,0x40,0x00,0x00,
0x01,0x00,0x00,0x00,0x0f,0x00,0x00,0x08,0x82,0x00,0x10,0x00,0x02,0x00,0x00,0x00,
0x46,0x00,0x10,0x00,0x0e,0x00,0x00,0x00,0x46,0x90,0x90,0x00,0x0a,0x00,0x10,0x00,
0x04,0x00,0x00,0x00,0x1d,0x00,0x00,0x07,0x82,0x00,0x10,0x00,0x02,0x00,0x00,0x00,
0x3a,0x00,0x10,0x00,0x02,0x00,0x00,0x00,0x0a,0x00,0x10,0x00,0x09,0x00,0x00,0x00,
0x01,0x00,0x00,0x07,0x82,0x00,0x10,0x00,0x04,0x00,0x00,0x00,0x3a,0x00,0x10,0x00,
0x02,0x00,0x00,0x00,0x01,0x40,0x00,0x00,0x01,0x00,0x00,0x00,0x12,0x00,0x00,0x01,
0x36,0x00,0x00,0x08,0x92,0x00,0x10,0x00,0x04,0x00,0x00,0x00,0x02,0x40,0x00,0x00,
0x00,0x00,0x00,0x00,0x00,0x00,0x00,0x00,0x00,0x00,0x00,0x00,0x00,0x00,0x00,0x00,
0x36,0x00,0x00,0x05,0x42,0x00,0x10,0x00,0x02,0x00,0x00,0x00,0x01,0x40,0x00,0x00,
0x00,0xe0,0x7f,0x47,0x15,0x00,0x00,0x01,0x31,0x00,0x00,0x07,0x82,0x00,0x10,0x00,
0x02,0x00,0x00,0x00,0x2a,0x00,0x10,0x00,0x02,0x00,0x00,0x00,0x01,0x40,0x00,0x00,
0x00,0xe0,0x7f,0x47,0x1f,0x00,0x04,0x03,0x3a,0x00,0x10,0x00,0x02,0x00,0x00,0x00,
0x0f,0x00,0x00,0x08,0x12,0x00,0x10,0x00,0x07,0x00,0x00,0x00,0x46,0x00,0x10,0x00,
0x0e,0x00,0x00,0x00,0x46,0x90,0x90,0x00,0x0a,0x00,0x10,0x00,0x04,0x00,0x00,0x00,
0x0f,0x00,0x00,0x08,0x22,0x00,0x10,0x00,0x07,0x00,0x00,0x00,0x46,0x00,0x10,0x00,
0x09,0x00,0x00,0x00,0x46,0x90,0x90,0x00,0x3a,0x00,0x10,0x00,0x04,0x00,0x00,0x00,
0x00,0x00,0x00,0x08,0x82,0x00,0x10,0x00,0x07,0x00,0x00,0x00,0x1a,0x00,0x10,0x80,
0x41,0x00,0x00,0x00,0x07,0x00,0x00,0x00,0x0a,0x00,0x10,0x00,0x07,0x00,0x00,0x00,
0x31,0x00,0x00,0x08,0x12,0x00,0x10,0x00,0x0c,0x00,0x00,0x00,0x01,0x40,0x00,0x00,
0x40,0xda,0x7f,0x38,0x3a,0x00,0x10,0x80,0x81,0x00,0x00,0x00,0x07,0x00,0x00,0x00,
0x1f,0x00,0x04,0x03,0x0a,0x00,0x10,0x00,0x0c,0x00,0x00,0x00,0x31,0x00,0x00,0x07,
0x12,0x00,0x10,0x00,0x0c,0x00,0x00,0x00,0x01,0x40,0x00,0x00,0x00,0x00,0x00,0x00,
0x3a,0x00,0x10,0x00,0x07,0x00,0x00,0x00,0x31,0x00,0x00,0x07,0x82,0x00,0x10,0x00,
0x07,0x00,0x00,0x00,0x3a,0x00,0x10,0x00,0x07,0x00,0x00,0x00,0x01,0x40,0x00,0x00,
0x00,0x00,0x00,0x00,0x1e,0x00,0x00,0x08,0x82,0x00,0x10,0x00,0x07,0x00,0x00,0x00,
0x0a,0x00,0x10,0x80,0x41,0x00,0x00,0x00,0x0c,0x00,0x00,0x00,0x3a,0x00,0x10,0x00,
0x07,0x00,0x00,0x00,0x2b,0x00,0x00,0x05,0x82,0x00,0x10,0x00,0x07,0x00,0x00,0x00,
0x3a,0x00,0x10,0x00,0x07,0x00,0x00,0x00,0x34,0x00,0x00,0x07,0x12,0x00,0x10,0x00,
0x0c,0x00,0x00,0x00,0x1a,0x00,0x10,0x00,0x07,0x00,0x00,0x00,0x0a,0x00,0x10,0x00,
0x07,0x00,0x00,0x00,0x39,0x00,0x00,0x07,0x22,0x00,0x10,0x00,0x0c,0x00,0x00,0x00,
0x0a,0x00,0x10,0x00,0x0c,0x00,0x00,0x00,0x01,0x40,0x00,0x00,0x00,0x00,0x00,0x00,
0x33,0x00,0x00,0x07,0x82,0x00,0x10,0x00,0x0c,0x00,0x00,0x00,0x1a,0x00,0x10,0x00,
0x07,0x00,0x00,0x00,0x0a,0x00,0x10,0x00,0x07,0x00,0x00,0x00,0x0e,0x00,0x00,0x07,
0x12,0x00,0x10,0x00,0x0c,0x00,0x00,0x00,0x3a,0x00,0x10,0x00,0x0c,0x00,0x00,0x00,
0x0a,0x00,0x10,0x00,0x0c,0x00,0x00,0x00,0x01,0x00,0x00,0x07,0x12,0x00,0x10,0x00,
0x0c,0x00,0x00,0x00,0x0a,0x00,0x10,0x00,0x0c,0x00,0x00,0x00,0x1a,0x00,0x10,0x00,
0x0c,0x00,0x00,0x00,0x00,0x00,0x00,0x08,0x12,0x00,0x10,0x00,0x0c,0x00,0x00,0x00,
0x0a,0x00,0x10,0x80,0x41,0x00,0x00,0x00,0x0c,0x00,0x00,0x00,0x01,0x40,0x00,0x00,
0x00,0x00,0x80,0x3f,0x38,0x00,0x00,0x07,0x82,0x00,0x10,0x00,0x07,0x00,0x00,0x00,
0x3a,0x00,0x10,0x00,0x07,0x00,0x00,0x00,0x0a,0x00,0x10,0x00,0x0c,0x00,0x00,0x00,
0x31,0x00,0x00,0x09,0x12,0x00,0x10,0x00,0x0c,0x00,0x00,0x00,0x3a,0x00,0x10,0x80,
0x81,0x00,0x00,0x00,0x07,0x00,0x00,0x00,0x2a,0x00,0x10,0x80,0x81,0x00,0x00,0x00,
0x02,0x00,0x00,0x00,0x37,0x00,0x00,0x09,0x42,0x00,0x10,0x00,0x02,0x00,0x00,0x00,
0x0a,0x00,0x10,0x00,0x0c,0x00,0x00,0x00,0x3a,0x00,0x10,0x00,0x07,0x00,0x00,0x00,
0x2a,0x00,0x10,0x00,0x02,0x00,0x00,0x00,0x31,0x00,0x00,0x07,0x12,0x00,0x10,0x00,
0x07,0x00,0x00,0x00,0x0a,0x00,0x10,0x00,0x07,0x00,0x00,0x00,0x1a,0x00,0x10,0x00,
0x07,0x00,0x00,0x00,0x01,0x00,0x00,0x07,0x12,0x00,0x10,0x00,0x07,0x00,0x00,0x00,
0x0a,0x00,0x10,0x00,0x07,0x00,0x00,0x00,0x01,0x40,0x00,0x00,0x01,0x00,0x00,0x00,
0x1e,0x00,0x00,0x07,0x12,0x00,0x10,0x00,0x04,0x00,0x00,0x00,0x0a,0x00,0x10,0x00,
0x04,0x00,0x00,0x00,0x0a,0x00,0x10,0x00,0x07,0x00,0x00,0x00,0x10,0x00,0x00,0x08,
0x12,0x00,0x10,0x00,0x07,0x00,0x00,0x00,0x46,0x02,0x10,0x00,0x0e,0x00,0x00,0x00,
0x46,0x92,0x90,0x00,0x0a,0x00,0x10,0x00,0x04,0x00,0x00,0x00,0x1d,0x00,0x00,0x07,
0x12,0x00,0x10,0x00,0x07,0x00,0x00,0x00,0x0a,0x00,0x10,0x00,0x07,0x00,0x00,0x00,
0x1a,0x00,0x10,0x00,0x07,0x00,0x00,0x00,0x01,0x00,0x00,0x07,0x12,0x00,0x10,0x00,
0x07,0x00,0x00,0x00,0x0a,0x00,0x10,0x00,0x07,0x00,0x00,0x00,0x01,0x40,0x00,0x00,
0x01,0x00,0x00,0x00,0x1e,0x00,0x00,0x07,0x82,0x00,0x10,0x00,0x04,0x00,0x00,0x00,
0x3a,0x00,0x10,0x00,0x04,0x00,0x00,0x00,0x0a,0x00,0x10,0x00,0x07,0x00,0x00,0x00,
0x12,0x00,0x00,0x01,0x36,0x00,0x00,0x05,0x42,0x00,0x10,0x00,0x02,0x00,0x00,0x00,
0x01,0x40,0x00,0x00,0x00,0xe0,0x7f,0x47,0x15,0x00,0x00,0x01,0x15,0x00,0x00,0x01,
0x31,0x00,0x00,0x07,0x12,0x00,0x10,0x00,0x07,0x00,0x00,0x00,0x2a,0x00,0x10,0x00,
0x02,0x00,0x00,0x00,0x01,0x40,0x00,0x00,0x00,0xe0,0x7f,0x47,0x01,0x00,0x00,0x07,
0x82,0x00,0x10,0x00,0x02,0x00,0x00,0x00,0x3a,0x00,0x10,0x00,0x02,0x00,0x00,0x00,
0x0a,0x00,0x10,0x00,0x07,0x00,0x00,0x00,0x1f,0x00,0x04,0x03,0x3a,0x00,0x10,0x00,
0x02,0x00,0x00,0x00,0x10,0x00,0x00,0x08,0x12,0x00,0x10,0x00,0x07,0x00,0x00,0x00,
0x46,0x02,0x10,0x00,0x0e,0x00,0x00,0x00,0x46,0x92,0x90,0x00,0x0a,0x00,0x10,0x00,
0x04,0x00,0x00,0x00,0x10,0x00,0x00,0x08,0x22,0x00,0x10,0x00,0x07,0x00,0x00,0x00,
0x46,0x02,0x10,0x00,0x09,0x00,0x00,0x00,0x46,0x92,0x90,0x00,0x3a,0x00,0x10,0x00,
0x04,0x00,0x00,0x00,0x00,0x00,0x00,0x08,0x82,0x00,0x10,0x00,0x07,0x00,0x00,0x00,
0x1a,0x00,0x10,0x80,0x41,0x00,0x00,0x00,0x07,0x00,0x00,0x00,0x0a,0x00,0x10,0x00,
0x07,0x00,0x00,0x00,0x31,0x00,0x00,0x08,0x12,0x00,0x10,0x00,0x0c,0x00,0x00,0x00,
0x01,0x40,0x00,0x00,0x40,0xda,0x7f,0x38,0x3a,0x00,0x10,0x80,0x81,0x00,0x00,0x00,
0x07,0x00,0x00,0x00,0x1f,0x00,0x04,0x03,0x0a,0x00,0x10,0x00,0x0c,0x00,0x00,0x00,
0x31,0x00,0x00,0x07,0x12,0x00,0x10,0x00,0x0c,0x00,0x00,0x00,0x01,0x40,0x00,0x00,
0x00,0x00,0x00,0x00,0x3a,0x00,0x10,0x00,0x07,0x00,0x00,0x00,0x31,0x00,0x00,0x07,
0x82,0x00,0x10,0x00,0x07,0x00,0x00,0x00,0x3a,0x00,0x10,0x00,0x07,0x00,0x00,0x00,
0x01,0x40,0x00,0x00,0x00,0x00,0x00,0x00,0x1e,0x00,0x00,0x08,0x82,0x00,0x10,0x00,
0x07,0x00,0x00,0x00,0x0a,0x00,0x10,0x80,0x41,0x00,0x00,0x00,0x0c,0x00,0x00,0x00,
0x3a,0x00,0x10,0x00,0x07,0x00,0x00,0x00,0x2b,0x00,0x00,0x05,0x82,0x00,0x10,0x00,
0x07,0x00,0x00,0x00,0x3a,0x00,0x10,0x00,0x07,0x00,0x00,0x00,0x34,0x00,0x00,0x07,
0x12,0x00,0x10,0x00,0x0c,0x00,0x00,0x00,0x1a,0x00,0x10,0x00,0x07,0x00,0x00,0x00,
0x0a,0x00,0x10,0x00,0x07,0x00,0x00,0x00,0x39,0x00,0x00,0x07,0x22,0x00,0x10,0x00,
0x0c,0x00,0x00,0x00,0x0a,0x00,0x10,0x00,0x0c,0x00,0x00,0x00,0x01,0x40,0x00,0x00,
0x00,0x00,0x00,0x00,0x33,0x00,0x00,0x07,0x82,0x00,0x10,0x00,0x0c,0x00,0x00,0x00,
0x1a,0x00,0x10,0x00,0x07,0x00,0x00,0x00,0x0a,0x00,0x10,0x00,0x07,0x00,0x00,0x00,
0x0e,0x00,0x00,0x07,0x12,0x00,0x10,0x00,0x0c,0x00,0x00,0x00,0x3a,0x00,0x10,0x00,
0x0c,0x00,0x00,0x00,0x0a,0x00,0x10,0x00,0x0c,0x00,0x00,0x00,0x01,0x00,0x00,0x07,
0x12,0x00,0x10,0x00,0x0c,0x00,0x00,0x00,0x0a,0x00,0x10,0x00,0x0c,0x00,0x00,0x00,
0x1a,0x00,0x10,0x00,0x0c,0x00,0x00,0x00,0x00,0x00,0x00,0x08,0x12,0x00,0x10,0x00,
0x0c,0x00,0x00,0x00,0x0a,0x00,0x10,0x80,0x41,0x00,0x00,0x00,0x0c,0x00,0x00,0x00,
0x01,0x40,0x00,0x00,0x00,0x00,0x80,0x3f,0x38,0x00,0x00,0x07,0x82,0x00,0x10,0x00,
0x07,0x00,0x00,0x00,0x3a,0x00,0x10,0x00,0x07,0x00,0x00,0x00,0x0a,0x00,0x10,0x00,
0x0c,0x00,0x00,0x00,0x31,0x00,0x00,0x09,0x12,0x00,0x10,0x00,0x0c,0x00,0x00,0x00,
0x3a,0x00,0x10,0x80,0x81,0x00,0x00,0x00,0x07,0x00,0x00,0x00,0x2a,0x00,0x10,0x80,
0x81,0x00,0x00,0x00,0x02,0x00,0x00,0x00,0x37,0x00,0x00,0x09,0x42,0x00,0x10,0x00,
0x02,0x00,0x00,0x00,0x0a,0x00,0x10,0x00,0x0c,0x00,0x00,0x00,0x3a,0x00,0x10,0x00,
0x07,0x00,0x00,0x00,0x2a,0x00,0x10,0x00,0x02,0x00,0x00,0x00,0x31,0x00,0x00,0x07,
0x12,0x00,0x10,0x00,0x07,0x00,0x00,0x00,0x0a,0x00,0x10,0x00,0x07,0x00,0x00,0x00,
0x1a,0x00,0x10,0x00,0x07,0x00,0x00,0x00,0x01,0x00,0x00,0x07,0x12,0x00,0x10,0x00,
0x07,0x00,0x00,0x00,0x0a,0x00,0x10,0x00,0x07,0x00,0x00,0x00,0x01,0x40,0x00,0x00,
0x01,0x00,0x00,0x00,0x1e,0x00,0x00,0x07,0x12,0x00,0x10,0x00,0x04,0x00,0x00,0x00,
0x0a,0x00,0x10,0x00,0x04,0x00,0x00,0x00,0x0a,0x00,0x10,0x00,0x07,0x00,0x00,0x00,
0x11,0x00,0x00,0x08,0x12,0x00,0x10,0x00,0x07,0x00,0x00,0x00,0x46,0x0e,0x10,0x00,
0x0e,0x00,0x00,0x00,0x46,0x9e,0x90,0x00,0x0a,0x00,0x10,0x00,0x04,0x00,0x00,0x00,
0x1d,0x00,0x00,0x07,0x12,0x00,0x10,0x00,0x07,0x00,0x00,0x00,0x0a,0x00,0x10,0x00,
0x07,0x00,0x00,0x00,0x1a,0x00,0x10,0x00,0x07,0x00,0x00,0x00,0x01,0x00,0x00,0x07,
0x12,0x00,0x10,0x00,0x07,0x00,0x00,0x00,0x0a,0x00,0x10,0x00,0x07,0x00,0x00,0x00,
0x01,0x40,0x00,0x00,0x01,0x00,0x00,0x00,0x1e,0x00,0x00,0x07,0x82,0x00,0x10,0x00,
0x04,0x00,0x00,0x00,0x3a,0x00,0x10,0x00,0x04,0x00,0x00,0x00,0x0a,0x00,0x10,0x00,
0x07,0x00,0x00,0x00,0x12,0x00,0x00,0x01,0x36,0x00,0x00,0x05,0x42,0x00,0x10,0x00,
0x02,0x00,0x00,0x00,0x01,0x40,0x00,0x00,0x00,0xe0,0x7f,0x47,0x15,0x00,0x00,0x01,
0x15,0x00,0x00,0x01,0x31,0x00,0x00,0x07,0x12,0x00,0x10,0x00,0x07,0x00,0x00,0x00,
0x2a,0x00,0x10,0x00,0x02,0x00,0x00,0x00,0x01,0x40,0x00,0x00,0x00,0xe0,0x7f,0x47,
0x01,0x00,0x00,0x07,0x82,0x00,0x10,0x00,0x02,0x00,0x00,0x00,0x3a,0x00,0x10,0x00,
0x02,0x00,0x00,0x00,0x0a,0x00,0x10,0x00,0x07,0x00,0x00,0x00,0x1f,0x00,0x04,0x03,
0x3a,0x00,0x10,0x00,0x02,0x00,0x00,0x00,0x11,0x00,0x00,0x08,0x12,0x00,0x10,0x00,
0x07,0x00,0x00,0x00,0x46,0x0e,0x10,0x00,0x0e,0x00,0x00,0x00,0x46,0x9e,0x90,0x00,
0x0a,0x00,0x10,0x00,0x04,0x00,0x00,0x00,0x11,0x00,0x00,0x08,0x22,0x00,0x10,0x00,
0x07,0x00,0x00,0x00,0x46,0x0e,0x10,0x00,0x09,0x00,0x00,0x00,0x46,0x9e,0x90,0x00,
0x3a,0x00,0x10,0x00,0x04,0x00,0x00,0x00,0x00,0x00,0x00,0x08,0x82,0x00,0x10,0x00,
0x07,0x00,0x00,0x00,0x1a,0x00,0x10,0x80,0x41,0x00,0x00,0x00,0x07,0x00,0x00,0x00,
0x0a,0x00,0x10,0x00,0x07,0x00,0x00,0x00,0x31,0x00,0x00,0x08,0x12,0x00,0x10,0x00,
0x0c,0x00,0x00,0x00,0x01,0x40,0x00,0x00,0x40,0xda,0x7f,0x38,0x3a,0x00,0x10,0x80,
0x81,0x00,0x00,0x00,0x07,0x00,0x00,0x00,0x1f,0x00,0x04,0x03,0x0a,0x00,0x10,0x00,
0x0c,0x00,0x00,0x00,0x31,0x00,0x00,0x07,0x12,0x00,0x10,0x00,0x0c,0x00,0x00,0x00,
0x01,0x40,0x00,0x00,0x00,0x00,0x00,0x00,0x3a,0x00,0x10,0x00,0x07,0x00,0x00,0x00,
0x31,0x00,0x00,0x07,0x82,0x00,0x10,0x00,0x07,0x00,0x00,0x00,0x3a,0x00,0x10,0x00,
0x07,0x00,0x00,0x00,0x01,0x40,0x00,0x00,0x00,0x00,0x00,0x00,0x1e,0x00,0x00,0x08,
0x82,0x00,0x10,0x00,0x07,0x00,0x00,0x00,0x0a,0x00,0x10,0x80,0x41,0x00,0x00,0x00,
0x0c,0x00,0x00,0x00,0x3a,0x00,0x10,0x00,0x07,0x00,0x00,0x00,0x2b,0x00,0x00,0x05,
0x82,0x00,0x10,0x00,0x07,0x00,0x00,0x00,0x3a,0x00,0x10,0x00,0x07,0x00,0x00,0x00,
0x34,0x00,0x00,0x07,0x12,0x00,0x10,0x00,0x0c,0x00,0x00,0x00,0x1a,0x00,0x10,0x00,
0x07,0x00,0x00,0x00,0x0a,0x00,0x10,0x00,0x07,0x00,0x00,0x00,0x39,0x00,0x00,0x07,
0x22,0x00,0x10,0x00,0x0c,0x00,0x00,0x00,0x0a,0x00,0x10,0x00,0x0c,0x00,0x00,0x00,
0x01,0x40,0x00,0x00,0x00,0x00,0x00,0x00,0x33,0x00,0x00,0x07,0x82,0x00,0x10,0x00,
0x0c,0x00,0x00,0x00,0x1a,0x00,0x10,0x00,0x07,0x00,0x00,0x00,0x0a,0x00,0x10,0x00,
0x07,0x00,0x00,0x00,0x0e,0x00,0x00,0x07,0x12,0x00,0x10,0x00,0x0c,0x00,0x00,0x00,
0x3a,0x00,0x10,0x00,0x0c,0x00,0x00,0x00,0x0a,0x00,0x10,0x00,0x0c,0x00,0x00,0x00,
0x01,0x00,0x00,0x07,0x12,0x00,0x10,0x00,0x0c,0x00,0x00,0x00,0x0a,0x00,0x10,0x00,
0x0c,0x00,0x00,0x00,0x1a,0x00,0x10,0x00,0x0c,0x00,0x00,0x00,0x00,0x00,0x00,0x08,
0x12,0x00,0x10,0x00,0x0c,0x00,0x00,0x00,0x0a,0x00,0x10,0x80,0x41,0x00,0x00,0x00,
0x0c,0x00,0x00,0x00,0x01,0x40,0x00,0x00,0x00,0x00,0x80,0x3f,0x38,0x00,0x00,0x07,
0x82,0x00,0x10,0x00,0x07,0x00,0x00,0x00,0x3a,0x00,0x10,0x00,0x07,0x00,0x00,0x00,
0x0a,0x00,0x10,0x00,0x0c,0x00,0x00,0x00,0x31,0x00,0x00,0x09,0x12,0x00,0x10,0x00,
0x0c,0x00,0x00,0x00,0x3a,0x00,0x10,0x80,0x81,0x00,0x00,0x00,0x07,0x00,0x00,0x00,
0x2a,0x00,0x10,0x80,0x81,0x00,0x00,0x00,0x02,0x00,0x00,0x00,0x37,0x00,0x00,0x09,
0x42,0x00,0x10,0x00,0x02,0x00,0x00,0x00,0x0a,0x00,0x10,0x00,0x0c,0x00,0x00,0x00,
0x3a,0x00,0x10,0x00,0x07,0x00,0x00,0x00,0x2a,0x00,0x10,0x00,0x02,0x00,0x00,0x00,
0x31,0x00,0x00,0x07,0x12,0x00,0x10,0x00,0x07,0x00,0x00,0x00,0x0a,0x00,0x10,0x00,
0x07,0x00,0x00,0x00,0x1a,0x00,0x10,0x00,0x07,0x00,0x00,0x00,0x01,0x00,0x00,0x07,
0x12,0x00,0x10,0x00,0x07,0x00,0x00,0x00,0x0a,0x00,0x10,0x00,0x07,0x00,0x00,0x00,
0x01,0x40,0x00,0x00,0x01,0x00,0x00,0x00,0x1e,0x00,0x00,0x07,0x12,0x00,0x10,0x00,
0x04,0x00,0x00,0x00,0x0a,0x00,0x10,0x00,0x04,0x00,0x00,0x00,0x0a,0x00,0x10,0x00,
0x07,0x00,0x00,0x00,0x20,0x00,0x00,0x0a,0xf2,0x00,0x10,0x00,0x0f,0x00,0x00,0x00,
0x06,0x00,0x10,0x00,0x04,0x00,0x00,0x00,0x02,0x40,0x00,0x00,0x00,0x00,0x00,0x00,
0x01,0x00,0x00,0x00,0x02,0x00,0x00,0x00,0x03,0x00,0x00,0x00,0x20,0x00,0x00,0x07,
0x12,0x00,0x10,0x00,0x07,0x00,0x00,0x00,0x0a,0x00,0x10,0x00,0x04,0x00,0x00,0x00,
0x01,0x40,0x00,0x00,0x04,0x00,0x00,0x00,0x01,0x00,0x00,0x0a,0xf2,0x00,0x10,0x00,
0x0f,0x00,0x00,0x00,0x46,0x0e,0x10,0x00,0x0f,0x00,0x00,0x00,0x02,0x40,0x00,0x00,
0x00,0x00,0x80,0x3f,0x00,0x00,0x80,0x3f,0x00,0x00,0x80,0x3f,0x00,0x00,0x80,0x3f,
0x01,0x00,0x00,0x07,0x12,0x00,0x10,0x00,0x07,0x00,0x00,0x00,0x0a,0x00,0x10,0x00,
0x07,0x00,0x00,0x00,0x01,0x40,0x00,0x00,0x00,0x00,0x80,0x3f,0x11,0x00,0x00,0x07,
0x82,0x00,0x10,0x00,0x07,0x00,0x00,0x00,0x46,0x0e,0x10,0x00,0x0f,0x00,0x00,0x00,
0x46,0x0e,0x10,0x00,0x0e,0x00,0x00,0x00,0x32,0x00,0x00,0x09,0x12,0x00,0x10,0x00,
0x07,0x00,0x00,0x00,0x0a,0x00,0x10,0x00,0x07,0x00,0x00,0x00,0x2a,0x00,0x10,0x00,
0x0c,0x00,0x00,0x00,0x3a,0x00,0x10,0x00,0x07,0x00,0x00,0x00,0x1d,0x00,0x00,0x07,
0x12,0x00,0x10,0x00,0x07,0x00,0x00,0x00,0x0a,0x00,0x10,0x00,0x07,0x00,0x00,0x00,
0x1a,0x00,0x10,0x00,0x07,0x00,0x00,0x00,0x01,0x00,0x00,0x07,0x12,0x00,0x10,0x00,
0x07,0x00,0x00,0x00,0x0a,0x00,0x10,0x00,0x07,0x00,0x00,0x00,0x01,0x40,0x00,0x00,
0x01,0x00,0x00,0x00,0x1e,0x00,0x00,0x07,0x82,0x00,0x10,0x00,0x04,0x00,0x00,0x00,
0x3a,0x00,0x10,0x00,0x04,0x00,0x00,0x00,0x0a,0x00,0x10,0x00,0x07,0x00,0x00,0x00,
0x12,0x00,0x00,0x01,0x36,0x00,0x00,0x05,0x42,0x00,0x10,0x00,0x02,0x00,0x00,0x00,
0x01,0x40,0x00,0x00,0x00,0xe0,0x7f,0x47,0x15,0x00,0x00,0x01,0x15,0x00,0x00,0x01,
0x31,0x00,0x00,0x07,0x12,0x00,0x10,0x00,0x07,0x00,0x00,0x00,0x2a,0x00,0x10,0x00,
0x02,0x00,0x00,0x00,0x01,0x40,0x00,0x00,0x00,0xe0,0x7f,0x47,0x01,0x00,0x00,0x07,
0x82,0x00,0x10,0x00,0x02,0x00,0x00,0x00,0x3a,0x00,0x10,0x00,0x02,0x00,0x00,0x00,
0x0a,0x00,0x10,0x00,0x07,0x00,0x00,0x00,0x1f,0x00,0x04,0x03,0x3a,0x00,0x10,0x00,
0x02,0x00,0x00,0x00,0x34,0x00,0x00,0x07,0x82,0x00,0x10,0x00,0x02,0x00,0x00,0x00,
0x1a,0x00,0x10,0x00,0x0d,0x00,0x00,0x00,0x0a,0x00,0x10,0x00,0x0d,0x00,0x00,0x00,
0x20,0x00,0x00,0x0a,0xf2,0x00,0x10,0x00,0x0d,0x00,0x00,0x00,0x06,0x00,0x10,0x00,
0x04,0x00,0x00,0x00,0x02,0x40,0x00,0x00,0x00,0x00,0x00,0x00,0x01,0x00,0x00,0x00,
0x02,0x00,0x00,0x00,0x03,0x00,0x00,0x00,0x20,0x00,0x00,0x07,0x12,0x00,0x10,0x00,
0x04,0x00,0x00,0x00,0x0a,0x00,0x10,0x00,0x04,0x00,0x00,0x00,0x01,0x40,0x00,0x00,
0x04,0x00,0x00,0x00,0x01,0x00,0x00,0x0a,0xf2,0x00,0x10,0x00,0x0d,0x00,0x00,0x00,
0x46,0x0e,0x10,0x00,0x0d,0x00,0x00,0x00,0x02,0x40,0x00,0x00,0x00,0x00,0x80,0x3f,
0x00,0x00,0x80,0x3f,0x00,0x00,0x80,0x3f,0x00,0x00,0x80,0x3f,0x01,0x00,0x00,0x07,
0x12,0x00,0x10,0x00,0x04,0x00,0x00,0x00,0x0a,0x00,0x10,0x00,0x04,0x00,0x00,0x00,
0x01,0x40,0x00,0x00,0x00,0x00,0x80,0x3f,0x11,0x00,0x00,0x07,0x12,0x00,0x10,0x00,
0x07,0x00,0x00,0x00,0x46,0x0e,0x10,0x00,0x0d,0x00,0x00,0x00,0x46,0x0e,0x10,0x00,
0x0e,0x00,0x00,0x00,0x32,0x00,0x00,0x09,0x12,0x00,0x10,0x00,0x04,0x00,0x00,0x00,
0x0a,0x00,0x10,0x00,0x04,0x00,0x00,0x00,0x2a,0x00,0x10,0x00,0x0c,0x00,0x00,0x00,
0x0a,0x00,0x10,0x00,0x07,0x00,0x00,0x00,0x20,0x00,0x00,0x0a,0xf2,0x00,0x10,0x00,
0x0c,0x00,0x00,0x00,0xf6,0x0f,0x10,0x00,0x04,0x00,0x00,0x00,0x02,0x40,0x00,0x00,
0x00,0x00,0x00,0x00,0x01,0x00,0x00,0x00,0x02,0x00,0x00,0x00,0x03,0x00,0x00,0x00,
0x20,0x00,0x00,0x07,0x82,0x00,0x10,0x00,0x04,0x00,0x00,0x00,0x3a,0x00,0x10,0x00,
0x04,0x00,0x00,0x00,0x01,0x40,0x00,0x00,0x04,0x00,0x00,0x00,0x01,0x00,0x00,0x0a,
0xf2,0x00,0x10,0x00,0x0c,0x00,0x00,0x00,0x46,0x0e,0x10,0x00,0x0c,0x00,0x00,0x00,
0x02,0x40,0x00,0x00,0x00,0x00,0x80,0x3f,0x00,0x00,0x80,0x3f,0x00,0x00,0x80,0x3f,
0x00,0x00,0x80,0x3f,0x01,0x00,0x00,0x07,0x82,0x00,0x10,0x00,0x04,0x00,0x00,0x00,
0x3a,0x00,0x10,0x00,0x04,0x00,0x00,0x00,0x01,0x40,0x00,0x00,0x00,0x00,0x80,0x3f,
0x11,0x00,0x00,0x07,0x12,0x00,0x10,0x00,0x07,0x00,0x00,0x00,0x46,0x0e,0x10,0x00,
0x0c,0x00,0x00,0x00,0x46,0x0e,0x10,0x00,0x09,0x00,0x00,0x00,0x32,0x00,0x00,0x09,
0x82,0x00,0x10,0x00,0x02,0x00,0x00,0x00,0x3a,0x00,0x10,0x00,0x04,0x00,0x00,0x00,
0x3a,0x00,0x10,0x00,0x02,0x00,0x00,0x00,0x0a,0x00,0x10,0x00,0x07,0x00,0x00,0x00,
0x00,0x00,0x00,0x08,0x82,0x00,0x10,0x00,0x04,0x00,0x00,0x00,0x3a,0x00,0x10,0x80,
0x41,0x00,0x00,0x00,0x02,0x00,0x00,0x00,0x0a,0x00,0x10,0x00,0x04,0x00,0x00,0x00,
0x31,0x00,0x00,0x08,0x12,0x00,0x10,0x00,0x07,0x00,0x00,0x00,0x01,0x40,0x00,0x00,
0x40,0xda,0x7f,0x38,0x3a,0x00,0x10,0x80,0x81,0x00,0x00,0x00,0x04,0x00,0x00,0x00,
0x1f,0x00,0x04,0x03,0x0a,0x00,0x10,0x00,0x07,0x00,0x00,0x00,0x31,0x00,0x00,0x07,
0x12,0x00,0x10,0x00,0x07,0x00,0x00,0x00,0x01,0x40,0x00,0x00,0x00,0x00,0x00,0x00,
0x3a,0x00,0x10,0x00,0x04,0x00,0x00,0x00,0x31,0x00,0x00,0x07,0x82,0x00,0x10,0x00,
0x04,0x00,0x00,0x00,0x3a,0x00,0x10,0x00,0x04,0x00,0x00,0x00,0x01,0x40,0x00,0x00,
0x00,0x00,0x00,0x00,0x1e,0x00,0x00,0x08,0x82,0x00,0x10,0x00,0x04,0x00,0x00,0x00,
0x0a,0x00,0x10,0x80,0x41,0x00,0x00,0x00,0x07,0x00,0x00,0x00,0x3a,0x00,0x10,0x00,
0x04,0x00,0x00,0x00,0x2b,0x00,0x00,0x05,0x82,0x00,0x10,0x00,0x04,0x00,0x00,0x00,
0x3a,0x00,0x10,0x00,0x04,0x00,0x00,0x00,0x34,0x00,0x00,0x07,0x12,0x00,0x10,0x00,
0x07,0x00,0x00,0x00,0x3a,0x00,0x10,0x00,0x02,0x00,0x00,0x00,0x0a,0x00,0x10,0x00,
0x04,0x00,0x00,0x00,0x39,0x00,0x00,0x07,0x22,0x00,0x10,0x00,0x07,0x00,0x00,0x00,
0x0a,0x00,0x10,0x00,0x07,0x00,0x00,0x00,0x01,0x40,0x00,0x00,0x00,0x00,0x00,0x00,
0x33,0x00,0x00,0x07,0x82,0x00,0x10,0x00,0x02,0x00,0x00,0x00,0x3a,0x00,0x10,0x00,
0x02,0x00,0x00,0x00,0x0a,0x00,0x10,0x00,0x04,0x00,0x00,0x00,0x0e,0x00,0x00,0x07,
0x82,0x00,0x10,0x00,0x02,0x00,0x00,0x00,0x3a,0x00,0x10,0x00,0x02,0x00,0x00,0x00,
0x0a,0x00,0x10,0x00,0x07,0x00,0x00,0x00,0x01,0x00,0x00,0x07,0x82,0x00,0x10,0x00,
0x02,0x00,0x00,0x00,0x3a,0x00,0x10,0x00,0x02,0x00,0x00,0x00,0x1a,0x00,0x10,0x00,
0x07,0x00,0x00,0x00,0x00,0x00,0x00,0x08,0x82,0x00,0x10,0x00,0x02,0x00,0x00,0x00,
0x3a,0x00,0x10,0x80,0x41,0x00,0x00,0x00,0x02,0x00,0x00,0x00,0x01,0x40,0x00,0x00,
0x00,0x00,0x80,0x3f,0x38,0x00,0x00,0x07,0x82,0x00,0x10,0x00,0x02,0x00,0x00,0x00,
0x3a,0x00,0x10,0x00,0x02,0x00,0x00,0x00,0x3a,0x00,0x10,0x00,0x04,0x00,0x00,0x00,
0x31,0x00,0x00,0x09,0x12,0x00,0x10,0x00,0x04,0x00,0x00,0x00,0x3a,0x00,0x10,0x80,
0x81,0x00,0x00,0x00,0x02,0x00,0x00,0x00,0x2a,0x00,0x10,0x80,0x81,0x00,0x00,0x00,
0x02,0x00,0x00,0x00,0x37,0x00,0x00,0x09,0x42,0x00,0x10,0x00,0x02,0x00,0x00,0x00,
0x0a,0x00,0x10,0x00,0x04,0x00,0x00,0x00,0x3a,0x00,0x10,0x00,0x02,0x00,0x00,0x00,
0x2a,0x00,0x10,0x00,0x02,0x00,0x00,0x00,0x12,0x00,0x00,0x01,0x36,0x00,0x00,0x05,
0x42,0x00,0x10,0x00,0x02,0x00,0x00,0x00,0x01,0x40,0x00,0x00,0x00,0xe0,0x7f,0x47,
0x15,0x00,0x00,0x01,0x15,0x00,0x00,0x01,0x31,0x00,0x00,0x07,0x82,0x00,0x10,0x00,
0x02,0x00,0x00,0x00,0x2a,0x00,0x10,0x00,0x02,0x00,0x00,0x00,0x01,0x40,0x00,0x00,
0x00,0xdf,0x7f,0x47,0x01,0x00,0x00,0x07,0x82,0x00,0x10,0x00,0x02,0x00,0x00,0x00,
0x3a,0x00,0x10,0x00,0x02,0x00,0x00,0x00,0x01,0x40,0x00,0x00,0x00,0x00,0x80,0x3f,
0x38,0x00,0x00,0x07,0x12,0x00,0x10,0x00,0x07,0x00,0x00,0x00,0x3a,0x00,0x10,0x00,
0x02,0x00,0x00,0x00,0x2a,0x00,0x10,0x00,0x02,0x00,0x00,0x00,0x12,0x00,0x00,0x01,
0x36,0x00,0x00,0x05,0x12,0x00,0x10,0x00,0x07,0x00,0x00,0x00,0x01,0x40,0x00,0x00,
0x00,0x00,0x00,0x00,0x15,0x00,0x00,0x01,0x39,0x00,0x00,0x07,0x42,0x00,0x10,0x00,
0x02,0x00,0x00,0x00,0x0a,0x00,0x10,0x00,0x07,0x00,0x00,0x00,0x01,0x40,0x00,0x00,
0x00,0x00,0x00,0x00,0x31,0x00,0x00,0x07,0x82,0x00,0x10,0x00,0x02,0x00,0x00,0x00,
0x01,0x40,0x00,0x00,0x00,0x00,0x00,0x00,0x0a,0x00,0x10,0x00,0x07,0x00,0x00,0x00,
0x31,0x00,0x00,0x07,0x12,0x00,0x10,0x00,0x04,0x00,0x00,0x00,0x0a,0x00,0x10,0x00,
0x07,0x00,0x00,0x00,0x01,0x40,0x00,0x00,0x00,0x00,0x00,0x00,0x1e,0x00,0x00,0x08,
0x82,0x00,0x10,0x00,0x02,0x00,0x00,0x00,0x3a,0x00,0x10,0x80,0x41,0x00,0x00,0x00,
0x02,0x00,0x00,0x00,0x0a,0x00,0x10,0x00,0x04,0x00,0x00,0x00,0x2b,0x00,0x00,0x05,
0x82,0x00,0x10,0x00,0x02,0x00,0x00,0x00,0x3a,0x00,0x10,0x00,0x02,0x00,0x00,0x00,
0x01,0x00,0x00,0x07,0x22,0x00,0x10,0x00,0x07,0x00,0x00,0x00,0x3a,0x00,0x10,0x00,
0x02,0x00,0x00,0x00,0x2a,0x00,0x10,0x00,0x02,0x00,0x00,0x00,0x25,0x00,0x00,0x07,
0xf2,0x00,0x10,0x00,0x06,0x00,0x00,0x00,0x46,0x0e,0x10,0x00,0x08,0x00,0x00,0x00,
0x46,0x0e,0x10,0x00,0x06,0x00,0x00,0x00,0x24,0x00,0x00,0x0a,0xf2,0x00,0x10,0x00,
0x06,0x00,0x00,0x00,0xe6,0x04,0x10,0x00,0x06,0x00,0x00,0x00,0x02,0x40,0x00,0x00,
0x00,0x00,0x00,0x00,0x00,0x00,0x00,0x00,0x00,0x00,0x00,0x00,0x00,0x00,0x00,0x00,
0x36,0x00,0x00,0x05,0x32,0x00,0x10,0x00,0x09,0x00,0x00,0x00,0xe6,0x0a,0x10,0x00,
0x06,0x00,0x00,0x00,0x36,0x00,0x00,0x08,0xc2,0x00,0x10,0x00,0x09,0x00,0x00,0x00,
0x02,0x40,0x00,0x00,0x00,0x00,0x00,0x00,0x00,0x00,0x00,0x00,0x00,0x00,0x00,0x00,
0x00,0x00,0x00,0x00,0x2d,0x00,0x00,0x89,0xc2,0x00,0x00,0x80,0x43,0x55,0x15,0x00,
0xc2,0x00,0x10,0x00,0x02,0x00,0x00,0x00,0x46,0x0e,0x10,0x00,0x09,0x00,0x00,0x00,
0xe6,0x74,0x10,0x00,0x02,0x00,0x00,0x00,0x2b,0x00,0x00,0x05,0xf2,0x00,0x10,0x00,
0x09,0x00,0x00,0x00,0xe6,0x04,0x10,0x00,0x06,0x00,0x00,0x00,0x00,0x00,0x00,0x0a,
0xf2,0x00,0x10,0x00,0x09,0x00,0x00,0x00,0x46,0x0e,0x10,0x00,0x09,0x00,0x00,0x00,
0x02,0x40,0x00,0x00,0x00,0x00,0x00,0x3f,0x00,0x00,0x00,0x3f,0x00,0x00,0x00,0x3f,
0x00,0x00,0x00,0x3f,0x0e,0x00,0x00,0x07,0xf2,0x00,0x10,0x00,0x09,0x00,0x00,0x00,
0x46,0x0e,0x10,0x00,0x09,0x00,0x00,0x00,0x46,0x04,0x10,0x00,0x0a,0x00,0x00,0x00,
0x00,0x00,0x00,0x07,0xf2,0x00,0x10,0x00,0x0c,0x00,0x00,0x00,0xe6,0x0e,0x10,0x00,
0x0b,0x00,0x00,0x00,0x46,0x0e,0x10,0x00,0x09,0x00,0x00,0x00,0x00,0x00,0x00,0x07,
0xf2,0x00,0x10,0x00,0x0d,0x00,0x00,0x00,0xe6,0x0e,0x10,0x00,0x02,0x00,0x00,0x00,
0x46,0x04,0x10,0x00,0x0c,0x00,0x00,0x00,0x1d,0x00,0x00,0x0a,0xc2,0x00,0x10,0x00,
0x02,0x00,0x00,0x00,0xa6,0x0e,0x10,0x00,0x0d,0x00,0x00,0x00,0x02,0x40,0x00,0x00,
0x00,0x00,0x00,0x00,0x00,0x00,0x00,0x00,0x00,0x00,0x00,0x00,0x00,0x00,0x00,0x00,
0x1d,0x00,0x00,0x0a,0x92,0x00,0x10,0x00,0x04,0x00,0x00,0x00,0x02,0x40,0x00,0x00,
0x00,0x00,0x80,0x3f,0x00,0x00,0x00,0x00,0x00,0x00,0x00,0x00,0x00,0x00,0x80,0x3f,
0xa6,0x0e,0x10,0x00,0x0d,0x00,0x00,0x00,0x01,0x00,0x00,0x07,0xc2,0x00,0x10,0x00,
0x02,0x00,0x00,0x00,0xa6,0x0e,0x10,0x00,0x02,0x00,0x00,0x00,0x06,0x0c,0x10,0x00,
0x04,0x00,0x00,0x00,0x01,0x00,0x00,0x07,0x42,0x00,0x10,0x00,0x02,0x00,0x00,0x00,
0x3a,0x00,0x10,0x00,0x02,0x00,0x00,0x00,0x2a,0x00,0x10,0x00,0x02,0x00,0x00,0x00,
0x1f,0x00,0x04,0x03,0x2a,0x00,0x10,0x00,0x02,0x00,0x00,0x00,0x38,0x00,0x00,0x07,
0xf2,0x00,0x10,0x00,0x0d,0x00,0x00,0x00,0xe6,0x0e,0x10,0x00,0x0a,0x00,0x00,0x00,
0x46,0x0e,0x10,0x00,0x0d,0x00,0x00,0x00,0x41,0x00,0x00,0x05,0xf2,0x00,0x10,0x00,
0x0d,0x00,0x00,0x00,0x46,0x0e,0x10,0x00,0x0d,0x00,0x00,0x00,0x1b,0x00,0x00,0x05,
0xf2,0x00,0x10,0x00,0x0d,0x00,0x00,0x00,0x46,0x0e,0x10,0x00,0x0d,0x00,0x00,0x00,
0x1e,0x00,0x00,0x0b,0xf2,0x00,0x10,0x00,0x0e,0x00,0x00,0x00,0xe6,0x8e,0x20,0x00,
0x00,0x00,0x00,0x00,0x00,0x00,0x00,0x00,0x02,0x40,0x00,0x00,0xff,0xff,0xff,0xff,
0xff,0xff,0xff,0xff,0xff,0xff,0xff,0xff,0xff,0xff,0xff,0xff,0x25,0x00,0x00,0x07,
0xc2,0x00,0x10,0x00,0x02,0x00,0x00,0x00,0xa6,0x0e,0x10,0x00,0x0d,0x00,0x00,0x00,
0xa6,0x0e,0x10,0x00,0x0e,0x00,0x00,0x00,0x24,0x00,0x00,0x0a,0x32,0x00,0x10,0x00,
0x0f,0x00,0x00,0x00,0xe6,0x0a,0x10,0x00,0x02,0x00,0x00,0x00,0x02,0x40,0x00,0x00,
0x00,0x00,0x00,0x00,0x00,0x00,0x00,0x00,0x00,0x00,0x00,0x00,0x00,0x00,0x00,0x00,
0x36,0x00,0x00,0x08,0xc2,0x00,0x10,0x00,0x0f,0x00,0x00,0x00,0x02,0x40,0x00,0x00,
0x00,0x00,0x00,0x00,0x00,0x00,0x00,0x00,0x00,0x00,0x00,0x00,0x00,0x00,0x00,0x00,
0x2d,0x00,0x00,0x89,0xc2,0x00,0x00,0x80,0x43,0x55,0x15,0x00,0x42,0x00,0x10,0x00,
0x02,0x00,0x00,0x00,0x46,0x0e,0x10,0x00,0x0f,0x00,0x00,0x00,0x96,0x7c,0x10,0x00,
0x01,0x00,0x00,0x00,0x38,0x00,0x00,0x08,0x42,0x00,0x10,0x00,0x02,0x00,0x00,0x00,
0x2a,0x00,0x10,0x00,0x02,0x00,0x00,0x00,0x1a,0x80,0x20,0x00,0x00,0x00,0x00,0x00,
0x07,0x00,0x00,0x00,0x38,0x00,0x00,0x07,0x42,0x00,0x10,0x00,0x02,0x00,0x00,0x00,
0x2a,0x00,0x10,0x00,0x07,0x00,0x00,0x00,0x2a,0x00,0x10,0x00,0x02,0x00,0x00,0x00,
0x34,0x00,0x00,0x07,0x42,0x00,0x10,0x00,0x02,0x00,0x00,0x00,0x2a,0x00,0x10,0x00,
0x02,0x00,0x00,0x00,0x01,0x40,0x00,0x00,0x40,0xda,0x7f,0x38,0x1e,0x00,0x00,0x0a,
0xf2,0x00,0x10,0x00,0x0f,0x00,0x00,0x00,0xe6,0x0e,0x10,0x00,0x0d,0x00,0x00,0x00,
0x02,0x40,0x00,0x00,0xff,0xff,0xff,0xff,0x00,0x00,0x00,0x00,0x01,0x00,0x00,0x00,
0x00,0x00,0x00,0x00,0x25,0x00,0x00,0x07,0xf2,0x00,0x10,0x00,0x0f,0x00,0x00,0x00,
0x46,0x0e,0x10,0x00,0x0e,0x00,0x00,0x00,0x46,0x0e,0x10,0x00,0x0f,0x00,0x00,0x00,
0x24,0x00,0x00,0x0a,0xf2,0x00,0x10,0x00,0x0f,0x00,0x00,0x00,0xe6,0x04,0x10,0x00,
0x0f,0x00,0x00,0x00,0x02,0x40,0x00,0x00,0x00,0x00,0x00,0x00,0x00,0x00,0x00,0x00,
0x00,0x00,0x00,0x00,0x00,0x00,0x00,0x00,0x36,0x00,0x00,0x05,0x32,0x00,0x10,0x00,
0x10,0x00,0x00,0x00,0xe6,0x0a,0x10,0x00,0x0f,0x00,0x00,0x00,0x36,0x00,0x00,0x08,
0xc2,0x00,0x10,0x00,0x10,0x00,0x00,0x00,0x02,0x40,0x00,0x00,0x00,0x00,0x00,0x00,
0x00,0x00,0x00,0x00,0x00,0x00,0x00,0x00,0x00,0x00,0x00,0x00,0x2d,0x00,0x00,0x89,
0xc2,0x00,0x00,0x80,0x43,0x55,0x15,0x00,0x82,0x00,0x10,0x00,0x02,0x00,0x00,0x00,
0x46,0x0e,0x10,0x00,0x10,0x00,0x00,0x00,0x96,0x73,0x10,0x00,0x01,0x00,0x00,0x00,
0x38,0x00,0x00,0x08,0x82,0x00,0x10,0x00,0x02,0x00,0x00,0x00,0x3a,0x00,0x10,0x00,
0x02,0x00,0x00,0x00,0x1a,0x80,0x20,0x00,0x00,0x00,0x00,0x00,0x07,0x00,0x00,0x00,
0x38,0x00,0x00,0x07,0x82,0x00,0x10,0x00,0x02,0x00,0x00,0x00,0x2a,0x00,0x10,0x00,
0x07,0x00,0x00,0x00,0x3a,0x00,0x10,0x00,0x02,0x00,0x00,0x00,0x34,0x00,0x00,0x07,
0x82,0x00,0x10,0x00,0x02,0x00,0x00,0x00,0x3a,0x00,0x10,0x00,0x02,0x00,0x00,0x00,
0x01,0x40,0x00,0x00,0x40,0xda,0x7f,0x38,0x36,0x00,0x00,0x08,0xc2,0x00,0x10,0x00,
0x0f,0x00,0x00,0x00,0x02,0x40,0x00,0x00,0x00,0x00,0x00,0x00,0x00,0x00,0x00,0x00,
0x00,0x00,0x00,0x00,0x00,0x00,0x00,0x00,0x2d,0x00,0x00,0x89,0xc2,0x00,0x00,0x80,
0x43,0x55,0x15,0x00,0x12,0x00,0x10,0x00,0x04,0x00,0x00,0x00,0x46,0x0e,0x10,0x00,
0x0f,0x00,0x00,0x00,0x46,0x7e,0x10,0x00,0x01,0x00,0x00,0x00,0x38,0x00,0x00,0x08,
0x12,0x00,0x10,0x00,0x04,0x00,0x00,0x00,0x0a,0x00,0x10,0x00,0x04,0x00,0x00,0x00,
0x1a,0x80,0x20,0x00,0x00,0x00,0x00,0x00,0x07,0x00,0x00,0x00,0x38,0x00,0x00,0x07,
0x12,0x00,0x10,0x00,0x04,0x00,0x00,0x00,0x2a,0x00,0x10,0x00,0x07,0x00,0x00,0x00,
0x0a,0x00,0x10,0x00,0x04,0x00,0x00,0x00,0x34,0x00,0x00,0x07,0x12,0x00,0x10,0x00,
0x04,0x00,0x00,0x00,0x0a,0x00,0x10,0x00,0x04,0x00,0x00,0x00,0x01,0x40,0x00,0x00,
0x40,0xda,0x7f,0x38,0x1e,0x00,0x00,0x0a,0xf2,0x00,0x10,0x00,0x0d,0x00,0x00,0x00,
0x46,0x0e,0x10,0x00,0x0d,0x00,0x00,0x00,0x02,0x40,0x00,0x00,0x00,0x00,0x00,0x00,
0xff,0xff,0xff,0xff,0x00,0x00,0x00,0x00,0x01,0x00,0x00,0x00,0x25,0x00,0x00,0x07,
0xf2,0x00,0x10,0x00,0x0d,0x00,0x00,0x00,0x46,0x0e,0x10,0x00,0x0e,0x00,0x00,0x00,
0x46,0x0e,0x10,0x00,0x0d,0x00,0x00,0x00,0x24,0x00,0x00,0x0a,0xf2,0x00,0x10,0x00,
0x0d,0x00,0x00,0x00,0xe6,0x04,0x10,0x00,0x0d,0x00,0x00,0x00,0x02,0x40,0x00,0x00,
0x00,0x00,0x00,0x00,0x00,0x00,0x00,0x00,0x00,0x00,0x00,0x00,0x00,0x00,0x00,0x00,
0x36,0x00,0x00,0x05,0x32,0x00,0x10,0x00,0x0e,0x00,0x00,0x00,0xe6,0x0a,0x10,0x00,
0x0d,0x00,0x00,0x00,0x36,0x00,0x00,0x08,0xc2,0x00,0x10,0x00,0x0e,0x00,0x00,0x00,
0x02,0x40,0x00,0x00,0x00,0x00,0x00,0x00,0x00,0x00,0x00,0x00,0x00,0x00,0x00,0x00,
0x00,0x00,0x00,0x00,0x2d,0x00,0x00,0x89,0xc2,0x00,0x00,0x80,0x43,0x55,0x15,0x00,
0x82,0x00,0x10,0x00,0x04,0x00,0x00,0x00,0x46,0x0e,0x10,0x00,0x0e,0x00,0x00,0x00,
0x96,0x73,0x10,0x00,0x01,0x00,0x00,0x00,0x38,0x00,0x00,0x08,0x82,0x00,0x10,0x00,
0x04,0x00,0x00,0x00,0x3a,0x00,0x10,0x00,0x04,0x00,0x00,0x00,0x1a,0x80,0x20,0x00,
0x00,0x00,0x00,0x00,0x07,0x00,0x00,0x00,0x38,0x00,0x00,0x07,0x82,0x00,0x10,0x00,
0x04,0x00,0x00,0x00,0x2a,0x00,0x10,0x00,0x07,0x00,0x00,0x00,0x3a,0x00,0x10,0x00,
0x04,0x00,0x00,0x00,0x34,0x00,0x00,0x07,0x82,0x00,0x10,0x00,0x04,0x00,0x00,0x00,
0x3a,0x00,0x10,0x00,0x04,0x00,0x00,0x00,0x01,0x40,0x00,0x00,0x40,0xda,0x7f,0x38,
0x36,0x00,0x00,0x08,0xc2,0x00,0x10,0x00,0x0d,0x00,0x00,0x00,0x02,0x40,0x00,0x00,
0x00,0x00,0x00,0x00,0x00,0x00,0x00,0x00,0x00,0x00,0x00,0x00,0x00,0x00,0x00,0x00,
0x2d,0x00,0x00,0x89,0xc2,0x00,0x00,0x80,0x43,0x55,0x15,0x00,0x82,0x00,0x10,0x00,
0x07,0x00,0x00,0x00,0x46,0x0e,0x10,0x00,0x0d,0x00,0x00,0x00,0x96,0x73,0x10,0x00,
0x01,0x00,0x00,0x00,0x38,0x00,0x00,0x08,0x82,0x00,0x10,0x00,0x07,0x00,0x00,0x00,
0x3a,0x00,0x10,0x00,0x07,0x00,0x00,0x00,0x1a,0x80,0x20,0x00,0x00,0x00,0x00,0x00,
0x07,0x00,0x00,0x00,0x38,0x00,0x00,0x07,0x82,0x00,0x10,0x00,0x07,0x00,0x00,0x00,
0x2a,0x00,0x10,0x00,0x07,0x00,0x00,0x00,0x3a,0x00,0x10,0x00,0x07,0x00,0x00,0x00,
0x34,0x00,0x00,0x07,0x82,0x00,0x10,0x00,0x07,0x00,0x00,0x00,0x3a,0x00,0x10,0x00,
0x07,0x00,0x00,0x00,0x01,0x40,0x00,0x00,0x40,0xda,0x7f,0x38,0x00,0x00,0x00,0x07,
0xf2,0x00,0x10,0x00,0x0d,0x00,0x00,0x00,0x46,0x04,0x10,0x00,0x0b,0x00,0x00,0x00,
0x46,0x04,0x10,0x00,0x09,0x00,0x00,0x00,0x38,0x00,0x00,0x07,0xf2,0x00,0x10,0x00,
0x0d,0x00,0x00,0x00,0x46,0x04,0x10,0x00,0x0a,0x00,0x00,0x00,0x46,0x0e,0x10,0x00,
0x0d,0x00,0x00,0x00,0x41,0x00,0x00,0x05,0xf2,0x00,0x10,0x00,0x0d,0x00,0x00,0x00,
0x46,0x0e,0x10,0x00,0x0d,0x00,0x00,0x00,0x1b,0x00,0x00,0x05,0xf2,0x00,0x10,0x00,
0x0d,0x00,0x00,0x00,0x46,0x0e,0x10,0x00,0x0d,0x00,0x00,0x00,0x25,0x00,0x00,0x07,
0x32,0x00,0x10,0x00,0x09,0x00,0x00,0x00,0xe6,0x0a,0x10,0x00,0x08,0x00,0x00,0x00,
0xe6,0x0a,0x10,0x00,0x0d,0x00,0x00,0x00,0x24,0x00,0x00,0x0a,0x32,0x00,0x10,0x00,
0x0e,0x00,0x00,0x00,0x46,0x00,0x10,0x00,0x09,0x00,0x00,0x00,0x02,0x40,0x00,0x00,
0x00,0x00,0x00,0x00,0x00,0x00,0x00,0x00,0x00,0x00,0x00,0x00,0x00,0x00,0x00,0x00,
0x36,0x00,0x00,0x08,0xc2,0x00,0x10,0x00,0x0e,0x00,0x00,0x00,0x02,0x40,0x00,0x00,
0x00,0x00,0x00,0x00,0x00,0x00,0x00,0x00,0x00,0x00,0x00,0x00,0x00,0x00,0x00,0x00,
0x2d,0x00,0x00,0x89,0xc2,0x00,0x00,0x80,0x43,0x55,0x15,0x00,0x12,0x00,0x10,0x00,
0x09,0x00,0x00,0x00,0x46,0x0e,0x10,0x00,0x0e,0x00,0x00,0x00,0x46,0x7e,0x10,0x00,
0x00,0x00,0x00,0x00,0x38,0x00,0x00,0x07,0x12,0x00,0x10,0x00,0x09,0x00,0x00,0x00,
0x2a,0x00,0x10,0x00,0x07,0x00,0x00,0x00,0x0a,0x00,0x10,0x00,0x09,0x00,0x00,0x00,
0x34,0x00,0x00,0x07,0x12,0x00,0x10,0x00,0x09,0x00,0x00,0x00,0x0a,0x00,0x10,0x00,
0x09,0x00,0x00,0x00,0x01,0x40,0x00,0x00,0x40,0xda,0x7f,0x38,0x1e,0x00,0x00,0x0a,
0xf2,0x00,0x10,0x00,0x0e,0x00,0x00,0x00,0xe6,0x0e,0x10,0x00,0x0d,0x00,0x00,0x00,
0x02,0x40,0x00,0x00,0xff,0xff,0xff,0xff,0x00,0x00,0x00,0x00,0x01,0x00,0x00,0x00,
0x00,0x00,0x00,0x00,0x25,0x00,0x00,0x07,0xf2,0x00,0x10,0x00,0x0e,0x00,0x00,0x00,
0x46,0x0e,0x10,0x00,0x08,0x00,0x00,0x00,0x46,0x0e,0x10,0x00,0x0e,0x00,0x00,0x00,
0x24,0x00,0x00,0x0a,0xf2,0x00,0x10,0x00,0x0e,0x00,0x00,0x00,0xe6,0x04,0x10,0x00,
0x0e,0x00,0x00,0x00,0x02,0x40,0x00,0x00,0x00,0x00,0x00,0x00,0x00,0x00,0x00,0x00,
0x00,0x00,0x00,0x00,0x00,0x00,0x00,0x00,0x36,0x00,0x00,0x05,0x32,0x00,0x10,0x00,
0x0f,0x00,0x00,0x00,0xe6,0x0a,0x10,0x00,0x0e,0x00,0x00,0x00,0x36,0x00,0x00,0x08,
0xc2,0x00,0x10,0x00,0x0f,0x00,0x00,0x00,0x02,0x40,0x00,0x00,0x00,0x00,0x00,0x00,
0x00,0x00,0x00,0x00,0x00,0x00,0x00,0x00,0x00,0x00,0x00,0x00,0x2d,0x00,0x00,0x89,
0xc2,0x00,0x00,0x80,0x43,0x55,0x15,0x00,0x22,0x00,0x10,0x00,0x09,0x00,0x00,0x00,
0x46,0x0e,0x10,0x00,0x0f,0x00,0x00,0x00,0x16,0x7e,0x10,0x00,0x00,0x00,0x00,0x00,
0x38,0x00,0x00,0x07,0x22,0x00,0x10,0x00,0x09,0x00,0x00,0x00,0x2a,0x00,0x10,0x00,
0x07,0x00,0x00,0x00,0x1a,0x00,0x10,0x00,0x09,0x00,0x00,0x00,0x34,0x00,0x00,0x07,
0x22,0x00,0x10,0x00,0x09,0x00,0x00,0x00,0x1a,0x00,0x10,0x00,0x09,0x00,0x00,0x00,
0x01,0x40,0x00,0x00,0x40,0xda,0x7f,0x38,0x36,0x00,0x00,0x08,0xc2,0x00,0x10,0x00,
0x0e,0x00,0x00,0x00,0x02,0x40,0x00,0x00,0x00,0x00,0x00,0x00,0x00,0x00,0x00,0x00,
0x00,0x00,0x00,0x00,0x00,0x00,0x00,0x00,0x2d,0x00,0x00,0x89,0xc2,0x00,0x00,0x80,
0x43,0x55,0x15,0x00,0x12,0x00,0x10,0x00,0x0c,0x00,0x00,0x00,0x46,0x0e,0x10,0x00,
0x0e,0x00,0x00,0x00,0x46,0x7e,0x10,0x00,0x00,0x00,0x00,0x00,0x38,0x00,0x00,0x07,
0x12,0x00,0x10,0x00,0x0c,0x00,0x00,0x00,0x2a,0x00,0x10,0x00,0x07,0x00,0x00,0x00,
0x0a,0x00,0x10,0x00,0x0c,0x00,0x00,0x00,0x34,0x00,0x00,0x07,0x12,0x00,0x10,0x00,
0x0c,0x00,0x00,0x00,0x0a,0x00,0x10,0x00,0x0c,0x00,0x00,0x00,0x01,0x40,0x00,0x00,
0x40,0xda,0x7f,0x38,0x1e,0x00,0x00,0x0a,0xf2,0x00,0x10,0x00,0x0d,0x00,0x00,0x00,
0x46,0x0e,0x10,0x00,0x0d,0x00,0x00,0x00,0x02,0x40,0x00,0x00,0x00,0x00,0x00,0x00,
0xff,0xff,0xff,0xff,0x00,0x00,0x00,0x00,0x01,0x00,0x00,0x00,0x25,0x00,0x00,0x07,
0xf2,0x00,0x10,0x00,0x0d,0x00,0x00,0x00,0x46,0x0e,0x10,0x00,0x08,0x00,0x00,0x00,
0x46,0x0e,0x10,0x00,0x0d,0x00,0x00,0x00,0x24,0x00,0x00,0x0a,0xf2,0x00,0x10,0x00,
0x0d,0x00,0x00,0x00,0xe6,0x04,0x10,0x00,0x0d,0x00,0x00,0x00,0x02,0x40,0x00,0x00,
0x00,0x00,0x00,0x00,0x00,0x00,0x00,0x00,0x00,0x00,0x00,0x00,0x00,0x00,0x00,0x00,
0x36,0x00,0x00,0x05,0x32,0x00,0x10,0x00,0x0e,0x00,0x00,0x00,0xe6,0x0a,0x10,0x00,
0x0d,0x00,0x00,0x00,0x36,0x00,0x00,0x08,0xc2,0x00,0x10,0x00,0x0e,0x00,0x00,0x00,
0x02,0x40,0x00,0x00,0x00,0x00,0x00,0x00,0x00,0x00,0x00,0x00,0x00,0x00,0x00,0x00,
0x00,0x00,0x00,0x00,0x2d,0x00,0x00,0x89,0xc2,0x00,0x00,0x80,0x43,0x55,0x15,0x00,
0x22,0x00,0x10,0x00,0x0c,0x00,0x00,0x00,0x46,0x0e,0x10,0x00,0x0e,0x00,0x00,0x00,
0x16,0x7e,0x10,0x00,0x00,0x00,0x00,0x00,0x38,0x00,0x00,0x07,0x22,0x00,0x10,0x00,
0x0c,0x00,0x00,0x00,0x2a,0x00,0x10,0x00,0x07,0x00,0x00,0x00,0x1a,0x00,0x10,0x00,
0x0c,0x00,0x00,0x00,0x34,0x00,0x00,0x07,0x22,0x00,0x10,0x00,0x0c,0x00,0x00,0x00,
0x1a,0x00,0x10,0x00,0x0c,0x00,0x00,0x00,0x01,0x40,0x00,0x00,0x40,0xda,0x7f,0x38,
0x36,0x00,0x00,0x08,0xc2,0x00,0x10,0x00,0x0d,0x00,0x00,0x00,0x02,0x40,0x00,0x00,
0x00,0x00,0x00,0x00,0x00,0x00,0x00,0x00,0x00,0x00,0x00,0x00,0x00,0x00,0x00,0x00,
0x2d,0x00,0x00,0x89,0xc2,0x00,0x00,0x80,0x43,0x55,0x15,0x00,0x12,0x00,0x10,0x00,
0x0d,0x00,0x00,0x00,0x46,0x0e,0x10,0x00,0x0d,0x00,0x00,0x00,0x46,0x7e,0x10,0x00,
0x00,0x00,0x00,0x00,0x38,0x00,0x00,0x07,0x12,0x00,0x10,0x00,0x0d,0x00,0x00,0x00,
0x2a,0x00,0x10,0x00,0x07,0x00,0x00,0x00,0x0a,0x00,0x10,0x00,0x0d,0x00,0x00,0x00,
0x34,0x00,0x00,0x07,0x12,0x00,0x10,0x00,0x0d,0x00,0x00,0x00,0x0a,0x00,0x10,0x00,
0x0d,0x00,0x00,0x00,0x01,0x40,0x00,0x00,0x40,0xda,0x7f,0x38,0x33,0x00,0x00,0x07,
0x22,0x00,0x10,0x00,0x0d,0x00,0x00,0x00,0x0a,0x00,0x10,0x00,0x09,0x00,0x00,0x00,
0x1a,0x00,0x10,0x00,0x0c,0x00,0x00,0x00,0x34,0x00,0x00,0x07,0x12,0x00,0x10,0x00,
0x09,0x00,0x00,0x00,0x0a,0x00,0x10,0x00,0x09,0x00,0x00,0x00,0x1a,0x00,0x10,0x00,
0x0c,0x00,0x00,0x00,0x33,0x00,0x00,0x07,0x22,0x00,0x10,0x00,0x0c,0x00,0x00,0x00,
0x1a,0x00,0x10,0x00,0x09,0x00,0x00,0x00,0x0a,0x00,0x10,0x00,0x0d,0x00,0x00,0x00,
0x34,0x00,0x00,0x07,0x22,0x00,0x10,0x00,0x09,0x00,0x00,0x00,0x1a,0x00,0x10,0x00,
0x09,0x00,0x00,0x00,0x0a,0x00,0x10,0x00,0x0d,0x00,0x00,0x00,0x34,0x00,0x00,0x07,
0x12,0x00,0x10,0x00,0x0d,0x00,0x00,0x00,0x0a,0x00,0x10,0x00,0x0c,0x00,0x00,0x00,
0x1a,0x00,0x10,0x00,0x0d,0x00,0x00,0x00,0x34,0x00,0x00,0x07,0x42,0x00,0x10,0x00,
0x0d,0x00,0x00,0x00,0x0a,0x00,0x10,0x00,0x09,0x00,0x00,0x00,0x1a,0x00,0x10,0x00,
0x0c,0x00,0x00,0x00,0x34,0x00,0x00,0x07,0x82,0x00,0x10,0x00,0x0d,0x00,0x00,0x00,
0x1a,0x00,0x10,0x00,0x09,0x00,0x00,0x00,0x0a,0x00,0x10,0x00,0x0d,0x00,0x00,0x00,
0x34,0x00,0x00,0x07,0x12,0x00,0x10,0x00,0x0e,0x00,0x00,0x00,0x3a,0x00,0x10,0x00,
0x0d,0x00,0x00,0x00,0x2a,0x00,0x10,0x00,0x0d,0x00,0x00,0x00,0x33,0x00,0x00,0x07,
0x22,0x00,0x10,0x00,0x0e,0x00,0x00,0x00,0x2a,0x00,0x10,0x00,0x02,0x00,0x00,0x00,
0x3a,0x00,0x10,0x00,0x04,0x00,0x00,0x00,0x34,0x00,0x00,0x07,0x42,0x00,0x10,0x00,
0x02,0x00,0x00,0x00,0x2a,0x00,0x10,0x00,0x02,0x00,0x00,0x00,0x3a,0x00,0x10,0x00,
0x04,0x00,0x00,0x00,0x33,0x00,0x00,0x07,0x82,0x00,0x10,0x00,0x04,0x00,0x00,0x00,
0x3a,0x00,0x10,0x00,0x02,0x00,0x00,0x00,0x3a,0x00,0x10,0x00,0x07,0x00,0x00,0x00,
0x34,0x00,0x00,0x07,0x82,0x00,0x10,0x00,0x02,0x00,0x00,0x00,0x3a,0x00,0x10,0x00,
0x02,0x00,0x00,0x00,0x3a,0x00,0x10,0x00,0x07,0x00,0x00,0x00,0x34,0x00,0x00,0x07,
0x82,0x00,0x10,0x00,0x07,0x00,0x00,0x00,0x0a,0x00,0x10,0x00,0x04,0x00,0x00,0x00,
0x1a,0x00,0x10,0x00,0x0e,0x00,0x00,0x00,0x34,0x00,0x00,0x07,0x42,0x00,0x10,0x00,
0x0e,0x00,0x00,0x00,0x2a,0x00,0x10,0x00,0x02,0x00,0x00,0x00,0x3a,0x00,0x10,0x00,
0x04,0x00,0x00,0x00,0x34,0x00,0x00,0x07,0x82,0x00,0x10,0x00,0x0e,0x00,0x00,0x00,
0x3a,0x00,0x10,0x00,0x02,0x00,0x00,0x00,0x3a,0x00,0x10,0x00,0x07,0x00,0x00,0x00,
0x33,0x00,0x00,0x07,0x12,0x00,0x10,0x00,0x0c,0x00,0x00,0x00,0x0a,0x00,0x10,0x00,
0x0c,0x00,0x00,0x00,0x1a,0x00,0x10,0x00,0x0d,0x00,0x00,0x00,0x33,0x00,0x00,0x07,
0x12,0x00,0x10,0x00,0x09,0x00,0x00,0x00,0x0a,0x00,0x10,0x00,0x09,0x00,0x00,0x00,
0x1a,0x00,0x10,0x00,0x0c,0x00,0x00,0x00,0x33,0x00,0x00,0x07,0x12,0x00,0x10,0x00,
0x0f,0x00,0x00,0x00,0x0a,0x00,0x10,0x00,0x09,0x00,0x00,0x00,0x0a,0x00,0x10,0x00,
0x0c,0x00,0x00,0x00,0x34,0x00,0x00,0x07,0x12,0x00,0x10,0x00,0x09,0x00,0x00,0x00,
0x0a,0x00,0x10,0x00,0x09,0x00,0x00,0x00,0x0a,0x00,0x10,0x00,0x0c,0x00,0x00,0x00,
0x33,0x00,0x00,0x07,0x22,0x00,0x10,0x00,0x09,0x00,0x00,0x00,0x1a,0x00,0x10,0x00,
0x09,0x00,0x00,0x00,0x0a,0x00,0x10,0x00,0x0d,0x00,0x00,0x00,0x33,0x00,0x00,0x07,
0x22,0x00,0x10,0x00,0x0f,0x00,0x00,0x00,0x1a,0x00,0x10,0x00,0x09,0x00,0x00,0x00,
0x0a,0x00,0x10,0x00,0x09,0x00,0x00,0x00,0x34,0x00,0x00,0x07,0x12,0x00,0x10,0x00,
0x09,0x00,0x00,0x00,0x1a,0x00,0x10,0x00,0x09,0x00,0x00,0x00,0x0a,0x00,0x10,0x00,
0x09,0x00,0x00,0x00,0x33,0x00,0x00,0x07,0x22,0x00,0x10,0x00,0x09,0x00,0x00,0x00,
0x3a,0x00,0x10,0x00,0x0d,0x00,0x00,0x00,0x2a,0x00,0x10,0x00,0x0d,0x00,0x00,0x00,
0x33,0x00,0x00,0x07,0x42,0x00,0x10,0x00,0x0f,0x00,0x00,0x00,0x1a,0x00,0x10,0x00,
0x09,0x00,0x00,0x00,0x0a,0x00,0x10,0x00,0x09,0x00,0x00,0x00,0x34,0x00,0x00,0x07,
0x82,0x00,0x10,0x00,0x0f,0x00,0x00,0x00,0x1a,0x00,0x10,0x00,0x09,0x00,0x00,0x00,
0x0a,0x00,0x10,0x00,0x09,0x00,0x00,0x00,0x33,0x00,0x00,0x07,0x12,0x00,0x10,0x00,
0x04,0x00,0x00,0x00,0x0a,0x00,0x10,0x00,0x04,0x00,0x00,0x00,0x1a,0x00,0x10,0x00,
0x0e,0x00,0x00,0x00,0x33,0x00,0x00,0x07,0x42,0x00,0x10,0x00,0x02,0x00,0x00,0x00,
0x2a,0x00,0x10,0x00,0x02,0x00,0x00,0x00,0x3a,0x00,0x10,0x00,0x04,0x00,0x00,0x00,
0x33,0x00,0x00,0x07,0x12,0x00,0x10,0x00,0x0d,0x00,0x00,0x00,0x2a,0x00,0x10,0x00,
0x02,0x00,0x00,0x00,0x0a,0x00,0x10,0x00,0x04,0x00,0x00,0x00,0x34,0x00,0x00,0x07,
0x42,0x00,0x10,0x00,0x02,0x00,0x00,0x00,0x2a,0x00,0x10,0x00,0x02,0x00,0x00,0x00,
0x0a,0x00,0x10,0x00,0x04,0x00,0x00,0x00,0x33,0x00,0x00,0x07,0x82,0x00,0x10,0x00,
0x02,0x00,0x00,0x00,0x3a,0x00,0x10,0x00,0x02,0x00,0x00,0x00,0x3a,0x00,0x10,0x00,
0x07,0x00,0x00,0x00,0x33,0x00,0x00,0x07,0x22,0x00,0x10,0x00,0x0d,0x00,0x00,0x00,
0x3a,0x00,0x10,0x00,0x02,0x00,0x00,0x00,0x2a,0x00,0x10,0x00,0x02,0x00,0x00,0x00,
0x34,0x00,0x00,0x07,0x42,0x00,0x10,0x00,0x02,0x00,0x00,0x00,0x3a,0x00,0x10,0x00,
0x02,0x00,0x00,0x00,0x2a,0x00,0x10,0x00,0x02,0x00,0x00,0x00,0x33,0x00,0x00,0x07,
0x82,0x00,0x10,0x00,0x02,0x00,0x00,0x00,0x3a,0x00,0x10,0x00,0x0e,0x00,0x00,0x00,
0x2a,0x00,0x10,0x00,0x0e,0x00,0x00,0x00,0x33,0x00,0x00,0x07,0x42,0x00,0x10,0x00,
0x0d,0x00,0x00,0x00,0x3a,0x00,0x10,0x00,0x02,0x00,0x00,0x00,0x2a,0x00,0x10,0x00,
0x02,0x00,0x00,0x00,0x34,0x00,0x00,0x07,0x82,0x00,0x10,0x00,0x0d,0x00,0x00,0x00,
0x3a,0x00,0x10,0x00,0x02,0x00,0x00,0x00,0x2a,0x00,0x10,0x00,0x02,0x00,0x00,0x00,
0x00,0x00,0x00,0x08,0x42,0x00,0x10,0x00,0x02,0x00,0x00,0x00,0x0a,0x00,0x10,0x80,
0x41,0x00,0x00,0x00,0x0d,0x00,0x00,0x00,0x0a,0x00,0x10,0x00,0x0f,0x00,0x00,0x00,
0x31,0x00,0x00,0x08,0x82,0x00,0x10,0x00,0x02,0x00,0x00,0x00,0x01,0x40,0x00,0x00,
0x40,0xda,0x7f,0x38,0x2a,0x00,0x10,0x80,0x81,0x00,0x00,0x00,0x02,0x00,0x00,0x00,
0x1f,0x00,0x04,0x03,0x3a,0x00,0x10,0x00,0x02,0x00,0x00,0x00,0x31,0x00,0x00,0x07,
0x82,0x00,0x10,0x00,0x02,0x00,0x00,0x00,0x01,0x40,0x00,0x00,0x00,0x00,0x00,0x00,
0x2a,0x00,0x10,0x00,0x02,0x00,0x00,0x00,0x31,0x00,0x00,0x07,0x42,0x00,0x10,0x00,
0x02,0x00,0x00,0x00,0x2a,0x00,0x10,0x00,0x02,0x00,0x00,0x00,0x01,0x40,0x00,0x00,
0x00,0x00,0x00,0x00,0x1e,0x00,0x00,0x08,0x42,0x00,0x10,0x00,0x02,0x00,0x00,0x00,
0x3a,0x00,0x10,0x80,0x41,0x00,0x00,0x00,0x02,0x00,0x00,0x00,0x2a,0x00,0x10,0x00,
0x02,0x00,0x00,0x00,0x2b,0x00,0x00,0x05,0x42,0x00,0x10,0x00,0x02,0x00,0x00,0x00,
0x2a,0x00,0x10,0x00,0x02,0x00,0x00,0x00,0x34,0x00,0x00,0x07,0x82,0x00,0x10,0x00,
0x02,0x00,0x00,0x00,0x0a,0x00,0x10,0x00,0x0d,0x00,0x00,0x00,0x0a,0x00,0x10,0x00,
0x0f,0x00,0x00,0x00,0x33,0x00,0x00,0x07,0x12,0x00,0x10,0x00,0x04,0x00,0x00,0x00,
0x0a,0x00,0x10,0x00,0x0d,0x00,0x00,0x00,0x0a,0x00,0x10,0x00,0x0f,0x00,0x00,0x00,
0x0e,0x00,0x00,0x07,0x82,0x00,0x10,0x00,0x02,0x00,0x00,0x00,0x0a,0x00,0x10,0x00,
0x04,0x00,0x00,0x00,0x3a,0x00,0x10,0x00,0x02,0x00,0x00,0x00,0x00,0x00,0x00,0x08,
0x82,0x00,0x10,0x00,0x02,0x00,0x00,0x00,0x3a,0x00,0x10,0x80,0x41,0x00,0x00,0x00,
0x02,0x00,0x00,0x00,0x01,0x40,0x00,0x00,0x00,0x00,0x80,0x3f,0x38,0x00,0x00,0x07,
0x42,0x00,0x10,0x00,0x02,0x00,0x00,0x00,0x3a,0x00,0x10,0x00,0x02,0x00,0x00,0x00,
0x2a,0x00,0x10,0x00,0x02,0x00,0x00,0x00,0x31,0x00,0x00,0x08,0x82,0x00,0x10,0x00,
0x02,0x00,0x00,0x00,0x2a,0x00,0x10,0x80,0x81,0x00,0x00,0x00,0x02,0x00,0x00,0x00,
0x01,0x40,0x00,0x00,0x00,0xdf,0x7f,0x47,0x37,0x00,0x00,0x09,0x42,0x00,0x10,0x00,
0x02,0x00,0x00,0x00,0x3a,0x00,0x10,0x00,0x02,0x00,0x00,0x00,0x2a,0x00,0x10,0x00,
0x02,0x00,0x00,0x00,0x01,0x40,0x00,0x00,0x00,0xdf,0x7f,0x47,0x31,0x00,0x00,0x07,
0x82,0x00,0x10,0x00,0x02,0x00,0x00,0x00,0x0a,0x00,0x10,0x00,0x0f,0x00,0x00,0x00,
0x0a,0x00,0x10,0x00,0x0d,0x00,0x00,0x00,0x01,0x00,0x00,0x07,0x12,0x00,0x10,0x00,
0x04,0x00,0x00,0x00,0x3a,0x00,0x10,0x00,0x02,0x00,0x00,0x00,0x01,0x40,0x00,0x00,
0x01,0x00,0x00,0x00,0x0f,0x00,0x00,0x08,0x82,0x00,0x10,0x00,0x02,0x00,0x00,0x00,
0x46,0x00,0x10,0x00,0x0f,0x00,0x00,0x00,0x46,0x90,0x90,0x00,0x0a,0x00,0x10,0x00,
0x04,0x00,0x00,0x00,0x1d,0x00,0x00,0x07,0x82,0x00,0x10,0x00,0x02,0x00,0x00,0x00,
0x3a,0x00,0x10,0x00,0x02,0x00,0x00,0x00,0x0a,0x00,0x10,0x00,0x0d,0x00,0x00,0x00,
0x01,0x00,0x00,0x07,0x82,0x00,0x10,0x00,0x04,0x00,0x00,0x00,0x3a,0x00,0x10,0x00,
0x02,0x00,0x00,0x00,0x01,0x40,0x00,0x00,0x01,0x00,0x00,0x00,0x12,0x00,0x00,0x01,
0x36,0x00,0x00,0x08,0x92,0x00,0x10,0x00,0x04,0x00,0x00,0x00,0x02,0x40,0x00,0x00,
0x00,0x00,0x00,0x00,0x00,0x00,0x00,0x00,0x00,0x00,0x00,0x00,0x00,0x00,0x00,0x00,
0x36,0x00,0x00,0x05,0x42,0x00,0x10,0x00,0x02,0x00,0x00,0x00,0x01,0x40,0x00,0x00,
0x00,0xe0,0x7f,0x47,0x15,0x00,0x00,0x01,0x31,0x00,0x00,0x07,0x82,0x00,0x10,0x00,
0x02,0x00,0x00,0x00,0x2a,0x00,0x10,0x00,0x02,0x00,0x00,0x00,0x01,0x40,0x00,0x00,
0x00,0xe0,0x7f,0x47,0x1f,0x00,0x04,0x03,0x3a,0x00,0x10,0x00,0x02,0x00,0x00,0x00,
0x0f,0x00,0x00,0x08,0x82,0x00,0x10,0x00,0x07,0x00,0x00,0x00,0x46,0x00,0x10,0x00,
0x0f,0x00,0x00,0x00,0x46,0x90,0x90,0x00,0x0a,0x00,0x10,0x00,0x04,0x00,0x00,0x00,
0x0f,0x00,0x00,0x08,0x12,0x00,0x10,0x00,0x09,0x00,0x00,0x00,0x46,0x00,0x10,0x00,
0x0d,0x00,0x00,0x00,0x46,0x90,0x90,0x00,0x3a,0x00,0x10,0x00,0x04,0x00,0x00,0x00,
0x00,0x00,0x00,0x08,0x22,0x00,0x10,0x00,0x09,0x00,0x00,0x00,0x3a,0x00,0x10,0x00,
0x07,0x00,0x00,0x00,0x0a,0x00,0x10,0x80,0x41,0x00,0x00,0x00,0x09,0x00,0x00,0x00,
0x31,0x00,0x00,0x08,0x12,0x00,0x10,0x00,0x0c,0x00,0x00,0x00,0x01,0x40,0x00,0x00,
0x40,0xda,0x7f,0x38,0x1a,0x00,0x10,0x80,0x81,0x00,0x00,0x00,0x09,0x00,0x00,0x00,
0x1f,0x00,0x04,0x03,0x0a,0x00,0x10,0x00,0x0c,0x00,0x00,0x00,0x31,0x00,0x00,0x07,
0x12,0x00,0x10,0x00,0x0c,0x00,0x00,0x00,0x01,0x40,0x00,0x00,0x00,0x00,0x00,0x00,
0x1a,0x00,0x10,0x00,0x09,0x00,0x00,0x00,0x31,0x00,0x00,0x07,0x22,0x00,0x10,0x00,
0x09,0x00,0x00,0x00,0x1a,0x00,0x10,0x00,0x09,0x00,0x00,0x00,0x01,0x40,0x00,0x00,
0x00,0x00,0x00,0x00,0x1e,0x00,0x00,0x08,0x22,0x00,0x10,0x00,0x09,0x00,0x00,0x00,
0x0a,0x00,0x10,0x80,0x41,0x00,0x00,0x00,0x0c,0x00,0x00,0x00,0x1a,0x00,0x10,0x00,
0x09,0x00,0x00,0x00,0x2b,0x00,0x00,0x05,0x22,0x00,0x10,0x00,0x09,0x00,0x00,0x00,
0x1a,0x00,0x10,0x00,0x09,0x00,0x00,0x00,0x34,0x00,0x00,0x07,0x12,0x00,0x10,0x00,
0x0c,0x00,0x00,0x00,0x3a,0x00,0x10,0x00,0x07,0x00,0x00,0x00,0x0a,0x00,0x10,0x00,
0x09,0x00,0x00,0x00,0x39,0x00,0x00,0x07,0x22,0x00,0x10,0x00,0x0c,0x00,0x00,0x00,
0x0a,0x00,0x10,0x00,0x0c,0x00,0x00,0x00,0x01,0x40,0x00,0x00,0x00,0x00,0x00,0x00,
0x33,0x00,0x00,0x07,0x22,0x00,0x10,0x00,0x0e,0x00,0x00,0x00,0x3a,0x00,0x10,0x00,
0x07,0x00,0x00,0x00,0x0a,0x00,0x10,0x00,0x09,0x00,0x00,0x00,0x0e,0x00,0x00,0x07,
0x12,0x00,0x10,0x00,0x0c,0x00,0x00,0x00,0x1a,0x00,0x10,0x00,0x0e,0x00,0x00,0x00,
0x0a,0x00,0x10,0x00,0x0c,0x00,0x00,0x00,0x01,0x00,0x00,0x07,0x12,0x00,0x10,0x00,
0x0c,0x00,0x00,0x00,0x0a,0x00,0x10,0x00,0x0c,0x00,0x00,0x00,0x1a,0x00,0x10,0x00,
0x0c,0x00,0x00,0x00,0x00,0x00,0x00,0x08,0x12,0x00,0x10,0x00,0x0c,0x00,0x00,0x00,
0x0a,0x00,0x10,0x80,0x41,0x00,0x00,0x00,0x0c,0x00,0x00,0x00,0x01,0x40,0x00,0x00,
0x00,0x00,0x80,0x3f,0x38,0x00,0x00,0x07,0x22,0x00,0x10,0x00,0x09,0x00,0x00,0x00,
0x1a,0x00,0x10,0x00,0x09,0x00,0x00,0x00,0x0a,0x00,0x10,0x00,0x0c,0x00,0x00,0x00,
0x31,0x00,0x00,0x09,0x12,0x00,0x10,0x00,0x0c,0x00,0x00,0x00,0x1a,0x00,0x10,0x80,
0x81,0x00,0x00,0x00,0x09,0x00,0x00,0x00,0x2a,0x00,0x10,0x80,0x81,0x00,0x00,0x00,
0x02,0x00,0x00,0x00,0x37,0x00,0x00,0x09,0x42,0x00,0x10,0x00,0x02,0x00,0x00,0x00,
0x0a,0x00,0x10,0x00,0x0c,0x00,0x00,0x00,0x1a,0x00,0x10,0x00,0x09,0x00,0x00,0x00,
0x2a,0x00,0x10,0x00,0x02,0x00,0x00,0x00,0x31,0x00,0x00,0x07,0x82,0x00,0x10,0x00,
0x07,0x00,0x00,0x00,0x3a,0x00,0x10,0x00,0x07,0x00,0x00,0x00,0x0a,0x00,0x10,0x00,
0x09,0x00,0x00,0x00,0x01,0x00,0x00,0x07,0x82,0x00,0x10,0x00,0x07,0x00,0x00,0x00,
0x3a,0x00,0x10,0x00,0x07,0x00,0x00,0x00,0x01,0x40,0x00,0x00,0x01,0x00,0x00,0x00,
0x1e,0x00,0x00,0x07,0x12,0x00,0x10,0x00,0x04,0x00,0x00,0x00,0x0a,0x00,0x10,0x00,
0x04,0x00,0x00,0x00,0x3a,0x00,0x10,0x00,0x07,0x00,0x00,0x00,0x10,0x00,0x00,0x08,
0x82,0x00,0x10,0x00,0x07,0x00,0x00,0x00,0x46,0x02,0x10,0x00,0x0f,0x00,0x00,0x00,
0x46,0x92,0x90,0x00,0x0a,0x00,0x10,0x00,0x04,0x00,0x00,0x00,0x1d,0x00,0x00,0x07,
0x82,0x00,0x10,0x00,0x07,0x00,0x00,0x00,0x3a,0x00,0x10,0x00,0x07,0x00,0x00,0x00,
0x0a,0x00,0x10,0x00,0x09,0x00,0x00,0x00,0x01,0x00,0x00,0x07,0x82,0x00,0x10,0x00,
0x07,0x00,0x00,0x00,0x3a,0x00,0x10,0x00,0x07,0x00,0x00,0x00,0x01,0x40,0x00,0x00,
0x01,0x00,0x00,0x00,0x1e,0x00,0x00,0x07,0x82,0x00,0x10,0x00,0x04,0x00,0x00,0x00,
0x3a,0x00,0x10,0x00,0x04,0x00,0x00,0x00,0x3a,0x00,0x10,0x00,0x07,0x00,0x00,0x00,
0x12,0x00,0x00,0x01,0x36,0x00,0x00,0x05,0x42,0x00,0x10,0x00,0x02,0x00,0x00,0x00,
0x01,0x40,0x00,0x00,0x00,0xe0,0x7f,0x47,0x15,0x00,0x00,0x01,0x15,0x00,0x00,0x01,
0x31,0x00,0x00,0x07,0x82,0x00,0x10,0x00,0x07,0x00,0x00,0x00,0x2a,0x00,0x10,0x00,
0x02,0x00,0x00,0x00,0x01,0x40,0x00,0x00,0x00,0xe0,0x7f,0x47,0x01,0x00,0x00,0x07,
0x82,0x00,0x10,0x00,0x02,0x00,0x00,0x00,0x3a,0x00,0x10,0x00,0x02,0x00,0x00,0x00,
0x3a,0x00,0x10,0x00,0x07,0x00,0x00,0x00,0x1f,0x00,0x04,0x03,0x3a,0x00,0x10,0x00,
0x02,0x00,0x00,0x00,0x10,0x00,0x00,0x08,0x82,0x00,0x10,0x00,0x07,0x00,0x00,0x00,
0x46,0x02,0x10,0x00,0x0f,0x00,0x00,0x00,0x46,0x92,0x90,0x00,0x0a,0x00,0x10,0x00,
0x04,0x00,0x00,0x00,0x10,0x00,0x00,0x08,0x12,0x00,0x10,0x00,0x09,0x00,0x00,0x00,
0x46,0x02,0x10,0x00,0x0d,0x00,0x00,0x00,0x46,0x92,0x90,0x00,0x3a,0x00,0x10,0x00,
0x04,0x00,0x00,0x00,0x00,0x00,0x00,0x08,0x22,0x00,0x10,0x00,0x09,0x00,0x00,0x00,
0x3a,0x00,0x10,0x00,0x07,0x00,0x00,0x00,0x0a,0x00,0x10,0x80,0x41,0x00,0x00,0x00,
0x09,0x00,0x00,0x00,0x31,0x00,0x00,0x08,0x12,0x00,0x10,0x00,0x0c,0x00,0x00,0x00,
0x01,0x40,0x00,0x00,0x40,0xda,0x7f,0x38,0x1a,0x00,0x10,0x80,0x81,0x00,0x00,0x00,
0x09,0x00,0x00,0x00,0x1f,0x00,0x04,0x03,0x0a,0x00,0x10,0x00,0x0c,0x00,0x00,0x00,
0x31,0x00,0x00,0x07,0x12,0x00,0x10,0x00,0x0c,0x00,0x00,0x00,0x01,0x40,0x00,0x00,
0x00,0x00,0x00,0x00,0x1a,0x00,0x10,0x00,0x09,0x00,0x00,0x00,0x31,0x00,0x00,0x07,
0x22,0x00,0x10,0x00,0x09,0x00,0x00,0x00,0x1a,0x00,0x10,0x00,0x09,0x00,0x00,0x00,
0x01,0x40,0x00,0x00,0x00,0x00,0x00,0x00,0x1e,0x00,0x00,0x08,0x22,0x00,0x10,0x00,
0x09,0x00,0x00,0x00,0x0a,0x00,0x10,0x80,0x41,0x00,0x00,0x00,0x0c,0x00,0x00,0x00,
0x1a,0x00,0x10,0x00,0x09,0x00,0x00,0x00,0x2b,0x00,0x00,0x05,0x22,0x00,0x10,0x00,
0x09,0x00,0x00,0x00,0x1a,0x00,0x10,0x00,0x09,0x00,0x00,0x00,0x34,0x00,0x00,0x07,
0x12,0x00,0x10,0x00,0x0c,0x00,0x00,0x00,0x3a,0x00,0x10,0x00,0x07,0x00,0x00,0x00,
0x0a,0x00,0x10,0x00,0x09,0x00,0x00,0x00,0x39,0x00,0x00,0x07,0x22,0x00,0x10,0x00,
0x0c,0x00,0x00,0x00,0x0a,0x00,0x10,0x00,0x0c,0x00,0x00,0x00,0x01,0x40,0x00,0x00,
0x00,0x00,0x00,0x00,0x33,0x00,0x00,0x07,0x22,0x00,0x10,0x00,0x0e,0x00,0x00,0x00,
0x3a,0x00,0x10,0x00,0x07,0x00,0x00,0x00,0x0a,0x00,0x10,0x00,0x09,0x00,0x00,0x00,
0x0e,0x00,0x00,0x07,0x12,0x00,0x10,0x00,0x0c,0x00,0x00,0x00,0x1a,0x00,0x10,0x00,
0x0e,0x00,0x00,0x00,0x0a,0x00,0x10,0x00,0x0c,0x00,0x00,0x00,0x01,0x00,0x00,0x07,
0x12,0x00,0x10,0x00,0x0c,0x00,0x00,0x00,0x0a,0x00,0x10,0x00,0x0c,0x00,0x00,0x00,
0x1a,0x00,0x10,0x00,0x0c,0x00,0x00,0x00,0x00,0x00,0x00,0x08,0x12,0x00,0x10,0x00,
0x0c,0x00,0x00,0x00,0x0a,0x00,0x10,0x80,0x41,0x00,0x00,0x00,0x0c,0x00,0x00,0x00,
0x01,0x40,0x00,0x00,0x00,0x00,0x80,0x3f,0x38,0x00,0x00,0x07,0x22,0x00,0x10,0x00,
0x09,0x00,0x00,0x00,0x1a,0x00,0x10,0x00,0x09,0x00,0x00,0x00,0x0a,0x00,0x10,0x00,
0x0c,0x00,0x00,0x00,0x31,0x00,0x00,0x09,0x12,0x00,0x10,0x00,0x0c,0x00,0x00,0x00,
0x1a,0x00,0x10,0x80,0x81,0x00,0x00,0x00,0x09,0x00,0x00,0x00,0x2a,0x00,0x10,0x80,
0x81,0x00,0x00,0x00,0x02,0x00,0x00,0x00,0x37,0x00,0x00,0x09,0x42,0x00,0x10,0x00,
0x02,0x00,0x00,0x00,0x0a,0x00,0x10,0x00,0x0c,0x00,0x00,0x00,0x1a,0x00,0x10,0x00,
0x09,0x00,0x00,0x00,0x2a,0x00,0x10,0x00,0x02,0x00,0x00,0x00,0x31,0x00,0x00,0x07,
0x82,0x00,0x10,0x00,0x07,0x00,0x00,0x00,0x3a,0x00,0x10,0x00,0x07,0x00,0x00,0x00,
0x0a,0x00,0x10,0x00,0x09,0x00,0x00,0x00,0x01,0x00,0x00,0x07,0x82,0x00,0x10,0x00,
0x07,0x00,0x00,0x00,0x3a,0x00,0x10,0x00,0x07,0x00,0x00,0x00,0x01,0x40,0x00,0x00,
0x01,0x00,0x00,0x00,0x1e,0x00,0x00,0x07,0x12,0x00,0x10,0x00,0x04,0x00,0x00,0x00,
0x0a,0x00,0x10,0x00,0x04,0x00,0x00,0x00,0x3a,0x00,0x10,0x00,0x07,0x00,0x00,0x00,
0x11,0x00,0x00,0x08,0x82,0x00,0x10,0x00,0x07,0x00,0x00,0x00,0x46,0x0e,0x10,0x00,
0x0f,0x00,0x00,0x00,0x46,0x9e,0x90,0x00,0x0a,0x00,0x10,0x00,0x04,0x00,0x00,0x00,
0x1d,0x00,0x00,0x07,0x82,0x00,0x10,0x00,0x07,0x00,0x00,0x00,0x3a,0x00,0x10,0x00,
0x07,0x00,0x00,0x00,0x0a,0x00,0x10,0x00,0x09,0x00,0x00,0x00,0x01,0x00,0x00,0x07,
0x82,0x00,0x10,0x00,0x07,0x00,0x00,0x00,0x3a,0x00,0x10,0x00,0x07,0x00,0x00,0x00,
0x01,0x40,0x00,0x00,0x01,0x00,0x00,0x00,0x1e,0x00,0x00,0x07,0x82,0x00,0x10,0x00,
0x04,0x00,0x00,0x00,0x3a,0x00,0x10,0x00,0x04,0x00,0x00,0x00,0x3a,0x00,0x10,0x00,
0x07,0x00,0x00,0x00,0x12,0x00,0x00,0x01,0x36,0x00,0x00,0x05,0x42,0x00,0x10,0x00,
0x02,0x00,0x00,0x00,0x01,0x40,0x00,0x00,0x00,0xe0,0x7f,0x47,0x15,0x00,0x00,0x01,
0x15,0x00,0x00,0x01,0x31,0x00,0x00,0x07,0x82,0x00,0x10,0x00,0x07,0x00,0x00,0x00,
0x2a,0x00,0x10,0x00,0x02,0x00,0x00,0x00,0x01,0x40,0x00,0x00,0x00,0xe0,0x7f,0x47,
0x01,0x00,0x00,0x07,0x82,0x00,0x10,0x00,0x02,0x00,0x00,0x00,0x3a,0x00,0x10,0x00,
0x02,0x00,0x00,0x00,0x3a,0x00,0x10,0x00,0x07,0x00,0x00,0x00,0x1f,0x00,0x04,0x03,
0x3a,0x00,0x10,0x00,0x02,0x00,0x00,0x00,0x11,0x00,0x00,0x08,0x82,0x00,0x10,0x00,
0x07,0x00,0x00,0x00,0x46,0x0e,0x10,0x00,0x0f,0x00,0x00,0x00,0x46,0x9e,0x90,0x00,
0x0a,0x00,0x10,0x00,0x04,0x00,0x00,0x00,0x11,0x00,0x00,0x08,0x12,0x00,0x10,0x00,
0x09,0x00,0x00,0x00,0x46,0x0e,0x10,0x00,0x0d,0x00,0x00,0x00,0x46,0x9e,0x90,0x00,
0x3a,0x00,0x10,0x00,0x04,0x00,0x00,0x00,0x00,0x00,0x00,0x08,0x22,0x00,0x10,0x00,
0x09,0x00,0x00,0x00,0x3a,0x00,0x10,0x00,0x07,0x00,0x00,0x00,0x0a,0x00,0x10,0x80,
0x41,0x00,0x00,0x00,0x09,0x00,0x00,0x00,0x31,0x00,0x00,0x08,0x12,0x00,0x10,0x00,
0x0c,0x00,0x00,0x00,0x01,0x40,0x00,0x00,0x40,0xda,0x7f,0x38,0x1a,0x00,0x10,0x80,
0x81,0x00,0x00,0x00,0x09,0x00,0x00,0x00,0x1f,0x00,0x04,0x03,0x0a,0x00,0x10,0x00,
0x0c,0x00,0x00,0x00,0x31,0x00,0x00,0x07,0x12,0x00,0x10,0x00,0x0c,0x00,0x00,0x00,
0x01,0x40,0x00,0x00,0x00,0x00,0x00,0x00,0x1a,0x00,0x10,0x00,0x09,0x00,0x00,0x00,
0x31,0x00,0x00,0x07,0x22,0x00,0x10,0x00,0x09,0x00,0x00,0x00,0x1a,0x00,0x10,0x00,
0x09,0x00,0x00,0x00,0x01,0x40,0x00,0x00,0x00,0x00,0x00,0x00,0x1e,0x00,0x00,0x08,
0x22,0x00,0x10,0x00,0x09,0x00,0x00,0x00,0x0a,0x00,0x10,0x80,0x41,0x00,0x00,0x00,
0x0c,0x00,0x00,0x00,0x1a,0x00,0x10,0x00,0x09,0x00,0x00,0x00,0x2b,0x00,0x00,0x05,
0x22,0x00,0x10,0x00,0x09,0x00,0x00,0x00,0x1a,0x00,0x10,0x00,0x09,0x00,0x00,0x00,
0x34,0x00,0x00,0x07,0x12,0x00,0x10,0x00,0x0c,0x00,0x00,0x00,0x3a,0x00,0x10,0x00,
0x07,0x00,0x00,0x00,0x0a,0x00,0x10,0x00,0x09,0x00,0x00,0x00,0x39,0x00,0x00,0x07,
0x22,0x00,0x10,0x00,0x0c,0x00,0x00,0x00,0x0a,0x00,0x10,0x00,0x0c,0x00,0x00,0x00,
0x01,0x40,0x00,0x00,0x00,0x00,0x00,0x00,0x33,0x00,0x00,0x07,0x22,0x00,0x10,0x00,
0x0e,0x00,0x00,0x00,0x3a,0x00,0x10,0x00,0x07,0x00,0x00,0x00,0x0a,0x00,0x10,0x00,
0x09,0x00,0x00,0x00,0x0e,0x00,0x00,0x07,0x12,0x00,0x10,0x00,0x0c,0x00,0x00,0x00,
0x1a,0x00,0x10,0x00,0x0e,0x00,0x00,0x00,0x0a,0x00,0x10,0x00,0x0c,0x00,0x00,0x00,
0x01,0x00,0x00,0x07,0x12,0x00,0x10,0x00,0x0c,0x00,0x00,0x00,0x0a,0x00,0x10,0x00,
0x0c,0x00,0x00,0x00,0x1a,0x00,0x10,0x00,0x0c,0x00,0x00,0x00,0x00,0x00,0x00,0x08,
0x12,0x00,0x10,0x00,0x0c,0x00,0x00,0x00,0x0a,0x00,0x10,0x80,0x41,0x00,0x00,0x00,
0x0c,0x00,0x00,0x00,0x01,0x40,0x00,0x00,0x00,0x00,0x80,0x3f,0x38,0x00,0x00,0x07,
0x22,0x00,0x10,0x00,0x09,0x00,0x00,0x00,0x1a,0x00,0x10,0x00,0x09,0x00,0x00,0x00,
0x0a,0x00,0x10,0x00,0x0c,0x00,0x00,0x00,0x31,0x00,0x00,0x09,0x12,0x00,0x10,0x00,
0x0c,0x00,0x00,0x00,0x1a,0x00,0x10,0x80,0x81,0x00,0x00,0x00,0x09,0x00,0x00,0x00,
0x2a,0x00,0x10,0x80,0x81,0x00,0x00,0x00,0x02,0x00,0x00,0x00,0x37,0x00,0x00,0x09,
0x42,0x00,0x10,0x00,0x02,0x00,0x00,0x00,0x0a,0x00,0x10,0x00,0x0c,0x00,0x00,0x00,
0x1a,0x00,0x10,0x00,0x09,0x00,0x00,0x00,0x2a,0x00,0x10,0x00,0x02,0x00,0x00,0x00,
0x31,0x00,0x00,0x07,0x82,0x00,0x10,0x00,0x07,0x00,0x00,0x00,0x3a,0x00,0x10,0x00,
0x07,0x00,0x00,0x00,0x0a,0x00,0x10,0x00,0x09,0x00,0x00,0x00,0x01,0x00,0x00,0x07,
0x82,0x00,0x10,0x00,0x07,0x00,0x00,0x00,0x3a,0x00,0x10,0x00,0x07,0x00,0x00,0x00,
0x01,0x40,0x00,0x00,0x01,0x00,0x00,0x00,0x1e,0x00,0x00,0x07,0x12,0x00,0x10,0x00,
0x04,0x00,0x00,0x00,0x0a,0x00,0x10,0x00,0x04,0x00,0x00,0x00,0x3a,0x00,0x10,0x00,
0x07,0x00,0x00,0x00,0x20,0x00,0x00,0x0a,0xf2,0x00,0x10,0x00,0x10,0x00,0x00,0x00,
0x06,0x00,0x10,0x00,0x04,0x00,0x00,0x00,0x02,0x40,0x00,0x00,0x00,0x00,0x00,0x00,
0x01,0x00,0x00,0x00,0x02,0x00,0x00,0x00,0x03,0x00,0x00,0x00,0x20,0x00,0x00,0x07,
0x82,0x00,0x10,0x00,0x07,0x00,0x00,0x00,0x0a,0x00,0x10,0x00,0x04,0x00,0x00,0x00,
0x01,0x40,0x00,0x00,0x04,0x00,0x00,0x00,0x01,0x00,0x00,0x0a,0xf2,0x00,0x10,0x00,
0x10,0x00,0x00,0x00,0x46,0x0e,0x10,0x00,0x10,0x00,0x00,0x00,0x02,0x40,0x00,0x00,
0x00,0x00,0x80,0x3f,0x00,0x00,0x80,0x3f,0x00,0x00,0x80,0x3f,0x00,0x00,0x80,0x3f,
0x01,0x00,0x00,0x07,0x82,0x00,0x10,0x00,0x07,0x00,0x00,0x00,0x3a,0x00,0x10,0x00,
0x07,0x00,0x00,0x00,0x01,0x40,0x00,0x00,0x00,0x00,0x80,0x3f,0x11,0x00,0x00,0x07,
0x22,0x00,0x10,0x00,0x09,0x00,0x00,0x00,0x46,0x0e,0x10,0x00,0x10,0x00,0x00,0x00,
0x46,0x0e,0x10,0x00,0x0f,0x00,0x00,0x00,0x32,0x00,0x00,0x09,0x82,0x00,0x10,0x00,
0x07,0x00,0x00,0x00,0x3a,0x00,0x10,0x00,0x07,0x00,0x00,0x00,0x0a,0x00,0x10,0x00,
0x0e,0x00,0x00,0x00,0x1a,0x00,0x10,0x00,0x09,0x00,0x00,0x00,0x1d,0x00,0x00,0x07,
0x82,0x00,0x10,0x00,0x07,0x00,0x00,0x00,0x3a,0x00,0x10,0x00,0x07,0x00,0x00,0x00,
0x0a,0x00,0x10,0x00,0x09,0x00,0x00,0x00,0x01,0x00,0x00,0x07,0x82,0x00,0x10,0x00,
0x07,0x00,0x00,0x00,0x3a,0x00,0x10,0x00,0x07,0x00,0x00,0x00,0x01,0x40,0x00,0x00,
0x01,0x00,0x00,0x00,0x1e,0x00,0x00,0x07,0x82,0x00,0x10,0x00,0x04,0x00,0x00,0x00,
0x3a,0x00,0x10,0x00,0x04,0x00,0x00,0x00,0x3a,0x00,0x10,0x00,0x07,0x00,0x00,0x00,
0x12,0x00,0x00,0x01,0x36,0x00,0x00,0x05,0x42,0x00,0x10,0x00,0x02,0x00,0x00,0x00,
0x01,0x40,0x00,0x00,0x00,0xe0,0x7f,0x47,0x15,0x00,0x00,0x01,0x15,0x00,0x00,0x01,
0x31,0x00,0x00,0x07,0x82,0x00,0x10,0x00,0x07,0x00,0x00,0x00,0x2a,0x00,0x10,0x00,
0x02,0x00,0x00,0x00,0x01,0x40,0x00,0x00,0x00,0xe0,0x7f,0x47,0x01,0x00,0x00,0x07,
0x82,0x00,0x10,0x00,0x02,0x00,0x00,0x00,0x3a,0x00,0x10,0x00,0x02,0x00,0x00,0x00,
0x3a,0x00,0x10,0x00,0x07,0x00,0x00,0x00,0x1f,0x00,0x04,0x03,0x3a,0x00,0x10,0x00,
0x02,0x00,0x00,0x00,0x34,0x00,0x00,0x07,0x82,0x00,0x10,0x00,0x02,0x00,0x00,0x00,
0x3a,0x00,0x10,0x00,0x0e,0x00,0x00,0x00,0x2a,0x00,0x10,0x00,0x0e,0x00,0x00,0x00,
0x20,0x00,0x00,0x0a,0xf2,0x00,0x10,0x00,0x10,0x00,0x00,0x00,0x06,0x00,0x10,0x00,
0x04,0x00,0x00,0x00,0x02,0x40,0x00,0x00,0x00,0x00,0x00,0x00,0x01,0x00,0x00,0x00,
0x02,0x00,0x00,0x00,0x03,0x00,0x00,0x00,0x20,0x00,0x00,0x07,0x12,0x00,0x10,0x00,
0x04,0x00,0x00,0x00,0x0a,0x00,0x10,0x00,0x04,0x00,0x00,0x00,0x01,0x40,0x00,0x00,
0x04,0x00,0x00,0x00,0x01,0x00,0x00,0x0a,0xf2,0x00,0x10,0x00,0x10,0x00,0x00,0x00,
0x46,0x0e,0x10,0x00,0x10,0x00,0x00,0x00,0x02,0x40,0x00,0x00,0x00,0x00,0x80,0x3f,
0x00,0x00,0x80,0x3f,0x00,0x00,0x80,0x3f,0x00,0x00,0x80,0x3f,0x01,0x00,0x00,0x07,
0x12,0x00,0x10,0x00,0x04,0x00,0x00,0x00,0x0a,0x00,0x10,0x00,0x04,0x00,0x00,0x00,
0x01,0x40,0x00,0x00,0x00,0x00,0x80,0x3f,0x11,0x00,0x00,0x07,0x82,0x00,0x10,0x00,
0x07,0x00,0x00,0x00,0x46,0x0e,0x10,0x00,0x10,0x00,0x00,0x00,0x46,0x0e,0x10,0x00,
0x0f,0x00,0x00,0x00,0x32,0x00,0x00,0x09,0x12,0x00,0x10,0x00,0x04,0x00,0x00,0x00,
0x0a,0x00,0x10,0x00,0x04,0x00,0x00,0x00,0x0a,0x00,0x10,0x00,0x0e,0x00,0x00,0x00,
0x3a,0x00,0x10,0x00,0x07,0x00,0x00,0x00,0x20,0x00,0x00,0x0a,0xf2,0x00,0x10,0x00,
0x0e,0x00,0x00,0x00,0xf6,0x0f,0x10,0x00,0x04,0x00,0x00,0x00,0x02,0x40,0x00,0x00,
0x00,0x00,0x00,0x00,0x01,0x00,0x00,0x00,0x02,0x00,0x00,0x00,0x03,0x00,0x00,0x00,
0x20,0x00,0x00,0x07,0x82,0x00,0x10,0x00,0x04,0x00,0x00,0x00,0x3a,0x00,0x10,0x00,
0x04,0x00,0x00,0x00,0x01,0x40,0x00,0x00,0x04,0x00,0x00,0x00,0x01,0x00,0x00,0x0a,
0xf2,0x00,0x10,0x00,0x0e,0x00,0x00,0x00,0x46,0x0e,0x10,0x00,0x0e,0x00,0x00,0x00,
0x02,0x40,0x00,0x00,0x00,0x00,0x80,0x3f,0x00,0x00,0x80,0x3f,0x00,0x00,0x80,0x3f,
0x00,0x00,0x80,0x3f,0x01,0x00,0x00,0x07,0x82,0x00,0x10,0x00,0x04,0x00,0x00,0x00,
0x3a,0x00,0x10,0x00,0x04,0x00,0x00,0x00,0x01,0x40,0x00,0x00,0x00,0x00,0x80,0x3f,
0x11,0x00,0x00,0x07,0x82,0x00,0x10,0x00,0x07,0x00,0x00,0x00,0x46,0x0e,0x10,0x00,
0x0e,0x00,0x00,0x00,0x46,0x0e,0x10,0x00,0x0d,0x00,0x00,0x00,0x32,0x00,0x00,0x09,
0x82,0x00,0x10,0x00,0x02,0x00,0x00,0x00,0x3a,0x00,0x10,0x00,0x04,0x00,0x00,0x00,
0x3a,0x00,0x10,0x00,0x02,0x00,0x00,0x00,0x3a,0x00,0x10,0x00,0x07,0x00,0x00,0x00,
0x00,0x00,0x00,0x08,0x82,0x00,0x10,0x00,0x04,0x00,0x00,0x00,0x3a,0x00,0x10,0x80,
0x41,0x00,0x00,0x00,0x02,0x00,0x00,0x00,0x0a,0x00,0x10,0x00,0x04,0x00,0x00,0x00,
0x31,0x00,0x00,0x08,0x82,0x00,0x10,0x00,0x07,0x00,0x00,0x00,0x01,0x40,0x00,0x00,
0x40,0xda,0x7f,0x38,0x3a,0x00,0x10,0x80,0x81,0x00,0x00,0x00,0x04,0x00,0x00,0x00,
0x1f,0x00,0x04,0x03,0x3a,0x00,0x10,0x00,0x07,0x00,0x00,0x00,0x31,0x00,0x00,0x07,
0x82,0x00,0x10,0x00,0x07,0x00,0x00,0x00,0x01,0x40,0x00,0x00,0x00,0x00,0x00,0x00,
0x3a,0x00,0x10,0x00,0x04,0x00,0x00,0x00,0x31,0x00,0x00,0x07,0x82,0x00,0x10,0x00,
0x04,0x00,0x00,0x00,0x3a,0x00,0x10,0x00,0x04,0x00,0x00,0x00,0x01,0x40,0x00,0x00,
0x00,0x00,0x00,0x00,0x1e,0x00,0x00,0x08,0x82,0x00,0x10,0x00,0x04,0x00,0x00,0x00,
0x3a,0x00,0x10,0x80,0x41,0x00,0x00,0x00,0x07,0x00,0x00,0x00,0x3a,0x00,0x10,0x00,
0x04,0x00,0x00,0x00,0x2b,0x00,0x00,0x05,0x82,0x00,0x10,0x00,0x04,0x00,0x00,0x00,
0x3a,0x00,0x10,0x00,0x04,0x00,0x00,0x00,0x34,0x00,0x00,0x07,0x82,0x00,0x10,0x00,
0x07,0x00,0x00,0x00,0x3a,0x00,0x10,0x00,0x02,0x00,0x00,0x00,0x0a,0x00,0x10,0x00,
0x04,0x00,0x00,0x00,0x39,0x00,0x00,0x07,0x12,0x00,0x10,0x00,0x09,0x00,0x00,0x00,
0x3a,0x00,0x10,0x00,0x07,0x00,0x00,0x00,0x01,0x40,0x00,0x00,0x00,0x00,0x00,0x00,
0x33,0x00,0x00,0x07,0x82,0x00,0x10,0x00,0x02,0x00,0x00,0x00,0x3a,0x00,0x10,0x00,
0x02,0x00,0x00,0x00,0x0a,0x00,0x10,0x00,0x04,0x00,0x00,0x00,0x0e,0x00,0x00,0x07,
0x82,0x00,0x10,0x00,0x02,0x00,0x00,0x00,0x3a,0x00,0x10,0x00,0x02,0x00,0x00,0x00,
0x3a,0x00,0x10,0x00,0x07,0x00,0x00,0x00,0x01,0x00,0x00,0x07,0x82,0x00,0x10,0x00,
0x02,0x00,0x00,0x00,0x3a,0x00,0x10,0x00,0x02,0x00,0x00,0x00,0x0a,0x00,0x10,0x00,
0x09,0x00,0x00,0x00,0x00,0x00,0x00,0x08,0x82,0x00,0x10,0x00,0x02,0x00,0x00,0x00,
0x3a,0x00,0x10,0x80,0x41,0x00,0x00,0x00,0x02,0x00,0x00,0x00,0x01,0x40,0x00,0x00,
0x00,0x00,0x80,0x3f,0x38,0x00,0x00,0x07,0x82,0x00,0x10,0x00,0x02,0x00,0x00,0x00,
0x3a,0x00,0x10,0x00,0x02,0x00,0x00,0x00,0x3a,0x00,0x10,0x00,0x04,0x00,0x00,0x00,
0x31,0x00,0x00,0x09,0x12,0x00,0x10,0x00,0x04,0x00,0x00,0x00,0x3a,0x00,0x10,0x80,
0x81,0x00,0x00,0x00,0x02,0x00,0x00,0x00,0x2a,0x00,0x10,0x80,0x81,0x00,0x00,0x00,
0x02,0x00,0x00,0x00,0x37,0x00,0x00,0x09,0x42,0x00,0x10,0x00,0x02,0x00,0x00,0x00,
0x0a,0x00,0x10,0x00,0x04,0x00,0x00,0x00,0x3a,0x00,0x10,0x00,0x02,0x00,0x00,0x00,
0x2a,0x00,0x10,0x00,0x02,0x00,0x00,0x00,0x12,0x00,0x00,0x01,0x36,0x00,0x00,0x05,
0x42,0x00,0x10,0x00,0x02,0x00,0x00,0x00,0x01,0x40,0x00,0x00,0x00,0xe0,0x7f,0x47,
0x15,0x00,0x00,0x01,0x15,0x00,0x00,0x01,0x31,0x00,0x00,0x07,0x82,0x00,0x10,0x00,
0x02,0x00,0x00,0x00,0x2a,0x00,0x10,0x00,0x02,0x00,0x00,0x00,0x01,0x40,0x00,0x00,
0x00,0xdf,0x7f,0x47,0x01,0x00,0x00,0x07,0x82,0x00,0x10,0x00,0x02,0x00,0x00,0x00,
0x3a,0x00,0x10,0x00,0x02,0x00,0x00,0x00,0x01,0x40,0x00,0x00,0x00,0x00,0x80,0x3f,
0x38,0x00,0x00,0x07,0x12,0x00,0x10,0x00,0x09,0x00,0x00,0x00,0x3a,0x00,0x10,0x00,
0x02,0x00,0x00,0x00,0x2a,0x00,0x10,0x00,0x02,0x00,0x00,0x00,0x12,0x00,0x00,0x01,
0x36,0x00,0x00,0x05,0x12,0x00,0x10,0x00,0x09,0x00,0x00,0x00,0x01,0x40,0x00,0x00,
0x00,0x00,0x00,0x00,0x15,0x00,0x00,0x01,0x39,0x00,0x00,0x07,0x42,0x00,0x10,0x00,
0x02,0x00,0x00,0x00,0x0a,0x00,0x10,0x00,0x09,0x00,0x00,0x00,0x01,0x40,0x00,0x00,
0x00,0x00,0x00,0x00,0x31,0x00,0x00,0x07,0x82,0x00,0x10,0x00,0x02,0x00,0x00,0x00,
0x01,0x40,0x00,0x00,0x00,0x00,0x00,0x00,0x0a,0x00,0x10,0x00,0x09,0x00,0x00,0x00,
0x31,0x00,0x00,0x07,0x12,0x00,0x10,0x00,0x04,0x00,0x00,0x00,0x0a,0x00,0x10,0x00,
0x09,0x00,0x00,0x00,0x01,0x40,0x00,0x00,0x00,0x00,0x00,0x00,0x1e,0x00,0x00,0x08,
0x82,0x00,0x10,0x00,0x02,0x00,0x00,0x00,0x3a,0x00,0x10,0x80,0x41,0x00,0x00,0x00,
0x02,0x00,0x00,0x00,0x0a,0x00,0x10,0x00,0x04,0x00,0x00,0x00,0x2b,0x00,0x00,0x05,
0x82,0x00,0x10,0x00,0x02,0x00,0x00,0x00,0x3a,0x00,0x10,0x00,0x02,0x00,0x00,0x00,
0x01,0x00,0x00,0x07,0x22,0x00,0x10,0x00,0x09,0x00,0x00,0x00,0x3a,0x00,0x10,0x00,
0x02,0x00,0x00,0x00,0x2a,0x00,0x10,0x00,0x02,0x00,0x00,0x00,0x36,0x00,0x00,0x08,
0xc2,0x00,0x10,0x00,0x06,0x00,0x00,0x00,0x02,0x40,0x00,0x00,0x00,0x00,0x00,0x00,
0x00,0x00,0x00,0x00,0x00,0x00,0x00,0x00,0x00,0x00,0x00,0x00,0x2d,0x00,0x00,0x89,
0xc2,0x00,0x00,0x80,0x43,0x55,0x15,0x00,0xc2,0x00,0x10,0x00,0x02,0x00,0x00,0x00,
0x46,0x0e,0x10,0x00,0x06,0x00,0x00,0x00,0xe6,0x74,0x10,0x00,0x02,0x00,0x00,0x00,
0x00,0x00,0x00,0x07,0xf2,0x00,0x10,0x00,0x06,0x00,0x00,0x00,0xe6,0x0e,0x10,0x00,
0x02,0x00,0x00,0x00,0xe6,0x0e,0x10,0x00,0x0c,0x00,0x00,0x00,0x1d,0x00,0x00,0x0a,
0xc2,0x00,0x10,0x00,0x02,0x00,0x00,0x00,0xa6,0x0e,0x10,0x00,0x06,0x00,0x00,0x00,
0x02,0x40,0x00,0x00,0x00,0x00,0x00,0x00,0x00,0x00,0x00,0x00,0x00,0x00,0x00,0x00,
0x00,0x00,0x00,0x00,0x1d,0x00,0x00,0x0a,0x92,0x00,0x10,0x00,0x04,0x00,0x00,0x00,
0x02,0x40,0x00,0x00,0x00,0x00,0x80,0x3f,0x00,0x00,0x00,0x00,0x00,0x00,0x00,0x00,
0x00,0x00,0x80,0x3f,0xa6,0x0e,0x10,0x00,0x06,0x00,0x00,0x00,0x01,0x00,0x00,0x07,
0xc2,0x00,0x10,0x00,0x02,0x00,0x00,0x00,0xa6,0x0e,0x10,0x00,0x02,0x00,0x00,0x00,
0x06,0x0c,0x10,0x00,0x04,0x00,0x00,0x00,0x01,0x00,0x00,0x07,0x42,0x00,0x10,0x00,
0x02,0x00,0x00,0x00,0x3a,0x00,0x10,0x00,0x02,0x00,0x00,0x00,0x2a,0x00,0x10,0x00,
0x02,0x00,0x00,0x00,0x1f,0x00,0x04,0x03,0x2a,0x00,0x10,0x00,0x02,0x00,0x00,0x00,
0x38,0x00,0x00,0x07,0xf2,0x00,0x10,0x00,0x06,0x00,0x00,0x00,0xe6,0x0e,0x10,0x00,
0x0a,0x00,0x00,0x00,0x46,0x0e,0x10,0x00,0x06,0x00,0x00,0x00,0x41,0x00,0x00,0x05,
0xf2,0x00,0x10,0x00,0x06,0x00,0x00,0x00,0x46,0x0e,0x10,0x00,0x06,0x00,0x00,0x00,
0x1b,0x00,0x00,0x05,0xf2,0x00,0x10,0x00,0x06,0x00,0x00,0x00,0x46,0x0e,0x10,0x00,
0x06,0x00,0x00,0x00,0x1e,0x00,0x00,0x0b,0xf2,0x00,0x10,0x00,0x0c,0x00,0x00,0x00,
0xe6,0x8e,0x20,0x00,0x00,0x00,0x00,0x00,0x00,0x00,0x00,0x00,0x02,0x40,0x00,0x00,
0xff,0xff,0xff,0xff,0xff,0xff,0xff,0xff,0xff,0xff,0xff,0xff,0xff,0xff,0xff,0xff,
0x25,0x00,0x00,0x07,0xc2,0x00,0x10,0x00,0x02,0x00,0x00,0x00,0xa6,0x0e,0x10,0x00,
0x06,0x00,0x00,0x00,0xa6,0x0e,0x10,0x00,0x0c,0x00,0x00,0x00,0x24,0x00,0x00,0x0a,
0x32,0x00,0x10,0x00,0x0d,0x00,0x00,0x00,0xe6,0x0a,0x10,0x00,0x02,0x00,0x00,0x00,
0x02,0x40,0x00,0x00,0x00,0x00,0x00,0x00,0x00,0x00,0x00,0x00,0x00,0x00,0x00,0x00,
0x00,0x00,0x00,0x00,0x36,0x00,0x00,0x08,0xc2,0x00,0x10,0x00,0x0d,0x00,0x00,0x00,
0x02,0x40,0x00,0x00,0x00,0x00,0x00,0x00,0x00,0x00,0x00,0x00,0x00,0x00,0x00,0x00,
0x00,0x00,0x00,0x00,0x2d,0x00,0x00,0x89,0xc2,0x00,0x00,0x80,0x43,0x55,0x15,0x00,
0x42,0x00,0x10,0x00,0x02,0x00,0x00,0x00,0x46,0x0e,0x10,0x00,0x0d,0x00,0x00,0x00,
0x96,0x7c,0x10,0x00,0x01,0x00,0x00,0x00,0x38,0x00,0x00,0x08,0x42,0x00,0x10,0x00,
0x02,0x00,0x00,0x00,0x2a,0x00,0x10,0x00,0x02,0x00,0x00,0x00,0x1a,0x80,0x20,0x00,
0x00,0x00,0x00,0x00,0x07,0x00,0x00,0x00,0x38,0x00,0x00,0x07,0x42,0x00,0x10,0x00,
0x02,0x00,0x00,0x00,0x2a,0x00,0x10,0x00,0x07,0x00,0x00,0x00,0x2a,0x00,0x10,0x00,
0x02,0x00,0x00,0x00,0x34,0x00,0x00,0x07,0x42,0x00,0x10,0x00,0x02,0x00,0x00,0x00,
0x2a,0x00,0x10,0x00,0x02,0x00,0x00,0x00,0x01,0x40,0x00,0x00,0x40,0xda,0x7f,0x38,
0x1e,0x00,0x00,0x0a,0xf2,0x00,0x10,0x00,0x0d,0x00,0x00,0x00,0xe6,0x0e,0x10,0x00,
0x06,0x00,0x00,0x00,0x02,0x40,0x00,0x00,0xff,0xff,0xff,0xff,0x00,0x00,0x00,0x00,
0x01,0x00,0x00,0x00,0x00,0x00,0x00,0x00,0x25,0x00,0x00,0x07,0xf2,0x00,0x10,0x00,
0x0d,0x00,0x00,0x00,0x46,0x0e,0x10,0x00,0x0c,0x00,0x00,0x00,0x46,0x0e,0x10,0x00,
0x0d,0x00,0x00,0x00,0x24,0x00,0x00,0x0a,0xf2,0x00,0x10,0x00,0x0d,0x00,0x00,0x00,
0xe6,0x04,0x10,0x00,0x0d,0x00,0x00,0x00,0x02,0x40,0x00,0x00,0x00,0x00,0x00,0x00,
0x00,0x00,0x00,0x00,0x00,0x00,0x00,0x00,0x00,0x00,0x00,0x00,0x36,0x00,0x00,0x05,
0x32,0x00,0x10,0x00,0x0e,0x00,0x00,0x00,0xe6,0x0a,0x10,0x00,0x0d,0x00,0x00,0x00,
0x36,0x00,0x00,0x08,0xc2,0x00,0x10,0x00,0x0e,0x00,0x00,0x00,0x02,0x40,0x00,0x00,
0x00,0x00,0x00,0x00,0x00,0x00,0x00,0x00,0x00,0x00,0x00,0x00,0x00,0x00,0x00,0x00,
0x2d,0x00,0x00,0x89,0xc2,0x00,0x00,0x80,0x43,0x55,0x15,0x00,0x82,0x00,0x10,0x00,
0x02,0x00,0x00,0x00,0x46,0x0e,0x10,0x00,0x0e,0x00,0x00,0x00,0x96,0x73,0x10,0x00,
0x01,0x00,0x00,0x00,0x38,0x00,0x00,0x08,0x82,0x00,0x10,0x00,0x02,0x00,0x00,0x00,
0x3a,0x00,0x10,0x00,0x02,0x00,0x00,0x00,0x1a,0x80,0x20,0x00,0x00,0x00,0x00,0x00,
0x07,0x00,0x00,0x00,0x38,0x00,0x00,0x07,0x82,0x00,0x10,0x00,0x02,0x00,0x00,0x00,
0x2a,0x00,0x10,0x00,0x07,0x00,0x00,0x00,0x3a,0x00,0x10,0x00,0x02,0x00,0x00,0x00,
0x34,0x00,0x00,0x07,0x82,0x00,0x10,0x00,0x02,0x00,0x00,0x00,0x3a,0x00,0x10,0x00,
0x02,0x00,0x00,0x00,0x01,0x40,0x00,0x00,0x40,0xda,0x7f,0x38,0x36,0x00,0x00,0x08,
0xc2,0x00,0x10,0x00,0x0d,0x00,0x00,0x00,0x02,0x40,0x00,0x00,0x00,0x00,0x00,0x00,
0x00,0x00,0x00,0x00,0x00,0x00,0x00,0x00,0x00,0x00,0x00,0x00,0x2d,0x00,0x00,0x89,
0xc2,0x00,0x00,0x80,0x43,0x55,0x15,0x00,0x12,0x00,0x10,0x00,0x04,0x00,0x00,0x00,
0x46,0x0e,0x10,0x00,0x0d,0x00,0x00,0x00,0x46,0x7e,0x10,0x00,0x01,0x00,0x00,0x00,
0x38,0x00,0x00,0x08,0x12,0x00,0x10,0x00,0x04,0x00,0x00,0x00,0x0a,0x00,0x10,0x00,
0x04,0x00,0x00,0x00,0x1a,0x80,0x20,0x00,0x00,0x00,0x00,0x00,0x07,0x00,0x00,0x00,
0x38,0x00,0x00,0x07,0x12,0x00,0x10,0x00,0x04,0x00,0x00,0x00,0x2a,0x00,0x10,0x00,
0x07,0x00,0x00,0x00,0x0a,0x00,0x10,0x00,0x04,0x00,0x00,0x00,0x34,0x00,0x00,0x07,
0x12,0x00,0x10,0x00,0x04,0x00,0x00,0x00,0x0a,0x00,0x10,0x00,0x04,0x00,0x00,0x00,
0x01,0x40,0x00,0x00,0x40,0xda,0x7f,0x38,0x1e,0x00,0x00,0x0a,0xf2,0x00,0x10,0x00,
0x06,0x00,0x00,0x00,0x46,0x0e,0x10,0x00,0x06,0x00,0x00,0x00,0x02,0x40,0x00,0x00,
0x00,0x00,0x00,0x00,0xff,0xff,0xff,0xff,0x00,0x00,0x00,0x00,0x01,0x00,0x00,0x00,
0x25,0x00,0x00,0x07,0xf2,0x00,0x10,0x00,0x06,0x00,0x00,0x00,0x46,0x0e,0x10,0x00,
0x0c,0x00,0x00,0x00,0x46,0x0e,0x10,0x00,0x06,0x00,0x00,0x00,0x24,0x00,0x00,0x0a,
0xf2,0x00,0x10,0x00,0x06,0x00,0x00,0x00,0xe6,0x04,0x10,0x00,0x06,0x00,0x00,0x00,
0x02,0x40,0x00,0x00,0x00,0x00,0x00,0x00,0x00,0x00,0x00,0x00,0x00,0x00,0x00,0x00,
0x00,0x00,0x00,0x00,0x36,0x00,0x00,0x05,0x32,0x00,0x10,0x00,0x0c,0x00,0x00,0x00,
0xe6,0x0a,0x10,0x00,0x06,0x00,0x00,0x00,0x36,0x00,0x00,0x08,0xc2,0x00,0x10,0x00,
0x0c,0x00,0x00,0x00,0x02,0x40,0x00,0x00,0x00,0x00,0x00,0x00,0x00,0x00,0x00,0x00,
0x00,0x00,0x00,0x00,0x00,0x00,0x00,0x00,0x2d,0x00,0x00,0x89,0xc2,0x00,0x00,0x80,
0x43,0x55,0x15,0x00,0x82,0x00,0x10,0x00,0x04,0x00,0x00,0x00,0x46,0x0e,0x10,0x00,
0x0c,0x00,0x00,0x00,0x96,0x73,0x10,0x00,0x01,0x00,0x00,0x00,0x38,0x00,0x00,0x08,
0x82,0x00,0x10,0x00,0x04,0x00,0x00,0x00,0x3a,0x00,0x10,0x00,0x04,0x00,0x00,0x00,
0x1a,0x80,0x20,0x00,0x00,0x00,0x00,0x00,0x07,0x00,0x00,0x00,0x38,0x00,0x00,0x07,
0x82,0x00,0x10,0x00,0x04,0x00,0x00,0x00,0x2a,0x00,0x10,0x00,0x07,0x00,0x00,0x00,
0x3a,0x00,0x10,0x00,0x04,0x00,0x00,0x00,0x34,0x00,0x00,0x07,0x82,0x00,0x10,0x00,
0x04,0x00,0x00,0x00,0x3a,0x00,0x10,0x00,0x04,0x00,0x00,0x00,0x01,0x40,0x00,0x00,
0x40,0xda,0x7f,0x38,0x36,0x00,0x00,0x08,0xc2,0x00,0x10,0x00,0x06,0x00,0x00,0x00,
0x02,0x40,0x00,0x00,0x00,0x00,0x00,0x00,0x00,0x00,0x00,0x00,0x00,0x00,0x00,0x00,
0x00,0x00,0x00,0x00,0x2d,0x00,0x00,0x89,0xc2,0x00,0x00,0x80,0x43,0x55,0x15,0x00,
0x12,0x00,0x10,0x00,0x06,0x00,0x00,0x00,0x46,0x0e,0x10,0x00,0x06,0x00,0x00,0x00,
0x46,0x7e,0x10,0x00,0x01,0x00,0x00,0x00,0x38,0x00,0x00,0x08,0x12,0x00,0x10,0x00,
0x06,0x00,0x00,0x00,0x0a,0x00,0x10,0x00,0x06,0x00,0x00,0x00,0x1a,0x80,0x20,0x00,
0x00,0x00,0x00,0x00,0x07,0x00,0x00,0x00,0x38,0x00,0x00,0x07,0x12,0x00,0x10,0x00,
0x06,0x00,0x00,0x00,0x2a,0x00,0x10,0x00,0x07,0x00,0x00,0x00,0x0a,0x00,0x10,0x00,
0x06,0x00,0x00,0x00,0x34,0x00,0x00,0x07,0x12,0x00,0x10,0x00,0x06,0x00,0x00,0x00,
0x0a,0x00,0x10,0x00,0x06,0x00,0x00,0x00,0x01,0x40,0x00,0x00,0x40,0xda,0x7f,0x38,
0x00,0x00,0x00,0x07,0xf2,0x00,0x10,0x00,0x0c,0x00,0x00,0x00,0x46,0x04,0x10,0x00,
0x0b,0x00,0x00,0x00,0xe6,0x0e,0x10,0x00,0x09,0x00,0x00,0x00,0x38,0x00,0x00,0x07,
0xf2,0x00,0x10,0x00,0x0c,0x00,0x00,0x00,0x46,0x04,0x10,0x00,0x0a,0x00,0x00,0x00,
0x46,0x0e,0x10,0x00,0x0c,0x00,0x00,0x00,0x41,0x00,0x00,0x05,0xf2,0x00,0x10,0x00,
0x0c,0x00,0x00,0x00,0x46,0x0e,0x10,0x00,0x0c,0x00,0x00,0x00,0x1b,0x00,0x00,0x05,
0xf2,0x00,0x10,0x00,0x0c,0x00,0x00,0x00,0x46,0x0e,0x10,0x00,0x0c,0x00,0x00,0x00,
0x25,0x00,0x00,0x07,0x62,0x00,0x10,0x00,0x06,0x00,0x00,0x00,0xa6,0x0b,0x10,0x00,
0x08,0x00,0x00,0x00,0xa6,0x0b,0x10,0x00,0x0c,0x00,0x00,0x00,0x24,0x00,0x00,0x0a,
0x32,0x00,0x10,0x00,0x0d,0x00,0x00,0x00,0x96,0x05,0x10,0x00,0x06,0x00,0x00,0x00,
0x02,0x40,0x00,0x00,0x00,0x00,0x00,0x00,0x00,0x00,0x00,0x00,0x00,0x00,0x00,0x00,
0x00,0x00,0x00,0x00,0x36,0x00,0x00,0x08,0xc2,0x00,0x10,0x00,0x0d,0x00,0x00,0x00,
0x02,0x40,0x00,0x00,0x00,0x00,0x00,0x00,0x00,0x00,0x00,0x00,0x00,0x00,0x00,0x00,
0x00,0x00,0x00,0x00,0x2d,0x00,0x00,0x89,0xc2,0x00,0x00,0x80,0x43,0x55,0x15,0x00,
0x22,0x00,0x10,0x00,0x06,0x00,0x00,0x00,0x46,0x0e,0x10,0x00,0x0d,0x00,0x00,0x00,
0x16,0x7e,0x10,0x00,0x00,0x00,0x00,0x00,0x38,0x00,0x00,0x07,0x22,0x00,0x10,0x00,
0x06,0x00,0x00,0x00,0x2a,0x00,0x10,0x00,0x07,0x00,0x00,0x00,0x1a,0x00,0x10,0x00,
0x06,0x00,0x00,0x00,0x34,0x00,0x00,0x07,0x22,0x00,0x10,0x00,0x06,0x00,0x00,0x00,
0x1a,0x00,0x10,0x00,0x06,0x00,0x00,0x00,0x01,0x40,0x00,0x00,0x40,0xda,0x7f,0x38,
0x1e,0x00,0x00,0x0a,0xf2,0x00,0x10,0x00,0x0d,0x00,0x00,0x00,0xe6,0x0e,0x10,0x00,
0x0c,0x00,0x00,0x00,0x02,0x40,0x00,0x00,0xff,0xff,0xff,0xff,0x00,0x00,0x00,0x00,
0x01,0x00,0x00,0x00,0x00,0x00,0x00,0x00,0x25,0x00,0x00,0x07,0xf2,0x00,0x10,0x00,
0x0d,0x00,0x00,0x00,0x46,0x0e,0x10,0x00,0x08,0x00,0x00,0x00,0x46,0x0e,0x10,0x00,
0x0d,0x00,0x00,0x00,0x24,0x00,0x00,0x0a,0xf2,0x00,0x10,0x00,0x0d,0x00,0x00,0x00,
0xe6,0x04,0x10,0x00,0x0d,0x00,0x00,0x00,0x02,0x40,0x00,0x00,0x00,0x00,0x00,0x00,
0x00,0x00,0x00,0x00,0x00,0x00,0x00,0x00,0x00,0x00,0x00,0x00,0x36,0x00,0x00,0x05,
0x32,0x00,0x10,0x00,0x0e,0x00,0x00,0x00,0xe6,0x0a,0x10,0x00,0x0d,0x00,0x00,0x00,
0x36,0x00,0x00,0x08,0xc2,0x00,0x10,0x00,0x0e,0x00,0x00,0x00,0x02,0x40,0x00,0x00,
0x00,0x00,0x00,0x00,0x00,0x00,0x00,0x00,0x00,0x00,0x00,0x00,0x00,0x00,0x00,0x00,
0x2d,0x00,0x00,0x89,0xc2,0x00,0x00,0x80,0x43,0x55,0x15,0x00,0x42,0x00,0x10,0x00,
0x06,0x00,0x00,0x00,0x46,0x0e,0x10,0x00,0x0e,0x00,0x00,0x00,0x96,0x7c,0x10,0x00,
0x00,0x00,0x00,0x00,0x38,0x00,0x00,0x07,0x42,0x00,0x10,0x00,0x06,0x00,0x00,0x00,
0x2a,0x00,0x10,0x00,0x07,0x00,0x00,0x00,0x2a,0x00,0x10,0x00,0x06,0x00,0x00,0x00,
0x34,0x00,0x00,0x07,0x42,0x00,0x10,0x00,0x06,0x00,0x00,0x00,0x2a,0x00,0x10,0x00,
0x06,0x00,0x00,0x00,0x01,0x40,0x00,0x00,0x40,0xda,0x7f,0x38,0x36,0x00,0x00,0x08,
0xc2,0x00,0x10,0x00,0x0d,0x00,0x00,0x00,0x02,0x40,0x00,0x00,0x00,0x00,0x00,0x00,
0x00,0x00,0x00,0x00,0x00,0x00,0x00,0x00,0x00,0x00,0x00,0x00,0x2d,0x00,0x00,0x89,
0xc2,0x00,0x00,0x80,0x43,0x55,0x15,0x00,0x82,0x00,0x10,0x00,0x06,0x00,0x00,0x00,
0x46,0x0e,0x10,0x00,0x0d,0x00,0x00,0x00,0x96,0x73,0x10,0x00,0x00,0x00,0x00,0x00,
0x38,0x00,0x00,0x07,0x82,0x00,0x10,0x00,0x06,0x00,0x00,0x00,0x2a,0x00,0x10,0x00,
0x07,0x00,0x00,0x00,0x3a,0x00,0x10,0x00,0x06,0x00,0x00,0x00,0x34,0x00,0x00,0x07,
0x82,0x00,0x10,0x00,0x06,0x00,0x00,0x00,0x3a,0x00,0x10,0x00,0x06,0x00,0x00,0x00,
0x01,0x40,0x00,0x00,0x40,0xda,0x7f,0x38,0x1e,0x00,0x00,0x0a,0xf2,0x00,0x10,0x00,
0x0c,0x00,0x00,0x00,0x46,0x0e,0x10,0x00,0x0c,0x00,0x00,0x00,0x02,0x40,0x00,0x00,
0x00,0x00,0x00,0x00,0xff,0xff,0xff,0xff,0x00,0x00,0x00,0x00,0x01,0x00,0x00,0x00,
0x25,0x00,0x00,0x07,0xf2,0x00,0x10,0x00,0x0c,0x00,0x00,0x00,0x46,0x0e,0x10,0x00,
0x08,0x00,0x00,0x00,0x46,0x0e,0x10,0x00,0x0c,0x00,0x00,0x00,0x24,0x00,0x00,0x0a,
0xf2,0x00,0x10,0x00,0x0c,0x00,0x00,0x00,0xe6,0x04,0x10,0x00,0x0c,0x00,0x00,0x00,
0x02,0x40,0x00,0x00,0x00,0x00,0x00,0x00,0x00,0x00,0x00,0x00,0x00,0x00,0x00,0x00,
0x00,0x00,0x00,0x00,0x36,0x00,0x00,0x05,0x32,0x00,0x10,0x00,0x0d,0x00,0x00,0x00,
0xe6,0x0a,0x10,0x00,0x0c,0x00,0x00,0x00,0x36,0x00,0x00,0x08,0xc2,0x00,0x10,0x00,
0x0d,0x00,0x00,0x00,0x02,0x40,0x00,0x00,0x00,0x00,0x00,0x00,0x00,0x00,0x00,0x00,
0x00,0x00,0x00,0x00,0x00,0x00,0x00,0x00,0x2d,0x00,0x00,0x89,0xc2,0x00,0x00,0x80,
0x43,0x55,0x15,0x00,0x82,0x00,0x10,0x00,0x07,0x00,0x00,0x00,0x46,0x0e,0x10,0x00,
0x0d,0x00,0x00,0x00,0x96,0x73,0x10,0x00,0x00,0x00,0x00,0x00,0x38,0x00,0x00,0x07,
0x82,0x00,0x10,0x00,0x07,0x00,0x00,0x00,0x2a,0x00,0x10,0x00,0x07,0x00,0x00,0x00,
0x3a,0x00,0x10,0x00,0x07,0x00,0x00,0x00,0x34,0x00,0x00,0x07,0x82,0x00,0x10,0x00,
0x07,0x00,0x00,0x00,0x3a,0x00,0x10,0x00,0x07,0x00,0x00,0x00,0x01,0x40,0x00,0x00,
0x40,0xda,0x7f,0x38,0x36,0x00,0x00,0x08,0xc2,0x00,0x10,0x00,0x0c,0x00,0x00,0x00,
0x02,0x40,0x00,0x00,0x00,0x00,0x00,0x00,0x00,0x00,0x00,0x00,0x00,0x00,0x00,0x00,
0x00,0x00,0x00,0x00,0x2d,0x00,0x00,0x89,0xc2,0x00,0x00,0x80,0x43,0x55,0x15,0x00,
0x42,0x00,0x10,0x00,0x09,0x00,0x00,0x00,0x46,0x0e,0x10,0x00,0x0c,0x00,0x00,0x00,
0x96,0x7c,0x10,0x00,0x00,0x00,0x00,0x00,0x38,0x00,0x00,0x07,0x42,0x00,0x10,0x00,
0x09,0x00,0x00,0x00,0x2a,0x00,0x10,0x00,0x07,0x00,0x00,0x00,0x2a,0x00,0x10,0x00,
0x09,0x00,0x00,0x00,0x34,0x00,0x00,0x07,0x42,0x00,0x10,0x00,0x09,0x00,0x00,0x00,
0x2a,0x00,0x10,0x00,0x09,0x00,0x00,0x00,0x01,0x40,0x00,0x00,0x40,0xda,0x7f,0x38,
0x33,0x00,0x00,0x07,0x82,0x00,0x10,0x00,0x09,0x00,0x00,0x00,0x1a,0x00,0x10,0x00,
0x06,0x00,0x00,0x00,0x3a,0x00,0x10,0x00,0x07,0x00,0x00,0x00,0x34,0x00,0x00,0x07,
0x22,0x00,0x10,0x00,0x06,0x00,0x00,0x00,0x1a,0x00,0x10,0x00,0x06,0x00,0x00,0x00,
0x3a,0x00,0x10,0x00,0x07,0x00,0x00,0x00,0x33,0x00,0x00,0x07,0x82,0x00,0x10,0x00,
0x07,0x00,0x00,0x00,0x2a,0x00,0x10,0x00,0x06,0x00,0x00,0x00,0x2a,0x00,0x10,0x00,
0x09,0x00,0x00,0x00,0x34,0x00,0x00,0x07,0x42,0x00,0x10,0x00,0x06,0x00,0x00,0x00,
0x2a,0x00,0x10,0x00,0x06,0x00,0x00,0x00,0x2a,0x00,0x10,0x00,0x09,0x00,0x00,0x00,
0x34,0x00,0x00,0x07,0x42,0x00,0x10,0x00,0x09,0x00,0x00,0x00,0x3a,0x00,0x10,0x00,
0x06,0x00,0x00,0x00,0x3a,0x00,0x10,0x00,0x09,0x00,0x00,0x00,0x34,0x00,0x00,0x07,
0x12,0x00,0x10,0x00,0x0c,0x00,0x00,0x00,0x1a,0x00,0x10,0x00,0x06,0x00,0x00,0x00,
0x3a,0x00,0x10,0x00,0x07,0x00,0x00,0x00,0x34,0x00,0x00,0x07,0x22,0x00,0x10,0x00,
0x0c,0x00,0x00,0x00,0x2a,0x00,0x10,0x00,0x06,0x00,0x00,0x00,0x2a,0x00,0x10,0x00,
0x09,0x00,0x00,0x00,0x34,0x00,0x00,0x07,0x42,0x00,0x10,0x00,0x0c,0x00,0x00,0x00,
0x1a,0x00,0x10,0x00,0x0c,0x00,0x00,0x00,0x0a,0x00,0x10,0x00,0x0c,0x00,0x00,0x00,
0x33,0x00,0x00,0x07,0x82,0x00,0x10,0x00,0x0c,0x00,0x00,0x00,0x2a,0x00,0x10,0x00,
0x02,0x00,0x00,0x00,0x3a,0x00,0x10,0x00,0x04,0x00,0x00,0x00,0x34,0x00,0x00,0x07,
0x42,0x00,0x10,0x00,0x02,0x00,0x00,0x00,0x2a,0x00,0x10,0x00,0x02,0x00,0x00,0x00,
0x3a,0x00,0x10,0x00,0x04,0x00,0x00,0x00,0x33,0x00,0x00,0x07,0x82,0x00,0x10,0x00,
0x04,0x00,0x00,0x00,0x3a,0x00,0x10,0x00,0x02,0x00,0x00,0x00,0x0a,0x00,0x10,0x00,
0x06,0x00,0x00,0x00,0x34,0x00,0x00,0x07,0x82,0x00,0x10,0x00,0x02,0x00,0x00,0x00,
0x3a,0x00,0x10,0x00,0x02,0x00,0x00,0x00,0x0a,0x00,0x10,0x00,0x06,0x00,0x00,0x00,
0x34,0x00,0x00,0x07,0x12,0x00,0x10,0x00,0x06,0x00,0x00,0x00,0x0a,0x00,0x10,0x00,
0x04,0x00,0x00,0x00,0x3a,0x00,0x10,0x00,0x0c,0x00,0x00,0x00,0x34,0x00,0x00,0x07,
0x12,0x00,0x10,0x00,0x0d,0x00,0x00,0x00,0x2a,0x00,0x10,0x00,0x02,0x00,0x00,0x00,
0x3a,0x00,0x10,0x00,0x04,0x00,0x00,0x00,0x34,0x00,0x00,0x07,0x22,0x00,0x10,0x00,
0x0d,0x00,0x00,0x00,0x3a,0x00,0x10,0x00,0x02,0x00,0x00,0x00,0x0a,0x00,0x10,0x00,
0x06,0x00,0x00,0x00,0x33,0x00,0x00,0x07,0xc2,0x00,0x10,0x00,0x06,0x00,0x00,0x00,
0xa6,0x0e,0x10,0x00,0x06,0x00,0x00,0x00,0xa6,0x0e,0x10,0x00,0x09,0x00,0x00,0x00,
0x33,0x00,0x00,0x07,0x22,0x00,0x10,0x00,0x06,0x00,0x00,0x00,0x1a,0x00,0x10,0x00,
0x06,0x00,0x00,0x00,0x3a,0x00,0x10,0x00,0x07,0x00,0x00,0x00,0x33,0x00,0x00,0x07,
0x12,0x00,0x10,0x00,0x0e,0x00,0x00,0x00,0x1a,0x00,0x10,0x00,0x06,0x00,0x00,0x00,
0x3a,0x00,0x10,0x00,0x06,0x00,0x00,0x00,0x34,0x00,0x00,0x07,0x22,0x00,0x10,0x00,
0x06,0x00,0x00,0x00,0x1a,0x00,0x10,0x00,0x06,0x00,0x00,0x00,0x3a,0x00,0x10,0x00,
0x06,0x00,0x00,0x00,0x33,0x00,0x00,0x07,0x22,0x00,0x10,0x00,0x0e,0x00,0x00,0x00,
0x2a,0x00,0x10,0x00,0x06,0x00,0x00,0x00,0x1a,0x00,0x10,0x00,0x06,0x00,0x00,0x00,
0x34,0x00,0x00,0x07,0x22,0x00,0x10,0x00,0x06,0x00,0x00,0x00,0x2a,0x00,0x10,0x00,
0x06,0x00,0x00,0x00,0x1a,0x00,0x10,0x00,0x06,0x00,0x00,0x00,0x33,0x00,0x00,0x07,
0x42,0x00,0x10,0x00,0x06,0x00,0x00,0x00,0x1a,0x00,0x10,0x00,0x0c,0x00,0x00,0x00,
0x0a,0x00,0x10,0x00,0x0c,0x00,0x00,0x00,0x33,0x00,0x00,0x07,0x42,0x00,0x10,0x00,
0x0e,0x00,0x00,0x00,0x2a,0x00,0x10,0x00,0x06,0x00,0x00,0x00,0x1a,0x00,0x10,0x00,
0x06,0x00,0x00,0x00,0x34,0x00,0x00,0x07,0x82,0x00,0x10,0x00,0x0e,0x00,0x00,0x00,
0x2a,0x00,0x10,0x00,0x06,0x00,0x00,0x00,0x1a,0x00,0x10,0x00,0x06,0x00,0x00,0x00,
0x33,0x00,0x00,0x07,0x12,0x00,0x10,0x00,0x04,0x00,0x00,0x00,0x0a,0x00,0x10,0x00,
0x04,0x00,0x00,0x00,0x3a,0x00,0x10,0x00,0x0c,0x00,0x00,0x00,0x33,0x00,0x00,0x07,
0x42,0x00,0x10,0x00,0x02,0x00,0x00,0x00,0x2a,0x00,0x10,0x00,0x02,0x00,0x00,0x00,
0x3a,0x00,0x10,0x00,0x04,0x00,0x00,0x00,0x33,0x00,0x00,0x07,0x12,0x00,0x10,0x00,
0x0f,0x00,0x00,0x00,0x2a,0x00,0x10,0x00,0x02,0x00,0x00,0x00,0x0a,0x00,0x10,0x00,
0x04,0x00,0x00,0x00,0x34,0x00,0x00,0x07,0x42,0x00,0x10,0x00,0x02,0x00,0x00,0x00,
0x2a,0x00,0x10,0x00,0x02,0x00,0x00,0x00,0x0a,0x00,0x10,0x00,0x04,0x00,0x00,0x00,
0x33,0x00,0x00,0x07,0x82,0x00,0x10,0x00,0x02,0x00,0x00,0x00,0x3a,0x00,0x10,0x00,
0x02,0x00,0x00,0x00,0x0a,0x00,0x10,0x00,0x06,0x00,0x00,0x00,0x33,0x00,0x00,0x07,
0x22,0x00,0x10,0x00,0x0f,0x00,0x00,0x00,0x3a,0x00,0x10,0x00,0x02,0x00,0x00,0x00,
0x2a,0x00,0x10,0x00,0x02,0x00,0x00,0x00,0x34,0x00,0x00,0x07,0x42,0x00,0x10,0x00,
0x02,0x00,0x00,0x00,0x3a,0x00,0x10,0x00,0x02,0x00,0x00,0x00,0x2a,0x00,0x10,0x00,
0x02,0x00,0x00,0x00,0x33,0x00,0x00,0x07,0x82,0x00,0x10,0x00,0x02,0x00,0x00,0x00,
0x1a,0x00,0x10,0x00,0x0d,0x00,0x00,0x00,0x0a,0x00,0x10,0x00,0x0d,0x00,0x00,0x00,
0x33,0x00,0x00,0x07,0x42,0x00,0x10,0x00,0x0f,0x00,0x00,0x00,0x3a,0x00,0x10,0x00,
0x02,0x00,0x00,0x00,0x2a,0x00,0x10,0x00,0x02,0x00,0x00,0x00,0x34,0x00,0x00,0x07,
0x82,0x00,0x10,0x00,0x0f,0x00,0x00,0x00,0x3a,0x00,0x10,0x00,0x02,0x00,0x00,0x00,
0x2a,0x00,0x10,0x00,0x02,0x00,0x00,0x00,0x00,0x00,0x00,0x08,0x42,0x00,0x10,0x00,
0x02,0x00,0x00,0x00,0x0a,0x00,0x10,0x00,0x0e,0x00,0x00,0x00,0x0a,0x00,0x10,0x80,
0x41,0x00,0x00,0x00,0x0f,0x00,0x00,0x00,0x31,0x00,0x00,0x08,0x82,0x00,0x10,0x00,
0x02,0x00,0x00,0x00,0x01,0x40,0x00,0x00,0x40,0xda,0x7f,0x38,0x2a,0x00,0x10,0x80,
0x81,0x00,0x00,0x00,0x02,0x00,0x00,0x00,0x1f,0x00,0x04,0x03,0x3a,0x00,0x10,0x00,
0x02,0x00,0x00,0x00,0x31,0x00,0x00,0x07,0x82,0x00,0x10,0x00,0x02,0x00,0x00,0x00,
0x01,0x40,0x00,0x00,0x00,0x00,0x00,0x00,0x2a,0x00,0x10,0x00,0x02,0x00,0x00,0x00,
0x31,0x00,0x00,0x07,0x42,0x00,0x10,0x00,0x02,0x00,0x00,0x00,0x2a,0x00,0x10,0x00,
0x02,0x00,0x00,0x00,0x01,0x40,0x00,0x00,0x00,0x00,0x00,0x00,0x1e,0x00,0x00,0x08,
0x42,0x00,0x10,0x00,0x02,0x00,0x00,0x00,0x3a,0x00,0x10,0x80,0x41,0x00,0x00,0x00,
0x02,0x00,0x00,0x00,0x2a,0x00,0x10,0x00,0x02,0x00,0x00,0x00,0x2b,0x00,0x00,0x05,
0x42,0x00,0x10,0x00,0x02,0x00,0x00,0x00,0x2a,0x00,0x10,0x00,0x02,0x00,0x00,0x00,
0x34,0x00,0x00,0x07,0x82,0x00,0x10,0x00,0x02,0x00,0x00,0x00,0x0a,0x00,0x10,0x00,
0x0e,0x00,0x00,0x00,0x0a,0x00,0x10,0x00,0x0f,0x00,0x00,0x00,0x33,0x00,0x00,0x07,
0x12,0x00,0x10,0x00,0x04,0x00,0x00,0x00,0x0a,0x00,0x10,0x00,0x0e,0x00,0x00,0x00,
0x0a,0x00,0x10,0x00,0x0f,0x00,0x00,0x00,0x0e,0x00,0x00,0x07,0x82,0x00,0x10,0x00,
0x02,0x00,0x00,0x00,0x0a,0x00,0x10,0x00,0x04,0x00,0x00,0x00,0x3a,0x00,0x10,0x00,
0x02,0x00,0x00,0x00,0x00,0x00,0x00,0x08,0x82,0x00,0x10,0x00,0x02,0x00,0x00,0x00,
0x3a,0x00,0x10,0x80,0x41,0x00,0x00,0x00,0x02,0x00,0x00,0x00,0x01,0x40,0x00,0x00,
0x00,0x00,0x80,0x3f,0x38,0x00,0x00,0x07,0x42,0x00,0x10,0x00,0x02,0x00,0x00,0x00,
0x3a,0x00,0x10,0x00,0x02,0x00,0x00,0x00,0x2a,0x00,0x10,0x00,0x02,0x00,0x00,0x00,
0x31,0x00,0x00,0x08,0x82,0x00,0x10,0x00,0x02,0x00,0x00,0x00,0x2a,0x00,0x10,0x80,
0x81,0x00,0x00,0x00,0x02,0x00,0x00,0x00,0x01,0x40,0x00,0x00,0x00,0xdf,0x7f,0x47,
0x37,0x00,0x00,0x09,0x42,0x00,0x10,0x00,0x02,0x00,0x00,0x00,0x3a,0x00,0x10,0x00,
0x02,0x00,0x00,0x00,0x2a,0x00,0x10,0x00,0x02,0x00,0x00,0x00,0x01,0x40,0x00,0x00,
0x00,0xdf,0x7f,0x47,0x31,0x00,0x00,0x07,0x82,0x00,0x10,0x00,0x02,0x00,0x00,0x00,
0x0a,0x00,0x10,0x00,0x0e,0x00,0x00,0x00,0x0a,0x00,0x10,0x00,0x0f,0x00,0x00,0x00,
0x01,0x00,0x00,0x07,0x12,0x00,0x10,0x00,0x04,0x00,0x00,0x00,0x3a,0x00,0x10,0x00,
0x02,0x00,0x00,0x00,0x01,0x40,0x00,0x00,0x01,0x00,0x00,0x00,0x0f,0x00,0x00,0x08,
0x82,0x00,0x10,0x00,0x02,0x00,0x00,0x00,0x46,0x00,0x10,0x00,0x0e,0x00,0x00,0x00,
0x46,0x90,0x90,0x00,0x0a,0x00,0x10,0x00,0x04,0x00,0x00,0x00,0x1d,0x00,0x00,0x07,
0x82,0x00,0x10,0x00,0x02,0x00,0x00,0x00,0x3a,0x00,0x10,0x00,0x02,0x00,0x00,0x00,
0x0a,0x00,0x10,0x00,0x0f,0x00,0x00,0x00,0x01,0x00,0x00,0x07,0x82,0x00,0x10,0x00,
0x04,0x00,0x00,0x00,0x3a,0x00,0x10,0x00,0x02,0x00,0x00,0x00,0x01,0x40,0x00,0x00,
0x01,0x00,0x00,0x00,0x12,0x00,0x00,0x01,0x36,0x00,0x00,0x08,0x92,0x00,0x10,0x00,
0x04,0x00,0x00,0x00,0x02,0x40,0x00,0x00,0x00,0x00,0x00,0x00,0x00,0x00,0x00,0x00,
0x00,0x00,0x00,0x00,0x00,0x00,0x00,0x00,0x36,0x00,0x00,0x05,0x42,0x00,0x10,0x00,
0x02,0x00,0x00,0x00,0x01,0x40,0x00,0x00,0x00,0xe0,0x7f,0x47,0x15,0x00,0x00,0x01,
0x31,0x00,0x00,0x07,0x82,0x00,0x10,0x00,0x02,0x00,0x00,0x00,0x2a,0x00,0x10,0x00,
0x02,0x00,0x00,0x00,0x01,0x40,0x00,0x00,0x00,0xe0,0x7f,0x47,0x1f,0x00,0x04,0x03,
0x3a,0x00,0x10,0x00,0x02,0x00,0x00,0x00,0x0f,0x00,0x00,0x08,0x12,0x00,0x10,0x00,
0x06,0x00,0x00,0x00,0x46,0x00,0x10,0x00,0x0e,0x00,0x00,0x00,0x46,0x90,0x90,0x00,
0x0a,0x00,0x10,0x00,0x04,0x00,0x00,0x00,0x0f,0x00,0x00,0x08,0x22,0x00,0x10,0x00,
0x06,0x00,0x00,0x00,0x46,0x00,0x10,0x00,0x0f,0x00,0x00,0x00,0x46,0x90,0x90,0x00,
0x3a,0x00,0x10,0x00,0x04,0x00,0x00,0x00,0x00,0x00,0x00,0x08,0x42,0x00,0x10,0x00,
0x06,0x00,0x00,0x00,0x1a,0x00,0x10,0x80,0x41,0x00,0x00,0x00,0x06,0x00,0x00,0x00,
0x0a,0x00,0x10,0x00,0x06,0x00,0x00,0x00,0x31,0x00,0x00,0x08,0x82,0x00,0x10,0x00,
0x06,0x00,0x00,0x00,0x01,0x40,0x00,0x00,0x40,0xda,0x7f,0x38,0x2a,0x00,0x10,0x80,
0x81,0x00,0x00,0x00,0x06,0x00,0x00,0x00,0x1f,0x00,0x04,0x03,0x3a,0x00,0x10,0x00,
0x06,0x00,0x00,0x00,0x31,0x00,0x00,0x07,0x82,0x00,0x10,0x00,0x06,0x00,0x00,0x00,
0x01,0x40,0x00,0x00,0x00,0x00,0x00,0x00,0x2a,0x00,0x10,0x00,0x06,0x00,0x00,0x00,
0x31,0x00,0x00,0x07,0x42,0x00,0x10,0x00,0x06,0x00,0x00,0x00,0x2a,0x00,0x10,0x00,
0x06,0x00,0x00,0x00,0x01,0x40,0x00,0x00,0x00,0x00,0x00,0x00,0x1e,0x00,0x00,0x08,
0x42,0x00,0x10,0x00,0x06,0x00,0x00,0x00,0x3a,0x00,0x10,0x80,0x41,0x00,0x00,0x00,
0x06,0x00,0x00,0x00,0x2a,0x00,0x10,0x00,0x06,0x00,0x00,0x00,0x2b,0x00,0x00,0x05,
0x42,0x00,0x10,0x00,0x06,0x00,0x00,0x00,0x2a,0x00,0x10,0x00,0x06,0x00,0x00,0x00,
0x34,0x00,0x00,0x07,0x82,0x00,0x10,0x00,0x06,0x00,0x00,0x00,0x1a,0x00,0x10,0x00,
0x06,0x00,0x00,0x00,0x0a,0x00,0x10,0x00,0x06,0x00,0x00,0x00,0x39,0x00,0x00,0x07,
0x82,0x00,0x10,0x00,0x07,0x00,0x00,0x00,0x3a,0x00,0x10,0x00,0x06,0x00,0x00,0x00,
0x01,0x40,0x00,0x00,0x00,0x00,0x00,0x00,0x33,0x00,0x00,0x07,0x42,0x00,0x10,0x00,
0x09,0x00,0x00,0x00,0x1a,0x00,0x10,0x00,0x06,0x00,0x00,0x00,0x0a,0x00,0x10,0x00,
0x06,0x00,0x00,0x00,0x0e,0x00,0x00,0x07,0x82,0x00,0x10,0x00,0x06,0x00,0x00,0x00,
0x2a,0x00,0x10,0x00,0x09,0x00,0x00,0x00,0x3a,0x00,0x10,0x00,0x06,0x00,0x00,0x00,
0x01,0x00,0x00,0x07,0x82,0x00,0x10,0x00,0x06,0x00,0x00,0x00,0x3a,0x00,0x10,0x00,
0x06,0x00,0x00,0x00,0x3a,0x00,0x10,0x00,0x07,0x00,0x00,0x00,0x00,0x00,0x00,0x08,
0x82,0x00,0x10,0x00,0x06,0x00,0x00,0x00,0x3a,0x00,0x10,0x80,0x41,0x00,0x00,0x00,
0x06,0x00,0x00,0x00,0x01,0x40,0x00,0x00,0x00,0x00,0x80,0x3f,0x38,0x00,0x00,0x07,
0x42,0x00,0x10,0x00,0x06,0x00,0x00,0x00,0x3a,0x00,0x10,0x00,0x06,0x00,0x00,0x00,
0x2a,0x00,0x10,0x00,0x06,0x00,0x00,0x00,0x31,0x00,0x00,0x09,0x82,0x00,0x10,0x00,
0x06,0x00,0x00,0x00,0x2a,0x00,0x10,0x80,0x81,0x00,0x00,0x00,0x06,0x00,0x00,0x00,
0x2a,0x00,0x10,0x80,0x81,0x00,0x00,0x00,0x02,0x00,0x00,0x00,0x37,0x00,0x00,0x09,
0x42,0x00,0x10,0x00,0x02,0x00,0x00,0x00,0x3a,0x00,0x10,0x00,0x06,0x00,0x00,0x00,
0x2a,0x00,0x10,0x00,0x06,0x00,0x00,0x00,0x2a,0x00,0x10,0x00,0x02,0x00,0x00,0x00,
0x31,0x00,0x00,0x07,0x12,0x00,0x10,0x00,0x06,0x00,0x00,0x00,0x0a,0x00,0x10,0x00,
0x06,0x00,0x00,0x00,0x1a,0x00,0x10,0x00,0x06,0x00,0x00,0x00,0x01,0x00,0x00,0x07,
0x12,0x00,0x10,0x00,0x06,0x00,0x00,0x00,0x0a,0x00,0x10,0x00,0x06,0x00,0x00,0x00,
0x01,0x40,0x00,0x00,0x01,0x00,0x00,0x00,0x1e,0x00,0x00,0x07,0x12,0x00,0x10,0x00,
0x04,0x00,0x00,0x00,0x0a,0x00,0x10,0x00,0x04,0x00,0x00,0x00,0x0a,0x00,0x10,0x00,
0x06,0x00,0x00,0x00,0x10,0x00,0x00,0x08,0x12,0x00,0x10,0x00,0x06,0x00,0x00,0x00,
0x46,0x02,0x10,0x00,0x0e,0x00,0x00,0x00,0x46,0x92,0x90,0x00,0x0a,0x00,0x10,0x00,
0x04,0x00,0x00,0x00,0x1d,0x00,0x00,0x07,0x12,0x00,0x10,0x00,0x06,0x00,0x00,0x00,
0x0a,0x00,0x10,0x00,0x06,0x00,0x00,0x00,0x1a,0x00,0x10,0x00,0x06,0x00,0x00,0x00,
0x01,0x00,0x00,0x07,0x12,0x00,0x10,0x00,0x06,0x00,0x00,0x00,0x0a,0x00,0x10,0x00,
0x06,0x00,0x00,0x00,0x01,0x40,0x00,0x00,0x01,0x00,0x00,0x00,0x1e,0x00,0x00,0x07,
0x82,0x00,0x10,0x00,0x04,0x00,0x00,0x00,0x3a,0x00,0x10,0x00,0x04,0x00,0x00,0x00,
0x0a,0x00,0x10,0x00,0x06,0x00,0x00,0x00,0x12,0x00,0x00,0x01,0x36,0x00,0x00,0x05,
0x42,0x00,0x10,0x00,0x02,0x00,0x00,0x00,0x01,0x40,0x00,0x00,0x00,0xe0,0x7f,0x47,
0x15,0x00,0x00,0x01,0x15,0x00,0x00,0x01,0x31,0x00,0x00,0x07,0x12,0x00,0x10,0x00,
0x06,0x00,0x00,0x00,0x2a,0x00,0x10,0x00,0x02,0x00,0x00,0x00,0x01,0x40,0x00,0x00,
0x00,0xe0,0x7f,0x47,0x01,0x00,0x00,0x07,0x82,0x00,0x10,0x00,0x02,0x00,0x00,0x00,
0x3a,0x00,0x10,0x00,0x02,0x00,0x00,0x00,0x0a,0x00,0x10,0x00,0x06,0x00,0x00,0x00,
0x1f,0x00,0x04,0x03,0x3a,0x00,0x10,0x00,0x02,0x00,0x00,0x00,0x10,0x00,0x00,0x08,
0x12,0x00,0x10,0x00,0x06,0x00,0x00,0x00,0x46,0x02,0x10,0x00,0x0e,0x00,0x00,0x00,
0x46,0x92,0x90,0x00,0x0a,0x00,0x10,0x00,0x04,0x00,0x00,0x00,0x10,0x00,0x00,0x08,
0x22,0x00,0x10,0x00,0x06,0x00,0x00,0x00,0x46,0x02,0x10,0x00,0x0f,0x00,0x00,0x00,
0x46,0x92,0x90,0x00,0x3a,0x00,0x10,0x00,0x04,0x00,0x00,0x00,0x00,0x00,0x00,0x08,
0x42,0x00,0x10,0x00,0x06,0x00,0x00,0x00,0x1a,0x00,0x10,0x80,0x41,0x00,0x00,0x00,
0x06,0x00,0x00,0x00,0x0a,0x00,0x10,0x00,0x06,0x00,0x00,0x00,0x31,0x00,0x00,0x08,
0x82,0x00,0x10,0x00,0x06,0x00,0x00,0x00,0x01,0x40,0x00,0x00,0x40,0xda,0x7f,0x38,
0x2a,0x00,0x10,0x80,0x81,0x00,0x00,0x00,0x06,0x00,0x00,0x00,0x1f,0x00,0x04,0x03,
0x3a,0x00,0x10,0x00,0x06,0x00,0x00,0x00,0x31,0x00,0x00,0x07,0x82,0x00,0x10,0x00,
0x06,0x00,0x00,0x00,0x01,0x40,0x00,0x00,0x00,0x00,0x00,0x00,0x2a,0x00,0x10,0x00,
0x06,0x00,0x00,0x00,0x31,0x00,0x00,0x07,0x42,0x00,0x10,0x00,0x06,0x00,0x00,0x00,
0x2a,0x00,0x10,0x00,0x06,0x00,0x00,0x00,0x01,0x40,0x00,0x00,0x00,0x00,0x00,0x00,
0x1e,0x00,0x00,0x08,0x42,0x00,0x10,0x00,0x06,0x00,0x00,0x00,0x3a,0x00,0x10,0x80,
0x41,0x00,0x00,0x00,0x06,0x00,0x00,0x00,0x2a,0x00,0x10,0x00,0x06,0x00,0x00,0x00,
0x2b,0x00,0x00,0x05,0x42,0x00,0x10,0x00,0x06,0x00,0x00,0x00,0x2a,0x00,0x10,0x00,
0x06,0x00,0x00,0x00,0x34,0x00,0x00,0x07,0x82,0x00,0x10,0x00,0x06,0x00,0x00,0x00,
0x1a,0x00,0x10,0x00,0x06,0x00,0x00,0x00,0x0a,0x00,0x10,0x00,0x06,0x00,0x00,0x00,
0x39,0x00,0x00,0x07,0x82,0x00,0x10,0x00,0x07,0x00,0x00,0x00,0x3a,0x00,0x10,0x00,
0x06,0x00,0x00,0x00,0x01,0x40,0x00,0x00,0x00,0x00,0x00,0x00,0x33,0x00,0x00,0x07,
0x42,0x00,0x10,0x00,0x09,0x00,0x00,0x00,0x1a,0x00,0x10,0x00,0x06,0x00,0x00,0x00,
0x0a,0x00,0x10,0x00,0x06,0x00,0x00,0x00,0x0e,0x00,0x00,0x07,0x82,0x00,0x10,0x00,
0x06,0x00,0x00,0x00,0x2a,0x00,0x10,0x00,0x09,0x00,0x00,0x00,0x3a,0x00,0x10,0x00,
0x06,0x00,0x00,0x00,0x01,0x00,0x00,0x07,0x82,0x00,0x10,0x00,0x06,0x00,0x00,0x00,
0x3a,0x00,0x10,0x00,0x06,0x00,0x00,0x00,0x3a,0x00,0x10,0x00,0x07,0x00,0x00,0x00,
0x00,0x00,0x00,0x08,0x82,0x00,0x10,0x00,0x06,0x00,0x00,0x00,0x3a,0x00,0x10,0x80,
0x41,0x00,0x00,0x00,0x06,0x00,0x00,0x00,0x01,0x40,0x00,0x00,0x00,0x00,0x80,0x3f,
0x38,0x00,0x00,0x07,0x42,0x00,0x10,0x00,0x06,0x00,0x00,0x00,0x3a,0x00,0x10,0x00,
0x06,0x00,0x00,0x00,0x2a,0x00,0x10,0x00,0x06,0x00,0x00,0x00,0x31,0x00,0x00,0x09,
0x82,0x00,0x10,0x00,0x06,0x00,0x00,0x00,0x2a,0x00,0x10,0x80,0x81,0x00,0x00,0x00,
0x06,0x00,0x00,0x00,0x2a,0x00,0x10,0x80,0x81,0x00,0x00,0x00,0x02,0x00,0x00,0x00,
0x37,0x00,0x00,0x09,0x42,0x00,0x10,0x00,0x02,0x00,0x00,0x00,0x3a,0x00,0x10,0x00,
0x06,0x00,0x00,0x00,0x2a,0x00,0x10,0x00,0x06,0x00,0x00,0x00,0x2a,0x00,0x10,0x00,
0x02,0x00,0x00,0x00,0x31,0x00,0x00,0x07,0x12,0x00,0x10,0x00,0x06,0x00,0x00,0x00,
0x0a,0x00,0x10,0x00,0x06,0x00,0x00,0x00,0x1a,0x00,0x10,0x00,0x06,0x00,0x00,0x00,
0x01,0x00,0x00,0x07,0x12,0x00,0x10,0x00,0x06,0x00,0x00,0x00,0x0a,0x00,0x10,0x00,
0x06,0x00,0x00,0x00,0x01,0x40,0x00,0x00,0x01,0x00,0x00,0x00,0x1e,0x00,0x00,0x07,
0x12,0x00,0x10,0x00,0x04,0x00,0x00,0x00,0x0a,0x00,0x10,0x00,0x04,0x00,0x00,0x00,
0x0a,0x00,0x10,0x00,0x06,0x00,0x00,0x00,0x11,0x00,0x00,0x08,0x12,0x00,0x10,0x00,
0x06,0x00,0x00,0x00,0x46,0x0e,0x10,0x00,0x0e,0x00,0x00,0x00,0x46,0x9e,0x90,0x00,
0x0a,0x00,0x10,0x00,0x04,0x00,0x00,0x00,0x1d,0x00,0x00,0x07,0x12,0x00,0x10,0x00,
0x06,0x00,0x00,0x00,0x0a,0x00,0x10,0x00,0x06,0x00,0x00,0x00,0x1a,0x00,0x10,0x00,
0x06,0x00,0x00,0x00,0x01,0x00,0x00,0x07,0x12,0x00,0x10,0x00,0x06,0x00,0x00,0x00,
0x0a,0x00,0x10,0x00,0x06,0x00,0x00,0x00,0x01,0x40,0x00,0x00,0x01,0x00,0x00,0x00,
0x1e,0x00,0x00,0x07,0x82,0x00,0x10,0x00,0x04,0x00,0x00,0x00,0x3a,0x00,0x10,0x00,
0x04,0x00,0x00,0x00,0x0a,0x00,0x10,0x00,0x06,0x00,0x00,0x00,0x12,0x00,0x00,0x01,
0x36,0x00,0x00,0x05,0x42,0x00,0x10,0x00,0x02,0x00,0x00,0x00,0x01,0x40,0x00,0x00,
0x00,0xe0,0x7f,0x47,0x15,0x00,0x00,0x01,0x15,0x00,0x00,0x01,0x31,0x00,0x00,0x07,
0x12,0x00,0x10,0x00,0x06,0x00,0x00,0x00,0x2a,0x00,0x10,0x00,0x02,0x00,0x00,0x00,
0x01,0x40,0x00,0x00,0x00,0xe0,0x7f,0x47,0x01,0x00,0x00,0x07,0x82,0x00,0x10,0x00,
0x02,0x00,0x00,0x00,0x3a,0x00,0x10,0x00,0x02,0x00,0x00,0x00,0x0a,0x00,0x10,0x00,
0x06,0x00,0x00,0x00,0x1f,0x00,0x04,0x03,0x3a,0x00,0x10,0x00,0x02,0x00,0x00,0x00,
0x11,0x00,0x00,0x08,0x12,0x00,0x10,0x00,0x06,0x00,0x00,0x00,0x46,0x0e,0x10,0x00,
0x0e,0x00,0x00,0x00,0x46,0x9e,0x90,0x00,0x0a,0x00,0x10,0x00,0x04,0x00,0x00,0x00,
0x11,0x00,0x00,0x08,0x22,0x00,0x10,0x00,0x06,0x00,0x00,0x00,0x46,0x0e,0x10,0x00,
0x0f,0x00,0x00,0x00,0x46,0x9e,0x90,0x00,0x3a,0x00,0x10,0x00,0x04,0x00,0x00,0x00,
0x00,0x00,0x00,0x08,0x42,0x00,0x10,0x00,0x06,0x00,0x00,0x00,0x1a,0x00,0x10,0x80,
0x41,0x00,0x00,0x00,0x06,0x00,0x00,0x00,0x0a,0x00,0x10,0x00,0x06,0x00,0x00,0x00,
0x31,0x00,0x00,0x08,0x82,0x00,0x10,0x00,0x06,0x00,0x00,0x00,0x01,0x40,0x00,0x00,
0x40,0xda,0x7f,0x38,0x2a,0x00,0x10,0x80,0x81,0x00,0x00,0x00,0x06,0x00,0x00,0x00,
0x1f,0x00,0x04,0x03,0x3a,0x00,0x10,0x00,0x06,0x00,0x00,0x00,0x31,0x00,0x00,0x07,
0x82,0x00,0x10,0x00,0x06,0x00,0x00,0x00,0x01,0x40,0x00,0x00,0x00,0x00,0x00,0x00,
0x2a,0x00,0x10,0x00,0x06,0x00,0x00,0x00,0x31,0x00,0x00,0x07,0x42,0x00,0x10,0x00,
0x06,0x00,0x00,0x00,0x2a,0x00,0x10,0x00,0x06,0x00,0x00,0x00,0x01,0x40,0x00,0x00,
0x00,0x00,0x00,0x00,0x1e,0x00,0x00,0x08,0x42,0x00,0x10,0x00,0x06,0x00,0x00,0x00,
0x3a,0x00,0x10,0x80,0x41,0x00,0x00,0x00,0x06,0x00,0x00,0x00,0x2a,0x00,0x10,0x00,
0x06,0x00,0x00,0x00,0x2b,0x00,0x00,0x05,0x42,0x00,0x10,0x00,0x06,0x00,0x00,0x00,
0x2a,0x00,0x10,0x00,0x06,0x00,0x00,0x00,0x34,0x00,0x00,0x07,0x82,0x00,0x10,0x00,
0x06,0x00,0x00,0x00,0x1a,0x00,0x10,0x00,0x06,0x00,0x00,0x00,0x0a,0x00,0x10,0x00,
0x06,0x00,0x00,0x00,0x39,0x00,0x00,0x07,0x82,0x00,0x10,0x00,0x07,0x00,0x00,0x00,
0x3a,0x00,0x10,0x00,0x06,0x00,0x00,0x00,0x01,0x40,0x00,0x00,0x00,0x00,0x00,0x00,
0x33,0x00,0x00,0x07,0x42,0x00,0x10,0x00,0x09,0x00,0x00,0x00,0x1a,0x00,0x10,0x00,
0x06,0x00,0x00,0x00,0x0a,0x00,0x10,0x00,0x06,0x00,0x00,0x00,0x0e,0x00,0x00,0x07,
0x82,0x00,0x10,0x00,0x06,0x00,0x00,0x00,0x2a,0x00,0x10,0x00,0x09,0x00,0x00,0x00,
0x3a,0x00,0x10,0x00,0x06,0x00,0x00,0x00,0x01,0x00,0x00,0x07,0x82,0x00,0x10,0x00,
0x06,0x00,0x00,0x00,0x3a,0x00,0x10,0x00,0x06,0x00,0x00,0x00,0x3a,0x00,0x10,0x00,
0x07,0x00,0x00,0x00,0x00,0x00,0x00,0x08,0x82,0x00,0x10,0x00,0x06,0x00,0x00,0x00,
0x3a,0x00,0x10,0x80,0x41,0x00,0x00,0x00,0x06,0x00,0x00,0x00,0x01,0x40,0x00,0x00,
0x00,0x00,0x80,0x3f,0x38,0x00,0x00,0x07,0x42,0x00,0x10,0x00,0x06,0x00,0x00,0x00,
0x3a,0x00,0x10,0x00,0x06,0x00,0x00,0x00,0x2a,0x00,0x10,0x00,0x06,0x00,0x00,0x00,
0x31,0x00,0x00,0x09,0x82,0x00,0x10,0x00,0x06,0x00,0x00,0x00,0x2a,0x00,0x10,0x80,
0x81,0x00,0x00,0x00,0x06,0x00,0x00,0x00,0x2a,0x00,0x10,0x80,0x81,0x00,0x00,0x00,
0x02,0x00,0x00,0x00,0x37,0x00,0x00,0x09,0x42,0x00,0x10,0x00,0x02,0x00,0x00,0x00,
0x3a,0x00,0x10,0x00,0x06,0x00,0x00,0x00,0x2a,0x00,0x10,0x00,0x06,0x00,0x00,0x00,
0x2a,0x00,0x10,0x00,0x02,0x00,0x00,0x00,0x31,0x00,0x00,0x07,0x12,0x00,0x10,0x00,
0x06,0x00,0x00,0x00,0x0a,0x00,0x10,0x00,0x06,0x00,0x00,0x00,0x1a,0x00,0x10,0x00,
0x06,0x00,0x00,0x00,0x01,0x00,0x00,0x07,0x12,0x00,0x10,0x00,0x06,0x00,0x00,0x00,
0x0a,0x00,0x10,0x00,0x06,0x00,0x00,0x00,0x01,0x40,0x00,0x00,0x01,0x00,0x00,0x00,
0x1e,0x00,0x00,0x07,0x12,0x00,0x10,0x00,0x04,0x00,0x00,0x00,0x0a,0x00,0x10,0x00,
0x04,0x00,0x00,0x00,0x0a,0x00,0x10,0x00,0x06,0x00,0x00,0x00,0x20,0x00,0x00,0x0a,
0xf2,0x00,0x10,0x00,0x10,0x00,0x00,0x00,0x06,0x00,0x10,0x00,0x04,0x00,0x00,0x00,
0x02,0x40,0x00,0x00,0x00,0x00,0x00,0x00,0x01,0x00,0x00,0x00,0x02,0x00,0x00,0x00,
0x03,0x00,0x00,0x00,0x20,0x00,0x00,0x07,0x12,0x00,0x10,0x00,0x06,0x00,0x00,0x00,
0x0a,0x00,0x10,0x00,0x04,0x00,0x00,0x00,0x01,0x40,0x00,0x00,0x04,0x00,0x00,0x00,
0x01,0x00,0x00,0x0a,0xf2,0x00,0x10,0x00,0x10,0x00,0x00,0x00,0x46,0x0e,0x10,0x00,
0x10,0x00,0x00,0x00,0x02,0x40,0x00,0x00,0x00,0x00,0x80,0x3f,0x00,0x00,0x80,0x3f,
0x00,0x00,0x80,0x3f,0x00,0x00,0x80,0x3f,0x01,0x00,0x00,0x07,0x12,0x00,0x10,0x00,
0x06,0x00,0x00,0x00,0x0a,0x00,0x10,0x00,0x06,0x00,0x00,0x00,0x01,0x40,0x00,0x00,
0x00,0x00,0x80,0x3f,0x11,0x00,0x00,0x07,0x42,0x00,0x10,0x00,0x06,0x00,0x00,0x00,
0x46,0x0e,0x10,0x00,0x10,0x00,0x00,0x00,0x46,0x0e,0x10,0x00,0x0e,0x00,0x00,0x00,
0x32,0x00,0x00,0x09,0x12,0x00,0x10,0x00,0x06,0x00,0x00,0x00,0x0a,0x00,0x10,0x00,
0x06,0x00,0x00,0x00,0x2a,0x00,0x10,0x00,0x0c,0x00,0x00,0x00,0x2a,0x00,0x10,0x00,
0x06,0x00,0x00,0x00,0x1d,0x00,0x00,0x07,0x12,0x00,0x10,0x00,0x06,0x00,0x00,0x00,
0x0a,0x00,0x10,0x00,0x06,0x00,0x00,0x00,0x1a,0x00,0x10,0x00,0x06,0x00,0x00,0x00,
0x01,0x00,0x00,0x07,0x12,0x00,0x10,0x00,0x06,0x00,0x00,0x00,0x0a,0x00,0x10,0x00,
0x06,0x00,0x00,0x00,0x01,0x40,0x00,0x00,0x01,0x00,0x00,0x00,0x1e,0x00,0x00,0x07,
0x82,0x00,0x10,0x00,0x04,0x00,0x00,0x00,0x3a,0x00,0x10,0x00,0x04,0x00,0x00,0x00,
0x0a,0x00,0x10,0x00,0x06,0x00,0x00,0x00,0x12,0x00,0x00,0x01,0x36,0x00,0x00,0x05,
0x42,0x00,0x10,0x00,0x02,0x00,0x00,0x00,0x01,0x40,0x00,0x00,0x00,0xe0,0x7f,0x47,
0x15,0x00,0x00,0x01,0x15,0x00,0x00,0x01,0x31,0x00,0x00,0x07,0x12,0x00,0x10,0x00,
0x06,0x00,0x00,0x00,0x2a,0x00,0x10,0x00,0x02,0x00,0x00,0x00,0x01,0x40,0x00,0x00,
0x00,0xe0,0x7f,0x47,0x01,0x00,0x00,0x07,0x82,0x00,0x10,0x00,0x02,0x00,0x00,0x00,
0x3a,0x00,0x10,0x00,0x02,0x00,0x00,0x00,0x0a,0x00,0x10,0x00,0x06,0x00,0x00,0x00,
0x1f,0x00,0x04,0x03,0x3a,0x00,0x10,0x00,0x02,0x00,0x00,0x00,0x34,0x00,0x00,0x07,
0x82,0x00,0x10,0x00,0x02,0x00,0x00,0x00,0x1a,0x00,0x10,0x00,0x0d,0x00,0x00,0x00,
0x0a,0x00,0x10,0x00,0x0d,0x00,0x00,0x00,0x20,0x00,0x00,0x0a,0xf2,0x00,0x10,0x00,
0x06,0x00,0x00,0x00,0x06,0x00,0x10,0x00,0x04,0x00,0x00,0x00,0x02,0x40,0x00,0x00,
0x00,0x00,0x00,0x00,0x01,0x00,0x00,0x00,0x02,0x00,0x00,0x00,0x03,0x00,0x00,0x00,
0x20,0x00,0x00,0x07,0x12,0x00,0x10,0x00,0x04,0x00,0x00,0x00,0x0a,0x00,0x10,0x00,
0x04,0x00,0x00,0x00,0x01,0x40,0x00,0x00,0x04,0x00,0x00,0x00,0x01,0x00,0x00,0x0a,
0xf2,0x00,0x10,0x00,0x06,0x00,0x00,0x00,0x46,0x0e,0x10,0x00,0x06,0x00,0x00,0x00,
0x02,0x40,0x00,0x00,0x00,0x00,0x80,0x3f,0x00,0x00,0x80,0x3f,0x00,0x00,0x80,0x3f,
0x00,0x00,0x80,0x3f,0x01,0x00,0x00,0x07,0x12,0x00,0x10,0x00,0x04,0x00,0x00,0x00,
0x0a,0x00,0x10,0x00,0x04,0x00,0x00,0x00,0x01,0x40,0x00,0x00,0x00,0x00,0x80,0x3f,
0x11,0x00,0x00,0x07,0x12,0x00,0x10,0x00,0x06,0x00,0x00,0x00,0x46,0x0e,0x10,0x00,
0x06,0x00,0x00,0x00,0x46,0x0e,0x10,0x00,0x0e,0x00,0x00,0x00,0x32,0x00,0x00,0x09,
0x12,0x00,0x10,0x00,0x04,0x00,0x00,0x00,0x0a,0x00,0x10,0x00,0x04,0x00,0x00,0x00,
0x2a,0x00,0x10,0x00,0x0c,0x00,0x00,0x00,0x0a,0x00,0x10,0x00,0x06,0x00,0x00,0x00,
0x20,0x00,0x00,0x0a,0xf2,0x00,0x10,0x00,0x06,0x00,0x00,0x00,0xf6,0x0f,0x10,0x00,
0x04,0x00,0x00,0x00,0x02,0x40,0x00,0x00,0x00,0x00,0x00,0x00,0x01,0x00,0x00,0x00,
0x02,0x00,0x00,0x00,0x03,0x00,0x00,0x00,0x20,0x00,0x00,0x07,0x82,0x00,0x10,0x00,
0x04,0x00,0x00,0x00,0x3a,0x00,0x10,0x00,0x04,0x00,0x00,0x00,0x01,0x40,0x00,0x00,
0x04,0x00,0x00,0x00,0x01,0x00,0x00,0x0a,0xf2,0x00,0x10,0x00,0x06,0x00,0x00,0x00,
0x46,0x0e,0x10,0x00,0x06,0x00,0x00,0x00,0x02,0x40,0x00,0x00,0x00,0x00,0x80,0x3f,
0x00,0x00,0x80,0x3f,0x00,0x00,0x80,0x3f,0x00,0x00,0x80,0x3f,0x01,0x00,0x00,0x07,
0x82,0x00,0x10,0x00,0x04,0x00,0x00,0x00,0x3a,0x00,0x10,0x00,0x04,0x00,0x00,0x00,
0x01,0x40,0x00,0x00,0x00,0x00,0x80,0x3f,0x11,0x00,0x00,0x07,0x12,0x00,0x10,0x00,
0x06,0x00,0x00,0x00,0x46,0x0e,0x10,0x00,0x06,0x00,0x00,0x00,0x46,0x0e,0x10,0x00,
0x0f,0x00,0x00,0x00,0x32,0x00,0x00,0x09,0x82,0x00,0x10,0x00,0x02,0x00,0x00,0x00,
0x3a,0x00,0x10,0x00,0x04,0x00,0x00,0x00,0x3a,0x00,0x10,0x00,0x02,0x00,0x00,0x00,
0x0a,0x00,0x10,0x00,0x06,0x00,0x00,0x00,0x00,0x00,0x00,0x08,0x82,0x00,0x10,0x00,
0x04,0x00,0x00,0x00,0x3a,0x00,0x10,0x80,0x41,0x00,0x00,0x00,0x02,0x00,0x00,0x00,
0x0a,0x00,0x10,0x00,0x04,0x00,0x00,0x00,0x31,0x00,0x00,0x08,0x12,0x00,0x10,0x00,
0x06,0x00,0x00,0x00,0x01,0x40,0x00,0x00,0x40,0xda,0x7f,0x38,0x3a,0x00,0x10,0x80,
0x81,0x00,0x00,0x00,0x04,0x00,0x00,0x00,0x1f,0x00,0x04,0x03,0x0a,0x00,0x10,0x00,
0x06,0x00,0x00,0x00,0x31,0x00,0x00,0x07,0x12,0x00,0x10,0x00,0x06,0x00,0x00,0x00,
0x01,0x40,0x00,0x00,0x00,0x00,0x00,0x00,0x3a,0x00,0x10,0x00,0x04,0x00,0x00,0x00,
0x31,0x00,0x00,0x07,0x82,0x00,0x10,0x00,0x04,0x00,0x00,0x00,0x3a,0x00,0x10,0x00,
0x04,0x00,0x00,0x00,0x01,0x40,0x00,0x00,0x00,0x00,0x00,0x00,0x1e,0x00,0x00,0x08,
0x82,0x00,0x10,0x00,0x04,0x00,0x00,0x00,0x0a,0x00,0x10,0x80,0x41,0x00,0x00,0x00,
0x06,0x00,0x00,0x00,0x3a,0x00,0x10,0x00,0x04,0x00,0x00,0x00,0x2b,0x00,0x00,0x05,
0x82,0x00,0x10,0x00,0x04,0x00,0x00,0x00,0x3a,0x00,0x10,0x00,0x04,0x00,0x00,0x00,
0x34,0x00,0x00,0x07,0x12,0x00,0x10,0x00,0x06,0x00,0x00,0x00,0x3a,0x00,0x10,0x00,
0x02,0x00,0x00,0x00,0x0a,0x00,0x10,0x00,0x04,0x00,0x00,0x00,0x39,0x00,0x00,0x07,
0x22,0x00,0x10,0x00,0x06,0x00,0x00,0x00,0x0a,0x00,0x10,0x00,0x06,0x00,0x00,0x00,
0x01,0x40,0x00,0x00,0x00,0x00,0x00,0x00,0x33,0x00,0x00,0x07,0x82,0x00,0x10,0x00,
0x02,0x00,0x00,0x00,0x3a,0x00,0x10,0x00,0x02,0x00,0x00,0x00,0x0a,0x00,0x10,0x00,
0x04,0x00,0x00,0x00,0x0e,0x00,0x00,0x07,0x82,0x00,0x10,0x00,0x02,0x00,0x00,0x00,
0x3a,0x00,0x10,0x00,0x02,0x00,0x00,0x00,0x0a,0x00,0x10,0x00,0x06,0x00,0x00,0x00,
0x01,0x00,0x00,0x07,0x82,0x00,0x10,0x00,0x02,0x00,0x00,0x00,0x3a,0x00,0x10,0x00,
0x02,0x00,0x00,0x00,0x1a,0x00,0x10,0x00,0x06,0x00,0x00,0x00,0x00,0x00,0x00,0x08,
0x82,0x00,0x10,0x00,0x02,0x00,0x00,0x00,0x3a,0x00,0x10,0x80,0x41,0x00,0x00,0x00,
0x02,0x00,0x00,0x00,0x01,0x40,0x00,0x00,0x00,0x00,0x80,0x3f,0x38,0x00,0x00,0x07,
0x82,0x00,0x10,0x00,0x02,0x00,0x00,0x00,0x3a,0x00,0x10,0x00,0x02,0x00,0x00,0x00,
0x3a,0x00,0x10,0x00,0x04,0x00,0x00,0x00,0x31,0x00,0x00,0x09,0x12,0x00,0x10,0x00,
0x04,0x00,0x00,0x00,0x3a,0x00,0x10,0x80,0x81,0x00,0x00,0x00,0x02,0x00,0x00,0x00,
0x2a,0x00,0x10,0x80,0x81,0x00,0x00,0x00,0x02,0x00,0x00,0x00,0x37,0x00,0x00,0x09,
0x42,0x00,0x10,0x00,0x02,0x00,0x00,0x00,0x0a,0x00,0x10,0x00,0x04,0x00,0x00,0x00,
0x3a,0x00,0x10,0x00,0x02,0x00,0x00,0x00,0x2a,0x00,0x10,0x00,0x02,0x00,0x00,0x00,
0x12,0x00,0x00,0x01,0x36,0x00,0x00,0x05,0x42,0x00,0x10,0x00,0x02,0x00,0x00,0x00,
0x01,0x40,0x00,0x00,0x00,0xe0,0x7f,0x47,0x15,0x00,0x00,0x01,0x15,0x00,0x00,0x01,
0x31,0x00,0x00,0x07,0x82,0x00,0x10,0x00,0x02,0x00,0x00,0x00,0x2a,0x00,0x10,0x00,
0x02,0x00,0x00,0x00,0x01,0x40,0x00,0x00,0x00,0xdf,0x7f,0x47,0x01,0x00,0x00,0x07,
0x82,0x00,0x10,0x00,0x02,0x00,0x00,0x00,0x3a,0x00,0x10,0x00,0x02,0x00,0x00,0x00,
0x01,0x40,0x00,0x00,0x00,0x00,0x80,0x3f,0x38,0x00,0x00,0x07,0x12,0x00,0x10,0x00,
0x06,0x00,0x00,0x00,0x3a,0x00,0x10,0x00,0x02,0x00,0x00,0x00,0x2a,0x00,0x10,0x00,
0x02,0x00,0x00,0x00,0x12,0x00,0x00,0x01,0x36,0x00,0x00,0x05,0x12,0x00,0x10,0x00,
0x06,0x00,0x00,0x00,0x01,0x40,0x00,0x00,0x00,0x00,0x00,0x00,0x15,0x00,0x00,0x01,
0x39,0x00,0x00,0x07,0x42,0x00,0x10,0x00,0x02,0x00,0x00,0x00,0x0a,0x00,0x10,0x00,
0x06,0x00,0x00,0x00,0x01,0x40,0x00,0x00,0x00,0x00,0x00,0x00,0x31,0x00,0x00,0x07,
0x82,0x00,0x10,0x00,0x02,0x00,0x00,0x00,0x01,0x40,0x00,0x00,0x00,0x00,0x00,0x00,
0x0a,0x00,0x10,0x00,0x06,0x00,0x00,0x00,0x31,0x00,0x00,0x07,0x12,0x00,0x10,0x00,
0x04,0x00,0x00,0x00,0x0a,0x00,0x10,0x00,0x06,0x00,0x00,0x00,0x01,0x40,0x00,0x00,
0x00,0x00,0x00,0x00,0x1e,0x00,0x00,0x08,0x82,0x00,0x10,0x00,0x02,0x00,0x00,0x00,
0x3a,0x00,0x10,0x80,0x41,0x00,0x00,0x00,0x02,0x00,0x00,0x00,0x0a,0x00,0x10,0x00,
0x04,0x00,0x00,0x00,0x2b,0x00,0x00,0x05,0x82,0x00,0x10,0x00,0x02,0x00,0x00,0x00,
0x3a,0x00,0x10,0x00,0x02,0x00,0x00,0x00,0x01,0x00,0x00,0x07,0x22,0x00,0x10,0x00,
0x06,0x00,0x00,0x00,0x3a,0x00,0x10,0x00,0x02,0x00,0x00,0x00,0x2a,0x00,0x10,0x00,
0x02,0x00,0x00,0x00,0x25,0x00,0x00,0x07,0xc2,0x00,0x10,0x00,0x02,0x00,0x00,0x00,
0x06,0x04,0x10,0x00,0x08,0x00,0x00,0x00,0x06,0x0c,0x10,0x00,0x03,0x00,0x00,0x00,
0x24,0x00,0x00,0x0a,0x32,0x00,0x10,0x00,0x0c,0x00,0x00,0x00,0xe6,0x0a,0x10,0x00,
0x02,0x00,0x00,0x00,0x02,0x40,0x00,0x00,0x00,0x00,0x00,0x00,0x00,0x00,0x00,0x00,
0x00,0x00,0x00,0x00,0x00,0x00,0x00,0x00,0x36,0x00,0x00,0x08,0xc2,0x00,0x10,0x00,
0x0c,0x00,0x00,0x00,0x02,0x40,0x00,0x00,0x00,0x00,0x00,0x00,0x00,0x00,0x00,0x00,
0x00,0x00,0x00,0x00,0x00,0x00,0x00,0x00,0x2d,0x00,0x00,0x89,0xc2,0x00,0x00,0x80,
0x43,0x55,0x15,0x00,0xc2,0x00,0x10,0x00,0x02,0x00,0x00,0x00,0x46,0x0e,0x10,0x00,
0x0c,0x00,0x00,0x00,0xe6,0x74,0x10,0x00,0x02,0x00,0x00,0x00,0x2b,0x00,0x00,0x05,
0xf2,0x00,0x10,0x00,0x0c,0x00,0x00,0x00,0x46,0x04,0x10,0x00,0x0c,0x00,0x00,0x00,
0x00,0x00,0x00,0x0a,0xf2,0x00,0x10,0x00,0x0c,0x00,0x00,0x00,0x46,0x0e,0x10,0x00,
0x0c,0x00,0x00,0x00,0x02,0x40,0x00,0x00,0x00,0x00,0x00,0x3f,0x00,0x00,0x00,0x3f,
0x00,0x00,0x00,0x3f,0x00,0x00,0x00,0x3f,0x0e,0x00,0x00,0x07,0xf2,0x00,0x10,0x00,
0x0c,0x00,0x00,0x00,0x46,0x0e,0x10,0x00,0x0c,0x00,0x00,0x00,0x46,0x04,0x10,0x00,
0x0a,0x00,0x00,0x00,0x00,0x00,0x00,0x07,0xf2,0x00,0x10,0x00,0x0d,0x00,0x00,0x00,
0xe6,0x0e,0x10,0x00,0x0b,0x00,0x00,0x00,0xe6,0x0e,0x10,0x00,0x0c,0x00,0x00,0x00,
0x00,0x00,0x00,0x07,0xf2,0x00,0x10,0x00,0x0d,0x00,0x00,0x00,0xe6,0x0e,0x10,0x00,
0x02,0x00,0x00,0x00,0x46,0x0e,0x10,0x00,0x0d,0x00,0x00,0x00,0x1d,0x00,0x00,0x0a,
0xc2,0x00,0x10,0x00,0x02,0x00,0x00,0x00,0xa6,0x0e,0x10,0x00,0x0d,0x00,0x00,0x00,
0x02,0x40,0x00,0x00,0x00,0x00,0x00,0x00,0x00,0x00,0x00,0x00,0x00,0x00,0x00,0x00,
0x00,0x00,0x00,0x00,0x1d,0x00,0x00,0x0a,0x92,0x00,0x10,0x00,0x03,0x00,0x00,0x00,
0x02,0x40,0x00,0x00,0x00,0x00,0x80,0x3f,0x00,0x00,0x00,0x00,0x00,0x00,0x00,0x00,
0x00,0x00,0x80,0x3f,0xa6,0x0e,0x10,0x00,0x0d,0x00,0x00,0x00,0x01,0x00,0x00,0x07,
0xc2,0x00,0x10,0x00,0x02,0x00,0x00,0x00,0xa6,0x0e,0x10,0x00,0x02,0x00,0x00,0x00,
0x06,0x0c,0x10,0x00,0x03,0x00,0x00,0x00,0x01,0x00,0x00,0x07,0x42,0x00,0x10,0x00,
0x02,0x00,0x00,0x00,0x3a,0x00,0x10,0x00,0x02,0x00,0x00,0x00,0x2a,0x00,0x10,0x00,
0x02,0x00,0x00,0x00,0x1f,0x00,0x04,0x03,0x2a,0x00,0x10,0x00,0x02,0x00,0x00,0x00,
0x38,0x00,0x00,0x07,0xf2,0x00,0x10,0x00,0x0d,0x00,0x00,0x00,0xe6,0x0e,0x10,0x00,
0x0a,0x00,0x00,0x00,0x46,0x0e,0x10,0x00,0x0d,0x00,0x00,0x00,0x41,0x00,0x00,0x05,
0xf2,0x00,0x10,0x00,0x0d,0x00,0x00,0x00,0x46,0x0e,0x10,0x00,0x0d,0x00,0x00,0x00,
0x1b,0x00,0x00,0x05,0xf2,0x00,0x10,0x00,0x0d,0x00,0x00,0x00,0x46,0x0e,0x10,0x00,
0x0d,0x00,0x00,0x00,0x1e,0x00,0x00,0x0b,0xf2,0x00,0x10,0x00,0x0e,0x00,0x00,0x00,
0xe6,0x8e,0x20,0x00,0x00,0x00,0x00,0x00,0x00,0x00,0x00,0x00,0x02,0x40,0x00,0x00,
0xff,0xff,0xff,0xff,0xff,0xff,0xff,0xff,0xff,0xff,0xff,0xff,0xff,0xff,0xff,0xff,
0x25,0x00,0x00,0x07,0xc2,0x00,0x10,0x00,0x02,0x00,0x00,0x00,0xa6,0x0e,0x10,0x00,
0x0d,0x00,0x00,0x00,0xa6,0x0e,0x10,0x00,0x0e,0x00,0x00,0x00,0x24,0x00,0x00,0x0a,
0x32,0x00,0x10,0x00,0x0f,0x00,0x00,0x00,0xe6,0x0a,0x10,0x00,0x02,0x00,0x00,0x00,
0x02,0x40,0x00,0x00,0x00,0x00,0x00,0x00,0x00,0x00,0x00,0x00,0x00,0x00,0x00,0x00,
0x00,0x00,0x00,0x00,0x36,0x00,0x00,0x08,0xc2,0x00,0x10,0x00,0x0f,0x00,0x00,0x00,
0x02,0x40,0x00,0x00,0x00,0x00,0x00,0x00,0x00,0x00,0x00,0x00,0x00,0x00,0x00,0x00,
0x00,0x00,0x00,0x00,0x2d,0x00,0x00,0x89,0xc2,0x00,0x00,0x80,0x43,0x55,0x15,0x00,
0x42,0x00,0x10,0x00,0x02,0x00,0x00,0x00,0x46,0x0e,0x10,0x00,0x0f,0x00,0x00,0x00,
0x96,0x7c,0x10,0x00,0x01,0x00,0x00,0x00,0x38,0x00,0x00,0x08,0x42,0x00,0x10,0x00,
0x02,0x00,0x00,0x00,0x2a,0x00,0x10,0x00,0x02,0x00,0x00,0x00,0x1a,0x80,0x20,0x00,
0x00,0x00,0x00,0x00,0x07,0x00,0x00,0x00,0x38,0x00,0x00,0x07,0x42,0x00,0x10,0x00,
0x02,0x00,0x00,0x00,0x2a,0x00,0x10,0x00,0x07,0x00,0x00,0x00,0x2a,0x00,0x10,0x00,
0x02,0x00,0x00,0x00,0x34,0x00,0x00,0x07,0x42,0x00,0x10,0x00,0x02,0x00,0x00,0x00,
0x2a,0x00,0x10,0x00,0x02,0x00,0x00,0x00,0x01,0x40,0x00,0x00,0x40,0xda,0x7f,0x38,
0x1e,0x00,0x00,0x0a,0xf2,0x00,0x10,0x00,0x0f,0x00,0x00,0x00,0xe6,0x0e,0x10,0x00,
0x0d,0x00,0x00,0x00,0x02,0x40,0x00,0x00,0xff,0xff,0xff,0xff,0x00,0x00,0x00,0x00,
0x01,0x00,0x00,0x00,0x00,0x00,0x00,0x00,0x25,0x00,0x00,0x07,0xf2,0x00,0x10,0x00,
0x0f,0x00,0x00,0x00,0x46,0x0e,0x10,0x00,0x0e,0x00,0x00,0x00,0x46,0x0e,0x10,0x00,
0x0f,0x00,0x00,0x00,0x24,0x00,0x00,0x0a,0xf2,0x00,0x10,0x00,0x0f,0x00,0x00,0x00,
0xe6,0x04,0x10,0x00,0x0f,0x00,0x00,0x00,0x02,0x40,0x00,0x00,0x00,0x00,0x00,0x00,
0x00,0x00,0x00,0x00,0x00,0x00,0x00,0x00,0x00,0x00,0x00,0x00,0x36,0x00,0x00,0x05,
0x32,0x00,0x10,0x00,0x10,0x00,0x00,0x00,0xe6,0x0a,0x10,0x00,0x0f,0x00,0x00,0x00,
0x36,0x00,0x00,0x08,0xc2,0x00,0x10,0x00,0x10,0x00,0x00,0x00,0x02,0x40,0x00,0x00,
0x00,0x00,0x00,0x00,0x00,0x00,0x00,0x00,0x00,0x00,0x00,0x00,0x00,0x00,0x00,0x00,
0x2d,0x00,0x00,0x89,0xc2,0x00,0x00,0x80,0x43,0x55,0x15,0x00,0x82,0x00,0x10,0x00,
0x02,0x00,0x00,0x00,0x46,0x0e,0x10,0x00,0x10,0x00,0x00,0x00,0x96,0x73,0x10,0x00,
0x01,0x00,0x00,0x00,0x38,0x00,0x00,0x08,0x82,0x00,0x10,0x00,0x02,0x00,0x00,0x00,
0x3a,0x00,0x10,0x00,0x02,0x00,0x00,0x00,0x1a,0x80,0x20,0x00,0x00,0x00,0x00,0x00,
0x07,0x00,0x00,0x00,0x38,0x00,0x00,0x07,0x82,0x00,0x10,0x00,0x02,0x00,0x00,0x00,
0x2a,0x00,0x10,0x00,0x07,0x00,0x00,0x00,0x3a,0x00,0x10,0x00,0x02,0x00,0x00,0x00,
0x34,0x00,0x00,0x07,0x82,0x00,0x10,0x00,0x02,0x00,0x00,0x00,0x3a,0x00,0x10,0x00,
0x02,0x00,0x00,0x00,0x01,0x40,0x00,0x00,0x40,0xda,0x7f,0x38,0x36,0x00,0x00,0x08,
0xc2,0x00,0x10,0x00,0x0f,0x00,0x00,0x00,0x02,0x40,0x00,0x00,0x00,0x00,0x00,0x00,
0x00,0x00,0x00,0x00,0x00,0x00,0x00,0x00,0x00,0x00,0x00,0x00,0x2d,0x00,0x00,0x89,
0xc2,0x00,0x00,0x80,0x43,0x55,0x15,0x00,0x12,0x00,0x10,0x00,0x03,0x00,0x00,0x00,
0x46,0x0e,0x10,0x00,0x0f,0x00,0x00,0x00,0x46,0x7e,0x10,0x00,0x01,0x00,0x00,0x00,
0x38,0x00,0x00,0x08,0x12,0x00,0x10,0x00,0x03,0x00,0x00,0x00,0x0a,0x00,0x10,0x00,
0x03,0x00,0x00,0x00,0x1a,0x80,0x20,0x00,0x00,0x00,0x00,0x00,0x07,0x00,0x00,0x00,
0x38,0x00,0x00,0x07,0x12,0x00,0x10,0x00,0x03,0x00,0x00,0x00,0x2a,0x00,0x10,0x00,
0x07,0x00,0x00,0x00,0x0a,0x00,0x10,0x00,0x03,0x00,0x00,0x00,0x34,0x00,0x00,0x07,
0x12,0x00,0x10,0x00,0x03,0x00,0x00,0x00,0x0a,0x00,0x10,0x00,0x03,0x00,0x00,0x00,
0x01,0x40,0x00,0x00,0x40,0xda,0x7f,0x38,0x1e,0x00,0x00,0x0a,0xf2,0x00,0x10,0x00,
0x0d,0x00,0x00,0x00,0x46,0x0e,0x10,0x00,0x0d,0x00,0x00,0x00,0x02,0x40,0x00,0x00,
0x00,0x00,0x00,0x00,0xff,0xff,0xff,0xff,0x00,0x00,0x00,0x00,0x01,0x00,0x00,0x00,
0x25,0x00,0x00,0x07,0xf2,0x00,0x10,0x00,0x0d,0x00,0x00,0x00,0x46,0x0e,0x10,0x00,
0x0e,0x00,0x00,0x00,0x46,0x0e,0x10,0x00,0x0d,0x00,0x00,0x00,0x24,0x00,0x00,0x0a,
0xf2,0x00,0x10,0x00,0x0d,0x00,0x00,0x00,0xe6,0x04,0x10,0x00,0x0d,0x00,0x00,0x00,
0x02,0x40,0x00,0x00,0x00,0x00,0x00,0x00,0x00,0x00,0x00,0x00,0x00,0x00,0x00,0x00,
0x00,0x00,0x00,0x00,0x36,0x00,0x00,0x05,0x32,0x00,0x10,0x00,0x0e,0x00,0x00,0x00,
0xe6,0x0a,0x10,0x00,0x0d,0x00,0x00,0x00,0x36,0x00,0x00,0x08,0xc2,0x00,0x10,0x00,
0x0e,0x00,0x00,0x00,0x02,0x40,0x00,0x00,0x00,0x00,0x00,0x00,0x00,0x00,0x00,0x00,
0x00,0x00,0x00,0x00,0x00,0x00,0x00,0x00,0x2d,0x00,0x00,0x89,0xc2,0x00,0x00,0x80,
0x43,0x55,0x15,0x00,0x82,0x00,0x10,0x00,0x03,0x00,0x00,0x00,0x46,0x0e,0x10,0x00,
0x0e,0x00,0x00,0x00,0x96,0x73,0x10,0x00,0x01,0x00,0x00,0x00,0x38,0x00,0x00,0x08,
0x82,0x00,0x10,0x00,0x03,0x00,0x00,0x00,0x3a,0x00,0x10,0x00,0x03,0x00,0x00,0x00,
0x1a,0x80,0x20,0x00,0x00,0x00,0x00,0x00,0x07,0x00,0x00,0x00,0x38,0x00,0x00,0x07,
0x82,0x00,0x10,0x00,0x03,0x00,0x00,0x00,0x2a,0x00,0x10,0x00,0x07,0x00,0x00,0x00,
0x3a,0x00,0x10,0x00,0x03,0x00,0x00,0x00,0x34,0x00,0x00,0x07,0x82,0x00,0x10,0x00,
0x03,0x00,0x00,0x00,0x3a,0x00,0x10,0x00,0x03,0x00,0x00,0x00,0x01,0x40,0x00,0x00,
0x40,0xda,0x7f,0x38,0x36,0x00,0x00,0x08,0xc2,0x00,0x10,0x00,0x0d,0x00,0x00,0x00,
0x02,0x40,0x00,0x00,0x00,0x00,0x00,0x00,0x00,0x00,0x00,0x00,0x00,0x00,0x00,0x00,
0x00,0x00,0x00,0x00,0x2d,0x00,0x00,0x89,0xc2,0x00,0x00,0x80,0x43,0x55,0x15,0x00,
0x12,0x00,0x10,0x00,0x04,0x00,0x00,0x00,0x46,0x0e,0x10,0x00,0x0d,0x00,0x00,0x00,
0x46,0x7e,0x10,0x00,0x01,0x00,0x00,0x00,0x38,0x00,0x00,0x08,0x12,0x00,0x10,0x00,
0x04,0x00,0x00,0x00,0x0a,0x00,0x10,0x00,0x04,0x00,0x00,0x00,0x1a,0x80,0x20,0x00,
0x00,0x00,0x00,0x00,0x07,0x00,0x00,0x00,0x38,0x00,0x00,0x07,0x12,0x00,0x10,0x00,
0x04,0x00,0x00,0x00,0x2a,0x00,0x10,0x00,0x07,0x00,0x00,0x00,0x0a,0x00,0x10,0x00,
0x04,0x00,0x00,0x00,0x34,0x00,0x00,0x07,0x12,0x00,0x10,0x00,0x04,0x00,0x00,0x00,
0x0a,0x00,0x10,0x00,0x04,0x00,0x00,0x00,0x01,0x40,0x00,0x00,0x40,0xda,0x7f,0x38,
0x00,0x00,0x00,0x07,0xf2,0x00,0x10,0x00,0x0b,0x00,0x00,0x00,0x46,0x04,0x10,0x00,
0x0b,0x00,0x00,0x00,0x46,0x0e,0x10,0x00,0x0c,0x00,0x00,0x00,0x38,0x00,0x00,0x07,
0xf2,0x00,0x10,0x00,0x0a,0x00,0x00,0x00,0x46,0x04,0x10,0x00,0x0a,0x00,0x00,0x00,
0x46,0x0e,0x10,0x00,0x0b,0x00,0x00,0x00,0x41,0x00,0x00,0x05,0xf2,0x00,0x10,0x00,
0x0a,0x00,0x00,0x00,0x46,0x0e,0x10,0x00,0x0a,0x00,0x00,0x00,0x1b,0x00,0x00,0x05,
0xf2,0x00,0x10,0x00,0x0a,0x00,0x00,0x00,0x46,0x0e,0x10,0x00,0x0a,0x00,0x00,0x00,
0x25,0x00,0x00,0x07,0xc2,0x00,0x10,0x00,0x06,0x00,0x00,0x00,0xa6,0x0e,0x10,0x00,
0x08,0x00,0x00,0x00,0xa6,0x0e,0x10,0x00,0x0a,0x00,0x00,0x00,0x24,0x00,0x00,0x0a,
0x32,0x00,0x10,0x00,0x0b,0x00,0x00,0x00,0xe6,0x0a,0x10,0x00,0x06,0x00,0x00,0x00,
0x02,0x40,0x00,0x00,0x00,0x00,0x00,0x00,0x00,0x00,0x00,0x00,0x00,0x00,0x00,0x00,
0x00,0x00,0x00,0x00,0x36,0x00,0x00,0x08,0xc2,0x00,0x10,0x00,0x0b,0x00,0x00,0x00,
0x02,0x40,0x00,0x00,0x00,0x00,0x00,0x00,0x00,0x00,0x00,0x00,0x00,0x00,0x00,0x00,
0x00,0x00,0x00,0x00,0x2d,0x00,0x00,0x89,0xc2,0x00,0x00,0x80,0x43,0x55,0x15,0x00,
0x82,0x00,0x10,0x00,0x04,0x00,0x00,0x00,0x46,0x0e,0x10,0x00,0x0b,0x00,0x00,0x00,
0x96,0x73,0x10,0x00,0x00,0x00,0x00,0x00,0x38,0x00,0x00,0x07,0x82,0x00,0x10,0x00,
0x04,0x00,0x00,0x00,0x2a,0x00,0x10,0x00,0x07,0x00,0x00,0x00,0x3a,0x00,0x10,0x00,
0x04,0x00,0x00,0x00,0x34,0x00,0x00,0x07,0x82,0x00,0x10,0x00,0x04,0x00,0x00,0x00,
0x3a,0x00,0x10,0x00,0x04,0x00,0x00,0x00,0x01,0x40,0x00,0x00,0x40,0xda,0x7f,0x38,
0x1e,0x00,0x00,0x0a,0xf2,0x00,0x10,0x00,0x0b,0x00,0x00,0x00,0xe6,0x0e,0x10,0x00,
0x0a,0x00,0x00,0x00,0x02,0x40,0x00,0x00,0xff,0xff,0xff,0xff,0x00,0x00,0x00,0x00,
0x01,0x00,0x00,0x00,0x00,0x00,0x00,0x00,0x25,0x00,0x00,0x07,0xf2,0x00,0x10,0x00,
0x0b,0x00,0x00,0x00,0x46,0x0e,0x10,0x00,0x08,0x00,0x00,0x00,0x46,0x0e,0x10,0x00,
0x0b,0x00,0x00,0x00,0x24,0x00,0x00,0x0a,0xf2,0x00,0x10,0x00,0x0b,0x00,0x00,0x00,
0xe6,0x04,0x10,0x00,0x0b,0x00,0x00,0x00,0x02,0x40,0x00,0x00,0x00,0x00,0x00,0x00,
0x00,0x00,0x00,0x00,0x00,0x00,0x00,0x00,0x00,0x00,0x00,0x00,0x36,0x00,0x00,0x05,
0x32,0x00,0x10,0x00,0x0c,0x00,0x00,0x00,0xe6,0x0a,0x10,0x00,0x0b,0x00,0x00,0x00,
0x36,0x00,0x00,0x08,0xc2,0x00,0x10,0x00,0x0c,0x00,0x00,0x00,0x02,0x40,0x00,0x00,
0x00,0x00,0x00,0x00,0x00,0x00,0x00,0x00,0x00,0x00,0x00,0x00,0x00,0x00,0x00,0x00,
0x2d,0x00,0x00,0x89,0xc2,0x00,0x00,0x80,0x43,0x55,0x15,0x00,0x42,0x00,0x10,0x00,
0x06,0x00,0x00,0x00,0x46,0x0e,0x10,0x00,0x0c,0x00,0x00,0x00,0x96,0x7c,0x10,0x00,
0x00,0x00,0x00,0x00,0x38,0x00,0x00,0x07,0x42,0x00,0x10,0x00,0x06,0x00,0x00,0x00,
0x2a,0x00,0x10,0x00,0x07,0x00,0x00,0x00,0x2a,0x00,0x10,0x00,0x06,0x00,0x00,0x00,
0x34,0x00,0x00,0x07,0x42,0x00,0x10,0x00,0x06,0x00,0x00,0x00,0x2a,0x00,0x10,0x00,
0x06,0x00,0x00,0x00,0x01,0x40,0x00,0x00,0x40,0xda,0x7f,0x38,0x36,0x00,0x00,0x08,
0xc2,0x00,0x10,0x00,0x0b,0x00,0x00,0x00,0x02,0x40,0x00,0x00,0x00,0x00,0x00,0x00,
0x00,0x00,0x00,0x00,0x00,0x00,0x00,0x00,0x00,0x00,0x00,0x00,0x2d,0x00,0x00,0x89,
0xc2,0x00,0x00,0x80,0x43,0x55,0x15,0x00,0x82,0x00,0x10,0x00,0x06,0x00,0x00,0x00,
0x46,0x0e,0x10,0x00,0x0b,0x00,0x00,0x00,0x96,0x73,0x10,0x00,0x00,0x00,0x00,0x00,
0x38,0x00,0x00,0x07,0x82,0x00,0x10,0x00,0x06,0x00,0x00,0x00,0x2a,0x00,0x10,0x00,
0x07,0x00,0x00,0x00,0x3a,0x00,0x10,0x00,0x06,0x00,0x00,0x00,0x34,0x00,0x00,0x07,
0x82,0x00,0x10,0x00,0x06,0x00,0x00,0x00,0x3a,0x00,0x10,0x00,0x06,0x00,0x00,0x00,
0x01,0x40,0x00,0x00,0x40,0xda,0x7f,0x38,0x1e,0x00,0x00,0x0a,0xf2,0x00,0x10,0x00,
0x0a,0x00,0x00,0x00,0x46,0x0e,0x10,0x00,0x0a,0x00,0x00,0x00,0x02,0x40,0x00,0x00,
0x00,0x00,0x00,0x00,0xff,0xff,0xff,0xff,0x00,0x00,0x00,0x00,0x01,0x00,0x00,0x00,
0x25,0x00,0x00,0x07,0xf2,0x00,0x10,0x00,0x08,0x00,0x00,0x00,0x46,0x0e,0x10,0x00,
0x08,0x00,0x00,0x00,0x46,0x0e,0x10,0x00,0x0a,0x00,0x00,0x00,0x24,0x00,0x00,0x0a,
0xf2,0x00,0x10,0x00,0x08,0x00,0x00,0x00,0xe6,0x04,0x10,0x00,0x08,0x00,0x00,0x00,
0x02,0x40,0x00,0x00,0x00,0x00,0x00,0x00,0x00,0x00,0x00,0x00,0x00,0x00,0x00,0x00,
0x00,0x00,0x00,0x00,0x36,0x00,0x00,0x05,0x32,0x00,0x10,0x00,0x0a,0x00,0x00,0x00,
0xe6,0x0a,0x10,0x00,0x08,0x00,0x00,0x00,0x36,0x00,0x00,0x08,0xc2,0x00,0x10,0x00,
0x0a,0x00,0x00,0x00,0x02,0x40,0x00,0x00,0x00,0x00,0x00,0x00,0x00,0x00,0x00,0x00,
0x00,0x00,0x00,0x00,0x00,0x00,0x00,0x00,0x2d,0x00,0x00,0x89,0xc2,0x00,0x00,0x80,
0x43,0x55,0x15,0x00,0x82,0x00,0x10,0x00,0x07,0x00,0x00,0x00,0x46,0x0e,0x10,0x00,
0x0a,0x00,0x00,0x00,0x96,0x73,0x10,0x00,0x00,0x00,0x00,0x00,0x38,0x00,0x00,0x07,
0x82,0x00,0x10,0x00,0x07,0x00,0x00,0x00,0x2a,0x00,0x10,0x00,0x07,0x00,0x00,0x00,
0x3a,0x00,0x10,0x00,0x07,0x00,0x00,0x00,0x36,0x00,0x00,0x08,0xc2,0x00,0x10,0x00,
0x08,0x00,0x00,0x00,0x02,0x40,0x00,0x00,0x00,0x00,0x00,0x00,0x00,0x00,0x00,0x00,
0x00,0x00,0x00,0x00,0x00,0x00,0x00,0x00,0x2d,0x00,0x00,0x89,0xc2,0x00,0x00,0x80,
0x43,0x55,0x15,0x00,0x12,0x00,0x10,0x00,0x08,0x00,0x00,0x00,0x46,0x0e,0x10,0x00,
0x08,0x00,0x00,0x00,0x46,0x7e,0x10,0x00,0x00,0x00,0x00,0x00,0x38,0x00,0x00,0x07,
0x42,0x00,0x10,0x00,0x07,0x00,0x00,0x00,0x2a,0x00,0x10,0x00,0x07,0x00,0x00,0x00,
0x0a,0x00,0x10,0x00,0x08,0x00,0x00,0x00,0x34,0x00,0x00,0x0a,0xc2,0x00,0x10,0x00,
0x07,0x00,0x00,0x00,0xa6,0x0e,0x10,0x00,0x07,0x00,0x00,0x00,0x02,0x40,0x00,0x00,
0x00,0x00,0x00,0x00,0x00,0x00,0x00,0x00,0x40,0xda,0x7f,0x38,0x40,0xda,0x7f,0x38,
0x33,0x00,0x00,0x07,0x12,0x00,0x10,0x00,0x08,0x00,0x00,0x00,0x3a,0x00,0x10,0x00,
0x04,0x00,0x00,0x00,0x3a,0x00,0x10,0x00,0x07,0x00,0x00,0x00,0x34,0x00,0x00,0x07,
0x82,0x00,0x10,0x00,0x04,0x00,0x00,0x00,0x3a,0x00,0x10,0x00,0x04,0x00,0x00,0x00,
0x3a,0x00,0x10,0x00,0x07,0x00,0x00,0x00,0x33,0x00,0x00,0x07,0x82,0x00,0x10,0x00,
0x07,0x00,0x00,0x00,0x2a,0x00,0x10,0x00,0x06,0x00,0x00,0x00,0x2a,0x00,0x10,0x00,
0x07,0x00,0x00,0x00,0x34,0x00,0x00,0x07,0x42,0x00,0x10,0x00,0x06,0x00,0x00,0x00,
0x2a,0x00,0x10,0x00,0x06,0x00,0x00,0x00,0x2a,0x00,0x10,0x00,0x07,0x00,0x00,0x00,
0x34,0x00,0x00,0x07,0x42,0x00,0x10,0x00,0x07,0x00,0x00,0x00,0x3a,0x00,0x10,0x00,
0x06,0x00,0x00,0x00,0x0a,0x00,0x10,0x00,0x08,0x00,0x00,0x00,0x34,0x00,0x00,0x07,
0x22,0x00,0x10,0x00,0x08,0x00,0x00,0x00,0x3a,0x00,0x10,0x00,0x04,0x00,0x00,0x00,
0x3a,0x00,0x10,0x00,0x07,0x00,0x00,0x00,0x34,0x00,0x00,0x07,0x42,0x00,0x10,0x00,
0x08,0x00,0x00,0x00,0x2a,0x00,0x10,0x00,0x06,0x00,0x00,0x00,0x2a,0x00,0x10,0x00,
0x07,0x00,0x00,0x00,0x34,0x00,0x00,0x07,0x82,0x00,0x10,0x00,0x08,0x00,0x00,0x00,
0x2a,0x00,0x10,0x00,0x08,0x00,0x00,0x00,0x1a,0x00,0x10,0x00,0x08,0x00,0x00,0x00,
0x33,0x00,0x00,0x07,0x42,0x00,0x10,0x00,0x09,0x00,0x00,0x00,0x2a,0x00,0x10,0x00,
0x02,0x00,0x00,0x00,0x3a,0x00,0x10,0x00,0x03,0x00,0x00,0x00,0x34,0x00,0x00,0x07,
0x42,0x00,0x10,0x00,0x02,0x00,0x00,0x00,0x2a,0x00,0x10,0x00,0x02,0x00,0x00,0x00,
0x3a,0x00,0x10,0x00,0x03,0x00,0x00,0x00,0x33,0x00,0x00,0x07,0x82,0x00,0x10,0x00,
0x03,0x00,0x00,0x00,0x3a,0x00,0x10,0x00,0x02,0x00,0x00,0x00,0x0a,0x00,0x10,0x00,
0x04,0x00,0x00,0x00,0x34,0x00,0x00,0x07,0x82,0x00,0x10,0x00,0x02,0x00,0x00,0x00,
0x3a,0x00,0x10,0x00,0x02,0x00,0x00,0x00,0x0a,0x00,0x10,0x00,0x04,0x00,0x00,0x00,
0x34,0x00,0x00,0x07,0x12,0x00,0x10,0x00,0x04,0x00,0x00,0x00,0x0a,0x00,0x10,0x00,
0x03,0x00,0x00,0x00,0x2a,0x00,0x10,0x00,0x09,0x00,0x00,0x00,0x34,0x00,0x00,0x07,
0x82,0x00,0x10,0x00,0x09,0x00,0x00,0x00,0x2a,0x00,0x10,0x00,0x02,0x00,0x00,0x00,
0x3a,0x00,0x10,0x00,0x03,0x00,0x00,0x00,0x34,0x00,0x00,0x07,0x12,0x00,0x10,0x00,
0x0a,0x00,0x00,0x00,0x3a,0x00,0x10,0x00,0x02,0x00,0x00,0x00,0x0a,0x00,0x10,0x00,
0x04,0x00,0x00,0x00,0x33,0x00,0x00,0x07,0x82,0x00,0x10,0x00,0x06,0x00,0x00,0x00,
0x3a,0x00,0x10,0x00,0x06,0x00,0x00,0x00,0x0a,0x00,0x10,0x00,0x08,0x00,0x00,0x00,
0x33,0x00,0x00,0x07,0x82,0x00,0x10,0x00,0x04,0x00,0x00,0x00,0x3a,0x00,0x10,0x00,
0x04,0x00,0x00,0x00,0x3a,0x00,0x10,0x00,0x07,0x00,0x00,0x00,0x33,0x00,0x00,0x07,
0x12,0x00,0x10,0x00,0x0b,0x00,0x00,0x00,0x3a,0x00,0x10,0x00,0x04,0x00,0x00,0x00,
0x3a,0x00,0x10,0x00,0x06,0x00,0x00,0x00,0x34,0x00,0x00,0x07,0x82,0x00,0x10,0x00,
0x04,0x00,0x00,0x00,0x3a,0x00,0x10,0x00,0x04,0x00,0x00,0x00,0x3a,0x00,0x10,0x00,
0x06,0x00,0x00,0x00,0x33,0x00,0x00,0x07,0x42,0x00,0x10,0x00,0x06,0x00,0x00,0x00,
0x2a,0x00,0x10,0x00,0x06,0x00,0x00,0x00,0x2a,0x00,0x10,0x00,0x07,0x00,0x00,0x00,
0x33,0x00,0x00,0x07,0x22,0x00,0x10,0x00,0x0b,0x00,0x00,0x00,0x3a,0x00,0x10,0x00,
0x04,0x00,0x00,0x00,0x2a,0x00,0x10,0x00,0x06,0x00,0x00,0x00,0x34,0x00,0x00,0x07,
0x82,0x00,0x10,0x00,0x04,0x00,0x00,0x00,0x3a,0x00,0x10,0x00,0x04,0x00,0x00,0x00,
0x2a,0x00,0x10,0x00,0x06,0x00,0x00,0x00,0x33,0x00,0x00,0x07,0x42,0x00,0x10,0x00,
0x06,0x00,0x00,0x00,0x2a,0x00,0x10,0x00,0x08,0x00,0x00,0x00,0x1a,0x00,0x10,0x00,
0x08,0x00,0x00,0x00,0x33,0x00,0x00,0x07,0x42,0x00,0x10,0x00,0x0b,0x00,0x00,0x00,
0x3a,0x00,0x10,0x00,0x04,0x00,0x00,0x00,0x2a,0x00,0x10,0x00,0x06,0x00,0x00,0x00,
0x34,0x00,0x00,0x07,0x82,0x00,0x10,0x00,0x0b,0x00,0x00,0x00,0x3a,0x00,0x10,0x00,
0x04,0x00,0x00,0x00,0x2a,0x00,0x10,0x00,0x06,0x00,0x00,0x00,0x33,0x00,0x00,0x07,
0x12,0x00,0x10,0x00,0x03,0x00,0x00,0x00,0x0a,0x00,0x10,0x00,0x03,0x00,0x00,0x00,
0x2a,0x00,0x10,0x00,0x09,0x00,0x00,0x00,0x33,0x00,0x00,0x07,0x42,0x00,0x10,0x00,
0x02,0x00,0x00,0x00,0x2a,0x00,0x10,0x00,0x02,0x00,0x00,0x00,0x3a,0x00,0x10,0x00,
0x03,0x00,0x00,0x00,0x33,0x00,0x00,0x07,0x12,0x00,0x10,0x00,0x0c,0x00,0x00,0x00,
0x2a,0x00,0x10,0x00,0x02,0x00,0x00,0x00,0x0a,0x00,0x10,0x00,0x03,0x00,0x00,0x00,
0x34,0x00,0x00,0x07,0x42,0x00,0x10,0x00,0x02,0x00,0x00,0x00,0x2a,0x00,0x10,0x00,
0x02,0x00,0x00,0x00,0x0a,0x00,0x10,0x00,0x03,0x00,0x00,0x00,0x33,0x00,0x00,0x07,
0x82,0x00,0x10,0x00,0x02,0x00,0x00,0x00,0x3a,0x00,0x10,0x00,0x02,0x00,0x00,0x00,
0x0a,0x00,0x10,0x00,0x04,0x00,0x00,0x00,0x33,0x00,0x00,0x07,0x22,0x00,0x10,0x00,
0x0c,0x00,0x00,0x00,0x3a,0x00,0x10,0x00,0x02,0x00,0x00,0x00,0x2a,0x00,0x10,0x00,
0x02,0x00,0x00,0x00,0x34,0x00,0x00,0x07,0x42,0x00,0x10,0x00,0x02,0x00,0x00,0x00,
0x3a,0x00,0x10,0x00,0x02,0x00,0x00,0x00,0x2a,0x00,0x10,0x00,0x02,0x00,0x00,0x00,
0x33,0x00,0x00,0x07,0x82,0x00,0x10,0x00,0x02,0x00,0x00,0x00,0x3a,0x00,0x10,0x00,
0x09,0x00,0x00,0x00,0x0a,0x00,0x10,0x00,0x0a,0x00,0x00,0x00,0x33,0x00,0x00,0x07,
0x42,0x00,0x10,0x00,0x0c,0x00,0x00,0x00,0x3a,0x00,0x10,0x00,0x02,0x00,0x00,0x00,
0x2a,0x00,0x10,0x00,0x02,0x00,0x00,0x00,0x34,0x00,0x00,0x07,0x82,0x00,0x10,0x00,
0x0c,0x00,0x00,0x00,0x3a,0x00,0x10,0x00,0x02,0x00,0x00,0x00,0x2a,0x00,0x10,0x00,
0x02,0x00,0x00,0x00,0x00,0x00,0x00,0x08,0x42,0x00,0x10,0x00,0x02,0x00,0x00,0x00,
0x0a,0x00,0x10,0x00,0x0b,0x00,0x00,0x00,0x0a,0x00,0x10,0x80,0x41,0x00,0x00,0x00,
0x0c,0x00,0x00,0x00,0x31,0x00,0x00,0x08,0x82,0x00,0x10,0x00,0x02,0x00,0x00,0x00,
0x01,0x40,0x00,0x00,0x40,0xda,0x7f,0x38,0x2a,0x00,0x10,0x80,0x81,0x00,0x00,0x00,
0x02,0x00,0x00,0x00,0x1f,0x00,0x04,0x03,0x3a,0x00,0x10,0x00,0x02,0x00,0x00,0x00,
0x31,0x00,0x00,0x07,0x82,0x00,0x10,0x00,0x02,0x00,0x00,0x00,0x01,0x40,0x00,0x00,
0x00,0x00,0x00,0x00,0x2a,0x00,0x10,0x00,0x02,0x00,0x00,0x00,0x31,0x00,0x00,0x07,
0x42,0x00,0x10,0x00,0x02,0x00,0x00,0x00,0x2a,0x00,0x10,0x00,0x02,0x00,0x00,0x00,
0x01,0x40,0x00,0x00,0x00,0x00,0x00,0x00,0x1e,0x00,0x00,0x08,0x42,0x00,0x10,0x00,
0x02,0x00,0x00,0x00,0x3a,0x00,0x10,0x80,0x41,0x00,0x00,0x00,0x02,0x00,0x00,0x00,
0x2a,0x00,0x10,0x00,0x02,0x00,0x00,0x00,0x2b,0x00,0x00,0x05,0x42,0x00,0x10,0x00,
0x02,0x00,0x00,0x00,0x2a,0x00,0x10,0x00,0x02,0x00,0x00,0x00,0x34,0x00,0x00,0x07,
0x82,0x00,0x10,0x00,0x02,0x00,0x00,0x00,0x0a,0x00,0x10,0x00,0x0b,0x00,0x00,0x00,
0x0a,0x00,0x10,0x00,0x0c,0x00,0x00,0x00,0x33,0x00,0x00,0x07,0x12,0x00,0x10,0x00,
0x03,0x00,0x00,0x00,0x0a,0x00,0x10,0x00,0x0b,0x00,0x00,0x00,0x0a,0x00,0x10,0x00,
0x0c,0x00,0x00,0x00,0x0e,0x00,0x00,0x07,0x82,0x00,0x10,0x00,0x02,0x00,0x00,0x00,
0x0a,0x00,0x10,0x00,0x03,0x00,0x00,0x00,0x3a,0x00,0x10,0x00,0x02,0x00,0x00,0x00,
0x00,0x00,0x00,0x08,0x82,0x00,0x10,0x00,0x02,0x00,0x00,0x00,0x3a,0x00,0x10,0x80,
0x41,0x00,0x00,0x00,0x02,0x00,0x00,0x00,0x01,0x40,0x00,0x00,0x00,0x00,0x80,0x3f,
0x38,0x00,0x00,0x07,0x42,0x00,0x10,0x00,0x02,0x00,0x00,0x00,0x3a,0x00,0x10,0x00,
0x02,0x00,0x00,0x00,0x2a,0x00,0x10,0x00,0x02,0x00,0x00,0x00,0x31,0x00,0x00,0x08,
0x82,0x00,0x10,0x00,0x02,0x00,0x00,0x00,0x2a,0x00,0x10,0x80,0x81,0x00,0x00,0x00,
0x02,0x00,0x00,0x00,0x01,0x40,0x00,0x00,0x00,0xdf,0x7f,0x47,0x37,0x00,0x00,0x09,
0x42,0x00,0x10,0x00,0x02,0x00,0x00,0x00,0x3a,0x00,0x10,0x00,0x02,0x00,0x00,0x00,
0x2a,0x00,0x10,0x00,0x02,0x00,0x00,0x00,0x01,0x40,0x00,0x00,0x00,0xdf,0x7f,0x47,
0x31,0x00,0x00,0x07,0x82,0x00,0x10,0x00,0x02,0x00,0x00,0x00,0x0a,0x00,0x10,0x00,
0x0b,0x00,0x00,0x00,0x0a,0x00,0x10,0x00,0x0c,0x00,0x00,0x00,0x01,0x00,0x00,0x07,
0x12,0x00,0x10,0x00,0x03,0x00,0x00,0x00,0x3a,0x00,0x10,0x00,0x02,0x00,0x00,0x00,
0x01,0x40,0x00,0x00,0x01,0x00,0x00,0x00,0x0f,0x00,0x00,0x08,0x82,0x00,0x10,0x00,
0x02,0x00,0x00,0x00,0x46,0x00,0x10,0x00,0x0b,0x00,0x00,0x00,0x46,0x90,0x90,0x00,
0x0a,0x00,0x10,0x00,0x03,0x00,0x00,0x00,0x1d,0x00,0x00,0x07,0x82,0x00,0x10,0x00,
0x02,0x00,0x00,0x00,0x3a,0x00,0x10,0x00,0x02,0x00,0x00,0x00,0x0a,0x00,0x10,0x00,
0x0c,0x00,0x00,0x00,0x01,0x00,0x00,0x07,0x82,0x00,0x10,0x00,0x03,0x00,0x00,0x00,
0x3a,0x00,0x10,0x00,0x02,0x00,0x00,0x00,0x01,0x40,0x00,0x00,0x01,0x00,0x00,0x00,
0x12,0x00,0x00,0x01,0x36,0x00,0x00,0x08,0x92,0x00,0x10,0x00,0x03,0x00,0x00,0x00,
0x02,0x40,0x00,0x00,0x00,0x00,0x00,0x00,0x00,0x00,0x00,0x00,0x00,0x00,0x00,0x00,
0x00,0x00,0x00,0x00,0x36,0x00,0x00,0x05,0x42,0x00,0x10,0x00,0x02,0x00,0x00,0x00,
0x01,0x40,0x00,0x00,0x00,0xe0,0x7f,0x47,0x15,0x00,0x00,0x01,0x31,0x00,0x00,0x07,
0x82,0x00,0x10,0x00,0x02,0x00,0x00,0x00,0x2a,0x00,0x10,0x00,0x02,0x00,0x00,0x00,
0x01,0x40,0x00,0x00,0x00,0xe0,0x7f,0x47,0x1f,0x00,0x04,0x03,0x3a,0x00,0x10,0x00,
0x02,0x00,0x00,0x00,0x0f,0x00,0x00,0x08,0x12,0x00,0x10,0x00,0x04,0x00,0x00,0x00,
0x46,0x00,0x10,0x00,0x0b,0x00,0x00,0x00,0x46,0x90,0x90,0x00,0x0a,0x00,0x10,0x00,
0x03,0x00,0x00,0x00,0x0f,0x00,0x00,0x08,0x82,0x00,0x10,0x00,0x04,0x00,0x00,0x00,
0x46,0x00,0x10,0x00,0x0c,0x00,0x00,0x00,0x46,0x90,0x90,0x00,0x3a,0x00,0x10,0x00,
0x03,0x00,0x00,0x00,0x00,0x00,0x00,0x08,0x42,0x00,0x10,0x00,0x06,0x00,0x00,0x00,
0x3a,0x00,0x10,0x80,0x41,0x00,0x00,0x00,0x04,0x00,0x00,0x00,0x0a,0x00,0x10,0x00,
0x04,0x00,0x00,0x00,0x31,0x00,0x00,0x08,0x82,0x00,0x10,0x00,0x06,0x00,0x00,0x00,
0x01,0x40,0x00,0x00,0x40,0xda,0x7f,0x38,0x2a,0x00,0x10,0x80,0x81,0x00,0x00,0x00,
0x06,0x00,0x00,0x00,0x1f,0x00,0x04,0x03,0x3a,0x00,0x10,0x00,0x06,0x00,0x00,0x00,
0x31,0x00,0x00,0x07,0x82,0x00,0x10,0x00,0x06,0x00,0x00,0x00,0x01,0x40,0x00,0x00,
0x00,0x00,0x00,0x00,0x2a,0x00,0x10,0x00,0x06,0x00,0x00,0x00,0x31,0x00,0x00,0x07,
0x42,0x00,0x10,0x00,0x06,0x00,0x00,0x00,0x2a,0x00,0x10,0x00,0x06,0x00,0x00,0x00,
0x01,0x40,0x00,0x00,0x00,0x00,0x00,0x00,0x1e,0x00,0x00,0x08,0x42,0x00,0x10,0x00,
0x06,0x00,0x00,0x00,0x3a,0x00,0x10,0x80,0x41,0x00,0x00,0x00,0x06,0x00,0x00,0x00,
0x2a,0x00,0x10,0x00,0x06,0x00,0x00,0x00,0x2b,0x00,0x00,0x05,0x42,0x00,0x10,0x00,
0x06,0x00,0x00,0x00,0x2a,0x00,0x10,0x00,0x06,0x00,0x00,0x00,0x34,0x00,0x00,0x07,
0x82,0x00,0x10,0x00,0x06,0x00,0x00,0x00,0x3a,0x00,0x10,0x00,0x04,0x00,0x00,0x00,
0x0a,0x00,0x10,0x00,0x04,0x00,0x00,0x00,0x39,0x00,0x00,0x07,0x42,0x00,0x10,0x00,
0x07,0x00,0x00,0x00,0x3a,0x00,0x10,0x00,0x06,0x00,0x00,0x00,0x01,0x40,0x00,0x00,
0x00,0x00,0x00,0x00,0x33,0x00,0x00,0x07,0x82,0x00,0x10,0x00,0x07,0x00,0x00,0x00,
0x3a,0x00,0x10,0x00,0x04,0x00,0x00,0x00,0x0a,0x00,0x10,0x00,0x04,0x00,0x00,0x00,
0x0e,0x00,0x00,0x07,0x82,0x00,0x10,0x00,0x06,0x00,0x00,0x00,0x3a,0x00,0x10,0x00,
0x07,0x00,0x00,0x00,0x3a,0x00,0x10,0x00,0x06,0x00,0x00,0x00,0x01,0x00,0x00,0x07,
0x82,0x00,0x10,0x00,0x06,0x00,0x00,0x00,0x3a,0x00,0x10,0x00,0x06,0x00,0x00,0x00,
0x2a,0x00,0x10,0x00,0x07,0x00,0x00,0x00,0x00,0x00,0x00,0x08,0x82,0x00,0x10,0x00,
0x06,0x00,0x00,0x00,0x3a,0x00,0x10,0x80,0x41,0x00,0x00,0x00,0x06,0x00,0x00,0x00,
0x01,0x40,0x00,0x00,0x00,0x00,0x80,0x3f,0x38,0x00,0x00,0x07,0x42,0x00,0x10,0x00,
0x06,0x00,0x00,0x00,0x3a,0x00,0x10,0x00,0x06,0x00,0x00,0x00,0x2a,0x00,0x10,0x00,
0x06,0x00,0x00,0x00,0x31,0x00,0x00,0x09,0x82,0x00,0x10,0x00,0x06,0x00,0x00,0x00,
0x2a,0x00,0x10,0x80,0x81,0x00,0x00,0x00,0x06,0x00,0x00,0x00,0x2a,0x00,0x10,0x80,
0x81,0x00,0x00,0x00,0x02,0x00,0x00,0x00,0x37,0x00,0x00,0x09,0x42,0x00,0x10,0x00,
0x02,0x00,0x00,0x00,0x3a,0x00,0x10,0x00,0x06,0x00,0x00,0x00,0x2a,0x00,0x10,0x00,
0x06,0x00,0x00,0x00,0x2a,0x00,0x10,0x00,0x02,0x00,0x00,0x00,0x31,0x00,0x00,0x07,
0x12,0x00,0x10,0x00,0x04,0x00,0x00,0x00,0x0a,0x00,0x10,0x00,0x04,0x00,0x00,0x00,
0x3a,0x00,0x10,0x00,0x04,0x00,0x00,0x00,0x01,0x00,0x00,0x07,0x12,0x00,0x10,0x00,
0x04,0x00,0x00,0x00,0x0a,0x00,0x10,0x00,0x04,0x00,0x00,0x00,0x01,0x40,0x00,0x00,
0x01,0x00,0x00,0x00,0x1e,0x00,0x00,0x07,0x12,0x00,0x10,0x00,0x03,0x00,0x00,0x00,
0x0a,0x00,0x10,0x00,0x03,0x00,0x00,0x00,0x0a,0x00,0x10,0x00,0x04,0x00,0x00,0x00,
0x10,0x00,0x00,0x08,0x12,0x00,0x10,0x00,0x04,0x00,0x00,0x00,0x46,0x02,0x10,0x00,
0x0b,0x00,0x00,0x00,0x46,0x92,0x90,0x00,0x0a,0x00,0x10,0x00,0x03,0x00,0x00,0x00,
0x1d,0x00,0x00,0x07,0x12,0x00,0x10,0x00,0x04,0x00,0x00,0x00,0x0a,0x00,0x10,0x00,
0x04,0x00,0x00,0x00,0x3a,0x00,0x10,0x00,0x04,0x00,0x00,0x00,0x01,0x00,0x00,0x07,
0x12,0x00,0x10,0x00,0x04,0x00,0x00,0x00,0x0a,0x00,0x10,0x00,0x04,0x00,0x00,0x00,
0x01,0x40,0x00,0x00,0x01,0x00,0x00,0x00,0x1e,0x00,0x00,0x07,0x82,0x00,0x10,0x00,
0x03,0x00,0x00,0x00,0x3a,0x00,0x10,0x00,0x03,0x00,0x00,0x00,0x0a,0x00,0x10,0x00,
0x04,0x00,0x00,0x00,0x12,0x00,0x00,0x01,0x36,0x00,0x00,0x05,0x42,0x00,0x10,0x00,
0x02,0x00,0x00,0x00,0x01,0x40,0x00,0x00,0x00,0xe0,0x7f,0x47,0x15,0x00,0x00,0x01,
0x15,0x00,0x00,0x01,0x31,0x00,0x00,0x07,0x12,0x00,0x10,0x00,0x04,0x00,0x00,0x00,
0x2a,0x00,0x10,0x00,0x02,0x00,0x00,0x00,0x01,0x40,0x00,0x00,0x00,0xe0,0x7f,0x47,
0x01,0x00,0x00,0x07,0x82,0x00,0x10,0x00,0x02,0x00,0x00,0x00,0x3a,0x00,0x10,0x00,
0x02,0x00,0x00,0x00,0x0a,0x00,0x10,0x00,0x04,0x00,0x00,0x00,0x1f,0x00,0x04,0x03,
0x3a,0x00,0x10,0x00,0x02,0x00,0x00,0x00,0x10,0x00,0x00,0x08,0x12,0x00,0x10,0x00,
0x04,0x00,0x00,0x00,0x46,0x02,0x10,0x00,0x0b,0x00,0x00,0x00,0x46,0x92,0x90,0x00,
0x0a,0x00,0x10,0x00,0x03,0x00,0x00,0x00,0x10,0x00,0x00,0x08,0x82,0x00,0x10,0x00,
0x04,0x00,0x00,0x00,0x46,0x02,0x10,0x00,0x0c,0x00,0x00,0x00,0x46,0x92,0x90,0x00,
0x3a,0x00,0x10,0x00,0x03,0x00,0x00,0x00,0x00,0x00,0x00,0x08,0x42,0x00,0x10,0x00,
0x06,0x00,0x00,0x00,0x3a,0x00,0x10,0x80,0x41,0x00,0x00,0x00,0x04,0x00,0x00,0x00,
0x0a,0x00,0x10,0x00,0x04,0x00,0x00,0x00,0x31,0x00,0x00,0x08,0x82,0x00,0x10,0x00,
0x06,0x00,0x00,0x00,0x01,0x40,0x00,0x00,0x40,0xda,0x7f,0x38,0x2a,0x00,0x10,0x80,
0x81,0x00,0x00,0x00,0x06,0x00,0x00,0x00,0x1f,0x00,0x04,0x03,0x3a,0x00,0x10,0x00,
0x06,0x00,0x00,0x00,0x31,0x00,0x00,0x07,0x82,0x00,0x10,0x00,0x06,0x00,0x00,0x00,
0x01,0x40,0x00,0x00,0x00,0x00,0x00,0x00,0x2a,0x00,0x10,0x00,0x06,0x00,0x00,0x00,
0x31,0x00,0x00,0x07,0x42,0x00,0x10,0x00,0x06,0x00,0x00,0x00,0x2a,0x00,0x10,0x00,
0x06,0x00,0x00,0x00,0x01,0x40,0x00,0x00,0x00,0x00,0x00,0x00,0x1e,0x00,0x00,0x08,
0x42,0x00,0x10,0x00,0x06,0x00,0x00,0x00,0x3a,0x00,0x10,0x80,0x41,0x00,0x00,0x00,
0x06,0x00,0x00,0x00,0x2a,0x00,0x10,0x00,0x06,0x00,0x00,0x00,0x2b,0x00,0x00,0x05,
0x42,0x00,0x10,0x00,0x06,0x00,0x00,0x00,0x2a,0x00,0x10,0x00,0x06,0x00,0x00,0x00,
0x34,0x00,0x00,0x07,0x82,0x00,0x10,0x00,0x06,0x00,0x00,0x00,0x3a,0x00,0x10,0x00,
0x04,0x00,0x00,0x00,0x0a,0x00,0x10,0x00,0x04,0x00,0x00,0x00,0x39,0x00,0x00,0x07,
0x42,0x00,0x10,0x00,0x07,0x00,0x00,0x00,0x3a,0x00,0x10,0x00,0x06,0x00,0x00,0x00,
0x01,0x40,0x00,0x00,0x00,0x00,0x00,0x00,0x33,0x00,0x00,0x07,0x82,0x00,0x10,0x00,
0x07,0x00,0x00,0x00,0x3a,0x00,0x10,0x00,0x04,0x00,0x00,0x00,0x0a,0x00,0x10,0x00,
0x04,0x00,0x00,0x00,0x0e,0x00,0x00,0x07,0x82,0x00,0x10,0x00,0x06,0x00,0x00,0x00,
0x3a,0x00,0x10,0x00,0x07,0x00,0x00,0x00,0x3a,0x00,0x10,0x00,0x06,0x00,0x00,0x00,
0x01,0x00,0x00,0x07,0x82,0x00,0x10,0x00,0x06,0x00,0x00,0x00,0x3a,0x00,0x10,0x00,
0x06,0x00,0x00,0x00,0x2a,0x00,0x10,0x00,0x07,0x00,0x00,0x00,0x00,0x00,0x00,0x08,
0x82,0x00,0x10,0x00,0x06,0x00,0x00,0x00,0x3a,0x00,0x10,0x80,0x41,0x00,0x00,0x00,
0x06,0x00,0x00,0x00,0x01,0x40,0x00,0x00,0x00,0x00,0x80,0x3f,0x38,0x00,0x00,0x07,
0x42,0x00,0x10,0x00,0x06,0x00,0x00,0x00,0x3a,0x00,0x10,0x00,0x06,0x00,0x00,0x00,
0x2a,0x00,0x10,0x00,0x06,0x00,0x00,0x00,0x31,0x00,0x00,0x09,0x82,0x00,0x10,0x00,
0x06,0x00,0x00,0x00,0x2a,0x00,0x10,0x80,0x81,0x00,0x00,0x00,0x06,0x00,0x00,0x00,
0x2a,0x00,0x10,0x80,0x81,0x00,0x00,0x00,0x02,0x00,0x00,0x00,0x37,0x00,0x00,0x09,
0x42,0x00,0x10,0x00,0x02,0x00,0x00,0x00,0x3a,0x00,0x10,0x00,0x06,0x00,0x00,0x00,
0x2a,0x00,0x10,0x00,0x06,0x00,0x00,0x00,0x2a,0x00,0x10,0x00,0x02,0x00,0x00,0x00,
0x31,0x00,0x00,0x07,0x12,0x00,0x10,0x00,0x04,0x00,0x00,0x00,0x0a,0x00,0x10,0x00,
0x04,0x00,0x00,0x00,0x3a,0x00,0x10,0x00,0x04,0x00,0x00,0x00,0x01,0x00,0x00,0x07,
0x12,0x00,0x10,0x00,0x04,0x00,0x00,0x00,0x0a,0x00,0x10,0x00,0x04,0x00,0x00,0x00,
0x01,0x40,0x00,0x00,0x01,0x00,0x00,0x00,0x1e,0x00,0x00,0x07,0x12,0x00,0x10,0x00,
0x03,0x00,0x00,0x00,0x0a,0x00,0x10,0x00,0x03,0x00,0x00,0x00,0x0a,0x00,0x10,0x00,
0x04,0x00,0x00,0x00,0x11,0x00,0x00,0x08,0x12,0x00,0x10,0x00,0x04,0x00,0x00,0x00,
0x46,0x0e,0x10,0x00,0x0b,0x00,0x00,0x00,0x46,0x9e,0x90,0x00,0x0a,0x00,0x10,0x00,
0x03,0x00,0x00,0x00,0x1d,0x00,0x00,0x07,0x12,0x00,0x10,0x00,0x04,0x00,0x00,0x00,
0x0a,0x00,0x10,0x00,0x04,0x00,0x00,0x00,0x3a,0x00,0x10,0x00,0x04,0x00,0x00,0x00,
0x01,0x00,0x00,0x07,0x12,0x00,0x10,0x00,0x04,0x00,0x00,0x00,0x0a,0x00,0x10,0x00,
0x04,0x00,0x00,0x00,0x01,0x40,0x00,0x00,0x01,0x00,0x00,0x00,0x1e,0x00,0x00,0x07,
0x82,0x00,0x10,0x00,0x03,0x00,0x00,0x00,0x3a,0x00,0x10,0x00,0x03,0x00,0x00,0x00,
0x0a,0x00,0x10,0x00,0x04,0x00,0x00,0x00,0x12,0x00,0x00,0x01,0x36,0x00,0x00,0x05,
0x42,0x00,0x10,0x00,0x02,0x00,0x00,0x00,0x01,0x40,0x00,0x00,0x00,0xe0,0x7f,0x47,
0x15,0x00,0x00,0x01,0x15,0x00,0x00,0x01,0x31,0x00,0x00,0x07,0x12,0x00,0x10,0x00,
0x04,0x00,0x00,0x00,0x2a,0x00,0x10,0x00,0x02,0x00,0x00,0x00,0x01,0x40,0x00,0x00,
0x00,0xe0,0x7f,0x47,0x01,0x00,0x00,0x07,0x82,0x00,0x10,0x00,0x02,0x00,0x00,0x00,
0x3a,0x00,0x10,0x00,0x02,0x00,0x00,0x00,0x0a,0x00,0x10,0x00,0x04,0x00,0x00,0x00,
0x1f,0x00,0x04,0x03,0x3a,0x00,0x10,0x00,0x02,0x00,0x00,0x00,0x11,0x00,0x00,0x08,
0x12,0x00,0x10,0x00,0x04,0x00,0x00,0x00,0x46,0x0e,0x10,0x00,0x0b,0x00,0x00,0x00,
0x46,0x9e,0x90,0x00,0x0a,0x00,0x10,0x00,0x03,0x00,0x00,0x00,0x11,0x00,0x00,0x08,
0x82,0x00,0x10,0x00,0x04,0x00,0x00,0x00,0x46,0x0e,0x10,0x00,0x0c,0x00,0x00,0x00,
0x46,0x9e,0x90,0x00,0x3a,0x00,0x10,0x00,0x03,0x00,0x00,0x00,0x00,0x00,0x00,0x08,
0x42,0x00,0x10,0x00,0x06,0x00,0x00,0x00,0x3a,0x00,0x10,0x80,0x41,0x00,0x00,0x00,
0x04,0x00,0x00,0x00,0x0a,0x00,0x10,0x00,0x04,0x00,0x00,0x00,0x31,0x00,0x00,0x08,
0x82,0x00,0x10,0x00,0x06,0x00,0x00,0x00,0x01,0x40,0x00,0x00,0x40,0xda,0x7f,0x38,
0x2a,0x00,0x10,0x80,0x81,0x00,0x00,0x00,0x06,0x00,0x00,0x00,0x1f,0x00,0x04,0x03,
0x3a,0x00,0x10,0x00,0x06,0x00,0x00,0x00,0x31,0x00,0x00,0x07,0x82,0x00,0x10,0x00,
0x06,0x00,0x00,0x00,0x01,0x40,0x00,0x00,0x00,0x00,0x00,0x00,0x2a,0x00,0x10,0x00,
0x06,0x00,0x00,0x00,0x31,0x00,0x00,0x07,0x42,0x00,0x10,0x00,0x06,0x00,0x00,0x00,
0x2a,0x00,0x10,0x00,0x06,0x00,0x00,0x00,0x01,0x40,0x00,0x00,0x00,0x00,0x00,0x00,
0x1e,0x00,0x00,0x08,0x42,0x00,0x10,0x00,0x06,0x00,0x00,0x00,0x3a,0x00,0x10,0x80,
0x41,0x00,0x00,0x00,0x06,0x00,0x00,0x00,0x2a,0x00,0x10,0x00,0x06,0x00,0x00,0x00,
0x2b,0x00,0x00,0x05,0x42,0x00,0x10,0x00,0x06,0x00,0x00,0x00,0x2a,0x00,0x10,0x00,
0x06,0x00,0x00,0x00,0x34,0x00,0x00,0x07,0x82,0x00,0x10,0x00,0x06,0x00,0x00,0x00,
0x3a,0x00,0x10,0x00,0x04,0x00,0x00,0x00,0x0a,0x00,0x10,0x00,0x04,0x00,0x00,0x00,
0x39,0x00,0x00,0x07,0x42,0x00,0x10,0x00,0x07,0x00,0x00,0x00,0x3a,0x00,0x10,0x00,
0x06,0x00,0x00,0x00,0x01,0x40,0x00,0x00,0x00,0x00,0x00,0x00,0x33,0x00,0x00,0x07,
0x82,0x00,0x10,0x00,0x07,0x00,0x00,0x00,0x3a,0x00,0x10,0x00,0x04,0x00,0x00,0x00,
0x0a,0x00,0x10,0x00,0x04,0x00,0x00,0x00,0x0e,0x00,0x00,0x07,0x82,0x00,0x10,0x00,
0x06,0x00,0x00,0x00,0x3a,0x00,0x10,0x00,0x07,0x00,0x00,0x00,0x3a,0x00,0x10,0x00,
0x06,0x00,0x00,0x00,0x01,0x00,0x00,0x07,0x82,0x00,0x10,0x00,0x06,0x00,0x00,0x00,
0x3a,0x00,0x10,0x00,0x06,0x00,0x00,0x00,0x2a,0x00,0x10,0x00,0x07,0x00,0x00,0x00,
0x00,0x00,0x00,0x08,0x82,0x00,0x10,0x00,0x06,0x00,0x00,0x00,0x3a,0x00,0x10,0x80,
0x41,0x00,0x00,0x00,0x06,0x00,0x00,0x00,0x01,0x40,0x00,0x00,0x00,0x00,0x80,0x3f,
0x38,0x00,0x00,0x07,0x42,0x00,0x10,0x00,0x06,0x00,0x00,0x00,0x3a,0x00,0x10,0x00,
0x06,0x00,0x00,0x00,0x2a,0x00,0x10,0x00,0x06,0x00,0x00,0x00,0x31,0x00,0x00,0x09,
0x82,0x00,0x10,0x00,0x06,0x00,0x00,0x00,0x2a,0x00,0x10,0x80,0x81,0x00,0x00,0x00,
0x06,0x00,0x00,0x00,0x2a,0x00,0x10,0x80,0x81,0x00,0x00,0x00,0x02,0x00,0x00,0x00,
0x37,0x00,0x00,0x09,0x42,0x00,0x10,0x00,0x02,0x00,0x00,0x00,0x3a,0x00,0x10,0x00,
0x06,0x00,0x00,0x00,0x2a,0x00,0x10,0x00,0x06,0x00,0x00,0x00,0x2a,0x00,0x10,0x00,
0x02,0x00,0x00,0x00,0x31,0x00,0x00,0x07,0x12,0x00,0x10,0x00,0x04,0x00,0x00,0x00,
0x0a,0x00,0x10,0x00,0x04,0x00,0x00,0x00,0x3a,0x00,0x10,0x00,0x04,0x00,0x00,0x00,
0x01,0x00,0x00,0x07,0x12,0x00,0x10,0x00,0x04,0x00,0x00,0x00,0x0a,0x00,0x10,0x00,
0x04,0x00,0x00,0x00,0x01,0x40,0x00,0x00,0x01,0x00,0x00,0x00,0x1e,0x00,0x00,0x07,
0x12,0x00,0x10,0x00,0x03,0x00,0x00,0x00,0x0a,0x00,0x10,0x00,0x03,0x00,0x00,0x00,
0x0a,0x00,0x10,0x00,0x04,0x00,0x00,0x00,0x20,0x00,0x00,0x0a,0xf2,0x00,0x10,0x00,
0x0d,0x00,0x00,0x00,0x06,0x00,0x10,0x00,0x03,0x00,0x00,0x00,0x02,0x40,0x00,0x00,
0x00,0x00,0x00,0x00,0x01,0x00,0x00,0x00,0x02,0x00,0x00,0x00,0x03,0x00,0x00,0x00,
0x20,0x00,0x00,0x07,0x12,0x00,0x10,0x00,0x04,0x00,0x00,0x00,0x0a,0x00,0x10,0x00,
0x03,0x00,0x00,0x00,0x01,0x40,0x00,0x00,0x04,0x00,0x00,0x00,0x01,0x00,0x00,0x0a,
0xf2,0x00,0x10,0x00,0x0d,0x00,0x00,0x00,0x46,0x0e,0x10,0x00,0x0d,0x00,0x00,0x00,
0x02,0x40,0x00,0x00,0x00,0x00,0x80,0x3f,0x00,0x00,0x80,0x3f,0x00,0x00,0x80,0x3f,
0x00,0x00,0x80,0x3f,0x01,0x00,0x00,0x07,0x12,0x00,0x10,0x00,0x04,0x00,0x00,0x00,
0x0a,0x00,0x10,0x00,0x04,0x00,0x00,0x00,0x01,0x40,0x00,0x00,0x00,0x00,0x80,0x3f,
0x11,0x00,0x00,0x07,0x42,0x00,0x10,0x00,0x06,0x00,0x00,0x00,0x46,0x0e,0x10,0x00,
0x0d,0x00,0x00,0x00,0x46,0x0e,0x10,0x00,0x0b,0x00,0x00,0x00,0x32,0x00,0x00,0x09,
0x12,0x00,0x10,0x00,0x04,0x00,0x00,0x00,0x0a,0x00,0x10,0x00,0x04,0x00,0x00,0x00,
0x3a,0x00,0x10,0x00,0x08,0x00,0x00,0x00,0x2a,0x00,0x10,0x00,0x06,0x00,0x00,0x00,
0x1d,0x00,0x00,0x07,0x12,0x00,0x10,0x00,0x04,0x00,0x00,0x00,0x0a,0x00,0x10,0x00,
0x04,0x00,0x00,0x00,0x3a,0x00,0x10,0x00,0x04,0x00,0x00,0x00,0x01,0x00,0x00,0x07,
0x12,0x00,0x10,0x00,0x04,0x00,0x00,0x00,0x0a,0x00,0x10,0x00,0x04,0x00,0x00,0x00,
0x01,0x40,0x00,0x00,0x01,0x00,0x00,0x00,0x1e,0x00,0x00,0x07,0x82,0x00,0x10,0x00,
0x03,0x00,0x00,0x00,0x3a,0x00,0x10,0x00,0x03,0x00,0x00,0x00,0x0a,0x00,0x10,0x00,
0x04,0x00,0x00,0x00,0x12,0x00,0x00,0x01,0x36,0x00,0x00,0x05,0x42,0x00,0x10,0x00,
0x02,0x00,0x00,0x00,0x01,0x40,0x00,0x00,0x00,0xe0,0x7f,0x47,0x15,0x00,0x00,0x01,
0x15,0x00,0x00,0x01,0x31,0x00,0x00,0x07,0x12,0x00,0x10,0x00,0x04,0x00,0x00,0x00,
0x2a,0x00,0x10,0x00,0x02,0x00,0x00,0x00,0x01,0x40,0x00,0x00,0x00,0xe0,0x7f,0x47,
0x01,0x00,0x00,0x07,0x82,0x00,0x10,0x00,0x02,0x00,0x00,0x00,0x3a,0x00,0x10,0x00,
0x02,0x00,0x00,0x00,0x0a,0x00,0x10,0x00,0x04,0x00,0x00,0x00,0x1f,0x00,0x04,0x03,
0x3a,0x00,0x10,0x00,0x02,0x00,0x00,0x00,0x34,0x00,0x00,0x07,0x82,0x00,0x10,0x00,
0x02,0x00,0x00,0x00,0x3a,0x00,0x10,0x00,0x09,0x00,0x00,0x00,0x0a,0x00,0x10,0x00,
0x0a,0x00,0x00,0x00,0x20,0x00,0x00,0x0a,0xf2,0x00,0x10,0x00,0x0a,0x00,0x00,0x00,
0x06,0x00,0x10,0x00,0x03,0x00,0x00,0x00,0x02,0x40,0x00,0x00,0x00,0x00,0x00,0x00,
0x01,0x00,0x00,0x00,0x02,0x00,0x00,0x00,0x03,0x00,0x00,0x00,0x20,0x00,0x00,0x07,
0x12,0x00,0x10,0x00,0x03,0x00,0x00,0x00,0x0a,0x00,0x10,0x00,0x03,0x00,0x00,0x00,
0x01,0x40,0x00,0x00,0x04,0x00,0x00,0x00,0x01,0x00,0x00,0x0a,0xf2,0x00,0x10,0x00,
0x0a,0x00,0x00,0x00,0x46,0x0e,0x10,0x00,0x0a,0x00,0x00,0x00,0x02,0x40,0x00,0x00,
0x00,0x00,0x80,0x3f,0x00,0x00,0x80,0x3f,0x00,0x00,0x80,0x3f,0x00,0x00,0x80,0x3f,
0x01,0x00,0x00,0x07,0x12,0x00,0x10,0x00,0x03,0x00,0x00,0x00,0x0a,0x00,0x10,0x00,
0x03,0x00,0x00,0x00,0x01,0x40,0x00,0x00,0x00,0x00,0x80,0x3f,0x11,0x00,0x00,0x07,
0x12,0x00,0x10,0x00,0x04,0x00,0x00,0x00,0x46,0x0e,0x10,0x00,0x0a,0x00,0x00,0x00,
0x46,0x0e,0x10,0x00,0x0b,0x00,0x00,0x00,0x32,0x00,0x00,0x09,0x12,0x00,0x10,0x00,
0x03,0x00,0x00,0x00,0x0a,0x00,0x10,0x00,0x03,0x00,0x00,0x00,0x3a,0x00,0x10,0x00,
0x08,0x00,0x00,0x00,0x0a,0x00,0x10,0x00,0x04,0x00,0x00,0x00,0x20,0x00,0x00,0x0a,
0xf2,0x00,0x10,0x00,0x08,0x00,0x00,0x00,0xf6,0x0f,0x10,0x00,0x03,0x00,0x00,0x00,
0x02,0x40,0x00,0x00,0x00,0x00,0x00,0x00,0x01,0x00,0x00,0x00,0x02,0x00,0x00,0x00,
0x03,0x00,0x00,0x00,0x20,0x00,0x00,0x07,0x82,0x00,0x10,0x00,0x03,0x00,0x00,0x00,
0x3a,0x00,0x10,0x00,0x03,0x00,0x00,0x00,0x01,0x40,0x00,0x00,0x04,0x00,0x00,0x00,
0x01,0x00,0x00,0x0a,0xf2,0x00,0x10,0x00,0x08,0x00,0x00,0x00,0x46,0x0e,0x10,0x00,
0x08,0x00,0x00,0x00,0x02,0x40,0x00,0x00,0x00,0x00,0x80,0x3f,0x00,0x00,0x80,0x3f,
0x00,0x00,0x80,0x3f,0x00,0x00,0x80,0x3f,0x01,0x00,0x00,0x07,0x82,0x00,0x10,0x00,
0x03,0x00,0x00,0x00,0x3a,0x00,0x10,0x00,0x03,0x00,0x00,0x00,0x01,0x40,0x00,0x00,
0x00,0x00,0x80,0x3f,0x11,0x00,0x00,0x07,0x12,0x00,0x10,0x00,0x04,0x00,0x00,0x00,
0x46,0x0e,0x10,0x00,0x08,0x00,0x00,0x00,0x46,0x0e,0x10,0x00,0x0c,0x00,0x00,0x00,
0x32,0x00,0x00,0x09,0x82,0x00,0x10,0x00,0x02,0x00,0x00,0x00,0x3a,0x00,0x10,0x00,
0x03,0x00,0x00,0x00,0x3a,0x00,0x10,0x00,0x02,0x00,0x00,0x00,0x0a,0x00,0x10,0x00,
0x04,0x00,0x00,0x00,0x00,0x00,0x00,0x08,0x82,0x00,0x10,0x00,0x03,0x00,0x00,0x00,
0x3a,0x00,0x10,0x80,0x41,0x00,0x00,0x00,0x02,0x00,0x00,0x00,0x0a,0x00,0x10,0x00,
0x03,0x00,0x00,0x00,0x31,0x00,0x00,0x08,0x12,0x00,0x10,0x00,0x04,0x00,0x00,0x00,
0x01,0x40,0x00,0x00,0x40,0xda,0x7f,0x38,0x3a,0x00,0x10,0x80,0x81,0x00,0x00,0x00,
0x03,0x00,0x00,0x00,0x1f,0x00,0x04,0x03,0x0a,0x00,0x10,0x00,0x04,0x00,0x00,0x00,
0x31,0x00,0x00,0x07,0x12,0x00,0x10,0x00,0x04,0x00,0x00,0x00,0x01,0x40,0x00,0x00,
0x00,0x00,0x00,0x00,0x3a,0x00,0x10,0x00,0x03,0x00,0x00,0x00,0x31,0x00,0x00,0x07,
0x82,0x00,0x10,0x00,0x03,0x00,0x00,0x00,0x3a,0x00,0x10,0x00,0x03,0x00,0x00,0x00,
0x01,0x40,0x00,0x00,0x00,0x00,0x00,0x00,0x1e,0x00,0x00,0x08,0x82,0x00,0x10,0x00,
0x03,0x00,0x00,0x00,0x0a,0x00,0x10,0x80,0x41,0x00,0x00,0x00,0x04,0x00,0x00,0x00,
0x3a,0x00,0x10,0x00,0x03,0x00,0x00,0x00,0x2b,0x00,0x00,0x05,0x82,0x00,0x10,0x00,
0x03,0x00,0x00,0x00,0x3a,0x00,0x10,0x00,0x03,0x00,0x00,0x00,0x34,0x00,0x00,0x07,
0x12,0x00,0x10,0x00,0x04,0x00,0x00,0x00,0x3a,0x00,0x10,0x00,0x02,0x00,0x00,0x00,
0x0a,0x00,0x10,0x00,0x03,0x00,0x00,0x00,0x39,0x00,0x00,0x07,0x82,0x00,0x10,0x00,
0x04,0x00,0x00,0x00,0x0a,0x00,0x10,0x00,0x04,0x00,0x00,0x00,0x01,0x40,0x00,0x00,
0x00,0x00,0x00,0x00,0x33,0x00,0x00,0x07,0x82,0x00,0x10,0x00,0x02,0x00,0x00,0x00,
0x3a,0x00,0x10,0x00,0x02,0x00,0x00,0x00,0x0a,0x00,0x10,0x00,0x03,0x00,0x00,0x00,
0x0e,0x00,0x00,0x07,0x82,0x00,0x10,0x00,0x02,0x00,0x00,0x00,0x3a,0x00,0x10,0x00,
0x02,0x00,0x00,0x00,0x0a,0x00,0x10,0x00,0x04,0x00,0x00,0x00,0x01,0x00,0x00,0x07,
0x82,0x00,0x10,0x00,0x02,0x00,0x00,0x00,0x3a,0x00,0x10,0x00,0x02,0x00,0x00,0x00,
0x3a,0x00,0x10,0x00,0x04,0x00,0x00,0x00,0x00,0x00,0x00,0x08,0x82,0x00,0x10,0x00,
0x02,0x00,0x00,0x00,0x3a,0x00,0x10,0x80,0x41,0x00,0x00,0x00,0x02,0x00,0x00,0x00,
0x01,0x40,0x00,0x00,0x00,0x00,0x80,0x3f,0x38,0x00,0x00,0x07,0x82,0x00,0x10,0x00,
0x02,0x00,0x00,0x00,0x3a,0x00,0x10,0x00,0x02,0x00,0x00,0x00,0x3a,0x00,0x10,0x00,
0x03,0x00,0x00,0x00,0x31,0x00,0x00,0x09,0x12,0x00,0x10,0x00,0x03,0x00,0x00,0x00,
0x3a,0x00,0x10,0x80,0x81,0x00,0x00,0x00,0x02,0x00,0x00,0x00,0x2a,0x00,0x10,0x80,
0x81,0x00,0x00,0x00,0x02,0x00,0x00,0x00,0x37,0x00,0x00,0x09,0x42,0x00,0x10,0x00,
0x02,0x00,0x00,0x00,0x0a,0x00,0x10,0x00,0x03,0x00,0x00,0x00,0x3a,0x00,0x10,0x00,
0x02,0x00,0x00,0x00,0x2a,0x00,0x10,0x00,0x02,0x00,0x00,0x00,0x12,0x00,0x00,0x01,
0x36,0x00,0x00,0x05,0x42,0x00,0x10,0x00,0x02,0x00,0x00,0x00,0x01,0x40,0x00,0x00,
0x00,0xe0,0x7f,0x47,0x15,0x00,0x00,0x01,0x15,0x00,0x00,0x01,0x31,0x00,0x00,0x07,
0x82,0x00,0x10,0x00,0x02,0x00,0x00,0x00,0x2a,0x00,0x10,0x00,0x02,0x00,0x00,0x00,
0x01,0x40,0x00,0x00,0x00,0xdf,0x7f,0x47,0x01,0x00,0x00,0x07,0x82,0x00,0x10,0x00,
0x02,0x00,0x00,0x00,0x3a,0x00,0x10,0x00,0x02,0x00,0x00,0x00,0x01,0x40,0x00,0x00,
0x00,0x00,0x80,0x3f,0x38,0x00,0x00,0x07,0x12,0x00,0x10,0x00,0x08,0x00,0x00,0x00,
0x3a,0x00,0x10,0x00,0x02,0x00,0x00,0x00,0x2a,0x00,0x10,0x00,0x02,0x00,0x00,0x00,
0x12,0x00,0x00,0x01,0x36,0x00,0x00,0x05,0x12,0x00,0x10,0x00,0x08,0x00,0x00,0x00,
0x01,0x40,0x00,0x00,0x00,0x00,0x00,0x00,0x15,0x00,0x00,0x01,0x39,0x00,0x00,0x07,
0x42,0x00,0x10,0x00,0x02,0x00,0x00,0x00,0x0a,0x00,0x10,0x00,0x08,0x00,0x00,0x00,
0x01,0x40,0x00,0x00,0x00,0x00,0x00,0x00,0x31,0x00,0x00,0x07,0x82,0x00,0x10,0x00,
0x02,0x00,0x00,0x00,0x01,0x40,0x00,0x00,0x00,0x00,0x00,0x00,0x0a,0x00,0x10,0x00,
0x08,0x00,0x00,0x00,0x31,0x00,0x00,0x07,0x12,0x00,0x10,0x00,0x03,0x00,0x00,0x00,
0x0a,0x00,0x10,0x00,0x08,0x00,0x00,0x00,0x01,0x40,0x00,0x00,0x00,0x00,0x00,0x00,
0x1e,0x00,0x00,0x08,0x82,0x00,0x10,0x00,0x02,0x00,0x00,0x00,0x3a,0x00,0x10,0x80,
0x41,0x00,0x00,0x00,0x02,0x00,0x00,0x00,0x0a,0x00,0x10,0x00,0x03,0x00,0x00,0x00,
0x2b,0x00,0x00,0x05,0x82,0x00,0x10,0x00,0x02,0x00,0x00,0x00,0x3a,0x00,0x10,0x00,
0x02,0x00,0x00,0x00,0x01,0x00,0x00,0x07,0x22,0x00,0x10,0x00,0x08,0x00,0x00,0x00,
0x3a,0x00,0x10,0x00,0x02,0x00,0x00,0x00,0x2a,0x00,0x10,0x00,0x02,0x00,0x00,0x00,
0x00,0x00,0x00,0x07,0xf2,0x00,0x10,0x00,0x07,0x00,0x00,0x00,0x46,0x00,0x10,0x00,
0x07,0x00,0x00,0x00,0x46,0x00,0x10,0x00,0x09,0x00,0x00,0x00,0x00,0x00,0x00,0x07,
0xf2,0x00,0x10,0x00,0x06,0x00,0x00,0x00,0x46,0x00,0x10,0x00,0x06,0x00,0x00,0x00,
0x46,0x0e,0x10,0x00,0x07,0x00,0x00,0x00,0x00,0x00,0x00,0x07,0xf2,0x00,0x10,0x00,
0x06,0x00,0x00,0x00,0x46,0x00,0x10,0x00,0x08,0x00,0x00,0x00,0x46,0x0e,0x10,0x00,
0x06,0x00,0x00,0x00,0x38,0x00,0x00,0x0a,0xf2,0x00,0x10,0x00,0x06,0x00,0x00,0x00,
0x46,0x0e,0x10,0x00,0x06,0x00,0x00,0x00,0x02,0x40,0x00,0x00,0x00,0x00,0x80,0x3e,
0x00,0x00,0x80,0x3e,0x00,0x00,0x80,0x3e,0x00,0x00,0x80,0x3e,0x36,0x00,0x00,0x06,
0x32,0x30,0x20,0x00,0x00,0x00,0x00,0x00,0x03,0x00,0x00,0x00,0x76,0x0f,0x10,0x00,
0x06,0x00,0x00,0x00,0xa4,0x00,0x00,0x07,0xf2,0xe0,0x11,0x00,0x01,0x00,0x00,0x00,
0x46,0x0e,0x10,0x00,0x05,0x00,0x00,0x00,0x46,0x0e,0x10,0x00,0x06,0x00,0x00,0x00,
0x4f,0x00,0x00,0x0b,0x72,0x00,0x10,0x00,0x05,0x00,0x00,0x00,0x02,0x40,0x00,0x00,
0x01,0x00,0x00,0x00,0x02,0x00,0x00,0x00,0x06,0x00,0x00,0x00,0x00,0x00,0x00,0x00,
0x06,0x80,0x20,0x00,0x01,0x00,0x00,0x00,0x00,0x00,0x00,0x00,0x1f,0x00,0x04,0x03,
0x0a,0x00,0x10,0x00,0x05,0x00,0x00,0x00,0x29,0x00,0x00,0x07,0x42,0x00,0x10,0x00,
0x02,0x00,0x00,0x00,0x2a,0x00,0x10,0x00,0x01,0x00,0x00,0x00,0x01,0x40,0x00,0x00,
0x02,0x00,0x00,0x00,0x8c,0x00,0x00,0x0b,0x42,0x00,0x10,0x00,0x02,0x00,0x00,0x00,
0x01,0x40,0x00,0x00,0x02,0x00,0x00,0x00,0x01,0x40,0x00,0x00,0x02,0x00,0x00,0x00,
0x0a,0x00,0x10,0x00,0x01,0x00,0x00,0x00,0x2a,0x00,0x10,0x00,0x02,0x00,0x00,0x00,
0x23,0x00,0x00,0x09,0x42,0x00,0x10,0x00,0x02,0x00,0x00,0x00,0x0a,0x00,0x10,0x00,
0x02,0x00,0x00,0x00,0x01,0x40,0x00,0x00,0x20,0x00,0x00,0x00,0x2a,0x00,0x10,0x00,
0x02,0x00,0x00,0x00,0x4f,0x00,0x00,0x06,0x82,0x00,0x10,0x00,0x02,0x00,0x00,0x00,
0x0a,0x40,0x02,0x00,0x01,0x40,0x00,0x00,0x40,0x00,0x00,0x00,0x1e,0x00,0x00,0x07,
0x12,0x00,0x10,0x00,0x03,0x00,0x00,0x00,0x1a,0x00,0x10,0x00,0x04,0x00,0x00,0x00,
0x01,0x40,0x00,0x00,0x01,0x00,0x00,0x00,0x29,0x00,0x00,0x07,0x82,0x00,0x10,0x00,
0x03,0x00,0x00,0x00,0x1a,0x00,0x10,0x00,0x02,0x00,0x00,0x00,0x01,0x40,0x00,0x00,
0x02,0x00,0x00,0x00,0x8c,0x00,0x00,0x0b,0x82,0x00,0x10,0x00,0x03,0x00,0x00,0x00,
0x01,0x40,0x00,0x00,0x02,0x00,0x00,0x00,0x01,0x40,0x00,0x00,0x03,0x00,0x00,0x00,
0x0a,0x00,0x10,0x00,0x01,0x00,0x00,0x00,0x3a,0x00,0x10,0x00,0x03,0x00,0x00,0x00,
0x23,0x00,0x00,0x09,0x82,0x00,0x10,0x00,0x03,0x00,0x00,0x00,0x0a,0x00,0x10,0x00,
0x02,0x00,0x00,0x00,0x01,0x40,0x00,0x00,0x40,0x00,0x00,0x00,0x3a,0x00,0x10,0x00,
0x03,0x00,0x00,0x00,0x29,0x00,0x00,0x0a,0xf2,0x00,0x10,0x00,0x06,0x00,0x00,0x00,
0xc6,0x0f,0x10,0x00,0x00,0x00,0x00,0x00,0x02,0x40,0x00,0x00,0x04,0x00,0x00,0x00,
0x04,0x00,0x00,0x00,0x04,0x00,0x00,0x00,0x04,0x00,0x00,0x00,0x36,0x00,0x00,0x05,
0x12,0x00,0x10,0x00,0x04,0x00,0x00,0x00,0x01,0x40,0x00,0x00,0x00,0x00,0x00,0x00,
0x30,0x00,0x00,0x01,0x50,0x00,0x00,0x07,0x82,0x00,0x10,0x00,0x04,0x00,0x00,0x00,
0x0a,0x00,0x10,0x00,0x04,0x00,0x00,0x00,0x01,0x40,0x00,0x00,0x04,0x00,0x00,0x00,
0x03,0x00,0x04,0x03,0x3a,0x00,0x10,0x00,0x04,0x00,0x00,0x00,0x36,0x00,0x00,0x07,
0x92,0x00,0x10,0x00,0x05,0x00,0x00,0x00,0x06,0x34,0x20,0x04,0x00,0x00,0x00,0x00,
0x0a,0x00,0x10,0x00,0x04,0x00,0x00,0x00,0xa8,0x00,0x00,0x09,0x12,0xf0,0x11,0x00,
0x01,0x00,0x00,0x00,0x1a,0x00,0x10,0x00,0x03,0x00,0x00,0x00,0x2a,0x00,0x10,0x00,
0x02,0x00,0x00,0x00,0x0a,0x00,0x10,0x00,0x05,0x00,0x00,0x00,0xa8,0x00,0x00,0x09,
0x12,0xf0,0x11,0x00,0x02,0x00,0x00,0x00,0x1a,0x00,0x10,0x00,0x03,0x00,0x00,0x00,
0x2a,0x00,0x10,0x00,0x02,0x00,0x00,0x00,0x3a,0x00,0x10,0x00,0x05,0x00,0x00,0x00,
0xbe,0x10,0x00,0x01,0x1f,0x00,0x04,0x03,0x3a,0x00,0x10,0x00,0x02,0x00,0x00,0x00,
0xa7,0x00,0x00,0x09,0x32,0x00,0x10,0x00,0x07,0x00,0x00,0x00,0x1a,0x00,0x10,0x00,
0x04,0x00,0x00,0x00,0x3a,0x00,0x10,0x00,0x03,0x00,0x00,0x00,0x46,0xf0,0x11,0x00,
0x01,0x00,0x00,0x00,0xa7,0x00,0x00,0x09,0xc2,0x00,0x10,0x00,0x07,0x00,0x00,0x00,
0x1a,0x00,0x10,0x00,0x04,0x00,0x00,0x00,0x3a,0x00,0x10,0x00,0x03,0x00,0x00,0x00,
0x06,0xf4,0x11,0x00,0x02,0x00,0x00,0x00,0xa7,0x00,0x00,0x09,0x32,0x00,0x10,0x00,
0x08,0x00,0x00,0x00,0x0a,0x00,0x10,0x00,0x03,0x00,0x00,0x00,0x3a,0x00,0x10,0x00,
0x03,0x00,0x00,0x00,0x46,0xf0,0x11,0x00,0x01,0x00,0x00,0x00,0xa7,0x00,0x00,0x09,
0xc2,0x00,0x10,0x00,0x08,0x00,0x00,0x00,0x0a,0x00,0x10,0x00,0x03,0x00,0x00,0x00,
0x3a,0x00,0x10,0x00,0x03,0x00,0x00,0x00,0x06,0xf4,0x11,0x00,0x02,0x00,0x00,0x00,
0x00,0x00,0x00,0x07,0xf2,0x00,0x10,0x00,0x09,0x00,0x00,0x00,0x86,0x00,0x10,0x00,
0x07,0x00,0x00,0x00,0x86,0x00,0x10,0x00,0x08,0x00,0x00,0x00,0x00,0x00,0x00,0x07,
0xf2,0x00,0x10,0x00,0x07,0x00,0x00,0x00,0xd6,0x05,0x10,0x00,0x07,0x00,0x00,0x00,
0x46,0x0e,0x10,0x00,0x09,0x00,0x00,0x00,0x00,0x00,0x00,0x07,0xf2,0x00,0x10,0x00,
0x07,0x00,0x00,0x00,0xd6,0x05,0x10,0x00,0x08,0x00,0x00,0x00,0x46,0x0e,0x10,0x00,
0x07,0x00,0x00,0x00,0x38,0x00,0x00,0x0a,0xf2,0x00,0x10,0x00,0x07,0x00,0x00,0x00,
0x46,0x0e,0x10,0x00,0x07,0x00,0x00,0x00,0x02,0x40,0x00,0x00,0x00,0x00,0x80,0x3e,
0x00,0x00,0x80,0x3e,0x00,0x00,0x80,0x3e,0x00,0x00,0x80,0x3e,0x36,0x00,0x00,0x07,
0x32,0x30,0x20,0x04,0x00,0x00,0x00,0x00,0x0a,0x00,0x10,0x00,0x04,0x00,0x00,0x00,
0x76,0x0f,0x10,0x00,0x07,0x00,0x00,0x00,0x8c,0x00,0x00,0x0b,0x82,0x00,0x10,0x00,
0x04,0x00,0x00,0x00,0x01,0x40,0x00,0x00,0x01,0x00,0x00,0x00,0x01,0x40,0x00,0x00,
0x03,0x00,0x00,0x00,0x0a,0x00,0x10,0x00,0x04,0x00,0x00,0x00,0x01,0x40,0x00,0x00,
0x00,0x00,0x00,0x00,0x1e,0x00,0x00,0x07,0x12,0x00,0x10,0x00,0x08,0x00,0x00,0x00,
0x1a,0x00,0x10,0x00,0x03,0x00,0x00,0x00,0x3a,0x00,0x10,0x00,0x04,0x00,0x00,0x00,
0x55,0x00,0x00,0x07,0x82,0x00,0x10,0x00,0x04,0x00,0x00,0x00,0x0a,0x00,0x10,0x00,
0x04,0x00,0x00,0x00,0x01,0x40,0x00,0x00,0x01,0x00,0x00,0x00,0x29,0x00,0x00,0x07,
0x82,0x00,0x10,0x00,0x04,0x00,0x00,0x00,0x3a,0x00,0x10,0x00,0x04,0x00,0x00,0x00,
0x01,0x40,0x00,0x00,0x03,0x00,0x00,0x00,0x1e,0x00,0x00,0x07,0xe2,0x00,0x10,0x00,
0x08,0x00,0x00,0x00,0xa6,0x0a,0x10,0x00,0x03,0x00,0x00,0x00,0xf6,0x0f,0x10,0x00,
0x04,0x00,0x00,0x00,0x1e,0x00,0x00,0x07,0xf2,0x00,0x10,0x00,0x08,0x00,0x00,0x00,
0x46,0x0e,0x10,0x00,0x06,0x00,0x00,0x00,0x46,0x0e,0x10,0x00,0x08,0x00,0x00,0x00,
0xa4,0x00,0x00,0x07,0xf2,0xe0,0x11,0x00,0x02,0x00,0x00,0x00,0x46,0x0e,0x10,0x00,
0x08,0x00,0x00,0x00,0x46,0x0e,0x10,0x00,0x07,0x00,0x00,0x00,0x15,0x00,0x00,0x01,
0xbe,0x10,0x00,0x01,0x1e,0x00,0x00,0x07,0x12,0x00,0x10,0x00,0x04,0x00,0x00,0x00,
0x0a,0x00,0x10,0x00,0x04,0x00,0x00,0x00,0x01,0x40,0x00,0x00,0x01,0x00,0x00,0x00,
0x16,0x00,0x00,0x01,0x1f,0x00,0x04,0x03,0x3a,0x00,0x10,0x00,0x02,0x00,0x00,0x00,
0x36,0x00,0x00,0x06,0x92,0x00,0x10,0x00,0x03,0x00,0x00,0x00,0x06,0x34,0x20,0x00,
0x00,0x00,0x00,0x00,0x00,0x00,0x00,0x00,0xa8,0x00,0x00,0x09,0x12,0xf0,0x11,0x00,
0x01,0x00,0x00,0x00,0x1a,0x00,0x10,0x00,0x03,0x00,0x00,0x00,0x2a,0x00,0x10,0x00,
0x02,0x00,0x00,0x00,0x0a,0x00,0x10,0x00,0x03,0x00,0x00,0x00,0xa8,0x00,0x00,0x09,
0x12,0xf0,0x11,0x00,0x02,0x00,0x00,0x00,0x1a,0x00,0x10,0x00,0x03,0x00,0x00,0x00,
0x2a,0x00,0x10,0x00,0x02,0x00,0x00,0x00,0x3a,0x00,0x10,0x00,0x03,0x00,0x00,0x00,
0x1e,0x00,0x00,0x07,0x82,0x00,0x10,0x00,0x02,0x00,0x00,0x00,0x1a,0x00,0x10,0x00,
0x03,0x00,0x00,0x00,0x01,0x40,0x00,0x00,0x08,0x00,0x00,0x00,0x36,0x00,0x00,0x06,
0x92,0x00,0x10,0x00,0x03,0x00,0x00,0x00,0x06,0x34,0x20,0x00,0x00,0x00,0x00,0x00,
0x01,0x00,0x00,0x00,0xa8,0x00,0x00,0x09,0x12,0xf0,0x11,0x00,0x01,0x00,0x00,0x00,
0x3a,0x00,0x10,0x00,0x02,0x00,0x00,0x00,0x2a,0x00,0x10,0x00,0x02,0x00,0x00,0x00,
0x0a,0x00,0x10,0x00,0x03,0x00,0x00,0x00,0xa8,0x00,0x00,0x09,0x12,0xf0,0x11,0x00,
0x02,0x00,0x00,0x00,0x3a,0x00,0x10,0x00,0x02,0x00,0x00,0x00,0x2a,0x00,0x10,0x00,
0x02,0x00,0x00,0x00,0x3a,0x00,0x10,0x00,0x03,0x00,0x00,0x00,0x36,0x00,0x00,0x06,
0x92,0x00,0x10,0x00,0x03,0x00,0x00,0x00,0x06,0x34,0x20,0x00,0x00,0x00,0x00,0x00,
0x02,0x00,0x00,0x00,0x1e,0x00,0x00,0x07,0x42,0x00,0x10,0x00,0x02,0x00,0x00,0x00,
0x2a,0x00,0x10,0x00,0x02,0x00,0x00,0x00,0x01,0x40,0x00,0x00,0x20,0x00,0x00,0x00,
0xa8,0x00,0x00,0x09,0x12,0xf0,0x11,0x00,0x01,0x00,0x00,0x00,0x1a,0x00,0x10,0x00,
0x03,0x00,0x00,0x00,0x2a,0x00,0x10,0x00,0x02,0x00,0x00,0x00,0x0a,0x00,0x10,0x00,
0x03,0x00,0x00,0x00,0xa8,0x00,0x00,0x09,0x12,0xf0,0x11,0x00,0x02,0x00,0x00,0x00,
0x1a,0x00,0x10,0x00,0x03,0x00,0x00,0x00,0x2a,0x00,0x10,0x00,0x02,0x00,0x00,0x00,
0x3a,0x00,0x10,0x00,0x03,0x00,0x00,0x00,0x36,0x00,0x00,0x06,0x92,0x00,0x10,0x00,
0x03,0x00,0x00,0x00,0x06,0x34,0x20,0x00,0x00,0x00,0x00,0x00,0x03,0x00,0x00,0x00,
0xa8,0x00,0x00,0x09,0x12,0xf0,0x11,0x00,0x01,0x00,0x00,0x00,0x3a,0x00,0x10,0x00,
0x02,0x00,0x00,0x00,0x2a,0x00,0x10,0x00,0x02,0x00,0x00,0x00,0x0a,0x00,0x10,0x00,
0x03,0x00,0x00,0x00,0xa8,0x00,0x00,0x09,0x12,0xf0,0x11,0x00,0x02,0x00,0x00,0x00,
0x3a,0x00,0x10,0x00,0x02,0x00,0x00,0x00,0x2a,0x00,0x10,0x00,0x02,0x00,0x00,0x00,
0x3a,0x00,0x10,0x00,0x03,0x00,0x00,0x00,0x15,0x00,0x00,0x01,0x15,0x00,0x00,0x01,
0x1f,0x00,0x04,0x03,0x1a,0x00,0x10,0x00,0x05,0x00,0x00,0x00,0xbe,0x10,0x00,0x01,
0x4f,0x00,0x00,0x06,0x42,0x00,0x10,0x00,0x02,0x00,0x00,0x00,0x0a,0x40,0x02,0x00,
0x01,0x40,0x00,0x00,0x40,0x00,0x00,0x00,0x1f,0x00,0x04,0x03,0x2a,0x00,0x10,0x00,
0x02,0x00,0x00,0x00,0x1e,0x00,0x00,0x07,0x42,0x00,0x10,0x00,0x02,0x00,0x00,0x00,
0x1a,0x00,0x10,0x00,0x04,0x00,0x00,0x00,0x01,0x40,0x00,0x00,0x01,0x00,0x00,0x00,
0x29,0x00,0x00,0x07,0x22,0x00,0x10,0x00,0x02,0x00,0x00,0x00,0x1a,0x00,0x10,0x00,
0x02,0x00,0x00,0x00,0x01,0x40,0x00,0x00,0x02,0x00,0x00,0x00,0x8c,0x00,0x00,0x0b,
0x22,0x00,0x10,0x00,0x02,0x00,0x00,0x00,0x01,0x40,0x00,0x00,0x02,0x00,0x00,0x00,
0x01,0x40,0x00,0x00,0x03,0x00,0x00,0x00,0x0a,0x00,0x10,0x00,0x01,0x00,0x00,0x00,
0x1a,0x00,0x10,0x00,0x02,0x00,0x00,0x00,0x23,0x00,0x00,0x09,0x22,0x00,0x10,0x00,
0x02,0x00,0x00,0x00,0x0a,0x00,0x10,0x00,0x02,0x00,0x00,0x00,0x01,0x40,0x00,0x00,
0x40,0x00,0x00,0x00,0x1a,0x00,0x10,0x00,0x02,0x00,0x00,0x00,0xa7,0x00,0x00,0x09,
0x12,0x00,0x10,0x00,0x05,0x00,0x00,0x00,0x1a,0x00,0x10,0x00,0x04,0x00,0x00,0x00,
0x1a,0x00,0x10,0x00,0x02,0x00,0x00,0x00,0x06,0xf0,0x11,0x00,0x01,0x00,0x00,0x00,
0xa7,0x00,0x00,0x09,0x22,0x00,0x10,0x00,0x05,0x00,0x00,0x00,0x1a,0x00,0x10,0x00,
0x04,0x00,0x00,0x00,0x1a,0x00,0x10,0x00,0x02,0x00,0x00,0x00,0x06,0xf0,0x11,0x00,
0x02,0x00,0x00,0x00,0xa7,0x00,0x00,0x09,0x12,0x00,0x10,0x00,0x06,0x00,0x00,0x00,
0x2a,0x00,0x10,0x00,0x02,0x00,0x00,0x00,0x1a,0x00,0x10,0x00,0x02,0x00,0x00,0x00,
0x06,0xf0,0x11,0x00,0x01,0x00,0x00,0x00,0xa7,0x00,0x00,0x09,0x22,0x00,0x10,0x00,
0x06,0x00,0x00,0x00,0x2a,0x00,0x10,0x00,0x02,0x00,0x00,0x00,0x1a,0x00,0x10,0x00,
0x02,0x00,0x00,0x00,0x06,0xf0,0x11,0x00,0x02,0x00,0x00,0x00,0x1e,0x00,0x00,0x07,
0x82,0x00,0x10,0x00,0x02,0x00,0x00,0x00,0x1a,0x00,0x10,0x00,0x02,0x00,0x00,0x00,
0x01,0x40,0x00,0x00,0x04,0x00,0x00,0x00,0xa7,0x00,0x00,0x09,0x12,0x00,0x10,0x00,
0x07,0x00,0x00,0x00,0x1a,0x00,0x10,0x00,0x04,0x00,0x00,0x00,0x3a,0x00,0x10,0x00,
0x02,0x00,0x00,0x00,0x06,0xf0,0x11,0x00,0x01,0x00,0x00,0x00,0xa7,0x00,0x00,0x09,
0x22,0x00,0x10,0x00,0x07,0x00,0x00,0x00,0x1a,0x00,0x10,0x00,0x04,0x00,0x00,0x00,
0x3a,0x00,0x10,0x00,0x02,0x00,0x00,0x00,0x06,0xf0,0x11,0x00,0x02,0x00,0x00,0x00,
0xa7,0x00,0x00,0x09,0x12,0x00,0x10,0x00,0x08,0x00,0x00,0x00,0x2a,0x00,0x10,0x00,
0x02,0x00,0x00,0x00,0x3a,0x00,0x10,0x00,0x02,0x00,0x00,0x00,0x06,0xf0,0x11,0x00,
0x01,0x00,0x00,0x00,0xa7,0x00,0x00,0x09,0x22,0x00,0x10,0x00,0x08,0x00,0x00,0x00,
0x2a,0x00,0x10,0x00,0x02,0x00,0x00,0x00,0x3a,0x00,0x10,0x00,0x02,0x00,0x00,0x00,
0x06,0xf0,0x11,0x00,0x02,0x00,0x00,0x00,0x00,0x00,0x00,0x07,0xf2,0x00,0x10,0x00,
0x06,0x00,0x00,0x00,0x46,0x00,0x10,0x00,0x05,0x00,0x00,0x00,0x46,0x00,0x10,0x00,
0x06,0x00,0x00,0x00,0x00,0x00,0x00,0x07,0xf2,0x00,0x10,0x00,0x06,0x00,0x00,0x00,
0x46,0x00,0x10,0x00,0x07,0x00,0x00,0x00,0x46,0x0e,0x10,0x00,0x06,0x00,0x00,0x00,
0x00,0x00,0x00,0x07,0xf2,0x00,0x10,0x00,0x06,0x00,0x00,0x00,0x46,0x00,0x10,0x00,
0x08,0x00,0x00,0x00,0x46,0x0e,0x10,0x00,0x06,0x00,0x00,0x00,0x38,0x00,0x00,0x0a,
0xf2,0x00,0x10,0x00,0x06,0x00,0x00,0x00,0x46,0x0e,0x10,0x00,0x06,0x00,0x00,0x00,
0x02,0x40,0x00,0x00,0x00,0x00,0x80,0x3e,0x00,0x00,0x80,0x3e,0x00,0x00,0x80,0x3e,
0x00,0x00,0x80,0x3e,0x29,0x00,0x00,0x0a,0xf2,0x00,0x10,0x00,0x07,0x00,0x00,0x00,
0xc6,0x0f,0x10,0x00,0x00,0x00,0x00,0x00,0x02,0x40,0x00,0x00,0x03,0x00,0x00,0x00,
0x03,0x00,0x00,0x00,0x03,0x00,0x00,0x00,0x03,0x00,0x00,0x00,0x1e,0x00,0x00,0x07,
0xf2,0x00,0x10,0x00,0x07,0x00,0x00,0x00,0x96,0x0a,0x10,0x00,0x03,0x00,0x00,0x00,
0x46,0x0e,0x10,0x00,0x07,0x00,0x00,0x00,0xa4,0x00,0x00,0x07,0xf2,0xe0,0x11,0x00,
0x03,0x00,0x00,0x00,0x46,0x0e,0x10,0x00,0x07,0x00,0x00,0x00,0x46,0x0e,0x10,0x00,
0x06,0x00,0x00,0x00,0x8c,0x00,0x00,0x0b,0x42,0x00,0x10,0x00,0x02,0x00,0x00,0x00,
0x01,0x40,0x00,0x00,0x01,0x00,0x00,0x00,0x01,0x40,0x00,0x00,0x00,0x00,0x00,0x00,
0x2a,0x00,0x10,0x00,0x03,0x00,0x00,0x00,0x1a,0x00,0x10,0x00,0x04,0x00,0x00,0x00,
0xa8,0x00,0x00,0x09,0x12,0xf0,0x11,0x00,0x01,0x00,0x00,0x00,0x2a,0x00,0x10,0x00,
0x02,0x00,0x00,0x00,0x1a,0x00,0x10,0x00,0x02,0x00,0x00,0x00,0x3a,0x00,0x10,0x00,
0x06,0x00,0x00,0x00,0xa8,0x00,0x00,0x09,0x12,0xf0,0x11,0x00,0x02,0x00,0x00,0x00,
0x2a,0x00,0x10,0x00,0x02,0x00,0x00,0x00,0x1a,0x00,0x10,0x00,0x02,0x00,0x00,0x00,
0x1a,0x00,0x10,0x00,0x06,0x00,0x00,0x00,0x15,0x00,0x00,0x01,0x4f,0x00,0x00,0x08,
0x22,0x00,0x10,0x00,0x02,0x00,0x00,0x00,0x01,0x40,0x00,0x00,0x03,0x00,0x00,0x00,
0x0a,0x80,0x20,0x00,0x01,0x00,0x00,0x00,0x00,0x00,0x00,0x00,0x1f,0x00,0x04,0x03,
0x1a,0x00,0x10,0x00,0x02,0x00,0x00,0x00,0xbe,0x10,0x00,0x01,0x4f,0x00,0x00,0x06,
0x22,0x00,0x10,0x00,0x02,0x00,0x00,0x00,0x0a,0x40,0x02,0x00,0x01,0x40,0x00,0x00,
0x10,0x00,0x00,0x00,0x1f,0x00,0x04,0x03,0x1a,0x00,0x10,0x00,0x02,0x00,0x00,0x00,
0x29,0x00,0x00,0x0a,0xa2,0x00,0x10,0x00,0x02,0x00,0x00,0x00,0x56,0x09,0x10,0x00,
0x01,0x00,0x00,0x00,0x02,0x40,0x00,0x00,0x00,0x00,0x00,0x00,0x02,0x00,0x00,0x00,
0x00,0x00,0x00,0x00,0x04,0x00,0x00,0x00,0x8c,0x00,0x00,0x0a,0x22,0x00,0x10,0x00,
0x02,0x00,0x00,0x00,0x01,0x40,0x00,0x00,0x01,0x00,0x00,0x00,0x01,0x40,0x00,0x00,
0x02,0x00,0x00,0x00,0x0a,0x40,0x02,0x00,0x1a,0x00,0x10,0x00,0x02,0x00,0x00,0x00,
0x23,0x00,0x00,0x09,0x22,0x00,0x10,0x00,0x02,0x00,0x00,0x00,0x3a,0x00,0x10,0x00,
0x01,0x00,0x00,0x00,0x01,0x40,0x00,0x00,0x20,0x00,0x00,0x00,0x1a,0x00,0x10,0x00,
0x02,0x00,0x00,0x00,0x23,0x00,0x00,0x09,0x42,0x00,0x10,0x00,0x02,0x00,0x00,0x00,
0x1a,0x00,0x10,0x00,0x03,0x00,0x00,0x00,0x01,0x40,0x00,0x00,0x04,0x00,0x00,0x00,
0x01,0x40,0x00,0x00,0x02,0x00,0x00,0x00,0x1e,0x00,0x00,0x0a,0x92,0x00,0x10,0x00,
0x03,0x00,0x00,0x00,0x56,0x05,0x10,0x00,0x02,0x00,0x00,0x00,0x02,0x40,0x00,0x00,
0x01,0x00,0x00,0x00,0x00,0x00,0x00,0x00,0x00,0x00,0x00,0x00,0x03,0x00,0x00,0x00,
0x8c,0x00,0x00,0x0b,0x82,0x00,0x10,0x00,0x02,0x00,0x00,0x00,0x01,0x40,0x00,0x00,
0x02,0x00,0x00,0x00,0x01,0x40,0x00,0x00,0x04,0x00,0x00,0x00,0x0a,0x00,0x10,0x00,
0x01,0x00,0x00,0x00,0x3a,0x00,0x10,0x00,0x02,0x00,0x00,0x00,0x23,0x00,0x00,0x09,
0x82,0x00,0x10,0x00,0x02,0x00,0x00,0x00,0x0a,0x00,0x10,0x00,0x02,0x00,0x00,0x00,
0x01,0x40,0x00,0x00,0x80,0x00,0x00,0x00,0x3a,0x00,0x10,0x00,0x02,0x00,0x00,0x00,
0xa7,0x00,0x00,0x09,0x12,0x00,0x10,0x00,0x04,0x00,0x00,0x00,0x1a,0x00,0x10,0x00,
0x02,0x00,0x00,0x00,0x3a,0x00,0x10,0x00,0x02,0x00,0x00,0x00,0x06,0xf0,0x11,0x00,
0x01,0x00,0x00,0x00,0xa7,0x00,0x00,0x09,0x22,0x00,0x10,0x00,0x04,0x00,0x00,0x00,
0x1a,0x00,0x10,0x00,0x02,0x00,0x00,0x00,0x3a,0x00,0x10,0x00,0x02,0x00,0x00,0x00,
0x06,0xf0,0x11,0x00,0x02,0x00,0x00,0x00,0xa7,0x00,0x00,0x09,0x12,0x00,0x10,0x00,
0x05,0x00,0x00,0x00,0x2a,0x00,0x10,0x00,0x02,0x00,0x00,0x00,0x3a,0x00,0x10,0x00,
0x02,0x00,0x00,0x00,0x06,0xf0,0x11,0x00,0x01,0x00,0x00,0x00,0xa7,0x00,0x00,0x09,
0x22,0x00,0x10,0x00,0x05,0x00,0x00,0x00,0x2a,0x00,0x10,0x00,0x02,0x00,0x00,0x00,
0x3a,0x00,0x10,0x00,0x02,0x00,0x00,0x00,0x06,0xf0,0x11,0x00,0x02,0x00,0x00,0x00,
0x1e,0x00,0x00,0x07,0x42,0x00,0x10,0x00,0x02,0x00,0x00,0x00,0x3a,0x00,0x10,0x00,
0x02,0x00,0x00,0x00,0x01,0x40,0x00,0x00,0x08,0x00,0x00,0x00,0xa7,0x00,0x00,0x09,
0x12,0x00,0x10,0x00,0x06,0x00,0x00,0x00,0x0a,0x00,0x10,0x00,0x03,0x00,0x00,0x00,
0x2a,0x00,0x10,0x00,0x02,0x00,0x00,0x00,0x06,0xf0,0x11,0x00,0x01,0x00,0x00,0x00,
0xa7,0x00,0x00,0x09,0x22,0x00,0x10,0x00,0x06,0x00,0x00,0x00,0x0a,0x00,0x10,0x00,
0x03,0x00,0x00,0x00,0x2a,0x00,0x10,0x00,0x02,0x00,0x00,0x00,0x06,0xf0,0x11,0x00,
0x02,0x00,0x00,0x00,0xa7,0x00,0x00,0x09,0x12,0x00,0x10,0x00,0x07,0x00,0x00,0x00,
0x3a,0x00,0x10,0x00,0x03,0x00,0x00,0x00,0x2a,0x00,0x10,0x00,0x02,0x00,0x00,0x00,
0x06,0xf0,0x11,0x00,0x01,0x00,0x00,0x00,0xa7,0x00,0x00,0x09,0x22,0x00,0x10,0x00,
0x07,0x00,0x00,0x00,0x3a,0x00,0x10,0x00,0x03,0x00,0x00,0x00,0x2a,0x00,0x10,0x00,
0x02,0x00,0x00,0x00,0x06,0xf0,0x11,0x00,0x02,0x00,0x00,0x00,0x00,0x00,0x00,0x07,
0xf2,0x00,0x10,0x00,0x08,0x00,0x00,0x00,0x46,0x00,0x10,0x00,0x04,0x00,0x00,0x00,
0x46,0x00,0x10,0x00,0x05,0x00,0x00,0x00,0x00,0x00,0x00,0x07,0xf2,0x00,0x10,0x00,
0x06,0x00,0x00,0x00,0x46,0x00,0x10,0x00,0x06,0x00,0x00,0x00,0x46,0x0e,0x10,0x00,
0x08,0x00,0x00,0x00,0x00,0x00,0x00,0x07,0xf2,0x00,0x10,0x00,0x06,0x00,0x00,0x00,
0x46,0x00,0x10,0x00,0x07,0x00,0x00,0x00,0x46,0x0e,0x10,0x00,0x06,0x00,0x00,0x00,
0x38,0x00,0x00,0x0a,0xf2,0x00,0x10,0x00,0x06,0x00,0x00,0x00,0x46,0x0e,0x10,0x00,
0x06,0x00,0x00,0x00,0x02,0x40,0x00,0x00,0x00,0x00,0x80,0x3e,0x00,0x00,0x80,0x3e,
0x00,0x00,0x80,0x3e,0x00,0x00,0x80,0x3e,0x29,0x00,0x00,0x0a,0xf2,0x00,0x10,0x00,
0x07,0x00,0x00,0x00,0xc6,0x0f,0x10,0x00,0x00,0x00,0x00,0x00,0x02,0x40,0x00,0x00,
0x02,0x00,0x00,0x00,0x02,0x00,0x00,0x00,0x02,0x00,0x00,0x00,0x02,0x00,0x00,0x00,
0x1e,0x00,0x00,0x07,0xf2,0x00,0x10,0x00,0x07,0x00,0x00,0x00,0x96,0x0a,0x10,0x00,
0x03,0x00,0x00,0x00,0x46,0x0e,0x10,0x00,0x07,0x00,0x00,0x00,0xa4,0x00,0x00,0x07,
0xf2,0xe0,0x11,0x00,0x04,0x00,0x00,0x00,0x46,0x0e,0x10,0x00,0x07,0x00,0x00,0x00,
0x46,0x0e,0x10,0x00,0x06,0x00,0x00,0x00,0x1e,0x00,0x00,0x07,0x22,0x00,0x10,0x00,
0x02,0x00,0x00,0x00,0x2a,0x00,0x10,0x00,0x03,0x00,0x00,0x00,0x1a,0x00,0x10,0x00,
0x02,0x00,0x00,0x00,0xa8,0x00,0x00,0x09,0x12,0xf0,0x11,0x00,0x01,0x00,0x00,0x00,
0x1a,0x00,0x10,0x00,0x02,0x00,0x00,0x00,0x3a,0x00,0x10,0x00,0x02,0x00,0x00,0x00,
0x3a,0x00,0x10,0x00,0x06,0x00,0x00,0x00,0xa8,0x00,0x00,0x09,0x12,0xf0,0x11,0x00,
0x02,0x00,0x00,0x00,0x1a,0x00,0x10,0x00,0x02,0x00,0x00,0x00,0x3a,0x00,0x10,0x00,
0x02,0x00,0x00,0x00,0x1a,0x00,0x10,0x00,0x06,0x00,0x00,0x00,0x15,0x00,0x00,0x01,
0x4f,0x00,0x00,0x08,0x22,0x00,0x10,0x00,0x02,0x00,0x00,0x00,0x01,0x40,0x00,0x00,
0x04,0x00,0x00,0x00,0x0a,0x80,0x20,0x00,0x01,0x00,0x00,0x00,0x00,0x00,0x00,0x00,
0x1f,0x00,0x04,0x03,0x1a,0x00,0x10,0x00,0x02,0x00,0x00,0x00,0xbe,0x10,0x00,0x01,
0x4f,0x00,0x00,0x06,0x22,0x00,0x10,0x00,0x02,0x00,0x00,0x00,0x0a,0x40,0x02,0x00,
0x01,0x40,0x00,0x00,0x04,0x00,0x00,0x00,0x1f,0x00,0x04,0x03,0x1a,0x00,0x10,0x00,
0x02,0x00,0x00,0x00,0x29,0x00,0x00,0x0a,0x62,0x00,0x10,0x00,0x01,0x00,0x00,0x00,
0x56,0x06,0x10,0x00,0x01,0x00,0x00,0x00,0x02,0x40,0x00,0x00,0x00,0x00,0x00,0x00,
0x03,0x00,0x00,0x00,0x05,0x00,0x00,0x00,0x00,0x00,0x00,0x00,0x8c,0x00,0x00,0x0a,
0x22,0x00,0x10,0x00,0x01,0x00,0x00,0x00,0x01,0x40,0x00,0x00,0x01,0x00,0x00,0x00,
0x01,0x40,0x00,0x00,0x03,0x00,0x00,0x00,0x0a,0x40,0x02,0x00,0x1a,0x00,0x10,0x00,
0x01,0x00,0x00,0x00,0x23,0x00,0x00,0x09,0x22,0x00,0x10,0x00,0x01,0x00,0x00,0x00,
0x3a,0x00,0x10,0x00,0x01,0x00,0x00,0x00,0x01,0x40,0x00,0x00,0x40,0x00,0x00,0x00,
0x1a,0x00,0x10,0x00,0x01,0x00,0x00,0x00,0x1e,0x00,0x00,0x07,0x82,0x00,0x10,0x00,
0x01,0x00,0x00,0x00,0x2a,0x00,0x10,0x00,0x04,0x00,0x00,0x00,0x1a,0x00,0x10,0x00,
0x01,0x00,0x00,0x00,0x23,0x00,0x00,0x0f,0x62,0x00,0x10,0x00,0x02,0x00,0x00,0x00,
0x56,0x05,0x10,0x00,0x03,0x00,0x00,0x00,0x02,0x40,0x00,0x00,0x00,0x00,0x00,0x00,
0x08,0x00,0x00,0x00,0x08,0x00,0x00,0x00,0x00,0x00,0x00,0x00,0x02,0x40,0x00,0x00,
0x00,0x00,0x00,0x00,0x04,0x00,0x00,0x00,0x05,0x00,0x00,0x00,0x00,0x00,0x00,0x00,
0x1e,0x00,0x00,0x07,0x22,0x00,0x10,0x00,0x01,0x00,0x00,0x00,0x1a,0x00,0x10,0x00,
0x01,0x00,0x00,0x00,0x01,0x40,0x00,0x00,0x01,0x00,0x00,0x00,0x1e,0x00,0x00,0x07,
0x22,0x00,0x10,0x00,0x01,0x00,0x00,0x00,0x2a,0x00,0x10,0x00,0x04,0x00,0x00,0x00,
0x1a,0x00,0x10,0x00,0x01,0x00,0x00,0x00,0x1e,0x00,0x00,0x07,0x62,0x00,0x10,0x00,
0x02,0x00,0x00,0x00,0xa6,0x0a,0x10,0x00,0x04,0x00,0x00,0x00,0x56,0x06,0x10,0x00,
0x02,0x00,0x00,0x00,0x8c,0x00,0x00,0x0b,0x12,0x00,0x10,0x00,0x01,0x00,0x00,0x00,
0x01,0x40,0x00,0x00,0x02,0x00,0x00,0x00,0x01,0x40,0x00,0x00,0x05,0x00,0x00,0x00,
0x0a,0x00,0x10,0x00,0x01,0x00,0x00,0x00,0x2a,0x00,0x10,0x00,0x01,0x00,0x00,0x00,
0x23,0x00,0x00,0x09,0x12,0x00,0x10,0x00,0x01,0x00,0x00,0x00,0x0a,0x00,0x10,0x00,
0x02,0x00,0x00,0x00,0x01,0x40,0x00,0x00,0x00,0x01,0x00,0x00,0x0a,0x00,0x10,0x00,
0x01,0x00,0x00,0x00,0xa7,0x00,0x00,0x09,0x12,0x00,0x10,0x00,0x04,0x00,0x00,0x00,
0x3a,0x00,0x10,0x00,0x01,0x00,0x00,0x00,0x0a,0x00,0x10,0x00,0x01,0x00,0x00,0x00,
0x06,0xf0,0x11,0x00,0x01,0x00,0x00,0x00,0xa7,0x00,0x00,0x09,0x22,0x00,0x10,0x00,
0x04,0x00,0x00,0x00,0x3a,0x00,0x10,0x00,0x01,0x00,0x00,0x00,0x0a,0x00,0x10,0x00,
0x01,0x00,0x00,0x00,0x06,0xf0,0x11,0x00,0x02,0x00,0x00,0x00,0xa7,0x00,0x00,0x09,
0x12,0x00,0x10,0x00,0x05,0x00,0x00,0x00,0x1a,0x00,0x10,0x00,0x02,0x00,0x00,0x00,
0x0a,0x00,0x10,0x00,0x01,0x00,0x00,0x00,0x06,0xf0,0x11,0x00,0x01,0x00,0x00,0x00,
0xa7,0x00,0x00,0x09,0x22,0x00,0x10,0x00,0x05,0x00,0x00,0x00,0x1a,0x00,0x10,0x00,
0x02,0x00,0x00,0x00,0x0a,0x00,0x10,0x00,0x01,0x00,0x00,0x00,0x06,0xf0,0x11,0x00,
0x02,0x00,0x00,0x00,0x1e,0x00,0x00,0x07,0x12,0x00,0x10,0x00,0x01,0x00,0x00,0x00,
0x0a,0x00,0x10,0x00,0x01,0x00,0x00,0x00,0x01,0x40,0x00,0x00,0x10,0x00,0x00,0x00,
0xa7,0x00,0x00,0x09,0x12,0x00,0x10,0x00,0x02,0x00,0x00,0x00,0x1a,0x00,0x10,0x00,
0x01,0x00,0x00,0x00,0x0a,0x00,0x10,0x00,0x01,0x00,0x00,0x00,0x06,0xf0,0x11,0x00,
0x01,0x00,0x00,0x00,0xa7,0x00,0x00,0x09,0x22,0x00,0x10,0x00,0x02,0x00,0x00,0x00,
0x1a,0x00,0x10,0x00,0x01,0x00,0x00,0x00,0x0a,0x00,0x10,0x00,0x01,0x00,0x00,0x00,
0x06,0xf0,0x11,0x00,0x02,0x00,0x00,0x00,0xa7,0x00,0x00,0x09,0x12,0x00,0x10,0x00,
0x06,0x00,0x00,0x00,0x2a,0x00,0x10,0x00,0x02,0x00,0x00,0x00,0x0a,0x00,0x10,0x00,
0x01,0x00,0x00,0x00,0x06,0xf0,0x11,0x00,0x01,0x00,0x00,0x00,0xa7,0x00,0x00,0x09,
0x22,0x00,0x10,0x00,0x06,0x00,0x00,0x00,0x2a,0x00,0x10,0x00,0x02,0x00,0x00,0x00,
0x0a,0x00,0x10,0x00,0x01,0x00,0x00,0x00,0x06,0xf0,0x11,0x00,0x02,0x00,0x00,0x00,
0x00,0x00,0x00,0x07,0xf2,0x00,0x10,0x00,0x01,0x00,0x00,0x00,0x46,0x00,0x10,0x00,
0x04,0x00,0x00,0x00,0x46,0x00,0x10,0x00,0x05,0x00,0x00,0x00,0x00,0x00,0x00,0x07,
0xf2,0x00,0x10,0x00,0x01,0x00,0x00,0x00,0x46,0x00,0x10,0x00,0x02,0x00,0x00,0x00,
0x46,0x0e,0x10,0x00,0x01,0x00,0x00,0x00,0x00,0x00,0x00,0x07,0xf2,0x00,0x10,0x00,
0x01,0x00,0x00,0x00,0x46,0x00,0x10,0x00,0x06,0x00,0x00,0x00,0x46,0x0e,0x10,0x00,
0x01,0x00,0x00,0x00,0x38,0x00,0x00,0x0a,0xf2,0x00,0x10,0x00,0x01,0x00,0x00,0x00,
0x46,0x0e,0x10,0x00,0x01,0x00,0x00,0x00,0x02,0x40,0x00,0x00,0x00,0x00,0x80,0x3e,
0x00,0x00,0x80,0x3e,0x00,0x00,0x80,0x3e,0x00,0x00,0x80,0x3e,0x29,0x00,0x00,0x0a,
0xf2,0x00,0x10,0x00,0x02,0x00,0x00,0x00,0xc6,0x0f,0x10,0x00,0x00,0x00,0x00,0x00,
0x02,0x40,0x00,0x00,0x01,0x00,0x00,0x00,0x01,0x00,0x00,0x00,0x01,0x00,0x00,0x00,
0x01,0x00,0x00,0x00,0x1e,0x00,0x00,0x07,0xf2,0x00,0x10,0x00,0x02,0x00,0x00,0x00,
0x96,0x0a,0x10,0x00,0x03,0x00,0x00,0x00,0x46,0x0e,0x10,0x00,0x02,0x00,0x00,0x00,
0xa4,0x00,0x00,0x07,0xf2,0xe0,0x11,0x00,0x05,0x00,0x00,0x00,0x46,0x0e,0x10,0x00,
0x02,0x00,0x00,0x00,0x46,0x0e,0x10,0x00,0x01,0x00,0x00,0x00,0x1e,0x00,0x00,0x07,
0x12,0x00,0x10,0x00,0x01,0x00,0x00,0x00,0x1a,0x00,0x10,0x00,0x03,0x00,0x00,0x00,
0x2a,0x00,0x10,0x00,0x04,0x00,0x00,0x00,0xa8,0x00,0x00,0x09,0x12,0xf0,0x11,0x00,
0x01,0x00,0x00,0x00,0x0a,0x00,0x10,0x00,0x01,0x00,0x00,0x00,0x01,0x40,0x00,0x00,
0x00,0x00,0x00,0x00,0x3a,0x00,0x10,0x00,0x01,0x00,0x00,0x00,0xa8,0x00,0x00,0x09,
0x12,0xf0,0x11,0x00,0x02,0x00,0x00,0x00,0x0a,0x00,0x10,0x00,0x01,0x00,0x00,0x00,
0x01,0x40,0x00,0x00,0x00,0x00,0x00,0x00,0x1a,0x00,0x10,0x00,0x01,0x00,0x00,0x00,
0x15,0x00,0x00,0x01,0x4f,0x00,0x00,0x08,0x12,0x00,0x10,0x00,0x01,0x00,0x00,0x00,
0x01,0x40,0x00,0x00,0x05,0x00,0x00,0x00,0x0a,0x80,0x20,0x00,0x01,0x00,0x00,0x00,
0x00,0x00,0x00,0x00,0x1f,0x00,0x04,0x03,0x0a,0x00,0x10,0x00,0x01,0x00,0x00,0x00,
0xbe,0x10,0x00,0x01,0x4f,0x00,0x00,0x06,0x12,0x00,0x10,0x00,0x01,0x00,0x00,0x00,
0x0a,0x40,0x02,0x00,0x01,0x40,0x00,0x00,0x01,0x00,0x00,0x00,0x1f,0x00,0x04,0x03,
0x0a,0x00,0x10,0x00,0x01,0x00,0x00,0x00,0xa7,0x00,0x00,0x09,0x12,0x00,0x10,0x00,
0x01,0x00,0x00,0x00,0x01,0x40,0x00,0x00,0x00,0x00,0x00,0x00,0x01,0x40,0x00,0x00,
0x00,0x00,0x00,0x00,0x06,0xf0,0x11,0x00,0x01,0x00,0x00,0x00,0xa7,0x00,0x00,0x09,
0x22,0x00,0x10,0x00,0x01,0x00,0x00,0x00,0x01,0x40,0x00,0x00,0x00,0x00,0x00,0x00,
0x01,0x40,0x00,0x00,0x00,0x00,0x00,0x00,0x06,0xf0,0x11,0x00,0x02,0x00,0x00,0x00,
0xa7,0x00,0x00,0x09,0x12,0x00,0x10,0x00,0x02,0x00,0x00,0x00,0x01,0x40,0x00,0x00,
0x01,0x00,0x00,0x00,0x01,0x40,0x00,0x00,0x00,0x00,0x00,0x00,0x06,0xf0,0x11,0x00,
0x01,0x00,0x00,0x00,0xa7,0x00,0x00,0x09,0x22,0x00,0x10,0x00,0x02,0x00,0x00,0x00,
0x01,0x40,0x00,0x00,0x01,0x00,0x00,0x00,0x01,0x40,0x00,0x00,0x00,0x00,0x00,0x00,
0x06,0xf0,0x11,0x00,0x02,0x00,0x00,0x00,0xa7,0x00,0x00,0x09,0x12,0x00,0x10,0x00,
0x03,0x00,0x00,0x00,0x01,0x40,0x00,0x00,0x02,0x00,0x00,0x00,0x01,0x40,0x00,0x00,
0x00,0x00,0x00,0x00,0x06,0xf0,0x11,0x00,0x01,0x00,0x00,0x00,0xa7,0x00,0x00,0x09,
0x22,0x00,0x10,0x00,0x03,0x00,0x00,0x00,0x01,0x40,0x00,0x00,0x02,0x00,0x00,0x00,
0x01,0x40,0x00,0x00,0x00,0x00,0x00,0x00,0x06,0xf0,0x11,0x00,0x02,0x00,0x00,0x00,
0xa7,0x00,0x00,0x09,0x12,0x00,0x10,0x00,0x04,0x00,0x00,0x00,0x01,0x40,0x00,0x00,
0x03,0x00,0x00,0x00,0x01,0x40,0x00,0x00,0x00,0x00,0x00,0x00,0x06,0xf0,0x11,0x00,
0x01,0x00,0x00,0x00,0xa7,0x00,0x00,0x09,0x22,0x00,0x10,0x00,0x04,0x00,0x00,0x00,
0x01,0x40,0x00,0x00,0x03,0x00,0x00,0x00,0x01,0x40,0x00,0x00,0x00,0x00,0x00,0x00,
0x06,0xf0,0x11,0x00,0x02,0x00,0x00,0x00,0x00,0x00,0x00,0x07,0xf2,0x00,0x10,0x00,
0x01,0x00,0x00,0x00,0x46,0x00,0x10,0x00,0x01,0x00,0x00,0x00,0x46,0x00,0x10,0x00,
0x02,0x00,0x00,0x00,0x00,0x00,0x00,0x07,0xf2,0x00,0x10,0x00,0x01,0x00,0x00,0x00,
0x46,0x00,0x10,0x00,0x03,0x00,0x00,0x00,0x46,0x0e,0x10,0x00,0x01,0x00,0x00,0x00,
0x00,0x00,0x00,0x07,0xf2,0x00,0x10,0x00,0x01,0x00,0x00,0x00,0x46,0x00,0x10,0x00,
0x04,0x00,0x00,0x00,0x46,0x0e,0x10,0x00,0x01,0x00,0x00,0x00,0x38,0x00,0x00,0x0a,
0xf2,0x00,0x10,0x00,0x01,0x00,0x00,0x00,0x46,0x0e,0x10,0x00,0x01,0x00,0x00,0x00,
0x02,0x40,0x00,0x00,0x00,0x00,0x80,0x3e,0x00,0x00,0x80,0x3e,0x00,0x00,0x80,0x3e,
0x00,0x00,0x80,0x3e,0xa4,0x00,0x00,0x07,0xf2,0xe0,0x11,0x00,0x06,0x00,0x00,0x00,
0x46,0x0e,0x10,0x00,0x00,0x00,0x00,0x00,0x46,0x0e,0x10,0x00,0x01,0x00,0x00,0x00,
0x15,0x00,0x00,0x01,0x15,0x00,0x00,0x01,0x15,0x00,0x00,0x01,0x15,0x00,0x00,0x01,
0x15,0x00,0x00,0x01,0x1f,0x00,0x04,0x03,0x2a,0x00,0x10,0x00,0x05,0x00,0x00,0x00,
0x1f,0x00,0x00,0x02,0x0a,0x40,0x02,0x00,0xb4,0x00,0x00,0x0c,0x12,0x00,0x10,0x00,
0x00,0x00,0x00,0x00,0x00,0xe0,0x11,0x00,0x00,0x00,0x00,0x00,0x02,0x40,0x00,0x00,
0x00,0x00,0x00,0x00,0x00,0x00,0x00,0x00,0x00,0x00,0x00,0x00,0x00,0x00,0x00,0x00,
0x01,0x40,0x00,0x00,0x01,0x00,0x00,0x00,0xa6,0x00,0x00,0x07,0x12,0xf0,0x11,0x00,
0x00,0x00,0x00,0x00,0x01,0x40,0x00,0x00,0x00,0x00,0x00,0x00,0x0a,0x00,0x10,0x00,
0x00,0x00,0x00,0x00,0x15,0x00,0x00,0x01,0xbe,0x10,0x00,0x01,0xa5,0x00,0x00,0x07,
0x12,0x00,0x10,0x00,0x00,0x00,0x00,0x00,0x01,0x40,0x00,0x00,0x00,0x00,0x00,0x00,
0x06,0xf0,0x11,0x00,0x00,0x00,0x00,0x00,0x1e,0x00,0x00,0x08,0x22,0x00,0x10,0x00,
0x00,0x00,0x00,0x00,0x1a,0x80,0x20,0x00,0x01,0x00,0x00,0x00,0x00,0x00,0x00,0x00,
0x01,0x40,0x00,0x00,0xff,0xff,0xff,0xff,0x20,0x00,0x00,0x07,0x12,0x00,0x10,0x00,
0x00,0x00,0x00,0x00,0x1a,0x00,0x10,0x00,0x00,0x00,0x00,0x00,0x0a,0x00,0x10,0x00,
0x00,0x00,0x00,0x00,0x1f,0x00,0x04,0x03,0x0a,0x00,0x10,0x00,0x00,0x00,0x00,0x00,
0xa4,0x00,0x00,0x0d,0xf2,0xe0,0x11,0x00,0x00,0x00,0x00,0x00,0x02,0x40,0x00,0x00,
0x00,0x00,0x00,0x00,0x00,0x00,0x00,0x00,0x00,0x00,0x00,0x00,0x00,0x00,0x00,0x00,
0x02,0x40,0x00,0x00,0x00,0x00,0x00,0x00,0x00,0x00,0x00,0x00,0x00,0x00,0x00,0x00,
0x00,0x00,0x00,0x00,0x15,0x00,0x00,0x01,0x15,0x00,0x00,0x01,0x3e,0x00,0x00,0x01,
0x53,0x54,0x41,0x54,0x94,0x00,0x00,0x00,0x23,0x13,0x00,0x00,0x15,0x00,0x00,0x00,
0x04,0x00,0x00,0x00,0x02,0x00,0x00,0x00,0xe8,0x09,0x00,0x00,0x7f,0x02,0x00,0x00,
0xa0,0x01,0x00,0x00,0x61,0x00,0x00,0x00,0xaf,0x00,0x00,0x00,0x00,0x00,0x00,0x00,
0x04,0x00,0x00,0x00,0x0a,0x00,0x00,0x00,0x00,0x00,0x00,0x00,0x00,0x00,0x00,0x00,
0x00,0x00,0x00,0x00,0xb1,0x00,0x00,0x00,0x00,0x00,0x00,0x00,0x00,0x00,0x00,0x00,
0x00,0x00,0x00,0x00,0x65,0x01,0x00,0x00,0x51,0x00,0x00,0x00,0xad,0x00,0x00,0x00,
0x00,0x00,0x00,0x00,0x00,0x00,0x00,0x00,0x00,0x00,0x00,0x00,0x00,0x00,0x00,0x00,
0x00,0x00,0x00,0x00,0x00,0x00,0x00,0x00,0x00,0x00,0x00,0x00,0x00,0x00,0x00,0x00,
0x00,0x00,0x00,0x00,0x00,0x00,0x00,0x00,0x00,0x00,0x00,0x00,0x00,0x00,0x00,0x00,
0x07,0x00,0x00,0x00,0x01,0x00,0x00,0x00,0x0a,0x00,0x00,0x00
};

